age,bmi,goal
53,36.88,LOSE_WEIGHT
43,22.69,MAINTAIN
29,21.04,MAINTAIN
57,42.69,LOSE_WEIGHT
22,27.8,LOSE_WEIGHT
35,12.41,GAIN_MUSCLE
53,16.74,GAIN_MUSCLE
33,28.48,LOSE_WEIGHT
37,22.44,MAINTAIN
25,30.38,LOSE_WEIGHT
25,19.48,MAINTAIN
38,13.37,GAIN_MUSCLE
50,19.62,MAINTAIN
54,18.09,GAIN_MUSCLE
38,24.38,MAINTAIN
17,15.1,GAIN_MUSCLE
36,24.09,MAINTAIN
16,18.85,MAINTAIN
38,38.03,LOSE_WEIGHT
58,18.7,MAINTAIN
44,14.91,GAIN_MUSCLE
52,23.07,MAINTAIN
16,15.46,GAIN_MUSCLE
35,21.46,MAINTAIN
47,20.23,MAINTAIN
26,18.88,MAINTAIN
36,40.13,LOSE_WEIGHT
58,18.96,MAINTAIN
39,26.98,LOSE_WEIGHT
41,27.13,LOSE_WEIGHT
56,24.56,MAINTAIN
42,18.09,GAIN_MUSCLE
30,26.33,LOSE_WEIGHT
29,22.47,MAINTAIN
58,45.44,LOSE_WEIGHT
17,30.18,LOSE_WEIGHT
51,13.19,GAIN_MUSCLE
21,23.42,MAINTAIN
35,32.21,LOSE_WEIGHT
23,24.65,MAINTAIN
53,27.15,LOSE_WEIGHT
32,42.28,LOSE_WEIGHT
18,16.23,GAIN_MUSCLE
39,21.38,MAINTAIN
28,21.41,MAINTAIN
23,17.25,GAIN_MUSCLE
40,43.9,LOSE_WEIGHT
16,24.51,MAINTAIN
34,16.94,GAIN_MUSCLE
42,13.82,GAIN_MUSCLE
21,11.24,GAIN_MUSCLE
58,17.59,GAIN_MUSCLE
22,30.88,LOSE_WEIGHT
49,35.32,LOSE_WEIGHT
28,17.05,GAIN_MUSCLE
31,23.58,MAINTAIN
50,17.8,GAIN_MUSCLE
54,24.15,MAINTAIN
18,14.73,GAIN_MUSCLE
16,29.27,LOSE_WEIGHT
20,13.27,GAIN_MUSCLE
56,14.83,GAIN_MUSCLE
18,22.62,MAINTAIN
43,22.75,MAINTAIN
32,23.37,MAINTAIN
40,44.42,LOSE_WEIGHT
58,15.77,GAIN_MUSCLE
48,15.43,GAIN_MUSCLE
24,24.11,MAINTAIN
50,25.72,LOSE_WEIGHT
28,14.04,GAIN_MUSCLE
45,25.4,LOSE_WEIGHT
29,39.14,LOSE_WEIGHT
22,19.47,MAINTAIN
28,25.51,LOSE_WEIGHT
37,18.93,MAINTAIN
54,26.96,LOSE_WEIGHT
35,36.71,LOSE_WEIGHT
30,13.14,GAIN_MUSCLE
59,28.59,LOSE_WEIGHT
32,38.7,LOSE_WEIGHT
38,29.87,LOSE_WEIGHT
40,40.62,LOSE_WEIGHT
39,16.48,GAIN_MUSCLE
59,20.72,MAINTAIN
55,14.99,GAIN_MUSCLE
43,22.31,MAINTAIN
29,18.97,MAINTAIN
59,42.41,LOSE_WEIGHT
15,29.97,LOSE_WEIGHT
39,28.43,LOSE_WEIGHT
21,22.17,MAINTAIN
23,13.65,GAIN_MUSCLE
38,27.31,LOSE_WEIGHT
15,15.96,GAIN_MUSCLE
58,26.3,LOSE_WEIGHT
22,25.02,LOSE_WEIGHT
38,43.43,LOSE_WEIGHT
25,14.76,GAIN_MUSCLE
31,32.3,LOSE_WEIGHT
22,32.36,LOSE_WEIGHT
49,25.62,LOSE_WEIGHT
49,40.89,LOSE_WEIGHT
47,46.07,LOSE_WEIGHT
19,37.63,LOSE_WEIGHT
56,16.77,GAIN_MUSCLE
53,25.86,LOSE_WEIGHT
55,41.84,LOSE_WEIGHT
42,23.14,MAINTAIN
21,42.38,LOSE_WEIGHT
23,13.45,GAIN_MUSCLE
22,34.57,LOSE_WEIGHT
26,24.63,MAINTAIN
48,21.27,MAINTAIN
47,24.99,LOSE_WEIGHT
37,30.09,LOSE_WEIGHT
38,33.5,LOSE_WEIGHT
51,13.78,GAIN_MUSCLE
49,21.02,MAINTAIN
58,23.59,MAINTAIN
54,16.01,GAIN_MUSCLE
36,24.3,MAINTAIN
41,22.92,MAINTAIN
49,24.52,MAINTAIN
15,16.07,GAIN_MUSCLE
49,22.86,MAINTAIN
51,18.37,GAIN_MUSCLE
28,27.55,LOSE_WEIGHT
17,22.38,MAINTAIN
15,27.69,LOSE_WEIGHT
19,41.11,LOSE_WEIGHT
40,42.17,LOSE_WEIGHT
28,26.35,LOSE_WEIGHT
53,40.03,LOSE_WEIGHT
41,27.81,LOSE_WEIGHT
23,26.03,LOSE_WEIGHT
29,25.66,LOSE_WEIGHT
29,21.54,MAINTAIN
40,12.05,GAIN_MUSCLE
56,23.93,MAINTAIN
27,16.24,GAIN_MUSCLE
46,23.57,MAINTAIN
53,25.09,LOSE_WEIGHT
46,18.71,MAINTAIN
18,28.23,LOSE_WEIGHT
44,20.36,MAINTAIN
51,34.91,LOSE_WEIGHT
37,29.44,LOSE_WEIGHT
53,12.3,GAIN_MUSCLE
59,18.7,MAINTAIN
29,24.26,MAINTAIN
57,13.66,GAIN_MUSCLE
43,23.26,MAINTAIN
50,12.49,GAIN_MUSCLE
27,18.54,MAINTAIN
46,16.95,GAIN_MUSCLE
21,22.59,MAINTAIN
36,28.72,LOSE_WEIGHT
42,18.83,MAINTAIN
16,28.82,LOSE_WEIGHT
56,19.73,MAINTAIN
59,23.16,MAINTAIN
20,18.12,GAIN_MUSCLE
42,44.7,LOSE_WEIGHT
42,24.3,MAINTAIN
58,19.93,MAINTAIN
58,34.63,LOSE_WEIGHT
34,18.18,GAIN_MUSCLE
44,29.11,LOSE_WEIGHT
25,26.53,LOSE_WEIGHT
42,24.87,MAINTAIN
39,37.09,LOSE_WEIGHT
53,18.52,MAINTAIN
47,17.6,GAIN_MUSCLE
15,37.98,LOSE_WEIGHT
41,28.68,LOSE_WEIGHT
27,18.04,GAIN_MUSCLE
55,42.9,LOSE_WEIGHT
17,27.13,LOSE_WEIGHT
53,26.08,LOSE_WEIGHT
20,25.14,LOSE_WEIGHT
22,26.74,LOSE_WEIGHT
41,26.85,LOSE_WEIGHT
23,16.67,GAIN_MUSCLE
51,22.78,MAINTAIN
47,28.75,LOSE_WEIGHT
56,28.47,LOSE_WEIGHT
58,37.06,LOSE_WEIGHT
38,22.8,MAINTAIN
29,27.58,LOSE_WEIGHT
46,28.02,LOSE_WEIGHT
46,42.35,LOSE_WEIGHT
38,26.18,LOSE_WEIGHT
55,41.46,LOSE_WEIGHT
26,13.58,GAIN_MUSCLE
53,42.42,LOSE_WEIGHT
16,16.95,GAIN_MUSCLE
17,24.81,MAINTAIN
51,39.07,LOSE_WEIGHT
31,15.13,GAIN_MUSCLE
16,21.32,MAINTAIN
16,28.81,LOSE_WEIGHT
42,37.72,LOSE_WEIGHT
37,35.41,LOSE_WEIGHT
51,26.32,LOSE_WEIGHT
46,13.09,GAIN_MUSCLE
47,24.67,MAINTAIN
15,23.5,MAINTAIN
33,28.1,LOSE_WEIGHT
16,21.76,MAINTAIN
58,27.86,LOSE_WEIGHT
40,38.87,LOSE_WEIGHT
46,25.9,LOSE_WEIGHT
20,43.94,LOSE_WEIGHT
46,40.5,LOSE_WEIGHT
18,27.82,LOSE_WEIGHT
25,18.49,GAIN_MUSCLE
31,24.23,MAINTAIN
52,21.69,MAINTAIN
38,37.55,LOSE_WEIGHT
19,20.99,MAINTAIN
48,38.13,LOSE_WEIGHT
20,18.16,GAIN_MUSCLE
36,23.91,MAINTAIN
25,18.9,MAINTAIN
30,17.34,GAIN_MUSCLE
47,31.06,LOSE_WEIGHT
23,18.36,GAIN_MUSCLE
20,28.04,LOSE_WEIGHT
30,22.09,MAINTAIN
43,28.01,LOSE_WEIGHT
17,13.74,GAIN_MUSCLE
34,31.68,LOSE_WEIGHT
50,12.37,GAIN_MUSCLE
33,25.75,LOSE_WEIGHT
40,23.94,MAINTAIN
17,15.32,GAIN_MUSCLE
33,13.35,GAIN_MUSCLE
34,41.84,LOSE_WEIGHT
46,27.24,LOSE_WEIGHT
21,12.76,GAIN_MUSCLE
55,14.92,GAIN_MUSCLE
47,41.12,LOSE_WEIGHT
54,15.77,GAIN_MUSCLE
53,34.21,LOSE_WEIGHT
32,12.31,GAIN_MUSCLE
54,26.29,LOSE_WEIGHT
15,28.68,LOSE_WEIGHT
25,17.15,GAIN_MUSCLE
42,34.02,LOSE_WEIGHT
39,18.43,GAIN_MUSCLE
37,22.58,MAINTAIN
45,37.57,LOSE_WEIGHT
44,13.64,GAIN_MUSCLE
56,22.63,MAINTAIN
49,32.7,LOSE_WEIGHT
21,26.97,LOSE_WEIGHT
30,23.22,MAINTAIN
40,14.24,GAIN_MUSCLE
16,18.11,GAIN_MUSCLE
15,19.98,MAINTAIN
26,33.61,LOSE_WEIGHT
19,30.79,LOSE_WEIGHT
51,20.39,MAINTAIN
46,28.98,LOSE_WEIGHT
23,15.17,GAIN_MUSCLE
55,16.64,GAIN_MUSCLE
49,30.27,LOSE_WEIGHT
33,14.0,GAIN_MUSCLE
30,25.38,LOSE_WEIGHT
17,19.31,MAINTAIN
34,19.57,MAINTAIN
38,20.39,MAINTAIN
47,30.28,LOSE_WEIGHT
38,30.45,LOSE_WEIGHT
25,23.96,MAINTAIN
22,21.47,MAINTAIN
50,16.99,GAIN_MUSCLE
52,14.04,GAIN_MUSCLE
54,16.09,GAIN_MUSCLE
34,28.45,LOSE_WEIGHT
49,27.97,LOSE_WEIGHT
39,14.71,GAIN_MUSCLE
49,25.58,LOSE_WEIGHT
39,25.41,LOSE_WEIGHT
43,20.3,MAINTAIN
32,16.42,GAIN_MUSCLE
32,31.35,LOSE_WEIGHT
16,31.64,LOSE_WEIGHT
49,13.27,GAIN_MUSCLE
30,22.01,MAINTAIN
55,37.3,LOSE_WEIGHT
50,36.61,LOSE_WEIGHT
47,44.69,LOSE_WEIGHT
18,25.07,LOSE_WEIGHT
47,25.67,LOSE_WEIGHT
28,13.77,GAIN_MUSCLE
35,18.21,GAIN_MUSCLE
34,26.52,LOSE_WEIGHT
22,42.73,LOSE_WEIGHT
21,17.23,GAIN_MUSCLE
17,15.41,GAIN_MUSCLE
31,39.32,LOSE_WEIGHT
47,15.79,GAIN_MUSCLE
26,20.11,MAINTAIN
36,14.92,GAIN_MUSCLE
36,19.66,MAINTAIN
44,24.26,MAINTAIN
52,17.74,GAIN_MUSCLE
52,28.55,LOSE_WEIGHT
59,26.2,LOSE_WEIGHT
22,21.16,MAINTAIN
41,15.45,GAIN_MUSCLE
41,43.98,LOSE_WEIGHT
48,16.12,GAIN_MUSCLE
35,30.82,LOSE_WEIGHT
44,29.42,LOSE_WEIGHT
47,21.64,MAINTAIN
42,26.81,LOSE_WEIGHT
47,36.45,LOSE_WEIGHT
19,37.49,LOSE_WEIGHT
33,20.4,MAINTAIN
18,17.71,GAIN_MUSCLE
49,28.39,LOSE_WEIGHT
31,28.35,LOSE_WEIGHT
58,37.32,LOSE_WEIGHT
42,40.8,LOSE_WEIGHT
44,27.15,LOSE_WEIGHT
43,24.73,MAINTAIN
20,14.07,GAIN_MUSCLE
49,35.54,LOSE_WEIGHT
55,42.3,LOSE_WEIGHT
51,21.44,MAINTAIN
38,14.15,GAIN_MUSCLE
43,20.17,MAINTAIN
45,38.04,LOSE_WEIGHT
49,23.7,MAINTAIN
47,16.38,GAIN_MUSCLE
35,38.7,LOSE_WEIGHT
46,27.71,LOSE_WEIGHT
37,17.3,GAIN_MUSCLE
47,24.96,LOSE_WEIGHT
17,19.11,MAINTAIN
32,34.69,LOSE_WEIGHT
39,37.52,LOSE_WEIGHT
56,15.83,GAIN_MUSCLE
45,15.58,GAIN_MUSCLE
17,28.97,LOSE_WEIGHT
54,12.16,GAIN_MUSCLE
38,28.35,LOSE_WEIGHT
46,26.2,LOSE_WEIGHT
36,19.03,MAINTAIN
37,24.01,MAINTAIN
16,14.0,GAIN_MUSCLE
41,40.93,LOSE_WEIGHT
56,20.12,MAINTAIN
16,33.07,LOSE_WEIGHT
40,13.53,GAIN_MUSCLE
31,22.23,MAINTAIN
54,15.35,GAIN_MUSCLE
47,25.75,LOSE_WEIGHT
23,27.63,LOSE_WEIGHT
57,37.12,LOSE_WEIGHT
53,24.95,LOSE_WEIGHT
43,14.13,GAIN_MUSCLE
56,32.26,LOSE_WEIGHT
40,20.85,MAINTAIN
49,19.6,MAINTAIN
39,24.29,MAINTAIN
38,41.13,LOSE_WEIGHT
27,30.31,LOSE_WEIGHT
21,42.88,LOSE_WEIGHT
50,29.59,LOSE_WEIGHT
59,36.15,LOSE_WEIGHT
34,27.8,LOSE_WEIGHT
15,29.49,LOSE_WEIGHT
22,22.53,MAINTAIN
30,17.01,GAIN_MUSCLE
28,16.02,GAIN_MUSCLE
26,21.53,MAINTAIN
37,24.79,MAINTAIN
29,30.04,LOSE_WEIGHT
42,13.06,GAIN_MUSCLE
48,30.73,LOSE_WEIGHT
16,23.96,MAINTAIN
46,27.44,LOSE_WEIGHT
37,18.0,GAIN_MUSCLE
36,15.8,GAIN_MUSCLE
39,22.43,MAINTAIN
36,21.18,MAINTAIN
36,28.18,LOSE_WEIGHT
56,18.65,MAINTAIN
20,14.25,GAIN_MUSCLE
29,17.93,GAIN_MUSCLE
57,23.09,MAINTAIN
51,25.82,LOSE_WEIGHT
47,14.05,GAIN_MUSCLE
22,39.89,LOSE_WEIGHT
58,20.87,MAINTAIN
58,25.63,LOSE_WEIGHT
19,30.53,LOSE_WEIGHT
53,34.03,LOSE_WEIGHT
18,21.28,MAINTAIN
20,28.27,LOSE_WEIGHT
59,16.27,GAIN_MUSCLE
46,22.28,MAINTAIN
44,25.05,LOSE_WEIGHT
49,29.05,LOSE_WEIGHT
54,30.38,LOSE_WEIGHT
30,16.1,GAIN_MUSCLE
27,15.59,GAIN_MUSCLE
56,20.52,MAINTAIN
44,27.6,LOSE_WEIGHT
33,24.4,MAINTAIN
31,14.83,GAIN_MUSCLE
33,25.4,LOSE_WEIGHT
42,28.28,LOSE_WEIGHT
40,18.17,GAIN_MUSCLE
51,15.58,GAIN_MUSCLE
40,18.15,GAIN_MUSCLE
37,16.53,GAIN_MUSCLE
23,19.35,MAINTAIN
26,12.66,GAIN_MUSCLE
15,14.7,GAIN_MUSCLE
15,42.31,LOSE_WEIGHT
48,24.37,MAINTAIN
46,18.06,GAIN_MUSCLE
39,44.64,LOSE_WEIGHT
54,13.35,GAIN_MUSCLE
59,13.6,GAIN_MUSCLE
15,32.54,LOSE_WEIGHT
30,21.76,MAINTAIN
53,40.55,LOSE_WEIGHT
19,22.92,MAINTAIN
36,16.79,GAIN_MUSCLE
43,33.86,LOSE_WEIGHT
17,26.23,LOSE_WEIGHT
26,36.41,LOSE_WEIGHT
40,27.06,LOSE_WEIGHT
30,16.11,GAIN_MUSCLE
51,25.1,LOSE_WEIGHT
36,22.74,MAINTAIN
43,38.17,LOSE_WEIGHT
28,22.35,MAINTAIN
42,26.32,LOSE_WEIGHT
19,17.63,GAIN_MUSCLE
44,17.2,GAIN_MUSCLE
19,15.73,GAIN_MUSCLE
26,30.04,LOSE_WEIGHT
30,28.6,LOSE_WEIGHT
40,32.64,LOSE_WEIGHT
40,18.7,MAINTAIN
35,28.25,LOSE_WEIGHT
53,39.45,LOSE_WEIGHT
50,23.03,MAINTAIN
47,40.53,LOSE_WEIGHT
44,20.53,MAINTAIN
51,11.96,GAIN_MUSCLE
37,22.26,MAINTAIN
24,20.56,MAINTAIN
19,43.36,LOSE_WEIGHT
50,12.99,GAIN_MUSCLE
48,29.42,LOSE_WEIGHT
45,43.07,LOSE_WEIGHT
24,20.02,MAINTAIN
33,21.32,MAINTAIN
46,35.35,LOSE_WEIGHT
15,38.08,LOSE_WEIGHT
19,28.89,LOSE_WEIGHT
59,31.64,LOSE_WEIGHT
18,26.7,LOSE_WEIGHT
30,22.82,MAINTAIN
38,19.69,MAINTAIN
30,25.24,LOSE_WEIGHT
16,24.58,MAINTAIN
42,16.97,GAIN_MUSCLE
46,27.33,LOSE_WEIGHT
41,32.23,LOSE_WEIGHT
34,23.26,MAINTAIN
38,26.24,LOSE_WEIGHT
26,28.71,LOSE_WEIGHT
49,23.6,MAINTAIN
47,14.13,GAIN_MUSCLE
47,17.51,GAIN_MUSCLE
57,19.8,MAINTAIN
51,21.22,MAINTAIN
26,18.24,GAIN_MUSCLE
17,24.67,MAINTAIN
15,18.8,MAINTAIN
47,30.19,LOSE_WEIGHT
54,31.52,LOSE_WEIGHT
24,25.54,LOSE_WEIGHT
57,38.66,LOSE_WEIGHT
58,28.27,LOSE_WEIGHT
43,32.21,LOSE_WEIGHT
27,24.68,MAINTAIN
26,25.16,LOSE_WEIGHT
45,18.71,MAINTAIN
16,21.24,MAINTAIN
49,28.99,LOSE_WEIGHT
37,37.31,LOSE_WEIGHT
31,17.42,GAIN_MUSCLE
40,24.12,MAINTAIN
22,19.28,MAINTAIN
43,21.05,MAINTAIN
40,15.03,GAIN_MUSCLE
24,37.52,LOSE_WEIGHT
40,14.31,GAIN_MUSCLE
48,40.23,LOSE_WEIGHT
55,16.06,GAIN_MUSCLE
21,21.98,MAINTAIN
18,14.33,GAIN_MUSCLE
59,22.57,MAINTAIN
25,16.77,GAIN_MUSCLE
43,26.61,LOSE_WEIGHT
50,27.07,LOSE_WEIGHT
39,26.27,LOSE_WEIGHT
35,24.61,MAINTAIN
50,24.94,LOSE_WEIGHT
24,29.42,LOSE_WEIGHT
51,30.09,LOSE_WEIGHT
23,19.86,MAINTAIN
38,19.55,MAINTAIN
49,28.15,LOSE_WEIGHT
49,18.54,MAINTAIN
50,29.09,LOSE_WEIGHT
32,28.31,LOSE_WEIGHT
53,23.15,MAINTAIN
46,18.65,MAINTAIN
38,34.47,LOSE_WEIGHT
37,27.65,LOSE_WEIGHT
46,21.78,MAINTAIN
51,20.9,MAINTAIN
26,21.09,MAINTAIN
27,20.4,MAINTAIN
37,26.45,LOSE_WEIGHT
39,17.46,GAIN_MUSCLE
49,20.63,MAINTAIN
55,28.4,LOSE_WEIGHT
44,29.73,LOSE_WEIGHT
31,19.23,MAINTAIN
34,29.25,LOSE_WEIGHT
39,36.72,LOSE_WEIGHT
36,24.2,MAINTAIN
27,20.04,MAINTAIN
33,23.86,MAINTAIN
50,24.83,MAINTAIN
26,14.64,GAIN_MUSCLE
55,16.12,GAIN_MUSCLE
33,27.52,LOSE_WEIGHT
26,42.2,LOSE_WEIGHT
23,13.94,GAIN_MUSCLE
21,20.93,MAINTAIN
42,29.94,LOSE_WEIGHT
28,42.7,LOSE_WEIGHT
45,22.13,MAINTAIN
33,41.67,LOSE_WEIGHT
30,31.4,LOSE_WEIGHT
19,30.32,LOSE_WEIGHT
49,27.0,LOSE_WEIGHT
26,45.45,LOSE_WEIGHT
39,22.71,MAINTAIN
35,29.33,LOSE_WEIGHT
50,13.4,GAIN_MUSCLE
37,23.64,MAINTAIN
30,40.09,LOSE_WEIGHT
53,15.31,GAIN_MUSCLE
59,17.3,GAIN_MUSCLE
56,33.9,LOSE_WEIGHT
53,20.08,MAINTAIN
28,16.17,GAIN_MUSCLE
45,40.12,LOSE_WEIGHT
19,39.12,LOSE_WEIGHT
49,18.89,MAINTAIN
37,25.14,LOSE_WEIGHT
43,26.72,LOSE_WEIGHT
57,32.0,LOSE_WEIGHT
25,22.29,MAINTAIN
32,29.96,LOSE_WEIGHT
26,18.79,MAINTAIN
23,14.04,GAIN_MUSCLE
24,14.09,GAIN_MUSCLE
58,30.04,LOSE_WEIGHT
31,24.23,MAINTAIN
52,27.2,LOSE_WEIGHT
21,13.77,GAIN_MUSCLE
27,24.14,MAINTAIN
54,17.56,GAIN_MUSCLE
56,24.41,MAINTAIN
23,25.44,LOSE_WEIGHT
41,24.27,MAINTAIN
16,11.66,GAIN_MUSCLE
19,38.07,LOSE_WEIGHT
43,19.76,MAINTAIN
51,29.86,LOSE_WEIGHT
52,21.22,MAINTAIN
33,26.48,LOSE_WEIGHT
22,10.73,GAIN_MUSCLE
59,22.27,MAINTAIN
15,16.6,GAIN_MUSCLE
36,40.21,LOSE_WEIGHT
31,26.73,LOSE_WEIGHT
21,17.18,GAIN_MUSCLE
39,12.21,GAIN_MUSCLE
59,35.11,LOSE_WEIGHT
18,24.81,MAINTAIN
50,35.7,LOSE_WEIGHT
20,17.39,GAIN_MUSCLE
45,25.41,LOSE_WEIGHT
33,42.09,LOSE_WEIGHT
58,17.74,GAIN_MUSCLE
53,28.88,LOSE_WEIGHT
41,24.02,MAINTAIN
24,16.47,GAIN_MUSCLE
40,34.97,LOSE_WEIGHT
33,27.15,LOSE_WEIGHT
53,22.16,MAINTAIN
17,17.89,GAIN_MUSCLE
59,30.66,LOSE_WEIGHT
27,40.43,LOSE_WEIGHT
42,11.44,GAIN_MUSCLE
34,14.76,GAIN_MUSCLE
42,19.44,MAINTAIN
22,39.16,LOSE_WEIGHT
55,29.19,LOSE_WEIGHT
53,36.42,LOSE_WEIGHT
15,27.09,LOSE_WEIGHT
17,25.21,LOSE_WEIGHT
27,27.73,LOSE_WEIGHT
42,23.05,MAINTAIN
39,32.18,LOSE_WEIGHT
47,30.16,LOSE_WEIGHT
52,31.92,LOSE_WEIGHT
20,15.21,GAIN_MUSCLE
58,21.15,MAINTAIN
59,26.15,LOSE_WEIGHT
46,14.13,GAIN_MUSCLE
59,14.17,GAIN_MUSCLE
35,40.06,LOSE_WEIGHT
30,24.28,MAINTAIN
35,26.81,LOSE_WEIGHT
25,17.26,GAIN_MUSCLE
51,27.51,LOSE_WEIGHT
50,20.23,MAINTAIN
49,38.6,LOSE_WEIGHT
33,25.63,LOSE_WEIGHT
34,27.25,LOSE_WEIGHT
32,15.89,GAIN_MUSCLE
55,31.46,LOSE_WEIGHT
28,14.5,GAIN_MUSCLE
29,27.77,LOSE_WEIGHT
45,25.78,LOSE_WEIGHT
15,19.4,MAINTAIN
17,27.61,LOSE_WEIGHT
30,27.91,LOSE_WEIGHT
37,12.91,GAIN_MUSCLE
25,18.14,GAIN_MUSCLE
26,30.67,LOSE_WEIGHT
24,39.02,LOSE_WEIGHT
46,21.57,MAINTAIN
30,23.83,MAINTAIN
22,24.07,MAINTAIN
52,27.43,LOSE_WEIGHT
26,42.31,LOSE_WEIGHT
38,27.72,LOSE_WEIGHT
42,26.51,LOSE_WEIGHT
22,31.67,LOSE_WEIGHT
42,16.42,GAIN_MUSCLE
50,13.79,GAIN_MUSCLE
40,28.44,LOSE_WEIGHT
22,28.41,LOSE_WEIGHT
42,22.27,MAINTAIN
42,33.68,LOSE_WEIGHT
51,19.71,MAINTAIN
55,15.74,GAIN_MUSCLE
50,14.85,GAIN_MUSCLE
41,29.35,LOSE_WEIGHT
31,14.69,GAIN_MUSCLE
23,15.82,GAIN_MUSCLE
47,18.16,GAIN_MUSCLE
34,31.69,LOSE_WEIGHT
27,27.15,LOSE_WEIGHT
42,34.82,LOSE_WEIGHT
43,18.43,GAIN_MUSCLE
27,15.05,GAIN_MUSCLE
49,17.15,GAIN_MUSCLE
20,15.09,GAIN_MUSCLE
32,18.29,GAIN_MUSCLE
19,15.42,GAIN_MUSCLE
39,22.89,MAINTAIN
16,24.53,MAINTAIN
24,24.35,MAINTAIN
44,21.39,MAINTAIN
59,20.77,MAINTAIN
19,21.29,MAINTAIN
47,27.58,LOSE_WEIGHT
15,23.63,MAINTAIN
32,24.76,MAINTAIN
46,19.48,MAINTAIN
25,38.78,LOSE_WEIGHT
35,33.82,LOSE_WEIGHT
40,26.94,LOSE_WEIGHT
39,25.02,LOSE_WEIGHT
36,16.57,GAIN_MUSCLE
41,34.87,LOSE_WEIGHT
27,19.09,MAINTAIN
47,25.47,LOSE_WEIGHT
48,23.12,MAINTAIN
55,25.5,LOSE_WEIGHT
49,15.94,GAIN_MUSCLE
15,20.56,MAINTAIN
35,15.55,GAIN_MUSCLE
20,18.37,GAIN_MUSCLE
42,23.05,MAINTAIN
31,26.52,LOSE_WEIGHT
19,19.98,MAINTAIN
45,20.1,MAINTAIN
19,40.83,LOSE_WEIGHT
52,30.34,LOSE_WEIGHT
17,12.58,GAIN_MUSCLE
37,20.55,MAINTAIN
51,37.35,LOSE_WEIGHT
51,19.6,MAINTAIN
24,15.44,GAIN_MUSCLE
24,18.4,GAIN_MUSCLE
33,26.81,LOSE_WEIGHT
31,13.62,GAIN_MUSCLE
35,15.59,GAIN_MUSCLE
28,29.66,LOSE_WEIGHT
23,26.71,LOSE_WEIGHT
15,22.99,MAINTAIN
59,40.76,LOSE_WEIGHT
27,23.28,MAINTAIN
18,22.25,MAINTAIN
15,23.41,MAINTAIN
54,23.99,MAINTAIN
46,14.48,GAIN_MUSCLE
48,21.81,MAINTAIN
42,14.84,GAIN_MUSCLE
45,20.96,MAINTAIN
22,21.36,MAINTAIN
53,36.61,LOSE_WEIGHT
40,17.95,GAIN_MUSCLE
48,27.58,LOSE_WEIGHT
17,25.11,LOSE_WEIGHT
26,25.02,LOSE_WEIGHT
15,17.19,GAIN_MUSCLE
58,28.8,LOSE_WEIGHT
19,16.41,GAIN_MUSCLE
44,18.21,GAIN_MUSCLE
44,16.04,GAIN_MUSCLE
31,20.58,MAINTAIN
37,20.25,MAINTAIN
29,41.27,LOSE_WEIGHT
51,21.65,MAINTAIN
35,25.97,LOSE_WEIGHT
28,21.01,MAINTAIN
16,15.25,GAIN_MUSCLE
25,27.84,LOSE_WEIGHT
53,15.53,GAIN_MUSCLE
52,17.35,GAIN_MUSCLE
48,18.94,MAINTAIN
52,37.2,LOSE_WEIGHT
48,26.48,LOSE_WEIGHT
32,25.12,LOSE_WEIGHT
44,27.88,LOSE_WEIGHT
29,20.38,MAINTAIN
41,22.98,MAINTAIN
48,22.14,MAINTAIN
52,27.39,LOSE_WEIGHT
47,20.11,MAINTAIN
38,24.17,MAINTAIN
29,26.92,LOSE_WEIGHT
44,16.03,GAIN_MUSCLE
56,23.0,MAINTAIN
31,27.14,LOSE_WEIGHT
19,13.12,GAIN_MUSCLE
43,30.29,LOSE_WEIGHT
18,38.61,LOSE_WEIGHT
24,18.31,GAIN_MUSCLE
31,34.41,LOSE_WEIGHT
24,17.1,GAIN_MUSCLE
31,41.73,LOSE_WEIGHT
34,15.23,GAIN_MUSCLE
38,14.27,GAIN_MUSCLE
19,31.92,LOSE_WEIGHT
48,27.7,LOSE_WEIGHT
20,25.58,LOSE_WEIGHT
16,40.16,LOSE_WEIGHT
27,41.98,LOSE_WEIGHT
57,14.26,GAIN_MUSCLE
57,16.82,GAIN_MUSCLE
25,16.52,GAIN_MUSCLE
37,31.68,LOSE_WEIGHT
30,17.26,GAIN_MUSCLE
45,28.99,LOSE_WEIGHT
25,15.52,GAIN_MUSCLE
30,13.09,GAIN_MUSCLE
22,22.25,MAINTAIN
18,37.02,LOSE_WEIGHT
54,12.9,GAIN_MUSCLE
18,11.74,GAIN_MUSCLE
39,16.85,GAIN_MUSCLE
17,13.98,GAIN_MUSCLE
46,26.14,LOSE_WEIGHT
17,37.51,LOSE_WEIGHT
41,16.88,GAIN_MUSCLE
43,34.25,LOSE_WEIGHT
46,31.71,LOSE_WEIGHT
33,37.4,LOSE_WEIGHT
35,30.44,LOSE_WEIGHT
19,41.2,LOSE_WEIGHT
32,30.59,LOSE_WEIGHT
42,16.44,GAIN_MUSCLE
56,17.6,GAIN_MUSCLE
36,26.19,LOSE_WEIGHT
35,15.38,GAIN_MUSCLE
20,18.64,MAINTAIN
15,33.44,LOSE_WEIGHT
19,28.78,LOSE_WEIGHT
55,40.95,LOSE_WEIGHT
26,39.07,LOSE_WEIGHT
40,21.66,MAINTAIN
48,24.08,MAINTAIN
28,13.98,GAIN_MUSCLE
40,25.15,LOSE_WEIGHT
59,24.8,MAINTAIN
41,18.79,MAINTAIN
23,18.21,GAIN_MUSCLE
40,17.18,GAIN_MUSCLE
36,27.69,LOSE_WEIGHT
44,25.06,LOSE_WEIGHT
57,14.88,GAIN_MUSCLE
31,15.83,GAIN_MUSCLE
40,20.6,MAINTAIN
50,27.46,LOSE_WEIGHT
15,27.01,LOSE_WEIGHT
22,20.99,MAINTAIN
49,25.36,LOSE_WEIGHT
29,28.45,LOSE_WEIGHT
36,24.22,MAINTAIN
28,22.56,MAINTAIN
40,14.8,GAIN_MUSCLE
42,27.65,LOSE_WEIGHT
37,35.73,LOSE_WEIGHT
28,29.79,LOSE_WEIGHT
38,23.18,MAINTAIN
16,25.71,LOSE_WEIGHT
59,31.9,LOSE_WEIGHT
40,32.39,LOSE_WEIGHT
28,25.64,LOSE_WEIGHT
21,33.64,LOSE_WEIGHT
17,16.43,GAIN_MUSCLE
37,19.65,MAINTAIN
57,20.04,MAINTAIN
59,35.3,LOSE_WEIGHT
32,25.56,LOSE_WEIGHT
52,25.77,LOSE_WEIGHT
49,25.5,LOSE_WEIGHT
29,28.32,LOSE_WEIGHT
39,29.33,LOSE_WEIGHT
51,23.12,MAINTAIN
42,21.65,MAINTAIN
24,17.83,GAIN_MUSCLE
53,20.46,MAINTAIN
31,25.24,LOSE_WEIGHT
53,16.06,GAIN_MUSCLE
36,25.1,LOSE_WEIGHT
40,34.07,LOSE_WEIGHT
58,28.39,LOSE_WEIGHT
39,28.85,LOSE_WEIGHT
31,37.83,LOSE_WEIGHT
27,26.96,LOSE_WEIGHT
34,19.86,MAINTAIN
39,16.29,GAIN_MUSCLE
18,27.43,LOSE_WEIGHT
24,26.31,LOSE_WEIGHT
17,42.92,LOSE_WEIGHT
55,25.06,LOSE_WEIGHT
59,14.24,GAIN_MUSCLE
32,17.94,GAIN_MUSCLE
50,27.22,LOSE_WEIGHT
36,31.07,LOSE_WEIGHT
48,32.97,LOSE_WEIGHT
22,36.76,LOSE_WEIGHT
54,24.3,MAINTAIN
58,25.07,LOSE_WEIGHT
33,17.4,GAIN_MUSCLE
56,21.11,MAINTAIN
55,45.16,LOSE_WEIGHT
51,24.63,MAINTAIN
20,33.04,LOSE_WEIGHT
40,37.89,LOSE_WEIGHT
48,18.87,MAINTAIN
59,42.48,LOSE_WEIGHT
20,24.79,MAINTAIN
51,29.32,LOSE_WEIGHT
47,18.06,GAIN_MUSCLE
36,12.72,GAIN_MUSCLE
35,17.91,GAIN_MUSCLE
20,20.48,MAINTAIN
20,34.05,LOSE_WEIGHT
18,18.53,MAINTAIN
44,23.02,MAINTAIN
25,19.8,MAINTAIN
44,30.58,LOSE_WEIGHT
45,29.97,LOSE_WEIGHT
38,18.38,GAIN_MUSCLE
23,28.64,LOSE_WEIGHT
17,34.47,LOSE_WEIGHT
45,21.5,MAINTAIN
54,18.88,MAINTAIN
51,33.24,LOSE_WEIGHT
50,41.29,LOSE_WEIGHT
38,23.74,MAINTAIN
45,26.79,LOSE_WEIGHT
20,13.31,GAIN_MUSCLE
16,14.07,GAIN_MUSCLE
34,39.42,LOSE_WEIGHT
42,22.47,MAINTAIN
25,21.24,MAINTAIN
18,22.29,MAINTAIN
29,21.82,MAINTAIN
20,21.35,MAINTAIN
44,45.03,LOSE_WEIGHT
52,26.9,LOSE_WEIGHT
16,30.02,LOSE_WEIGHT
29,18.8,MAINTAIN
25,16.09,GAIN_MUSCLE
22,35.03,LOSE_WEIGHT
40,19.83,MAINTAIN
59,31.34,LOSE_WEIGHT
58,20.71,MAINTAIN
19,14.17,GAIN_MUSCLE
20,42.66,LOSE_WEIGHT
40,22.65,MAINTAIN
18,17.34,GAIN_MUSCLE
33,27.21,LOSE_WEIGHT
34,22.59,MAINTAIN
47,28.2,LOSE_WEIGHT
34,22.86,MAINTAIN
26,16.53,GAIN_MUSCLE
15,18.71,MAINTAIN
40,30.31,LOSE_WEIGHT
28,31.79,LOSE_WEIGHT
52,37.93,LOSE_WEIGHT
51,27.39,LOSE_WEIGHT
25,46.08,LOSE_WEIGHT
50,22.38,MAINTAIN
27,19.52,MAINTAIN
57,22.96,MAINTAIN
17,41.86,LOSE_WEIGHT
47,27.96,LOSE_WEIGHT
20,13.11,GAIN_MUSCLE
24,35.15,LOSE_WEIGHT
19,17.71,GAIN_MUSCLE
37,16.26,GAIN_MUSCLE
24,26.64,LOSE_WEIGHT
58,20.71,MAINTAIN
16,25.12,LOSE_WEIGHT
27,38.49,LOSE_WEIGHT
54,26.15,LOSE_WEIGHT
16,18.81,MAINTAIN
34,27.54,LOSE_WEIGHT
15,17.08,GAIN_MUSCLE
51,16.09,GAIN_MUSCLE
23,16.82,GAIN_MUSCLE
31,42.48,LOSE_WEIGHT
23,25.49,LOSE_WEIGHT
25,16.91,GAIN_MUSCLE
29,29.09,LOSE_WEIGHT
38,26.85,LOSE_WEIGHT
52,26.03,LOSE_WEIGHT
49,25.32,LOSE_WEIGHT
44,24.94,LOSE_WEIGHT
45,22.27,MAINTAIN
19,27.32,LOSE_WEIGHT
58,17.03,GAIN_MUSCLE
28,22.23,MAINTAIN
25,29.65,LOSE_WEIGHT
23,37.38,LOSE_WEIGHT
48,26.61,LOSE_WEIGHT
26,20.62,MAINTAIN
49,34.65,LOSE_WEIGHT
49,29.42,LOSE_WEIGHT
15,29.83,LOSE_WEIGHT
54,20.27,MAINTAIN
36,29.39,LOSE_WEIGHT
43,21.75,MAINTAIN
22,20.56,MAINTAIN
25,21.47,MAINTAIN
55,30.29,LOSE_WEIGHT
51,25.42,LOSE_WEIGHT
28,25.15,LOSE_WEIGHT
44,28.7,LOSE_WEIGHT
49,24.92,LOSE_WEIGHT
35,25.11,LOSE_WEIGHT
51,22.83,MAINTAIN
19,26.33,LOSE_WEIGHT
33,18.87,MAINTAIN
28,15.89,GAIN_MUSCLE
40,14.23,GAIN_MUSCLE
18,23.89,MAINTAIN
39,27.41,LOSE_WEIGHT
59,18.21,GAIN_MUSCLE
56,37.06,LOSE_WEIGHT
39,27.02,LOSE_WEIGHT
32,38.88,LOSE_WEIGHT
54,19.7,MAINTAIN
22,28.66,LOSE_WEIGHT
53,42.42,LOSE_WEIGHT
54,15.58,GAIN_MUSCLE
28,27.99,LOSE_WEIGHT
46,23.22,MAINTAIN
52,23.53,MAINTAIN
47,15.68,GAIN_MUSCLE
37,11.15,GAIN_MUSCLE
29,14.9,GAIN_MUSCLE
47,19.18,MAINTAIN
39,41.27,LOSE_WEIGHT
31,21.42,MAINTAIN
47,29.79,LOSE_WEIGHT
16,29.14,LOSE_WEIGHT
28,40.4,LOSE_WEIGHT
54,30.07,LOSE_WEIGHT
54,30.0,LOSE_WEIGHT
53,27.88,LOSE_WEIGHT
20,13.91,GAIN_MUSCLE
20,38.81,LOSE_WEIGHT
17,44.09,LOSE_WEIGHT
21,13.99,GAIN_MUSCLE
22,17.68,GAIN_MUSCLE
56,41.97,LOSE_WEIGHT
29,21.58,MAINTAIN
43,13.41,GAIN_MUSCLE
47,20.36,MAINTAIN
44,13.47,GAIN_MUSCLE
53,21.8,MAINTAIN
41,25.72,LOSE_WEIGHT
50,27.81,LOSE_WEIGHT
43,24.08,MAINTAIN
52,31.45,LOSE_WEIGHT
47,37.93,LOSE_WEIGHT
51,14.32,GAIN_MUSCLE
41,34.0,LOSE_WEIGHT
47,18.18,GAIN_MUSCLE
18,24.63,MAINTAIN
36,17.63,GAIN_MUSCLE
16,29.59,LOSE_WEIGHT
24,15.35,GAIN_MUSCLE
19,17.1,GAIN_MUSCLE
24,41.33,LOSE_WEIGHT
47,16.41,GAIN_MUSCLE
52,20.29,MAINTAIN
27,12.81,GAIN_MUSCLE
45,19.57,MAINTAIN
50,24.47,MAINTAIN
59,25.57,LOSE_WEIGHT
38,42.14,LOSE_WEIGHT
29,26.62,LOSE_WEIGHT
43,22.75,MAINTAIN
22,27.93,LOSE_WEIGHT
19,20.21,MAINTAIN
43,26.54,LOSE_WEIGHT
18,43.23,LOSE_WEIGHT
26,26.28,LOSE_WEIGHT
59,35.51,LOSE_WEIGHT
16,25.38,LOSE_WEIGHT
41,25.32,LOSE_WEIGHT
45,13.58,GAIN_MUSCLE
50,25.74,LOSE_WEIGHT
50,25.15,LOSE_WEIGHT
40,34.64,LOSE_WEIGHT
57,24.91,LOSE_WEIGHT
41,21.94,MAINTAIN
19,29.72,LOSE_WEIGHT
34,26.86,LOSE_WEIGHT
25,16.51,GAIN_MUSCLE
24,16.02,GAIN_MUSCLE
54,16.85,GAIN_MUSCLE
52,26.37,LOSE_WEIGHT
20,26.13,LOSE_WEIGHT
22,25.06,LOSE_WEIGHT
37,27.17,LOSE_WEIGHT
40,21.49,MAINTAIN
57,29.9,LOSE_WEIGHT
26,23.26,MAINTAIN
40,18.19,GAIN_MUSCLE
27,24.22,MAINTAIN
54,27.58,LOSE_WEIGHT
32,18.99,MAINTAIN
39,22.29,MAINTAIN
47,17.37,GAIN_MUSCLE
54,42.19,LOSE_WEIGHT
57,28.17,LOSE_WEIGHT
26,18.69,MAINTAIN
58,42.63,LOSE_WEIGHT
50,20.04,MAINTAIN
18,45.54,LOSE_WEIGHT
19,12.09,GAIN_MUSCLE
51,20.35,MAINTAIN
22,25.68,LOSE_WEIGHT
56,21.46,MAINTAIN
42,29.23,LOSE_WEIGHT
45,23.89,MAINTAIN
23,24.43,MAINTAIN
43,41.24,LOSE_WEIGHT
28,15.85,GAIN_MUSCLE
54,43.99,LOSE_WEIGHT
55,29.36,LOSE_WEIGHT
36,26.3,LOSE_WEIGHT
25,12.94,GAIN_MUSCLE
37,14.41,GAIN_MUSCLE
15,23.44,MAINTAIN
51,18.0,GAIN_MUSCLE
35,24.44,MAINTAIN
40,37.75,LOSE_WEIGHT
50,28.5,LOSE_WEIGHT
37,25.35,LOSE_WEIGHT
15,31.09,LOSE_WEIGHT
54,17.58,GAIN_MUSCLE
29,36.56,LOSE_WEIGHT
35,25.42,LOSE_WEIGHT
23,23.86,MAINTAIN
23,27.86,LOSE_WEIGHT
24,20.68,MAINTAIN
40,30.68,LOSE_WEIGHT
55,22.45,MAINTAIN
49,35.66,LOSE_WEIGHT
39,19.51,MAINTAIN
40,20.02,MAINTAIN
25,17.96,GAIN_MUSCLE
52,42.77,LOSE_WEIGHT
16,30.31,LOSE_WEIGHT
21,25.3,LOSE_WEIGHT
32,14.82,GAIN_MUSCLE
41,18.22,GAIN_MUSCLE
48,21.53,MAINTAIN
41,20.46,MAINTAIN
31,12.76,GAIN_MUSCLE
57,18.96,MAINTAIN
58,16.47,GAIN_MUSCLE
38,19.69,MAINTAIN
39,41.4,LOSE_WEIGHT
21,16.17,GAIN_MUSCLE
20,31.54,LOSE_WEIGHT
38,16.98,GAIN_MUSCLE
47,37.17,LOSE_WEIGHT
43,23.22,MAINTAIN
57,40.22,LOSE_WEIGHT
36,25.08,LOSE_WEIGHT
40,17.14,GAIN_MUSCLE
42,12.6,GAIN_MUSCLE
35,23.09,MAINTAIN
21,20.66,MAINTAIN
31,34.72,LOSE_WEIGHT
34,28.3,LOSE_WEIGHT
55,29.22,LOSE_WEIGHT
34,26.99,LOSE_WEIGHT
36,45.79,LOSE_WEIGHT
42,27.96,LOSE_WEIGHT
54,35.37,LOSE_WEIGHT
21,33.46,LOSE_WEIGHT
15,24.6,MAINTAIN
46,16.18,GAIN_MUSCLE
27,15.78,GAIN_MUSCLE
44,17.91,GAIN_MUSCLE
37,14.09,GAIN_MUSCLE
33,22.35,MAINTAIN
46,24.38,MAINTAIN
44,19.83,MAINTAIN
43,21.5,MAINTAIN
59,27.16,LOSE_WEIGHT
43,17.85,GAIN_MUSCLE
44,19.16,MAINTAIN
30,23.67,MAINTAIN
54,13.91,GAIN_MUSCLE
33,18.37,GAIN_MUSCLE
32,21.42,MAINTAIN
15,19.23,MAINTAIN
28,16.21,GAIN_MUSCLE
16,29.24,LOSE_WEIGHT
42,31.33,LOSE_WEIGHT
44,20.88,MAINTAIN
52,16.9,GAIN_MUSCLE
18,22.09,MAINTAIN
15,34.58,LOSE_WEIGHT
22,19.62,MAINTAIN
43,17.31,GAIN_MUSCLE
53,29.08,LOSE_WEIGHT
17,24.31,MAINTAIN
46,31.11,LOSE_WEIGHT
24,17.83,GAIN_MUSCLE
24,14.99,GAIN_MUSCLE
33,23.72,MAINTAIN
48,19.21,MAINTAIN
47,21.4,MAINTAIN
37,26.71,LOSE_WEIGHT
42,30.2,LOSE_WEIGHT
46,26.05,LOSE_WEIGHT
21,12.52,GAIN_MUSCLE
43,20.74,MAINTAIN
22,23.14,MAINTAIN
15,32.56,LOSE_WEIGHT
17,26.08,LOSE_WEIGHT
38,20.02,MAINTAIN
37,22.94,MAINTAIN
22,19.06,MAINTAIN
51,26.57,LOSE_WEIGHT
17,19.59,MAINTAIN
47,20.21,MAINTAIN
42,15.66,GAIN_MUSCLE
22,38.81,LOSE_WEIGHT
48,20.49,MAINTAIN
49,42.13,LOSE_WEIGHT
46,29.19,LOSE_WEIGHT
38,39.2,LOSE_WEIGHT
28,26.64,LOSE_WEIGHT
46,23.68,MAINTAIN
57,25.58,LOSE_WEIGHT
30,22.51,MAINTAIN
18,30.29,LOSE_WEIGHT
51,23.25,MAINTAIN
35,25.85,LOSE_WEIGHT
28,16.06,GAIN_MUSCLE
45,23.73,MAINTAIN
32,14.64,GAIN_MUSCLE
21,35.23,LOSE_WEIGHT
24,22.12,MAINTAIN
21,28.45,LOSE_WEIGHT
47,27.37,LOSE_WEIGHT
37,16.13,GAIN_MUSCLE
35,25.43,LOSE_WEIGHT
33,24.77,MAINTAIN
33,19.31,MAINTAIN
50,23.08,MAINTAIN
43,28.68,LOSE_WEIGHT
32,25.51,LOSE_WEIGHT
16,13.62,GAIN_MUSCLE
15,29.12,LOSE_WEIGHT
19,37.01,LOSE_WEIGHT
34,14.33,GAIN_MUSCLE
25,17.9,GAIN_MUSCLE
56,26.77,LOSE_WEIGHT
16,44.4,LOSE_WEIGHT
17,22.19,MAINTAIN
37,27.29,LOSE_WEIGHT
26,35.63,LOSE_WEIGHT
34,16.58,GAIN_MUSCLE
19,19.08,MAINTAIN
51,17.58,GAIN_MUSCLE
52,20.58,MAINTAIN
44,15.28,GAIN_MUSCLE
23,38.63,LOSE_WEIGHT
48,21.09,MAINTAIN
58,28.01,LOSE_WEIGHT
49,27.53,LOSE_WEIGHT
36,37.06,LOSE_WEIGHT
58,25.89,LOSE_WEIGHT
38,27.74,LOSE_WEIGHT
31,25.04,LOSE_WEIGHT
24,21.12,MAINTAIN
44,34.56,LOSE_WEIGHT
37,40.75,LOSE_WEIGHT
46,32.87,LOSE_WEIGHT
31,23.75,MAINTAIN
31,22.89,MAINTAIN
28,27.99,LOSE_WEIGHT
23,28.09,LOSE_WEIGHT
54,18.63,MAINTAIN
16,21.1,MAINTAIN
59,25.95,LOSE_WEIGHT
39,25.44,LOSE_WEIGHT
53,25.24,LOSE_WEIGHT
23,27.24,LOSE_WEIGHT
36,25.92,LOSE_WEIGHT
57,34.46,LOSE_WEIGHT
18,27.14,LOSE_WEIGHT
40,25.66,LOSE_WEIGHT
43,13.91,GAIN_MUSCLE
59,19.04,MAINTAIN
48,23.43,MAINTAIN
37,28.48,LOSE_WEIGHT
51,19.63,MAINTAIN
25,40.12,LOSE_WEIGHT
20,27.96,LOSE_WEIGHT
32,42.75,LOSE_WEIGHT
35,23.12,MAINTAIN
56,28.36,LOSE_WEIGHT
50,28.84,LOSE_WEIGHT
55,22.97,MAINTAIN
52,34.08,LOSE_WEIGHT
48,26.42,LOSE_WEIGHT
31,27.99,LOSE_WEIGHT
51,32.11,LOSE_WEIGHT
39,24.9,MAINTAIN
52,41.61,LOSE_WEIGHT
26,35.6,LOSE_WEIGHT
37,17.05,GAIN_MUSCLE
56,37.08,LOSE_WEIGHT
36,31.17,LOSE_WEIGHT
35,14.17,GAIN_MUSCLE
41,17.42,GAIN_MUSCLE
45,40.86,LOSE_WEIGHT
20,26.52,LOSE_WEIGHT
41,43.61,LOSE_WEIGHT
54,34.94,LOSE_WEIGHT
48,14.33,GAIN_MUSCLE
26,17.84,GAIN_MUSCLE
59,21.09,MAINTAIN
21,26.17,LOSE_WEIGHT
24,30.01,LOSE_WEIGHT
59,23.92,MAINTAIN
31,16.34,GAIN_MUSCLE
40,37.09,LOSE_WEIGHT
35,19.26,MAINTAIN
42,14.32,GAIN_MUSCLE
16,16.38,GAIN_MUSCLE
57,19.72,MAINTAIN
15,32.01,LOSE_WEIGHT
50,36.21,LOSE_WEIGHT
40,31.46,LOSE_WEIGHT
43,12.87,GAIN_MUSCLE
35,30.81,LOSE_WEIGHT
25,35.89,LOSE_WEIGHT
54,22.76,MAINTAIN
25,27.21,LOSE_WEIGHT
50,31.61,LOSE_WEIGHT
53,23.34,MAINTAIN
54,18.53,MAINTAIN
49,36.69,LOSE_WEIGHT
48,28.67,LOSE_WEIGHT
38,39.67,LOSE_WEIGHT
36,13.84,GAIN_MUSCLE
19,28.16,LOSE_WEIGHT
47,36.83,LOSE_WEIGHT
50,29.11,LOSE_WEIGHT
34,16.43,GAIN_MUSCLE
33,29.36,LOSE_WEIGHT
49,16.16,GAIN_MUSCLE
57,26.67,LOSE_WEIGHT
31,33.69,LOSE_WEIGHT
59,18.06,GAIN_MUSCLE
57,32.35,LOSE_WEIGHT
48,21.4,MAINTAIN
23,24.38,MAINTAIN
40,28.66,LOSE_WEIGHT
16,15.23,GAIN_MUSCLE
23,16.08,GAIN_MUSCLE
23,23.18,MAINTAIN
54,13.51,GAIN_MUSCLE
31,35.57,LOSE_WEIGHT
15,23.73,MAINTAIN
39,21.25,MAINTAIN
57,20.83,MAINTAIN
54,20.07,MAINTAIN
56,22.75,MAINTAIN
39,25.31,LOSE_WEIGHT
53,13.4,GAIN_MUSCLE
49,29.68,LOSE_WEIGHT
17,29.35,LOSE_WEIGHT
51,34.75,LOSE_WEIGHT
58,17.96,GAIN_MUSCLE
58,34.69,LOSE_WEIGHT
44,31.0,LOSE_WEIGHT
52,19.1,MAINTAIN
48,13.83,GAIN_MUSCLE
26,20.23,MAINTAIN
33,42.73,LOSE_WEIGHT
51,20.94,MAINTAIN
58,26.75,LOSE_WEIGHT
31,22.82,MAINTAIN
24,22.8,MAINTAIN
26,29.5,LOSE_WEIGHT
30,19.41,MAINTAIN
38,27.55,LOSE_WEIGHT
33,26.13,LOSE_WEIGHT
22,27.26,LOSE_WEIGHT
45,20.61,MAINTAIN
35,35.24,LOSE_WEIGHT
31,18.34,GAIN_MUSCLE
37,41.82,LOSE_WEIGHT
51,25.53,LOSE_WEIGHT
30,28.82,LOSE_WEIGHT
20,29.8,LOSE_WEIGHT
22,27.32,LOSE_WEIGHT
39,25.87,LOSE_WEIGHT
32,34.59,LOSE_WEIGHT
39,16.86,GAIN_MUSCLE
26,20.14,MAINTAIN
29,20.19,MAINTAIN
40,17.24,GAIN_MUSCLE
55,23.69,MAINTAIN
59,33.96,LOSE_WEIGHT
40,28.68,LOSE_WEIGHT
46,27.66,LOSE_WEIGHT
24,27.48,LOSE_WEIGHT
30,26.93,LOSE_WEIGHT
21,39.67,LOSE_WEIGHT
31,19.14,MAINTAIN
37,18.86,MAINTAIN
40,26.91,LOSE_WEIGHT
35,43.92,LOSE_WEIGHT
36,17.08,GAIN_MUSCLE
21,36.57,LOSE_WEIGHT
28,17.02,GAIN_MUSCLE
29,23.94,MAINTAIN
21,21.22,MAINTAIN
23,34.13,LOSE_WEIGHT
22,40.78,LOSE_WEIGHT
37,18.36,GAIN_MUSCLE
43,36.18,LOSE_WEIGHT
32,31.54,LOSE_WEIGHT
45,38.12,LOSE_WEIGHT
44,16.82,GAIN_MUSCLE
53,24.99,LOSE_WEIGHT
49,35.86,LOSE_WEIGHT
32,14.21,GAIN_MUSCLE
56,28.5,LOSE_WEIGHT
53,18.79,MAINTAIN
31,34.67,LOSE_WEIGHT
28,31.88,LOSE_WEIGHT
45,23.3,MAINTAIN
38,26.51,LOSE_WEIGHT
49,29.96,LOSE_WEIGHT
58,30.18,LOSE_WEIGHT
59,18.81,MAINTAIN
48,25.81,LOSE_WEIGHT
17,33.08,LOSE_WEIGHT
51,12.5,GAIN_MUSCLE
57,32.22,LOSE_WEIGHT
54,18.92,MAINTAIN
40,35.1,LOSE_WEIGHT
37,19.2,MAINTAIN
58,34.79,LOSE_WEIGHT
53,31.94,LOSE_WEIGHT
29,19.18,MAINTAIN
18,21.55,MAINTAIN
43,12.61,GAIN_MUSCLE
36,20.6,MAINTAIN
39,12.18,GAIN_MUSCLE
27,28.11,LOSE_WEIGHT
32,30.0,LOSE_WEIGHT
47,43.55,LOSE_WEIGHT
30,20.72,MAINTAIN
59,42.66,LOSE_WEIGHT
56,22.49,MAINTAIN
58,23.8,MAINTAIN
16,20.47,MAINTAIN
49,28.75,LOSE_WEIGHT
56,20.55,MAINTAIN
48,19.76,MAINTAIN
44,23.75,MAINTAIN
27,27.38,LOSE_WEIGHT
27,35.87,LOSE_WEIGHT
32,23.4,MAINTAIN
46,27.98,LOSE_WEIGHT
46,36.97,LOSE_WEIGHT
49,29.63,LOSE_WEIGHT
53,11.22,GAIN_MUSCLE
43,27.4,LOSE_WEIGHT
43,35.32,LOSE_WEIGHT
58,17.12,GAIN_MUSCLE
30,25.54,LOSE_WEIGHT
58,19.34,MAINTAIN
24,18.53,MAINTAIN
44,15.7,GAIN_MUSCLE
39,16.52,GAIN_MUSCLE
53,20.54,MAINTAIN
34,25.07,LOSE_WEIGHT
19,22.24,MAINTAIN
15,15.13,GAIN_MUSCLE
44,14.0,GAIN_MUSCLE
17,13.81,GAIN_MUSCLE
59,31.1,LOSE_WEIGHT
28,23.04,MAINTAIN
44,11.9,GAIN_MUSCLE
18,27.02,LOSE_WEIGHT
32,30.11,LOSE_WEIGHT
51,35.41,LOSE_WEIGHT
39,41.3,LOSE_WEIGHT
15,36.01,LOSE_WEIGHT
29,36.46,LOSE_WEIGHT
23,26.47,LOSE_WEIGHT
29,27.29,LOSE_WEIGHT
38,32.31,LOSE_WEIGHT
18,21.68,MAINTAIN
26,15.24,GAIN_MUSCLE
51,17.36,GAIN_MUSCLE
51,22.29,MAINTAIN
57,16.23,GAIN_MUSCLE
20,17.39,GAIN_MUSCLE
53,28.62,LOSE_WEIGHT
38,20.01,MAINTAIN
25,41.51,LOSE_WEIGHT
27,18.11,GAIN_MUSCLE
48,30.23,LOSE_WEIGHT
39,27.58,LOSE_WEIGHT
21,31.49,LOSE_WEIGHT
18,19.7,MAINTAIN
22,17.5,GAIN_MUSCLE
34,16.43,GAIN_MUSCLE
43,17.21,GAIN_MUSCLE
59,29.43,LOSE_WEIGHT
24,19.78,MAINTAIN
57,33.16,LOSE_WEIGHT
48,18.86,MAINTAIN
40,39.83,LOSE_WEIGHT
55,25.74,LOSE_WEIGHT
17,28.38,LOSE_WEIGHT
20,15.0,GAIN_MUSCLE
19,24.91,LOSE_WEIGHT
19,16.06,GAIN_MUSCLE
37,23.11,MAINTAIN
23,27.38,LOSE_WEIGHT
49,14.46,GAIN_MUSCLE
34,14.19,GAIN_MUSCLE
56,31.04,LOSE_WEIGHT
49,20.04,MAINTAIN
32,27.13,LOSE_WEIGHT
31,26.14,LOSE_WEIGHT
38,13.69,GAIN_MUSCLE
17,11.77,GAIN_MUSCLE
46,29.98,LOSE_WEIGHT
49,12.71,GAIN_MUSCLE
52,17.11,GAIN_MUSCLE
27,26.91,LOSE_WEIGHT
39,12.73,GAIN_MUSCLE
23,41.58,LOSE_WEIGHT
18,12.07,GAIN_MUSCLE
28,31.06,LOSE_WEIGHT
51,25.07,LOSE_WEIGHT
48,20.0,MAINTAIN
25,26.13,LOSE_WEIGHT
55,19.07,MAINTAIN
17,41.55,LOSE_WEIGHT
42,38.55,LOSE_WEIGHT
43,20.48,MAINTAIN
23,19.79,MAINTAIN
17,26.34,LOSE_WEIGHT
39,29.21,LOSE_WEIGHT
48,17.59,GAIN_MUSCLE
26,34.62,LOSE_WEIGHT
56,22.57,MAINTAIN
23,31.04,LOSE_WEIGHT
29,19.6,MAINTAIN
54,18.04,GAIN_MUSCLE
39,24.63,MAINTAIN
19,27.61,LOSE_WEIGHT
25,32.72,LOSE_WEIGHT
48,22.9,MAINTAIN
38,19.56,MAINTAIN
29,25.47,LOSE_WEIGHT
52,20.17,MAINTAIN
22,14.79,GAIN_MUSCLE
19,24.75,MAINTAIN
40,29.09,LOSE_WEIGHT
32,30.93,LOSE_WEIGHT
20,16.64,GAIN_MUSCLE
51,30.79,LOSE_WEIGHT
27,26.63,LOSE_WEIGHT
42,24.88,MAINTAIN
19,17.72,GAIN_MUSCLE
27,44.69,LOSE_WEIGHT
31,35.2,LOSE_WEIGHT
54,20.54,MAINTAIN
59,24.46,MAINTAIN
46,44.66,LOSE_WEIGHT
43,23.78,MAINTAIN
17,15.62,GAIN_MUSCLE
54,29.64,LOSE_WEIGHT
48,37.41,LOSE_WEIGHT
54,33.7,LOSE_WEIGHT
41,28.34,LOSE_WEIGHT
27,37.93,LOSE_WEIGHT
59,25.99,LOSE_WEIGHT
47,17.57,GAIN_MUSCLE
20,18.14,GAIN_MUSCLE
38,19.97,MAINTAIN
33,24.36,MAINTAIN
30,31.31,LOSE_WEIGHT
54,26.75,LOSE_WEIGHT
42,24.12,MAINTAIN
47,25.98,LOSE_WEIGHT
55,19.45,MAINTAIN
27,25.83,LOSE_WEIGHT
57,24.66,MAINTAIN
59,20.92,MAINTAIN
39,26.23,LOSE_WEIGHT
56,12.8,GAIN_MUSCLE
50,31.77,LOSE_WEIGHT
41,25.97,LOSE_WEIGHT
52,27.78,LOSE_WEIGHT
21,37.57,LOSE_WEIGHT
19,16.21,GAIN_MUSCLE
57,23.07,MAINTAIN
59,27.94,LOSE_WEIGHT
45,26.22,LOSE_WEIGHT
37,12.58,GAIN_MUSCLE
56,21.68,MAINTAIN
24,29.32,LOSE_WEIGHT
46,22.79,MAINTAIN
57,27.51,LOSE_WEIGHT
44,25.9,LOSE_WEIGHT
53,36.45,LOSE_WEIGHT
45,34.28,LOSE_WEIGHT
32,18.17,GAIN_MUSCLE
50,24.2,MAINTAIN
16,23.1,MAINTAIN
28,18.71,MAINTAIN
27,33.14,LOSE_WEIGHT
43,18.55,MAINTAIN
26,13.55,GAIN_MUSCLE
53,22.23,MAINTAIN
16,22.6,MAINTAIN
46,33.97,LOSE_WEIGHT
27,40.3,LOSE_WEIGHT
41,22.12,MAINTAIN
55,40.31,LOSE_WEIGHT
31,41.22,LOSE_WEIGHT
54,21.79,MAINTAIN
45,30.02,LOSE_WEIGHT
48,24.8,MAINTAIN
38,22.26,MAINTAIN
59,29.38,LOSE_WEIGHT
49,26.94,LOSE_WEIGHT
20,31.21,LOSE_WEIGHT
33,18.32,GAIN_MUSCLE
44,32.77,LOSE_WEIGHT
21,35.97,LOSE_WEIGHT
24,28.47,LOSE_WEIGHT
55,38.86,LOSE_WEIGHT
46,14.57,GAIN_MUSCLE
48,24.69,MAINTAIN
42,18.83,MAINTAIN
29,19.47,MAINTAIN
44,17.2,GAIN_MUSCLE
51,26.03,LOSE_WEIGHT
43,17.62,GAIN_MUSCLE
36,30.81,LOSE_WEIGHT
18,25.28,LOSE_WEIGHT
34,29.7,LOSE_WEIGHT
46,28.55,LOSE_WEIGHT
50,16.04,GAIN_MUSCLE
18,37.82,LOSE_WEIGHT
41,20.47,MAINTAIN
31,29.31,LOSE_WEIGHT
26,26.82,LOSE_WEIGHT
36,34.57,LOSE_WEIGHT
31,40.95,LOSE_WEIGHT
24,21.27,MAINTAIN
15,44.36,LOSE_WEIGHT
36,23.88,MAINTAIN
40,32.62,LOSE_WEIGHT
32,42.74,LOSE_WEIGHT
28,42.18,LOSE_WEIGHT
43,16.78,GAIN_MUSCLE
26,29.22,LOSE_WEIGHT
50,30.89,LOSE_WEIGHT
49,31.46,LOSE_WEIGHT
26,24.52,MAINTAIN
21,12.7,GAIN_MUSCLE
43,27.14,LOSE_WEIGHT
25,27.15,LOSE_WEIGHT
47,19.17,MAINTAIN
20,24.64,MAINTAIN
29,13.08,GAIN_MUSCLE
46,43.74,LOSE_WEIGHT
25,28.27,LOSE_WEIGHT
37,19.72,MAINTAIN
40,33.27,LOSE_WEIGHT
48,38.03,LOSE_WEIGHT
48,44.51,LOSE_WEIGHT
43,13.28,GAIN_MUSCLE
18,32.57,LOSE_WEIGHT
31,26.58,LOSE_WEIGHT
49,15.16,GAIN_MUSCLE
27,18.62,MAINTAIN
55,28.8,LOSE_WEIGHT
53,23.53,MAINTAIN
29,25.76,LOSE_WEIGHT
43,18.88,MAINTAIN
43,25.41,LOSE_WEIGHT
25,16.82,GAIN_MUSCLE
46,13.99,GAIN_MUSCLE
16,14.58,GAIN_MUSCLE
28,28.44,LOSE_WEIGHT
34,24.12,MAINTAIN
36,19.48,MAINTAIN
25,18.86,MAINTAIN
41,31.65,LOSE_WEIGHT
17,31.01,LOSE_WEIGHT
31,22.17,MAINTAIN
58,20.93,MAINTAIN
42,14.08,GAIN_MUSCLE
43,29.21,LOSE_WEIGHT
35,23.03,MAINTAIN
30,42.81,LOSE_WEIGHT
51,30.39,LOSE_WEIGHT
34,36.55,LOSE_WEIGHT
20,32.48,LOSE_WEIGHT
33,27.6,LOSE_WEIGHT
19,45.37,LOSE_WEIGHT
17,18.11,GAIN_MUSCLE
15,26.33,LOSE_WEIGHT
52,25.86,LOSE_WEIGHT
29,26.35,LOSE_WEIGHT
48,22.29,MAINTAIN
49,12.45,GAIN_MUSCLE
39,14.09,GAIN_MUSCLE
38,22.64,MAINTAIN
26,13.0,GAIN_MUSCLE
32,19.78,MAINTAIN
29,14.79,GAIN_MUSCLE
58,29.77,LOSE_WEIGHT
30,40.71,LOSE_WEIGHT
41,23.13,MAINTAIN
22,20.22,MAINTAIN
39,16.86,GAIN_MUSCLE
31,23.21,MAINTAIN
43,29.77,LOSE_WEIGHT
22,19.76,MAINTAIN
29,26.47,LOSE_WEIGHT
41,37.44,LOSE_WEIGHT
21,19.43,MAINTAIN
17,23.4,MAINTAIN
43,21.77,MAINTAIN
58,20.79,MAINTAIN
38,19.64,MAINTAIN
17,33.98,LOSE_WEIGHT
34,19.28,MAINTAIN
29,21.33,MAINTAIN
39,20.55,MAINTAIN
44,20.43,MAINTAIN
28,41.61,LOSE_WEIGHT
21,32.56,LOSE_WEIGHT
31,18.18,GAIN_MUSCLE
58,13.48,GAIN_MUSCLE
34,28.8,LOSE_WEIGHT
50,33.38,LOSE_WEIGHT
23,28.08,LOSE_WEIGHT
52,43.21,LOSE_WEIGHT
36,40.72,LOSE_WEIGHT
16,26.24,LOSE_WEIGHT
38,33.76,LOSE_WEIGHT
22,14.93,GAIN_MUSCLE
25,16.96,GAIN_MUSCLE
27,20.5,MAINTAIN
31,22.28,MAINTAIN
22,13.75,GAIN_MUSCLE
35,26.88,LOSE_WEIGHT
32,19.34,MAINTAIN
44,20.84,MAINTAIN
32,16.55,GAIN_MUSCLE
45,20.29,MAINTAIN
52,38.62,LOSE_WEIGHT
46,18.34,GAIN_MUSCLE
25,21.09,MAINTAIN
59,16.92,GAIN_MUSCLE
39,21.95,MAINTAIN
47,23.21,MAINTAIN
52,31.72,LOSE_WEIGHT
55,17.0,GAIN_MUSCLE
22,21.04,MAINTAIN
25,26.19,LOSE_WEIGHT
36,19.96,MAINTAIN
38,27.62,LOSE_WEIGHT
55,17.72,GAIN_MUSCLE
31,25.21,LOSE_WEIGHT
26,22.86,MAINTAIN
46,37.71,LOSE_WEIGHT
29,18.64,MAINTAIN
30,21.55,MAINTAIN
36,23.34,MAINTAIN
42,16.64,GAIN_MUSCLE
34,31.4,LOSE_WEIGHT
47,26.2,LOSE_WEIGHT
24,9.79,GAIN_MUSCLE
54,20.25,MAINTAIN
46,23.09,MAINTAIN
47,19.64,MAINTAIN
16,16.97,GAIN_MUSCLE
47,26.31,LOSE_WEIGHT
47,15.05,GAIN_MUSCLE
55,19.6,MAINTAIN
27,20.65,MAINTAIN
44,31.43,LOSE_WEIGHT
47,26.31,LOSE_WEIGHT
27,16.9,GAIN_MUSCLE
40,20.23,MAINTAIN
36,16.98,GAIN_MUSCLE
53,20.64,MAINTAIN
16,34.72,LOSE_WEIGHT
52,26.91,LOSE_WEIGHT
53,18.83,MAINTAIN
40,16.46,GAIN_MUSCLE
29,43.86,LOSE_WEIGHT
48,17.66,GAIN_MUSCLE
56,17.13,GAIN_MUSCLE
58,41.31,LOSE_WEIGHT
54,23.28,MAINTAIN
25,15.33,GAIN_MUSCLE
17,39.55,LOSE_WEIGHT
20,12.3,GAIN_MUSCLE
23,15.24,GAIN_MUSCLE
20,40.53,LOSE_WEIGHT
23,20.43,MAINTAIN
53,23.68,MAINTAIN
45,27.49,LOSE_WEIGHT
46,32.26,LOSE_WEIGHT
55,18.25,GAIN_MUSCLE
26,21.17,MAINTAIN
22,26.72,LOSE_WEIGHT
22,18.45,GAIN_MUSCLE
42,19.07,MAINTAIN
34,39.58,LOSE_WEIGHT
21,22.34,MAINTAIN
25,25.68,LOSE_WEIGHT
34,12.0,GAIN_MUSCLE
30,13.97,GAIN_MUSCLE
18,30.34,LOSE_WEIGHT
20,33.59,LOSE_WEIGHT
36,26.75,LOSE_WEIGHT
40,25.04,LOSE_WEIGHT
17,12.88,GAIN_MUSCLE
55,21.68,MAINTAIN
56,12.56,GAIN_MUSCLE
28,18.43,GAIN_MUSCLE
25,23.57,MAINTAIN
32,34.34,LOSE_WEIGHT
26,22.17,MAINTAIN
37,19.3,MAINTAIN
26,14.67,GAIN_MUSCLE
27,19.9,MAINTAIN
39,14.87,GAIN_MUSCLE
59,17.54,GAIN_MUSCLE
33,23.62,MAINTAIN
50,22.7,MAINTAIN
59,25.18,LOSE_WEIGHT
22,25.72,LOSE_WEIGHT
43,31.79,LOSE_WEIGHT
46,23.86,MAINTAIN
58,14.35,GAIN_MUSCLE
32,18.22,GAIN_MUSCLE
20,20.42,MAINTAIN
32,9.93,GAIN_MUSCLE
33,22.18,MAINTAIN
36,28.12,LOSE_WEIGHT
51,13.87,GAIN_MUSCLE
46,42.71,LOSE_WEIGHT
55,18.79,MAINTAIN
17,17.9,GAIN_MUSCLE
42,18.54,MAINTAIN
24,23.33,MAINTAIN
49,17.85,GAIN_MUSCLE
43,37.54,LOSE_WEIGHT
29,21.93,MAINTAIN
47,25.91,LOSE_WEIGHT
21,14.59,GAIN_MUSCLE
26,34.78,LOSE_WEIGHT
44,21.01,MAINTAIN
35,19.09,MAINTAIN
45,26.41,LOSE_WEIGHT
38,30.15,LOSE_WEIGHT
34,31.97,LOSE_WEIGHT
51,17.12,GAIN_MUSCLE
18,37.38,LOSE_WEIGHT
42,19.86,MAINTAIN
58,17.76,GAIN_MUSCLE
34,16.98,GAIN_MUSCLE
38,15.62,GAIN_MUSCLE
46,33.56,LOSE_WEIGHT
55,29.08,LOSE_WEIGHT
50,15.2,GAIN_MUSCLE
48,32.73,LOSE_WEIGHT
50,24.53,MAINTAIN
16,18.1,GAIN_MUSCLE
29,29.09,LOSE_WEIGHT
48,24.86,MAINTAIN
50,17.86,GAIN_MUSCLE
20,14.46,GAIN_MUSCLE
53,28.33,LOSE_WEIGHT
56,16.69,GAIN_MUSCLE
26,26.83,LOSE_WEIGHT
17,21.32,MAINTAIN
59,34.03,LOSE_WEIGHT
32,33.91,LOSE_WEIGHT
54,35.05,LOSE_WEIGHT
35,12.69,GAIN_MUSCLE
29,22.44,MAINTAIN
47,13.68,GAIN_MUSCLE
49,16.33,GAIN_MUSCLE
40,16.59,GAIN_MUSCLE
22,32.58,LOSE_WEIGHT
50,22.9,MAINTAIN
44,35.08,LOSE_WEIGHT
37,22.59,MAINTAIN
56,26.6,LOSE_WEIGHT
58,16.48,GAIN_MUSCLE
28,24.31,MAINTAIN
28,14.29,GAIN_MUSCLE
16,25.49,LOSE_WEIGHT
51,37.94,LOSE_WEIGHT
19,20.74,MAINTAIN
52,19.42,MAINTAIN
59,28.22,LOSE_WEIGHT
55,22.83,MAINTAIN
28,25.96,LOSE_WEIGHT
53,19.2,MAINTAIN
39,38.14,LOSE_WEIGHT
34,30.81,LOSE_WEIGHT
16,23.13,MAINTAIN
53,14.51,GAIN_MUSCLE
20,26.67,LOSE_WEIGHT
31,15.63,GAIN_MUSCLE
39,30.44,LOSE_WEIGHT
42,34.54,LOSE_WEIGHT
16,22.08,MAINTAIN
49,11.81,GAIN_MUSCLE
51,18.24,GAIN_MUSCLE
19,18.26,GAIN_MUSCLE
15,34.11,LOSE_WEIGHT
54,27.04,LOSE_WEIGHT
26,19.99,MAINTAIN
50,15.48,GAIN_MUSCLE
59,25.21,LOSE_WEIGHT
37,23.73,MAINTAIN
45,17.99,GAIN_MUSCLE
25,15.75,GAIN_MUSCLE
24,24.01,MAINTAIN
17,22.4,MAINTAIN
28,23.68,MAINTAIN
30,25.3,LOSE_WEIGHT
24,23.47,MAINTAIN
43,26.91,LOSE_WEIGHT
24,15.88,GAIN_MUSCLE
26,17.56,GAIN_MUSCLE
44,30.89,LOSE_WEIGHT
55,21.73,MAINTAIN
15,27.15,LOSE_WEIGHT
19,19.2,MAINTAIN
34,26.07,LOSE_WEIGHT
22,35.11,LOSE_WEIGHT
57,27.69,LOSE_WEIGHT
26,28.07,LOSE_WEIGHT
15,27.85,LOSE_WEIGHT
34,20.72,MAINTAIN
42,25.9,LOSE_WEIGHT
57,15.0,GAIN_MUSCLE
51,23.37,MAINTAIN
51,32.93,LOSE_WEIGHT
26,17.11,GAIN_MUSCLE
51,36.23,LOSE_WEIGHT
58,32.3,LOSE_WEIGHT
42,19.45,MAINTAIN
29,26.29,LOSE_WEIGHT
20,20.99,MAINTAIN
58,27.39,LOSE_WEIGHT
34,45.43,LOSE_WEIGHT
28,20.98,MAINTAIN
16,17.99,GAIN_MUSCLE
23,18.02,GAIN_MUSCLE
51,25.74,LOSE_WEIGHT
34,13.25,GAIN_MUSCLE
40,26.23,LOSE_WEIGHT
43,24.03,MAINTAIN
15,29.63,LOSE_WEIGHT
49,27.63,LOSE_WEIGHT
20,41.49,LOSE_WEIGHT
51,27.48,LOSE_WEIGHT
19,18.89,MAINTAIN
47,16.76,GAIN_MUSCLE
28,45.73,LOSE_WEIGHT
26,13.83,GAIN_MUSCLE
56,27.71,LOSE_WEIGHT
34,20.66,MAINTAIN
38,28.68,LOSE_WEIGHT
57,27.66,LOSE_WEIGHT
48,29.98,LOSE_WEIGHT
39,25.11,LOSE_WEIGHT
43,13.38,GAIN_MUSCLE
53,20.77,MAINTAIN
45,27.27,LOSE_WEIGHT
57,25.71,LOSE_WEIGHT
37,18.49,GAIN_MUSCLE
58,24.71,MAINTAIN
52,14.89,GAIN_MUSCLE
34,25.04,LOSE_WEIGHT
37,45.04,LOSE_WEIGHT
59,14.66,GAIN_MUSCLE
30,27.32,LOSE_WEIGHT
56,16.38,GAIN_MUSCLE
22,34.09,LOSE_WEIGHT
35,18.5,MAINTAIN
15,21.89,MAINTAIN
22,28.77,LOSE_WEIGHT
43,21.57,MAINTAIN
46,18.3,GAIN_MUSCLE
52,28.05,LOSE_WEIGHT
19,13.42,GAIN_MUSCLE
36,17.08,GAIN_MUSCLE
48,21.72,MAINTAIN
15,17.31,GAIN_MUSCLE
40,15.85,GAIN_MUSCLE
57,28.26,LOSE_WEIGHT
24,27.92,LOSE_WEIGHT
44,21.72,MAINTAIN
32,28.7,LOSE_WEIGHT
31,22.78,MAINTAIN
40,26.49,LOSE_WEIGHT
22,21.4,MAINTAIN
54,14.73,GAIN_MUSCLE
26,28.95,LOSE_WEIGHT
41,24.0,MAINTAIN
22,16.63,GAIN_MUSCLE
39,33.3,LOSE_WEIGHT
18,26.71,LOSE_WEIGHT
47,21.71,MAINTAIN
15,29.85,LOSE_WEIGHT
33,31.35,LOSE_WEIGHT
45,19.9,MAINTAIN
30,25.7,LOSE_WEIGHT
28,29.18,LOSE_WEIGHT
19,24.99,LOSE_WEIGHT
55,27.26,LOSE_WEIGHT
40,16.33,GAIN_MUSCLE
42,38.61,LOSE_WEIGHT
16,40.35,LOSE_WEIGHT
20,29.83,LOSE_WEIGHT
23,27.54,LOSE_WEIGHT
47,14.79,GAIN_MUSCLE
55,25.6,LOSE_WEIGHT
39,25.63,LOSE_WEIGHT
27,46.72,LOSE_WEIGHT
23,17.35,GAIN_MUSCLE
27,31.06,LOSE_WEIGHT
45,24.41,MAINTAIN
55,22.2,MAINTAIN
25,17.87,GAIN_MUSCLE
18,22.34,MAINTAIN
48,30.73,LOSE_WEIGHT
52,42.27,LOSE_WEIGHT
18,19.0,MAINTAIN
52,29.25,LOSE_WEIGHT
33,40.02,LOSE_WEIGHT
20,13.41,GAIN_MUSCLE
48,40.69,LOSE_WEIGHT
32,22.23,MAINTAIN
27,22.18,MAINTAIN
55,26.79,LOSE_WEIGHT
37,23.57,MAINTAIN
33,17.52,GAIN_MUSCLE
59,23.06,MAINTAIN
25,12.02,GAIN_MUSCLE
15,20.73,MAINTAIN
38,25.62,LOSE_WEIGHT
21,15.62,GAIN_MUSCLE
39,22.87,MAINTAIN
35,16.96,GAIN_MUSCLE
29,20.92,MAINTAIN
15,28.88,LOSE_WEIGHT
26,27.59,LOSE_WEIGHT
21,17.52,GAIN_MUSCLE
29,29.45,LOSE_WEIGHT
35,22.39,MAINTAIN
33,35.59,LOSE_WEIGHT
43,19.87,MAINTAIN
39,40.82,LOSE_WEIGHT
47,41.8,LOSE_WEIGHT
46,26.76,LOSE_WEIGHT
49,22.87,MAINTAIN
58,25.23,LOSE_WEIGHT
52,12.86,GAIN_MUSCLE
40,21.3,MAINTAIN
25,19.85,MAINTAIN
49,14.45,GAIN_MUSCLE
22,27.43,LOSE_WEIGHT
28,27.84,LOSE_WEIGHT
24,18.65,MAINTAIN
16,18.92,MAINTAIN
23,22.57,MAINTAIN
17,25.36,LOSE_WEIGHT
35,16.22,GAIN_MUSCLE
40,28.69,LOSE_WEIGHT
22,21.86,MAINTAIN
16,21.9,MAINTAIN
20,24.32,MAINTAIN
42,13.12,GAIN_MUSCLE
43,10.68,GAIN_MUSCLE
40,13.7,GAIN_MUSCLE
39,23.99,MAINTAIN
26,13.71,GAIN_MUSCLE
19,37.41,LOSE_WEIGHT
48,27.02,LOSE_WEIGHT
51,18.71,MAINTAIN
29,15.6,GAIN_MUSCLE
58,24.31,MAINTAIN
50,30.7,LOSE_WEIGHT
29,27.61,LOSE_WEIGHT
57,20.33,MAINTAIN
37,16.52,GAIN_MUSCLE
20,39.21,LOSE_WEIGHT
58,22.51,MAINTAIN
57,20.79,MAINTAIN
59,26.6,LOSE_WEIGHT
35,24.33,MAINTAIN
37,39.35,LOSE_WEIGHT
57,34.48,LOSE_WEIGHT
30,26.92,LOSE_WEIGHT
29,11.22,GAIN_MUSCLE
39,35.3,LOSE_WEIGHT
50,14.85,GAIN_MUSCLE
25,23.21,MAINTAIN
29,15.69,GAIN_MUSCLE
18,36.71,LOSE_WEIGHT
35,14.52,GAIN_MUSCLE
27,21.89,MAINTAIN
36,16.2,GAIN_MUSCLE
33,18.75,MAINTAIN
48,20.11,MAINTAIN
28,47.62,LOSE_WEIGHT
18,24.55,MAINTAIN
41,14.89,GAIN_MUSCLE
43,17.64,GAIN_MUSCLE
42,29.89,LOSE_WEIGHT
49,13.62,GAIN_MUSCLE
22,33.84,LOSE_WEIGHT
30,30.72,LOSE_WEIGHT
56,27.91,LOSE_WEIGHT
50,36.98,LOSE_WEIGHT
44,28.03,LOSE_WEIGHT
32,21.81,MAINTAIN
16,15.27,GAIN_MUSCLE
27,33.83,LOSE_WEIGHT
18,9.72,GAIN_MUSCLE
40,41.35,LOSE_WEIGHT
39,17.9,GAIN_MUSCLE
44,14.02,GAIN_MUSCLE
25,21.46,MAINTAIN
21,23.7,MAINTAIN
45,43.03,LOSE_WEIGHT
58,19.83,MAINTAIN
24,15.19,GAIN_MUSCLE
53,20.7,MAINTAIN
27,35.44,LOSE_WEIGHT
45,18.65,MAINTAIN
21,25.08,LOSE_WEIGHT
56,24.07,MAINTAIN
56,25.12,LOSE_WEIGHT
50,26.57,LOSE_WEIGHT
34,18.74,MAINTAIN
18,20.23,MAINTAIN
21,20.47,MAINTAIN
15,19.97,MAINTAIN
58,28.8,LOSE_WEIGHT
59,24.12,MAINTAIN
56,31.76,LOSE_WEIGHT
27,28.3,LOSE_WEIGHT
36,39.85,LOSE_WEIGHT
35,18.83,MAINTAIN
36,32.03,LOSE_WEIGHT
42,28.43,LOSE_WEIGHT
23,31.66,LOSE_WEIGHT
40,41.42,LOSE_WEIGHT
23,22.37,MAINTAIN
29,11.48,GAIN_MUSCLE
24,38.36,LOSE_WEIGHT
38,35.35,LOSE_WEIGHT
56,25.84,LOSE_WEIGHT
22,27.38,LOSE_WEIGHT
38,21.95,MAINTAIN
30,21.31,MAINTAIN
40,30.17,LOSE_WEIGHT
41,27.51,LOSE_WEIGHT
51,14.11,GAIN_MUSCLE
18,17.43,GAIN_MUSCLE
38,16.51,GAIN_MUSCLE
33,26.42,LOSE_WEIGHT
50,16.41,GAIN_MUSCLE
53,18.96,MAINTAIN
24,36.53,LOSE_WEIGHT
39,23.53,MAINTAIN
32,38.23,LOSE_WEIGHT
33,18.05,GAIN_MUSCLE
50,27.51,LOSE_WEIGHT
24,35.97,LOSE_WEIGHT
47,22.52,MAINTAIN
19,25.99,LOSE_WEIGHT
49,18.96,MAINTAIN
58,11.58,GAIN_MUSCLE
48,13.51,GAIN_MUSCLE
47,44.24,LOSE_WEIGHT
35,21.37,MAINTAIN
31,25.54,LOSE_WEIGHT
36,17.02,GAIN_MUSCLE
51,19.17,MAINTAIN
29,43.76,LOSE_WEIGHT
49,16.6,GAIN_MUSCLE
42,29.6,LOSE_WEIGHT
21,18.64,MAINTAIN
46,23.72,MAINTAIN
25,25.32,LOSE_WEIGHT
24,22.63,MAINTAIN
23,22.89,MAINTAIN
28,22.09,MAINTAIN
27,17.71,GAIN_MUSCLE
39,21.76,MAINTAIN
16,25.84,LOSE_WEIGHT
49,30.68,LOSE_WEIGHT
21,43.1,LOSE_WEIGHT
35,27.37,LOSE_WEIGHT
32,38.2,LOSE_WEIGHT
17,13.91,GAIN_MUSCLE
56,18.82,MAINTAIN
53,23.58,MAINTAIN
55,22.2,MAINTAIN
25,25.68,LOSE_WEIGHT
53,41.67,LOSE_WEIGHT
38,17.57,GAIN_MUSCLE
33,18.24,GAIN_MUSCLE
18,28.26,LOSE_WEIGHT
40,26.11,LOSE_WEIGHT
52,20.12,MAINTAIN
56,15.78,GAIN_MUSCLE
46,20.14,MAINTAIN
53,19.27,MAINTAIN
59,35.3,LOSE_WEIGHT
50,28.11,LOSE_WEIGHT
54,44.19,LOSE_WEIGHT
51,28.21,LOSE_WEIGHT
47,23.24,MAINTAIN
50,24.74,MAINTAIN
17,19.31,MAINTAIN
23,12.68,GAIN_MUSCLE
22,38.07,LOSE_WEIGHT
47,24.14,MAINTAIN
20,12.48,GAIN_MUSCLE
55,14.18,GAIN_MUSCLE
53,13.08,GAIN_MUSCLE
18,29.28,LOSE_WEIGHT
27,22.69,MAINTAIN
16,16.79,GAIN_MUSCLE
19,16.22,GAIN_MUSCLE
58,39.22,LOSE_WEIGHT
41,25.81,LOSE_WEIGHT
46,36.15,LOSE_WEIGHT
35,33.85,LOSE_WEIGHT
22,44.55,LOSE_WEIGHT
52,37.94,LOSE_WEIGHT
22,20.58,MAINTAIN
17,16.0,GAIN_MUSCLE
58,20.41,MAINTAIN
17,18.96,MAINTAIN
36,43.32,LOSE_WEIGHT
20,39.37,LOSE_WEIGHT
16,37.33,LOSE_WEIGHT
37,28.94,LOSE_WEIGHT
58,18.96,MAINTAIN
16,16.66,GAIN_MUSCLE
52,24.71,MAINTAIN
31,27.47,LOSE_WEIGHT
49,32.22,LOSE_WEIGHT
48,43.42,LOSE_WEIGHT
37,26.66,LOSE_WEIGHT
44,41.24,LOSE_WEIGHT
22,33.85,LOSE_WEIGHT
36,36.69,LOSE_WEIGHT
58,21.1,MAINTAIN
50,20.81,MAINTAIN
19,29.87,LOSE_WEIGHT
27,23.27,MAINTAIN
43,18.75,MAINTAIN
45,27.81,LOSE_WEIGHT
30,42.65,LOSE_WEIGHT
56,25.3,LOSE_WEIGHT
44,18.59,MAINTAIN
30,15.98,GAIN_MUSCLE
26,17.0,GAIN_MUSCLE
31,31.49,LOSE_WEIGHT
30,22.89,MAINTAIN
26,24.31,MAINTAIN
22,14.66,GAIN_MUSCLE
34,20.77,MAINTAIN
17,18.58,MAINTAIN
30,29.16,LOSE_WEIGHT
44,14.45,GAIN_MUSCLE
59,17.97,GAIN_MUSCLE
37,22.68,MAINTAIN
42,16.75,GAIN_MUSCLE
54,21.97,MAINTAIN
19,20.9,MAINTAIN
34,23.37,MAINTAIN
54,18.0,GAIN_MUSCLE
58,26.31,LOSE_WEIGHT
15,26.22,LOSE_WEIGHT
44,23.31,MAINTAIN
35,30.45,LOSE_WEIGHT
34,25.58,LOSE_WEIGHT
20,26.03,LOSE_WEIGHT
36,19.0,MAINTAIN
32,16.25,GAIN_MUSCLE
22,28.84,LOSE_WEIGHT
53,36.17,LOSE_WEIGHT
46,20.6,MAINTAIN
47,23.87,MAINTAIN
30,40.65,LOSE_WEIGHT
26,22.15,MAINTAIN
52,36.83,LOSE_WEIGHT
48,28.4,LOSE_WEIGHT
28,35.84,LOSE_WEIGHT
50,25.24,LOSE_WEIGHT
47,38.26,LOSE_WEIGHT
37,18.18,GAIN_MUSCLE
59,13.53,GAIN_MUSCLE
16,20.91,MAINTAIN
55,18.59,MAINTAIN
35,18.39,GAIN_MUSCLE
16,44.75,LOSE_WEIGHT
41,19.86,MAINTAIN
23,23.24,MAINTAIN
15,31.12,LOSE_WEIGHT
25,17.38,GAIN_MUSCLE
17,40.79,LOSE_WEIGHT
37,19.17,MAINTAIN
40,27.43,LOSE_WEIGHT
18,27.37,LOSE_WEIGHT
32,26.31,LOSE_WEIGHT
20,28.9,LOSE_WEIGHT
49,18.73,MAINTAIN
36,44.32,LOSE_WEIGHT
57,14.84,GAIN_MUSCLE
29,18.49,GAIN_MUSCLE
36,26.51,LOSE_WEIGHT
51,16.7,GAIN_MUSCLE
56,19.19,MAINTAIN
26,41.52,LOSE_WEIGHT
56,42.91,LOSE_WEIGHT
52,24.74,MAINTAIN
32,25.56,LOSE_WEIGHT
59,21.95,MAINTAIN
49,24.7,MAINTAIN
44,22.77,MAINTAIN
38,26.58,LOSE_WEIGHT
56,35.86,LOSE_WEIGHT
44,17.58,GAIN_MUSCLE
28,19.47,MAINTAIN
20,23.0,MAINTAIN
17,17.29,GAIN_MUSCLE
30,17.59,GAIN_MUSCLE
21,14.41,GAIN_MUSCLE
28,29.31,LOSE_WEIGHT
23,38.09,LOSE_WEIGHT
29,26.12,LOSE_WEIGHT
35,12.15,GAIN_MUSCLE
49,14.42,GAIN_MUSCLE
16,25.86,LOSE_WEIGHT
41,19.61,MAINTAIN
16,28.23,LOSE_WEIGHT
49,21.43,MAINTAIN
32,36.43,LOSE_WEIGHT
28,29.75,LOSE_WEIGHT
34,34.5,LOSE_WEIGHT
32,12.36,GAIN_MUSCLE
24,19.07,MAINTAIN
39,17.19,GAIN_MUSCLE
16,26.18,LOSE_WEIGHT
39,29.28,LOSE_WEIGHT
47,20.06,MAINTAIN
50,24.28,MAINTAIN
45,28.32,LOSE_WEIGHT
28,23.07,MAINTAIN
15,18.3,GAIN_MUSCLE
30,33.21,LOSE_WEIGHT
17,19.05,MAINTAIN
49,18.35,GAIN_MUSCLE
55,22.54,MAINTAIN
20,25.34,LOSE_WEIGHT
39,32.23,LOSE_WEIGHT
27,22.88,MAINTAIN
48,44.16,LOSE_WEIGHT
22,22.0,MAINTAIN
35,10.1,GAIN_MUSCLE
48,18.2,GAIN_MUSCLE
18,19.17,MAINTAIN
39,20.62,MAINTAIN
29,17.38,GAIN_MUSCLE
18,25.9,LOSE_WEIGHT
59,23.8,MAINTAIN
26,15.29,GAIN_MUSCLE
46,29.36,LOSE_WEIGHT
46,23.17,MAINTAIN
42,14.17,GAIN_MUSCLE
27,29.25,LOSE_WEIGHT
45,13.24,GAIN_MUSCLE
28,25.77,LOSE_WEIGHT
34,23.69,MAINTAIN
32,40.22,LOSE_WEIGHT
43,38.46,LOSE_WEIGHT
20,28.61,LOSE_WEIGHT
46,15.18,GAIN_MUSCLE
43,13.75,GAIN_MUSCLE
57,22.36,MAINTAIN
16,31.84,LOSE_WEIGHT
37,23.51,MAINTAIN
33,20.75,MAINTAIN
45,25.06,LOSE_WEIGHT
19,27.82,LOSE_WEIGHT
33,12.55,GAIN_MUSCLE
48,28.74,LOSE_WEIGHT
24,18.93,MAINTAIN
39,19.82,MAINTAIN
16,19.35,MAINTAIN
25,17.5,GAIN_MUSCLE
45,21.55,MAINTAIN
29,24.98,LOSE_WEIGHT
23,25.24,LOSE_WEIGHT
37,18.79,MAINTAIN
33,25.49,LOSE_WEIGHT
23,19.15,MAINTAIN
49,25.31,LOSE_WEIGHT
35,22.18,MAINTAIN
23,37.53,LOSE_WEIGHT
42,22.61,MAINTAIN
21,38.51,LOSE_WEIGHT
30,18.98,MAINTAIN
30,34.67,LOSE_WEIGHT
47,15.07,GAIN_MUSCLE
18,20.17,MAINTAIN
18,18.03,GAIN_MUSCLE
53,31.12,LOSE_WEIGHT
54,21.47,MAINTAIN
31,44.48,LOSE_WEIGHT
51,25.93,LOSE_WEIGHT
53,40.71,LOSE_WEIGHT
43,21.69,MAINTAIN
50,37.74,LOSE_WEIGHT
52,16.86,GAIN_MUSCLE
53,17.74,GAIN_MUSCLE
51,26.97,LOSE_WEIGHT
49,39.67,LOSE_WEIGHT
21,23.93,MAINTAIN
41,16.35,GAIN_MUSCLE
42,22.07,MAINTAIN
36,21.46,MAINTAIN
28,32.72,LOSE_WEIGHT
21,16.92,GAIN_MUSCLE
51,30.8,LOSE_WEIGHT
36,14.85,GAIN_MUSCLE
19,25.55,LOSE_WEIGHT
16,29.74,LOSE_WEIGHT
41,22.77,MAINTAIN
35,23.75,MAINTAIN
52,18.82,MAINTAIN
29,16.35,GAIN_MUSCLE
35,25.3,LOSE_WEIGHT
24,25.6,LOSE_WEIGHT
37,30.35,LOSE_WEIGHT
53,22.21,MAINTAIN
19,39.23,LOSE_WEIGHT
15,28.85,LOSE_WEIGHT
27,25.86,LOSE_WEIGHT
35,19.05,MAINTAIN
40,14.42,GAIN_MUSCLE
59,26.29,LOSE_WEIGHT
35,34.66,LOSE_WEIGHT
32,18.89,MAINTAIN
51,39.3,LOSE_WEIGHT
59,33.64,LOSE_WEIGHT
46,23.91,MAINTAIN
50,28.17,LOSE_WEIGHT
31,19.55,MAINTAIN
49,22.36,MAINTAIN
25,10.07,GAIN_MUSCLE
35,16.46,GAIN_MUSCLE
40,16.72,GAIN_MUSCLE
18,20.88,MAINTAIN
48,27.21,LOSE_WEIGHT
32,30.75,LOSE_WEIGHT
54,24.94,LOSE_WEIGHT
49,21.28,MAINTAIN
55,14.05,GAIN_MUSCLE
43,19.67,MAINTAIN
43,24.46,MAINTAIN
52,25.61,LOSE_WEIGHT
56,36.36,LOSE_WEIGHT
35,19.74,MAINTAIN
56,22.37,MAINTAIN
27,24.78,MAINTAIN
55,14.99,GAIN_MUSCLE
31,13.54,GAIN_MUSCLE
23,19.72,MAINTAIN
55,23.59,MAINTAIN
15,14.64,GAIN_MUSCLE
16,38.82,LOSE_WEIGHT
43,26.21,LOSE_WEIGHT
47,17.89,GAIN_MUSCLE
24,17.38,GAIN_MUSCLE
54,31.14,LOSE_WEIGHT
35,26.47,LOSE_WEIGHT
42,20.33,MAINTAIN
25,22.88,MAINTAIN
48,20.58,MAINTAIN
22,29.15,LOSE_WEIGHT
36,13.92,GAIN_MUSCLE
22,15.17,GAIN_MUSCLE
29,45.37,LOSE_WEIGHT
31,27.88,LOSE_WEIGHT
37,25.34,LOSE_WEIGHT
38,20.97,MAINTAIN
59,32.87,LOSE_WEIGHT
33,19.35,MAINTAIN
19,12.91,GAIN_MUSCLE
46,18.46,GAIN_MUSCLE
58,19.96,MAINTAIN
15,25.29,LOSE_WEIGHT
37,28.28,LOSE_WEIGHT
51,20.2,MAINTAIN
22,28.19,LOSE_WEIGHT
27,17.57,GAIN_MUSCLE
22,21.79,MAINTAIN
37,29.4,LOSE_WEIGHT
57,15.83,GAIN_MUSCLE
15,24.73,MAINTAIN
59,22.58,MAINTAIN
38,11.71,GAIN_MUSCLE
49,25.55,LOSE_WEIGHT
38,18.28,GAIN_MUSCLE
31,26.16,LOSE_WEIGHT
19,15.24,GAIN_MUSCLE
34,42.11,LOSE_WEIGHT
35,30.36,LOSE_WEIGHT
54,14.54,GAIN_MUSCLE
45,18.74,MAINTAIN
50,16.0,GAIN_MUSCLE
25,44.01,LOSE_WEIGHT
29,19.26,MAINTAIN
33,22.54,MAINTAIN
21,26.89,LOSE_WEIGHT
42,13.95,GAIN_MUSCLE
57,21.81,MAINTAIN
19,20.07,MAINTAIN
19,36.14,LOSE_WEIGHT
44,13.81,GAIN_MUSCLE
46,18.83,MAINTAIN
22,26.49,LOSE_WEIGHT
24,28.43,LOSE_WEIGHT
52,18.3,GAIN_MUSCLE
46,12.49,GAIN_MUSCLE
42,31.39,LOSE_WEIGHT
31,41.53,LOSE_WEIGHT
45,25.15,LOSE_WEIGHT
22,26.43,LOSE_WEIGHT
54,12.82,GAIN_MUSCLE
39,22.54,MAINTAIN
23,38.75,LOSE_WEIGHT
16,19.53,MAINTAIN
29,38.5,LOSE_WEIGHT
17,15.98,GAIN_MUSCLE
50,20.39,MAINTAIN
18,19.4,MAINTAIN
28,33.73,LOSE_WEIGHT
55,33.75,LOSE_WEIGHT
55,26.73,LOSE_WEIGHT
39,21.93,MAINTAIN
24,39.35,LOSE_WEIGHT
35,19.33,MAINTAIN
50,15.69,GAIN_MUSCLE
26,15.2,GAIN_MUSCLE
41,30.23,LOSE_WEIGHT
54,22.96,MAINTAIN
16,13.39,GAIN_MUSCLE
27,14.81,GAIN_MUSCLE
46,39.32,LOSE_WEIGHT
45,24.83,MAINTAIN
30,28.86,LOSE_WEIGHT
46,35.43,LOSE_WEIGHT
46,20.59,MAINTAIN
48,25.52,LOSE_WEIGHT
25,28.32,LOSE_WEIGHT
24,15.54,GAIN_MUSCLE
29,21.01,MAINTAIN
31,17.92,GAIN_MUSCLE
54,23.34,MAINTAIN
32,22.6,MAINTAIN
23,22.87,MAINTAIN
39,24.98,LOSE_WEIGHT
54,27.73,LOSE_WEIGHT
28,14.34,GAIN_MUSCLE
39,19.6,MAINTAIN
36,13.29,GAIN_MUSCLE
44,30.77,LOSE_WEIGHT
34,21.38,MAINTAIN
35,29.07,LOSE_WEIGHT
58,17.71,GAIN_MUSCLE
46,19.16,MAINTAIN
35,26.38,LOSE_WEIGHT
49,17.53,GAIN_MUSCLE
46,17.53,GAIN_MUSCLE
44,26.38,LOSE_WEIGHT
53,19.04,MAINTAIN
26,29.66,LOSE_WEIGHT
55,13.24,GAIN_MUSCLE
32,28.84,LOSE_WEIGHT
35,30.44,LOSE_WEIGHT
27,29.53,LOSE_WEIGHT
35,31.7,LOSE_WEIGHT
22,17.95,GAIN_MUSCLE
54,21.12,MAINTAIN
21,29.86,LOSE_WEIGHT
37,20.49,MAINTAIN
58,14.57,GAIN_MUSCLE
46,14.42,GAIN_MUSCLE
25,25.93,LOSE_WEIGHT
36,18.09,GAIN_MUSCLE
36,36.34,LOSE_WEIGHT
57,44.74,LOSE_WEIGHT
39,38.49,LOSE_WEIGHT
36,21.99,MAINTAIN
42,38.65,LOSE_WEIGHT
43,21.7,MAINTAIN
27,12.71,GAIN_MUSCLE
32,15.54,GAIN_MUSCLE
16,13.66,GAIN_MUSCLE
43,26.02,LOSE_WEIGHT
35,21.01,MAINTAIN
29,28.3,LOSE_WEIGHT
41,41.59,LOSE_WEIGHT
45,27.7,LOSE_WEIGHT
29,16.14,GAIN_MUSCLE
37,18.47,GAIN_MUSCLE
38,13.15,GAIN_MUSCLE
58,14.77,GAIN_MUSCLE
27,39.92,LOSE_WEIGHT
36,27.82,LOSE_WEIGHT
57,33.17,LOSE_WEIGHT
51,39.67,LOSE_WEIGHT
47,26.19,LOSE_WEIGHT
17,14.45,GAIN_MUSCLE
33,21.85,MAINTAIN
37,25.61,LOSE_WEIGHT
43,22.7,MAINTAIN
44,22.17,MAINTAIN
53,22.09,MAINTAIN
58,30.23,LOSE_WEIGHT
39,29.58,LOSE_WEIGHT
51,25.33,LOSE_WEIGHT
22,22.81,MAINTAIN
56,27.1,LOSE_WEIGHT
30,21.04,MAINTAIN
22,34.79,LOSE_WEIGHT
15,17.08,GAIN_MUSCLE
58,20.7,MAINTAIN
19,41.23,LOSE_WEIGHT
17,10.1,GAIN_MUSCLE
15,23.96,MAINTAIN
18,15.72,GAIN_MUSCLE
54,22.41,MAINTAIN
49,15.83,GAIN_MUSCLE
46,44.56,LOSE_WEIGHT
56,29.33,LOSE_WEIGHT
48,28.96,LOSE_WEIGHT
57,26.95,LOSE_WEIGHT
39,22.08,MAINTAIN
24,22.94,MAINTAIN
35,17.65,GAIN_MUSCLE
53,19.35,MAINTAIN
41,20.23,MAINTAIN
41,15.04,GAIN_MUSCLE
16,40.96,LOSE_WEIGHT
55,28.2,LOSE_WEIGHT
27,26.95,LOSE_WEIGHT
23,27.76,LOSE_WEIGHT
50,20.24,MAINTAIN
36,15.61,GAIN_MUSCLE
56,19.35,MAINTAIN
40,37.75,LOSE_WEIGHT
26,13.77,GAIN_MUSCLE
31,24.47,MAINTAIN
28,30.68,LOSE_WEIGHT
28,17.02,GAIN_MUSCLE
48,26.54,LOSE_WEIGHT
34,29.37,LOSE_WEIGHT
25,30.82,LOSE_WEIGHT
30,15.47,GAIN_MUSCLE
45,24.49,MAINTAIN
20,34.84,LOSE_WEIGHT
33,22.07,MAINTAIN
51,20.15,MAINTAIN
18,14.58,GAIN_MUSCLE
18,25.81,LOSE_WEIGHT
34,19.1,MAINTAIN
24,31.62,LOSE_WEIGHT
38,20.89,MAINTAIN
49,40.1,LOSE_WEIGHT
40,40.09,LOSE_WEIGHT
51,26.22,LOSE_WEIGHT
52,32.71,LOSE_WEIGHT
35,42.24,LOSE_WEIGHT
54,40.36,LOSE_WEIGHT
53,17.33,GAIN_MUSCLE
35,18.93,MAINTAIN
24,21.97,MAINTAIN
52,12.6,GAIN_MUSCLE
18,31.02,LOSE_WEIGHT
59,25.79,LOSE_WEIGHT
34,24.14,MAINTAIN
31,29.42,LOSE_WEIGHT
21,16.89,GAIN_MUSCLE
18,37.16,LOSE_WEIGHT
43,36.28,LOSE_WEIGHT
28,20.36,MAINTAIN
17,26.99,LOSE_WEIGHT
38,18.36,GAIN_MUSCLE
51,27.81,LOSE_WEIGHT
30,24.19,MAINTAIN
18,26.58,LOSE_WEIGHT
38,44.66,LOSE_WEIGHT
48,31.38,LOSE_WEIGHT
44,30.77,LOSE_WEIGHT
32,36.76,LOSE_WEIGHT
33,17.24,GAIN_MUSCLE
45,28.86,LOSE_WEIGHT
33,25.05,LOSE_WEIGHT
33,31.11,LOSE_WEIGHT
36,44.07,LOSE_WEIGHT
38,25.43,LOSE_WEIGHT
59,31.68,LOSE_WEIGHT
26,16.64,GAIN_MUSCLE
44,29.62,LOSE_WEIGHT
52,29.09,LOSE_WEIGHT
45,14.12,GAIN_MUSCLE
50,16.61,GAIN_MUSCLE
33,22.2,MAINTAIN
59,29.3,LOSE_WEIGHT
50,40.91,LOSE_WEIGHT
44,43.42,LOSE_WEIGHT
47,28.16,LOSE_WEIGHT
32,25.21,LOSE_WEIGHT
42,29.32,LOSE_WEIGHT
25,40.2,LOSE_WEIGHT
59,24.82,MAINTAIN
47,45.73,LOSE_WEIGHT
31,28.95,LOSE_WEIGHT
20,30.86,LOSE_WEIGHT
18,14.02,GAIN_MUSCLE
34,31.86,LOSE_WEIGHT
41,19.41,MAINTAIN
29,21.52,MAINTAIN
20,23.77,MAINTAIN
28,15.44,GAIN_MUSCLE
25,20.43,MAINTAIN
53,43.1,LOSE_WEIGHT
23,26.54,LOSE_WEIGHT
40,16.98,GAIN_MUSCLE
30,21.02,MAINTAIN
19,14.13,GAIN_MUSCLE
24,40.06,LOSE_WEIGHT
17,29.55,LOSE_WEIGHT
27,20.26,MAINTAIN
57,24.01,MAINTAIN
44,13.63,GAIN_MUSCLE
59,18.39,GAIN_MUSCLE
20,24.91,LOSE_WEIGHT
31,36.73,LOSE_WEIGHT
59,42.01,LOSE_WEIGHT
33,42.08,LOSE_WEIGHT
56,24.37,MAINTAIN
49,35.78,LOSE_WEIGHT
40,28.98,LOSE_WEIGHT
19,17.33,GAIN_MUSCLE
43,30.35,LOSE_WEIGHT
51,26.96,LOSE_WEIGHT
34,26.82,LOSE_WEIGHT
35,27.56,LOSE_WEIGHT
24,28.26,LOSE_WEIGHT
19,26.26,LOSE_WEIGHT
50,23.18,MAINTAIN
20,34.86,LOSE_WEIGHT
40,30.59,LOSE_WEIGHT
18,24.85,MAINTAIN
53,26.33,LOSE_WEIGHT
53,39.87,LOSE_WEIGHT
49,28.97,LOSE_WEIGHT
15,44.1,LOSE_WEIGHT
38,24.46,MAINTAIN
50,23.34,MAINTAIN
20,27.93,LOSE_WEIGHT
55,12.96,GAIN_MUSCLE
58,41.16,LOSE_WEIGHT
45,22.99,MAINTAIN
34,27.79,LOSE_WEIGHT
38,24.22,MAINTAIN
39,23.77,MAINTAIN
50,34.91,LOSE_WEIGHT
35,15.34,GAIN_MUSCLE
44,23.19,MAINTAIN
38,32.07,LOSE_WEIGHT
58,17.69,GAIN_MUSCLE
56,27.3,LOSE_WEIGHT
44,23.39,MAINTAIN
36,18.04,GAIN_MUSCLE
42,27.85,LOSE_WEIGHT
21,32.4,LOSE_WEIGHT
49,15.46,GAIN_MUSCLE
42,35.68,LOSE_WEIGHT
28,20.96,MAINTAIN
24,29.06,LOSE_WEIGHT
30,23.3,MAINTAIN
30,29.13,LOSE_WEIGHT
45,30.73,LOSE_WEIGHT
56,20.45,MAINTAIN
39,22.35,MAINTAIN
27,22.14,MAINTAIN
20,21.71,MAINTAIN
58,18.39,GAIN_MUSCLE
23,16.09,GAIN_MUSCLE
59,16.42,GAIN_MUSCLE
50,25.86,LOSE_WEIGHT
57,26.45,LOSE_WEIGHT
34,17.16,GAIN_MUSCLE
32,26.2,LOSE_WEIGHT
57,22.0,MAINTAIN
35,28.06,LOSE_WEIGHT
18,24.74,MAINTAIN
47,24.58,MAINTAIN
41,22.79,MAINTAIN
21,19.08,MAINTAIN
20,20.31,MAINTAIN
29,21.3,MAINTAIN
32,20.93,MAINTAIN
46,26.89,LOSE_WEIGHT
25,21.86,MAINTAIN
34,36.12,LOSE_WEIGHT
38,27.36,LOSE_WEIGHT
29,27.82,LOSE_WEIGHT
21,28.24,LOSE_WEIGHT
35,15.77,GAIN_MUSCLE
56,32.95,LOSE_WEIGHT
40,17.15,GAIN_MUSCLE
58,38.98,LOSE_WEIGHT
28,40.22,LOSE_WEIGHT
51,11.04,GAIN_MUSCLE
35,29.05,LOSE_WEIGHT
32,17.13,GAIN_MUSCLE
19,15.79,GAIN_MUSCLE
17,43.38,LOSE_WEIGHT
37,29.42,LOSE_WEIGHT
40,21.23,MAINTAIN
51,29.94,LOSE_WEIGHT
38,20.91,MAINTAIN
33,17.88,GAIN_MUSCLE
39,21.34,MAINTAIN
35,43.76,LOSE_WEIGHT
26,14.31,GAIN_MUSCLE
55,12.2,GAIN_MUSCLE
47,26.24,LOSE_WEIGHT
18,24.89,MAINTAIN
56,36.57,LOSE_WEIGHT
21,21.71,MAINTAIN
36,15.01,GAIN_MUSCLE
47,26.44,LOSE_WEIGHT
31,20.51,MAINTAIN
38,28.0,LOSE_WEIGHT
48,31.13,LOSE_WEIGHT
42,24.35,MAINTAIN
57,27.06,LOSE_WEIGHT
55,36.2,LOSE_WEIGHT
53,20.2,MAINTAIN
36,24.52,MAINTAIN
31,18.37,GAIN_MUSCLE
48,22.28,MAINTAIN
20,25.11,LOSE_WEIGHT
20,28.62,LOSE_WEIGHT
48,32.09,LOSE_WEIGHT
15,26.88,LOSE_WEIGHT
24,40.05,LOSE_WEIGHT
35,18.59,MAINTAIN
19,12.02,GAIN_MUSCLE
16,38.11,LOSE_WEIGHT
36,16.18,GAIN_MUSCLE
16,31.69,LOSE_WEIGHT
24,42.92,LOSE_WEIGHT
48,34.01,LOSE_WEIGHT
30,16.92,GAIN_MUSCLE
53,17.44,GAIN_MUSCLE
36,16.25,GAIN_MUSCLE
26,19.88,MAINTAIN
38,21.42,MAINTAIN
54,16.45,GAIN_MUSCLE
52,18.88,MAINTAIN
24,19.73,MAINTAIN
49,28.25,LOSE_WEIGHT
46,21.35,MAINTAIN
21,23.57,MAINTAIN
35,18.61,MAINTAIN
34,29.18,LOSE_WEIGHT
40,23.88,MAINTAIN
18,24.21,MAINTAIN
36,41.06,LOSE_WEIGHT
29,20.28,MAINTAIN
54,22.23,MAINTAIN
35,28.78,LOSE_WEIGHT
29,29.5,LOSE_WEIGHT
36,22.14,MAINTAIN
42,12.68,GAIN_MUSCLE
28,24.8,MAINTAIN
41,27.35,LOSE_WEIGHT
55,26.12,LOSE_WEIGHT
54,27.27,LOSE_WEIGHT
42,15.91,GAIN_MUSCLE
40,29.25,LOSE_WEIGHT
16,42.27,LOSE_WEIGHT
39,22.76,MAINTAIN
17,26.69,LOSE_WEIGHT
22,29.26,LOSE_WEIGHT
58,13.11,GAIN_MUSCLE
47,17.02,GAIN_MUSCLE
56,27.74,LOSE_WEIGHT
49,29.43,LOSE_WEIGHT
20,27.29,LOSE_WEIGHT
53,24.9,MAINTAIN
37,43.45,LOSE_WEIGHT
39,35.1,LOSE_WEIGHT
57,16.84,GAIN_MUSCLE
33,23.21,MAINTAIN
19,40.18,LOSE_WEIGHT
25,22.58,MAINTAIN
26,14.38,GAIN_MUSCLE
24,13.65,GAIN_MUSCLE
22,31.84,LOSE_WEIGHT
38,27.73,LOSE_WEIGHT
42,28.06,LOSE_WEIGHT
55,21.93,MAINTAIN
50,17.88,GAIN_MUSCLE
51,39.69,LOSE_WEIGHT
35,34.6,LOSE_WEIGHT
22,32.0,LOSE_WEIGHT
23,28.32,LOSE_WEIGHT
29,26.37,LOSE_WEIGHT
54,36.68,LOSE_WEIGHT
32,24.58,MAINTAIN
56,43.31,LOSE_WEIGHT
34,28.35,LOSE_WEIGHT
20,25.04,LOSE_WEIGHT
26,11.71,GAIN_MUSCLE
16,22.6,MAINTAIN
21,29.95,LOSE_WEIGHT
30,20.04,MAINTAIN
17,17.31,GAIN_MUSCLE
59,32.42,LOSE_WEIGHT
17,29.54,LOSE_WEIGHT
41,19.82,MAINTAIN
57,26.86,LOSE_WEIGHT
54,17.81,GAIN_MUSCLE
52,16.34,GAIN_MUSCLE
47,17.55,GAIN_MUSCLE
42,27.6,LOSE_WEIGHT
15,17.9,GAIN_MUSCLE
22,14.09,GAIN_MUSCLE
51,16.52,GAIN_MUSCLE
46,27.08,LOSE_WEIGHT
57,40.61,LOSE_WEIGHT
51,44.23,LOSE_WEIGHT
18,20.7,MAINTAIN
44,12.81,GAIN_MUSCLE
20,20.66,MAINTAIN
33,23.76,MAINTAIN
46,17.46,GAIN_MUSCLE
23,14.32,GAIN_MUSCLE
26,26.79,LOSE_WEIGHT
25,21.71,MAINTAIN
30,28.52,LOSE_WEIGHT
15,20.59,MAINTAIN
59,44.6,LOSE_WEIGHT
35,31.19,LOSE_WEIGHT
44,25.0,LOSE_WEIGHT
27,38.17,LOSE_WEIGHT
48,29.81,LOSE_WEIGHT
18,18.94,MAINTAIN
42,27.06,LOSE_WEIGHT
52,43.41,LOSE_WEIGHT
45,27.66,LOSE_WEIGHT
41,19.1,MAINTAIN
19,27.2,LOSE_WEIGHT
39,27.73,LOSE_WEIGHT
17,27.28,LOSE_WEIGHT
47,24.3,MAINTAIN
18,27.9,LOSE_WEIGHT
39,13.92,GAIN_MUSCLE
34,24.21,MAINTAIN
48,14.95,GAIN_MUSCLE
40,20.17,MAINTAIN
19,15.23,GAIN_MUSCLE
49,22.54,MAINTAIN
42,44.68,LOSE_WEIGHT
43,18.56,MAINTAIN
23,24.25,MAINTAIN
52,12.94,GAIN_MUSCLE
20,29.47,LOSE_WEIGHT
33,26.68,LOSE_WEIGHT
58,35.95,LOSE_WEIGHT
25,21.24,MAINTAIN
16,24.36,MAINTAIN
58,19.18,MAINTAIN
58,18.15,GAIN_MUSCLE
23,43.53,LOSE_WEIGHT
35,30.92,LOSE_WEIGHT
38,38.74,LOSE_WEIGHT
48,35.62,LOSE_WEIGHT
36,10.33,GAIN_MUSCLE
17,13.69,GAIN_MUSCLE
26,16.26,GAIN_MUSCLE
42,28.32,LOSE_WEIGHT
44,39.27,LOSE_WEIGHT
40,12.75,GAIN_MUSCLE
35,42.8,LOSE_WEIGHT
42,32.43,LOSE_WEIGHT
40,24.08,MAINTAIN
47,25.56,LOSE_WEIGHT
35,43.89,LOSE_WEIGHT
49,21.18,MAINTAIN
48,43.54,LOSE_WEIGHT
55,30.02,LOSE_WEIGHT
32,19.26,MAINTAIN
25,22.3,MAINTAIN
37,18.07,GAIN_MUSCLE
36,21.66,MAINTAIN
31,40.96,LOSE_WEIGHT
19,22.73,MAINTAIN
58,28.61,LOSE_WEIGHT
25,43.46,LOSE_WEIGHT
44,38.42,LOSE_WEIGHT
29,23.79,MAINTAIN
41,27.07,LOSE_WEIGHT
49,27.47,LOSE_WEIGHT
47,25.06,LOSE_WEIGHT
34,20.33,MAINTAIN
30,24.99,LOSE_WEIGHT
48,24.78,MAINTAIN
16,18.33,GAIN_MUSCLE
49,28.71,LOSE_WEIGHT
54,28.68,LOSE_WEIGHT
42,17.6,GAIN_MUSCLE
53,16.18,GAIN_MUSCLE
20,24.02,MAINTAIN
23,28.98,LOSE_WEIGHT
34,16.83,GAIN_MUSCLE
15,40.53,LOSE_WEIGHT
22,41.7,LOSE_WEIGHT
37,23.14,MAINTAIN
17,18.61,MAINTAIN
18,18.64,MAINTAIN
39,28.43,LOSE_WEIGHT
52,20.71,MAINTAIN
29,38.64,LOSE_WEIGHT
35,13.45,GAIN_MUSCLE
49,28.73,LOSE_WEIGHT
28,29.79,LOSE_WEIGHT
50,14.42,GAIN_MUSCLE
26,35.87,LOSE_WEIGHT
31,42.18,LOSE_WEIGHT
53,43.97,LOSE_WEIGHT
23,28.97,LOSE_WEIGHT
49,22.58,MAINTAIN
27,38.09,LOSE_WEIGHT
29,27.99,LOSE_WEIGHT
32,23.97,MAINTAIN
47,27.69,LOSE_WEIGHT
20,34.08,LOSE_WEIGHT
41,43.05,LOSE_WEIGHT
37,23.33,MAINTAIN
41,34.43,LOSE_WEIGHT
48,33.49,LOSE_WEIGHT
52,25.47,LOSE_WEIGHT
28,23.04,MAINTAIN
50,27.65,LOSE_WEIGHT
22,15.12,GAIN_MUSCLE
49,30.01,LOSE_WEIGHT
33,21.79,MAINTAIN
44,14.14,GAIN_MUSCLE
28,34.45,LOSE_WEIGHT
34,25.32,LOSE_WEIGHT
39,31.21,LOSE_WEIGHT
54,20.17,MAINTAIN
38,26.75,LOSE_WEIGHT
28,25.48,LOSE_WEIGHT
40,29.56,LOSE_WEIGHT
52,29.04,LOSE_WEIGHT
37,15.34,GAIN_MUSCLE
36,13.38,GAIN_MUSCLE
33,27.65,LOSE_WEIGHT
17,21.02,MAINTAIN
56,25.55,LOSE_WEIGHT
33,19.2,MAINTAIN
23,26.14,LOSE_WEIGHT
42,15.86,GAIN_MUSCLE
34,17.4,GAIN_MUSCLE
59,39.04,LOSE_WEIGHT
21,22.84,MAINTAIN
28,15.97,GAIN_MUSCLE
23,26.62,LOSE_WEIGHT
33,14.76,GAIN_MUSCLE
28,33.88,LOSE_WEIGHT
52,31.09,LOSE_WEIGHT
50,23.0,MAINTAIN
54,31.01,LOSE_WEIGHT
31,21.47,MAINTAIN
44,15.11,GAIN_MUSCLE
23,27.01,LOSE_WEIGHT
47,18.59,MAINTAIN
39,29.65,LOSE_WEIGHT
28,29.35,LOSE_WEIGHT
25,14.46,GAIN_MUSCLE
49,15.46,GAIN_MUSCLE
55,42.7,LOSE_WEIGHT
28,23.76,MAINTAIN
44,29.03,LOSE_WEIGHT
55,19.77,MAINTAIN
18,17.37,GAIN_MUSCLE
18,37.37,LOSE_WEIGHT
42,26.22,LOSE_WEIGHT
22,23.45,MAINTAIN
16,15.43,GAIN_MUSCLE
55,43.17,LOSE_WEIGHT
36,23.55,MAINTAIN
55,19.86,MAINTAIN
30,22.17,MAINTAIN
43,26.5,LOSE_WEIGHT
44,20.34,MAINTAIN
26,16.45,GAIN_MUSCLE
49,26.84,LOSE_WEIGHT
25,21.23,MAINTAIN
35,21.84,MAINTAIN
35,14.97,GAIN_MUSCLE
19,22.3,MAINTAIN
34,30.78,LOSE_WEIGHT
51,28.87,LOSE_WEIGHT
17,21.5,MAINTAIN
58,35.52,LOSE_WEIGHT
47,25.46,LOSE_WEIGHT
23,20.73,MAINTAIN
23,23.48,MAINTAIN
18,20.83,MAINTAIN
49,14.28,GAIN_MUSCLE
31,28.47,LOSE_WEIGHT
48,23.38,MAINTAIN
38,21.64,MAINTAIN
46,43.49,LOSE_WEIGHT
15,21.46,MAINTAIN
22,19.07,MAINTAIN
59,21.34,MAINTAIN
37,23.59,MAINTAIN
54,13.91,GAIN_MUSCLE
26,42.54,LOSE_WEIGHT
26,26.38,LOSE_WEIGHT
29,14.78,GAIN_MUSCLE
55,27.53,LOSE_WEIGHT
33,35.24,LOSE_WEIGHT
40,30.04,LOSE_WEIGHT
43,23.64,MAINTAIN
36,16.74,GAIN_MUSCLE
54,45.57,LOSE_WEIGHT
35,14.19,GAIN_MUSCLE
52,34.1,LOSE_WEIGHT
34,13.18,GAIN_MUSCLE
43,29.15,LOSE_WEIGHT
18,28.25,LOSE_WEIGHT
21,18.15,GAIN_MUSCLE
42,15.97,GAIN_MUSCLE
42,18.74,MAINTAIN
18,16.66,GAIN_MUSCLE
36,18.07,GAIN_MUSCLE
26,12.31,GAIN_MUSCLE
59,19.17,MAINTAIN
17,23.29,MAINTAIN
36,20.78,MAINTAIN
58,35.95,LOSE_WEIGHT
16,24.56,MAINTAIN
38,16.73,GAIN_MUSCLE
48,17.76,GAIN_MUSCLE
41,14.58,GAIN_MUSCLE
55,29.74,LOSE_WEIGHT
15,21.59,MAINTAIN
22,17.77,GAIN_MUSCLE
37,32.14,LOSE_WEIGHT
52,18.64,MAINTAIN
20,23.82,MAINTAIN
36,27.71,LOSE_WEIGHT
39,40.34,LOSE_WEIGHT
32,20.16,MAINTAIN
31,29.11,LOSE_WEIGHT
26,19.15,MAINTAIN
20,13.6,GAIN_MUSCLE
40,13.63,GAIN_MUSCLE
41,19.42,MAINTAIN
22,29.58,LOSE_WEIGHT
33,18.7,MAINTAIN
56,18.47,GAIN_MUSCLE
15,44.03,LOSE_WEIGHT
43,19.88,MAINTAIN
59,23.01,MAINTAIN
49,19.11,MAINTAIN
54,24.8,MAINTAIN
28,15.75,GAIN_MUSCLE
49,25.0,LOSE_WEIGHT
59,19.94,MAINTAIN
34,29.11,LOSE_WEIGHT
27,30.01,LOSE_WEIGHT
52,26.18,LOSE_WEIGHT
22,37.65,LOSE_WEIGHT
57,19.4,MAINTAIN
34,22.82,MAINTAIN
47,42.25,LOSE_WEIGHT
40,36.64,LOSE_WEIGHT
53,23.84,MAINTAIN
35,37.0,LOSE_WEIGHT
56,24.7,MAINTAIN
57,29.6,LOSE_WEIGHT
55,30.85,LOSE_WEIGHT
23,24.85,MAINTAIN
38,39.35,LOSE_WEIGHT
51,24.06,MAINTAIN
55,16.85,GAIN_MUSCLE
31,26.35,LOSE_WEIGHT
38,23.27,MAINTAIN
35,21.13,MAINTAIN
53,27.88,LOSE_WEIGHT
55,19.93,MAINTAIN
53,20.72,MAINTAIN
27,23.15,MAINTAIN
25,13.27,GAIN_MUSCLE
33,40.46,LOSE_WEIGHT
25,26.24,LOSE_WEIGHT
27,17.43,GAIN_MUSCLE
59,16.65,GAIN_MUSCLE
15,39.06,LOSE_WEIGHT
54,16.31,GAIN_MUSCLE
58,21.23,MAINTAIN
33,23.22,MAINTAIN
26,26.27,LOSE_WEIGHT
22,25.35,LOSE_WEIGHT
22,27.64,LOSE_WEIGHT
59,34.76,LOSE_WEIGHT
26,22.13,MAINTAIN
47,17.38,GAIN_MUSCLE
59,18.35,GAIN_MUSCLE
40,38.45,LOSE_WEIGHT
53,27.21,LOSE_WEIGHT
42,19.32,MAINTAIN
19,29.39,LOSE_WEIGHT
22,32.5,LOSE_WEIGHT
39,27.09,LOSE_WEIGHT
41,12.85,GAIN_MUSCLE
37,44.61,LOSE_WEIGHT
44,42.72,LOSE_WEIGHT
59,14.83,GAIN_MUSCLE
37,28.98,LOSE_WEIGHT
34,29.42,LOSE_WEIGHT
32,15.76,GAIN_MUSCLE
32,13.46,GAIN_MUSCLE
16,31.16,LOSE_WEIGHT
18,14.32,GAIN_MUSCLE
44,25.77,LOSE_WEIGHT
47,40.33,LOSE_WEIGHT
50,16.77,GAIN_MUSCLE
32,26.34,LOSE_WEIGHT
51,23.24,MAINTAIN
33,17.2,GAIN_MUSCLE
42,27.73,LOSE_WEIGHT
54,19.7,MAINTAIN
34,44.72,LOSE_WEIGHT
47,26.55,LOSE_WEIGHT
26,27.57,LOSE_WEIGHT
29,20.37,MAINTAIN
55,25.58,LOSE_WEIGHT
53,17.03,GAIN_MUSCLE
16,15.15,GAIN_MUSCLE
43,11.5,GAIN_MUSCLE
55,14.05,GAIN_MUSCLE
24,19.2,MAINTAIN
16,33.86,LOSE_WEIGHT
25,46.32,LOSE_WEIGHT
27,24.62,MAINTAIN
24,18.26,GAIN_MUSCLE
28,26.01,LOSE_WEIGHT
32,22.86,MAINTAIN
23,17.63,GAIN_MUSCLE
53,12.3,GAIN_MUSCLE
42,11.85,GAIN_MUSCLE
17,17.36,GAIN_MUSCLE
34,31.61,LOSE_WEIGHT
20,37.15,LOSE_WEIGHT
41,21.64,MAINTAIN
16,16.53,GAIN_MUSCLE
43,28.82,LOSE_WEIGHT
52,19.02,MAINTAIN
17,28.16,LOSE_WEIGHT
30,14.58,GAIN_MUSCLE
44,27.83,LOSE_WEIGHT
54,21.11,MAINTAIN
16,15.66,GAIN_MUSCLE
31,18.38,GAIN_MUSCLE
55,26.74,LOSE_WEIGHT
26,32.87,LOSE_WEIGHT
49,28.78,LOSE_WEIGHT
57,25.56,LOSE_WEIGHT
15,32.69,LOSE_WEIGHT
59,14.03,GAIN_MUSCLE
29,29.72,LOSE_WEIGHT
40,26.98,LOSE_WEIGHT
51,21.05,MAINTAIN
35,26.35,LOSE_WEIGHT
45,42.35,LOSE_WEIGHT
39,15.11,GAIN_MUSCLE
37,29.14,LOSE_WEIGHT
38,22.85,MAINTAIN
52,15.49,GAIN_MUSCLE
42,28.97,LOSE_WEIGHT
35,27.64,LOSE_WEIGHT
57,36.11,LOSE_WEIGHT
32,26.29,LOSE_WEIGHT
50,24.81,MAINTAIN
49,30.69,LOSE_WEIGHT
59,38.46,LOSE_WEIGHT
23,18.18,GAIN_MUSCLE
52,27.2,LOSE_WEIGHT
44,24.07,MAINTAIN
58,30.84,LOSE_WEIGHT
48,27.67,LOSE_WEIGHT
46,17.67,GAIN_MUSCLE
17,26.9,LOSE_WEIGHT
17,33.11,LOSE_WEIGHT
42,22.12,MAINTAIN
58,37.25,LOSE_WEIGHT
29,38.6,LOSE_WEIGHT
55,27.61,LOSE_WEIGHT
37,26.2,LOSE_WEIGHT
54,27.5,LOSE_WEIGHT
25,25.25,LOSE_WEIGHT
46,35.48,LOSE_WEIGHT
50,16.98,GAIN_MUSCLE
47,21.41,MAINTAIN
38,15.81,GAIN_MUSCLE
53,27.75,LOSE_WEIGHT
48,21.98,MAINTAIN
42,15.27,GAIN_MUSCLE
51,16.49,GAIN_MUSCLE
21,29.85,LOSE_WEIGHT
18,22.64,MAINTAIN
51,22.32,MAINTAIN
15,24.11,MAINTAIN
15,14.34,GAIN_MUSCLE
34,32.35,LOSE_WEIGHT
33,16.6,GAIN_MUSCLE
43,13.46,GAIN_MUSCLE
24,18.81,MAINTAIN
32,18.56,MAINTAIN
42,37.6,LOSE_WEIGHT
49,36.33,LOSE_WEIGHT
57,15.07,GAIN_MUSCLE
45,30.36,LOSE_WEIGHT
41,35.4,LOSE_WEIGHT
25,16.67,GAIN_MUSCLE
52,35.03,LOSE_WEIGHT
19,41.5,LOSE_WEIGHT
22,28.93,LOSE_WEIGHT
48,29.55,LOSE_WEIGHT
26,21.41,MAINTAIN
52,25.41,LOSE_WEIGHT
15,14.54,GAIN_MUSCLE
45,21.65,MAINTAIN
18,31.03,LOSE_WEIGHT
59,27.73,LOSE_WEIGHT
19,22.4,MAINTAIN
44,14.99,GAIN_MUSCLE
38,17.4,GAIN_MUSCLE
17,13.14,GAIN_MUSCLE
25,19.48,MAINTAIN
59,35.03,LOSE_WEIGHT
18,24.47,MAINTAIN
40,34.76,LOSE_WEIGHT
41,27.25,LOSE_WEIGHT
57,14.36,GAIN_MUSCLE
41,11.65,GAIN_MUSCLE
56,22.97,MAINTAIN
20,30.55,LOSE_WEIGHT
29,23.85,MAINTAIN
44,24.99,LOSE_WEIGHT
56,33.04,LOSE_WEIGHT
51,16.57,GAIN_MUSCLE
51,29.59,LOSE_WEIGHT
56,20.92,MAINTAIN
51,16.47,GAIN_MUSCLE
49,21.3,MAINTAIN
37,27.33,LOSE_WEIGHT
20,30.49,LOSE_WEIGHT
18,24.81,MAINTAIN
32,22.67,MAINTAIN
23,21.79,MAINTAIN
43,16.9,GAIN_MUSCLE
27,28.82,LOSE_WEIGHT
31,23.12,MAINTAIN
59,27.87,LOSE_WEIGHT
46,38.51,LOSE_WEIGHT
36,16.1,GAIN_MUSCLE
18,11.68,GAIN_MUSCLE
19,14.08,GAIN_MUSCLE
51,22.18,MAINTAIN
55,27.09,LOSE_WEIGHT
27,20.32,MAINTAIN
48,27.03,LOSE_WEIGHT
59,18.6,MAINTAIN
36,13.88,GAIN_MUSCLE
37,34.78,LOSE_WEIGHT
17,12.63,GAIN_MUSCLE
56,15.21,GAIN_MUSCLE
48,21.77,MAINTAIN
46,17.82,GAIN_MUSCLE
59,22.19,MAINTAIN
35,29.19,LOSE_WEIGHT
58,18.52,MAINTAIN
35,23.57,MAINTAIN
58,27.1,LOSE_WEIGHT
25,24.2,MAINTAIN
53,43.07,LOSE_WEIGHT
18,21.27,MAINTAIN
15,17.63,GAIN_MUSCLE
42,27.32,LOSE_WEIGHT
38,44.09,LOSE_WEIGHT
49,25.16,LOSE_WEIGHT
27,29.78,LOSE_WEIGHT
48,30.09,LOSE_WEIGHT
25,15.54,GAIN_MUSCLE
50,26.63,LOSE_WEIGHT
31,20.08,MAINTAIN
49,27.93,LOSE_WEIGHT
32,27.8,LOSE_WEIGHT
54,42.23,LOSE_WEIGHT
36,34.17,LOSE_WEIGHT
38,18.78,MAINTAIN
33,19.26,MAINTAIN
51,21.17,MAINTAIN
53,30.94,LOSE_WEIGHT
35,32.93,LOSE_WEIGHT
22,17.94,GAIN_MUSCLE
42,26.19,LOSE_WEIGHT
19,20.33,MAINTAIN
31,39.41,LOSE_WEIGHT
51,20.79,MAINTAIN
50,28.78,LOSE_WEIGHT
33,24.36,MAINTAIN
41,31.22,LOSE_WEIGHT
48,14.88,GAIN_MUSCLE
25,18.31,GAIN_MUSCLE
59,23.36,MAINTAIN
26,38.45,LOSE_WEIGHT
35,14.04,GAIN_MUSCLE
25,27.54,LOSE_WEIGHT
53,36.7,LOSE_WEIGHT
42,32.19,LOSE_WEIGHT
19,25.26,LOSE_WEIGHT
31,23.54,MAINTAIN
34,35.53,LOSE_WEIGHT
55,29.26,LOSE_WEIGHT
26,16.09,GAIN_MUSCLE
20,11.25,GAIN_MUSCLE
31,25.16,LOSE_WEIGHT
33,22.2,MAINTAIN
40,38.98,LOSE_WEIGHT
58,23.05,MAINTAIN
58,19.96,MAINTAIN
46,28.54,LOSE_WEIGHT
20,25.0,LOSE_WEIGHT
50,16.73,GAIN_MUSCLE
52,17.77,GAIN_MUSCLE
25,29.47,LOSE_WEIGHT
47,23.45,MAINTAIN
38,28.22,LOSE_WEIGHT
37,38.78,LOSE_WEIGHT
29,22.06,MAINTAIN
41,27.49,LOSE_WEIGHT
25,25.35,LOSE_WEIGHT
31,21.91,MAINTAIN
28,29.18,LOSE_WEIGHT
41,23.66,MAINTAIN
32,27.6,LOSE_WEIGHT
42,14.78,GAIN_MUSCLE
18,24.02,MAINTAIN
21,28.88,LOSE_WEIGHT
59,20.78,MAINTAIN
49,18.86,MAINTAIN
23,17.49,GAIN_MUSCLE
22,41.91,LOSE_WEIGHT
59,14.37,GAIN_MUSCLE
31,17.95,GAIN_MUSCLE
31,37.64,LOSE_WEIGHT
47,24.35,MAINTAIN
46,13.76,GAIN_MUSCLE
22,38.44,LOSE_WEIGHT
33,12.62,GAIN_MUSCLE
52,19.19,MAINTAIN
17,18.27,GAIN_MUSCLE
19,19.85,MAINTAIN
27,21.07,MAINTAIN
45,29.15,LOSE_WEIGHT
30,33.6,LOSE_WEIGHT
46,23.76,MAINTAIN
36,17.32,GAIN_MUSCLE
43,20.26,MAINTAIN
36,38.91,LOSE_WEIGHT
57,24.14,MAINTAIN
17,28.1,LOSE_WEIGHT
24,14.03,GAIN_MUSCLE
56,20.29,MAINTAIN
35,22.22,MAINTAIN
30,42.28,LOSE_WEIGHT
26,23.55,MAINTAIN
16,19.25,MAINTAIN
55,19.75,MAINTAIN
38,27.85,LOSE_WEIGHT
49,34.83,LOSE_WEIGHT
44,17.8,GAIN_MUSCLE
44,19.98,MAINTAIN
49,27.84,LOSE_WEIGHT
33,19.1,MAINTAIN
22,19.06,MAINTAIN
40,14.81,GAIN_MUSCLE
54,18.71,MAINTAIN
21,27.29,LOSE_WEIGHT
44,41.33,LOSE_WEIGHT
21,29.35,LOSE_WEIGHT
17,17.7,GAIN_MUSCLE
15,25.2,LOSE_WEIGHT
50,18.74,MAINTAIN
39,26.02,LOSE_WEIGHT
51,29.85,LOSE_WEIGHT
15,21.28,MAINTAIN
29,28.58,LOSE_WEIGHT
51,16.84,GAIN_MUSCLE
27,24.44,MAINTAIN
54,14.1,GAIN_MUSCLE
22,24.53,MAINTAIN
19,21.73,MAINTAIN
23,40.6,LOSE_WEIGHT
15,21.34,MAINTAIN
50,16.09,GAIN_MUSCLE
49,18.43,GAIN_MUSCLE
16,12.51,GAIN_MUSCLE
54,37.89,LOSE_WEIGHT
37,39.57,LOSE_WEIGHT
23,25.06,LOSE_WEIGHT
48,19.62,MAINTAIN
28,37.86,LOSE_WEIGHT
18,15.05,GAIN_MUSCLE
44,13.58,GAIN_MUSCLE
45,28.3,LOSE_WEIGHT
52,33.12,LOSE_WEIGHT
25,33.31,LOSE_WEIGHT
49,25.29,LOSE_WEIGHT
22,19.09,MAINTAIN
17,15.03,GAIN_MUSCLE
28,14.85,GAIN_MUSCLE
27,23.7,MAINTAIN
59,35.25,LOSE_WEIGHT
46,26.09,LOSE_WEIGHT
48,26.4,LOSE_WEIGHT
59,15.94,GAIN_MUSCLE
33,18.38,GAIN_MUSCLE
52,22.54,MAINTAIN
30,26.37,LOSE_WEIGHT
16,25.49,LOSE_WEIGHT
54,32.29,LOSE_WEIGHT
31,13.11,GAIN_MUSCLE
48,35.54,LOSE_WEIGHT
56,26.31,LOSE_WEIGHT
30,14.78,GAIN_MUSCLE
52,27.55,LOSE_WEIGHT
16,35.0,LOSE_WEIGHT
16,29.43,LOSE_WEIGHT
40,19.35,MAINTAIN
27,11.39,GAIN_MUSCLE
45,25.06,LOSE_WEIGHT
48,22.29,MAINTAIN
53,23.22,MAINTAIN
17,14.7,GAIN_MUSCLE
22,15.31,GAIN_MUSCLE
37,24.7,MAINTAIN
28,16.73,GAIN_MUSCLE
41,23.3,MAINTAIN
43,28.06,LOSE_WEIGHT
53,24.89,MAINTAIN
53,32.89,LOSE_WEIGHT
15,21.73,MAINTAIN
31,27.91,LOSE_WEIGHT
55,31.57,LOSE_WEIGHT
44,32.09,LOSE_WEIGHT
27,42.1,LOSE_WEIGHT
35,27.24,LOSE_WEIGHT
33,20.73,MAINTAIN
33,34.57,LOSE_WEIGHT
39,16.86,GAIN_MUSCLE
36,17.97,GAIN_MUSCLE
45,19.24,MAINTAIN
31,24.99,LOSE_WEIGHT
37,33.48,LOSE_WEIGHT
46,45.0,LOSE_WEIGHT
24,16.51,GAIN_MUSCLE
24,26.59,LOSE_WEIGHT
50,24.48,MAINTAIN
22,15.69,GAIN_MUSCLE
34,13.56,GAIN_MUSCLE
46,15.77,GAIN_MUSCLE
28,16.75,GAIN_MUSCLE
42,12.82,GAIN_MUSCLE
38,25.25,LOSE_WEIGHT
29,24.32,MAINTAIN
36,16.48,GAIN_MUSCLE
44,25.19,LOSE_WEIGHT
18,26.57,LOSE_WEIGHT
27,19.26,MAINTAIN
37,22.46,MAINTAIN
22,13.01,GAIN_MUSCLE
32,22.01,MAINTAIN
26,38.98,LOSE_WEIGHT
45,28.47,LOSE_WEIGHT
28,22.27,MAINTAIN
48,29.59,LOSE_WEIGHT
32,17.46,GAIN_MUSCLE
48,28.0,LOSE_WEIGHT
25,18.61,MAINTAIN
55,15.55,GAIN_MUSCLE
26,28.51,LOSE_WEIGHT
29,12.64,GAIN_MUSCLE
45,17.75,GAIN_MUSCLE
43,35.24,LOSE_WEIGHT
40,23.07,MAINTAIN
32,26.25,LOSE_WEIGHT
46,24.79,MAINTAIN
36,32.52,LOSE_WEIGHT
52,38.28,LOSE_WEIGHT
31,26.83,LOSE_WEIGHT
37,19.38,MAINTAIN
38,42.49,LOSE_WEIGHT
22,22.42,MAINTAIN
55,29.64,LOSE_WEIGHT
20,19.69,MAINTAIN
19,28.04,LOSE_WEIGHT
58,14.85,GAIN_MUSCLE
43,29.01,LOSE_WEIGHT
42,14.64,GAIN_MUSCLE
25,40.98,LOSE_WEIGHT
15,17.63,GAIN_MUSCLE
57,19.41,MAINTAIN
33,21.37,MAINTAIN
23,43.91,LOSE_WEIGHT
41,21.06,MAINTAIN
48,28.69,LOSE_WEIGHT
58,23.24,MAINTAIN
18,19.2,MAINTAIN
50,26.56,LOSE_WEIGHT
32,30.1,LOSE_WEIGHT
29,22.26,MAINTAIN
27,30.05,LOSE_WEIGHT
33,25.8,LOSE_WEIGHT
20,12.21,GAIN_MUSCLE
26,20.0,MAINTAIN
51,46.02,LOSE_WEIGHT
31,32.01,LOSE_WEIGHT
37,41.37,LOSE_WEIGHT
40,23.24,MAINTAIN
43,26.68,LOSE_WEIGHT
47,14.95,GAIN_MUSCLE
41,17.74,GAIN_MUSCLE
39,25.39,LOSE_WEIGHT
24,13.71,GAIN_MUSCLE
37,19.19,MAINTAIN
35,15.05,GAIN_MUSCLE
35,27.08,LOSE_WEIGHT
57,23.48,MAINTAIN
27,17.92,GAIN_MUSCLE
51,27.46,LOSE_WEIGHT
47,18.05,GAIN_MUSCLE
38,44.04,LOSE_WEIGHT
58,43.76,LOSE_WEIGHT
25,15.92,GAIN_MUSCLE
31,25.24,LOSE_WEIGHT
18,15.27,GAIN_MUSCLE
39,19.75,MAINTAIN
44,22.13,MAINTAIN
23,21.22,MAINTAIN
35,28.67,LOSE_WEIGHT
34,22.85,MAINTAIN
33,16.8,GAIN_MUSCLE
33,21.19,MAINTAIN
26,27.96,LOSE_WEIGHT
51,23.38,MAINTAIN
56,22.2,MAINTAIN
31,16.22,GAIN_MUSCLE
51,43.58,LOSE_WEIGHT
53,30.09,LOSE_WEIGHT
42,26.5,LOSE_WEIGHT
55,13.06,GAIN_MUSCLE
49,14.06,GAIN_MUSCLE
32,19.58,MAINTAIN
28,42.23,LOSE_WEIGHT
49,16.0,GAIN_MUSCLE
58,24.66,MAINTAIN
55,13.26,GAIN_MUSCLE
21,16.09,GAIN_MUSCLE
55,27.93,LOSE_WEIGHT
27,22.72,MAINTAIN
32,31.52,LOSE_WEIGHT
51,44.71,LOSE_WEIGHT
27,32.65,LOSE_WEIGHT
50,44.63,LOSE_WEIGHT
45,20.13,MAINTAIN
16,31.58,LOSE_WEIGHT
30,33.13,LOSE_WEIGHT
23,23.04,MAINTAIN
23,16.45,GAIN_MUSCLE
52,27.8,LOSE_WEIGHT
25,23.02,MAINTAIN
36,30.25,LOSE_WEIGHT
47,24.16,MAINTAIN
50,20.19,MAINTAIN
59,20.32,MAINTAIN
37,25.39,LOSE_WEIGHT
59,20.92,MAINTAIN
59,14.58,GAIN_MUSCLE
48,16.66,GAIN_MUSCLE
23,21.79,MAINTAIN
38,21.29,MAINTAIN
22,19.08,MAINTAIN
21,15.94,GAIN_MUSCLE
50,27.22,LOSE_WEIGHT
32,27.73,LOSE_WEIGHT
17,37.11,LOSE_WEIGHT
42,29.46,LOSE_WEIGHT
20,31.35,LOSE_WEIGHT
58,30.32,LOSE_WEIGHT
58,28.06,LOSE_WEIGHT
35,24.0,MAINTAIN
42,19.83,MAINTAIN
54,15.09,GAIN_MUSCLE
15,34.11,LOSE_WEIGHT
50,16.01,GAIN_MUSCLE
35,15.03,GAIN_MUSCLE
57,26.93,LOSE_WEIGHT
49,18.02,GAIN_MUSCLE
27,42.73,LOSE_WEIGHT
24,23.13,MAINTAIN
58,23.05,MAINTAIN
24,28.66,LOSE_WEIGHT
27,16.77,GAIN_MUSCLE
51,27.84,LOSE_WEIGHT
52,27.56,LOSE_WEIGHT
38,28.53,LOSE_WEIGHT
16,19.65,MAINTAIN
36,32.39,LOSE_WEIGHT
31,30.66,LOSE_WEIGHT
50,26.49,LOSE_WEIGHT
28,34.47,LOSE_WEIGHT
24,19.34,MAINTAIN
49,28.98,LOSE_WEIGHT
39,28.98,LOSE_WEIGHT
17,12.96,GAIN_MUSCLE
52,24.14,MAINTAIN
31,11.84,GAIN_MUSCLE
26,29.26,LOSE_WEIGHT
38,28.85,LOSE_WEIGHT
43,21.27,MAINTAIN
57,24.28,MAINTAIN
39,23.68,MAINTAIN
50,27.72,LOSE_WEIGHT
40,18.18,GAIN_MUSCLE
52,35.21,LOSE_WEIGHT
15,17.55,GAIN_MUSCLE
34,26.24,LOSE_WEIGHT
42,24.33,MAINTAIN
30,23.06,MAINTAIN
31,31.19,LOSE_WEIGHT
54,22.31,MAINTAIN
42,15.48,GAIN_MUSCLE
26,13.85,GAIN_MUSCLE
41,29.98,LOSE_WEIGHT
56,14.02,GAIN_MUSCLE
44,29.27,LOSE_WEIGHT
55,38.69,LOSE_WEIGHT
48,16.53,GAIN_MUSCLE
51,17.06,GAIN_MUSCLE
20,22.41,MAINTAIN
21,21.46,MAINTAIN
46,29.18,LOSE_WEIGHT
46,25.8,LOSE_WEIGHT
39,25.93,LOSE_WEIGHT
47,14.77,GAIN_MUSCLE
21,13.22,GAIN_MUSCLE
26,29.95,LOSE_WEIGHT
30,28.36,LOSE_WEIGHT
30,45.94,LOSE_WEIGHT
57,39.1,LOSE_WEIGHT
50,27.69,LOSE_WEIGHT
27,21.16,MAINTAIN
21,28.4,LOSE_WEIGHT
50,17.38,GAIN_MUSCLE
23,23.47,MAINTAIN
46,27.27,LOSE_WEIGHT
25,14.04,GAIN_MUSCLE
22,23.56,MAINTAIN
47,21.12,MAINTAIN
37,21.34,MAINTAIN
39,26.09,LOSE_WEIGHT
22,41.21,LOSE_WEIGHT
59,16.66,GAIN_MUSCLE
36,24.83,MAINTAIN
18,38.01,LOSE_WEIGHT
54,24.37,MAINTAIN
17,22.2,MAINTAIN
43,16.11,GAIN_MUSCLE
55,24.48,MAINTAIN
43,28.26,LOSE_WEIGHT
48,28.49,LOSE_WEIGHT
48,27.75,LOSE_WEIGHT
42,17.62,GAIN_MUSCLE
27,25.61,LOSE_WEIGHT
29,23.96,MAINTAIN
37,36.55,LOSE_WEIGHT
58,20.88,MAINTAIN
40,22.04,MAINTAIN
18,11.45,GAIN_MUSCLE
40,34.97,LOSE_WEIGHT
54,43.03,LOSE_WEIGHT
23,26.72,LOSE_WEIGHT
19,46.44,LOSE_WEIGHT
46,24.72,MAINTAIN
34,28.08,LOSE_WEIGHT
25,21.48,MAINTAIN
29,43.14,LOSE_WEIGHT
46,15.4,GAIN_MUSCLE
42,17.59,GAIN_MUSCLE
36,26.96,LOSE_WEIGHT
55,28.06,LOSE_WEIGHT
31,14.15,GAIN_MUSCLE
40,23.62,MAINTAIN
58,18.66,MAINTAIN
21,21.15,MAINTAIN
56,25.33,LOSE_WEIGHT
40,25.54,LOSE_WEIGHT
39,41.32,LOSE_WEIGHT
24,17.26,GAIN_MUSCLE
59,28.82,LOSE_WEIGHT
33,21.43,MAINTAIN
25,27.43,LOSE_WEIGHT
27,15.59,GAIN_MUSCLE
22,20.05,MAINTAIN
54,17.6,GAIN_MUSCLE
18,29.71,LOSE_WEIGHT
45,18.83,MAINTAIN
42,29.68,LOSE_WEIGHT
25,15.04,GAIN_MUSCLE
57,23.78,MAINTAIN
15,39.41,LOSE_WEIGHT
52,12.13,GAIN_MUSCLE
38,30.95,LOSE_WEIGHT
45,28.39,LOSE_WEIGHT
55,32.04,LOSE_WEIGHT
40,18.99,MAINTAIN
19,17.52,GAIN_MUSCLE
34,23.37,MAINTAIN
55,24.0,MAINTAIN
25,17.24,GAIN_MUSCLE
47,28.76,LOSE_WEIGHT
52,20.68,MAINTAIN
41,27.26,LOSE_WEIGHT
48,20.1,MAINTAIN
29,15.35,GAIN_MUSCLE
46,28.48,LOSE_WEIGHT
35,40.16,LOSE_WEIGHT
19,12.21,GAIN_MUSCLE
20,22.3,MAINTAIN
52,22.9,MAINTAIN
36,14.19,GAIN_MUSCLE
32,19.26,MAINTAIN
28,16.4,GAIN_MUSCLE
24,27.64,LOSE_WEIGHT
27,13.97,GAIN_MUSCLE
45,13.39,GAIN_MUSCLE
44,41.21,LOSE_WEIGHT
17,31.24,LOSE_WEIGHT
44,17.25,GAIN_MUSCLE
20,30.06,LOSE_WEIGHT
43,13.47,GAIN_MUSCLE
22,13.51,GAIN_MUSCLE
58,39.19,LOSE_WEIGHT
59,26.81,LOSE_WEIGHT
57,33.9,LOSE_WEIGHT
58,29.57,LOSE_WEIGHT
47,23.86,MAINTAIN
31,21.4,MAINTAIN
25,14.31,GAIN_MUSCLE
27,22.3,MAINTAIN
25,22.99,MAINTAIN
45,14.44,GAIN_MUSCLE
42,15.05,GAIN_MUSCLE
58,30.48,LOSE_WEIGHT
20,25.3,LOSE_WEIGHT
55,15.68,GAIN_MUSCLE
30,38.9,LOSE_WEIGHT
18,22.55,MAINTAIN
49,20.49,MAINTAIN
40,24.14,MAINTAIN
26,30.12,LOSE_WEIGHT
25,30.47,LOSE_WEIGHT
51,13.53,GAIN_MUSCLE
39,20.54,MAINTAIN
32,10.83,GAIN_MUSCLE
33,20.75,MAINTAIN
37,19.97,MAINTAIN
52,43.17,LOSE_WEIGHT
32,22.98,MAINTAIN
40,18.75,MAINTAIN
20,14.76,GAIN_MUSCLE
18,21.58,MAINTAIN
58,41.7,LOSE_WEIGHT
43,35.65,LOSE_WEIGHT
48,27.8,LOSE_WEIGHT
31,28.37,LOSE_WEIGHT
57,19.31,MAINTAIN
57,20.18,MAINTAIN
30,10.53,GAIN_MUSCLE
16,14.54,GAIN_MUSCLE
48,24.56,MAINTAIN
22,25.48,LOSE_WEIGHT
27,25.81,LOSE_WEIGHT
56,18.04,GAIN_MUSCLE
22,14.27,GAIN_MUSCLE
44,18.37,GAIN_MUSCLE
46,37.8,LOSE_WEIGHT
50,15.4,GAIN_MUSCLE
44,34.12,LOSE_WEIGHT
15,26.6,LOSE_WEIGHT
57,20.88,MAINTAIN
53,23.12,MAINTAIN
31,21.79,MAINTAIN
34,27.1,LOSE_WEIGHT
38,36.56,LOSE_WEIGHT
36,27.8,LOSE_WEIGHT
43,16.08,GAIN_MUSCLE
36,25.84,LOSE_WEIGHT
58,23.25,MAINTAIN
23,15.34,GAIN_MUSCLE
51,41.04,LOSE_WEIGHT
24,28.97,LOSE_WEIGHT
50,27.89,LOSE_WEIGHT
51,36.2,LOSE_WEIGHT
42,39.26,LOSE_WEIGHT
42,24.35,MAINTAIN
56,42.89,LOSE_WEIGHT
57,21.21,MAINTAIN
35,26.07,LOSE_WEIGHT
38,33.88,LOSE_WEIGHT
56,30.99,LOSE_WEIGHT
54,28.12,LOSE_WEIGHT
16,32.53,LOSE_WEIGHT
22,34.76,LOSE_WEIGHT
41,26.38,LOSE_WEIGHT
36,22.05,MAINTAIN
51,24.53,MAINTAIN
41,35.17,LOSE_WEIGHT
43,21.81,MAINTAIN
17,14.02,GAIN_MUSCLE
58,28.21,LOSE_WEIGHT
27,20.9,MAINTAIN
59,17.25,GAIN_MUSCLE
24,21.92,MAINTAIN
50,22.73,MAINTAIN
23,30.41,LOSE_WEIGHT
41,23.16,MAINTAIN
48,22.07,MAINTAIN
15,24.67,MAINTAIN
46,30.36,LOSE_WEIGHT
39,19.59,MAINTAIN
43,26.38,LOSE_WEIGHT
21,15.9,GAIN_MUSCLE
17,15.18,GAIN_MUSCLE
34,32.07,LOSE_WEIGHT
34,17.57,GAIN_MUSCLE
44,17.95,GAIN_MUSCLE
49,43.26,LOSE_WEIGHT
49,27.53,LOSE_WEIGHT
53,38.8,LOSE_WEIGHT
41,15.48,GAIN_MUSCLE
40,15.94,GAIN_MUSCLE
28,36.44,LOSE_WEIGHT
31,22.53,MAINTAIN
32,18.35,GAIN_MUSCLE
59,16.17,GAIN_MUSCLE
43,29.64,LOSE_WEIGHT
34,31.11,LOSE_WEIGHT
41,29.57,LOSE_WEIGHT
32,31.58,LOSE_WEIGHT
18,23.55,MAINTAIN
15,43.94,LOSE_WEIGHT
15,32.0,LOSE_WEIGHT
40,37.94,LOSE_WEIGHT
59,28.98,LOSE_WEIGHT
34,20.01,MAINTAIN
37,25.72,LOSE_WEIGHT
24,37.09,LOSE_WEIGHT
25,18.79,MAINTAIN
55,16.37,GAIN_MUSCLE
55,24.5,MAINTAIN
19,38.29,LOSE_WEIGHT
15,21.39,MAINTAIN
31,21.34,MAINTAIN
36,40.1,LOSE_WEIGHT
48,23.29,MAINTAIN
59,21.35,MAINTAIN
55,25.97,LOSE_WEIGHT
43,23.4,MAINTAIN
18,10.22,GAIN_MUSCLE
19,12.03,GAIN_MUSCLE
25,19.81,MAINTAIN
35,42.88,LOSE_WEIGHT
49,32.23,LOSE_WEIGHT
26,23.55,MAINTAIN
40,12.99,GAIN_MUSCLE
33,15.67,GAIN_MUSCLE
59,15.64,GAIN_MUSCLE
21,24.11,MAINTAIN
21,28.44,LOSE_WEIGHT
40,28.11,LOSE_WEIGHT
54,11.71,GAIN_MUSCLE
19,28.91,LOSE_WEIGHT
35,24.63,MAINTAIN
28,28.66,LOSE_WEIGHT
18,35.9,LOSE_WEIGHT
37,28.8,LOSE_WEIGHT
56,22.76,MAINTAIN
34,25.12,LOSE_WEIGHT
29,43.71,LOSE_WEIGHT
59,26.47,LOSE_WEIGHT
43,43.51,LOSE_WEIGHT
22,22.05,MAINTAIN
55,13.44,GAIN_MUSCLE
33,13.94,GAIN_MUSCLE
53,38.54,LOSE_WEIGHT
42,16.71,GAIN_MUSCLE
41,24.56,MAINTAIN
18,15.64,GAIN_MUSCLE
29,42.04,LOSE_WEIGHT
49,26.92,LOSE_WEIGHT
51,18.52,MAINTAIN
15,39.11,LOSE_WEIGHT
17,30.24,LOSE_WEIGHT
38,31.39,LOSE_WEIGHT
41,29.41,LOSE_WEIGHT
54,22.81,MAINTAIN
50,15.35,GAIN_MUSCLE
48,43.7,LOSE_WEIGHT
43,25.0,LOSE_WEIGHT
38,14.32,GAIN_MUSCLE
38,40.22,LOSE_WEIGHT
56,41.39,LOSE_WEIGHT
18,24.21,MAINTAIN
17,18.35,GAIN_MUSCLE
48,13.51,GAIN_MUSCLE
37,34.82,LOSE_WEIGHT
37,40.61,LOSE_WEIGHT
59,26.94,LOSE_WEIGHT
19,26.33,LOSE_WEIGHT
45,19.45,MAINTAIN
55,23.47,MAINTAIN
20,38.48,LOSE_WEIGHT
51,17.42,GAIN_MUSCLE
24,26.57,LOSE_WEIGHT
54,38.93,LOSE_WEIGHT
21,45.41,LOSE_WEIGHT
53,30.69,LOSE_WEIGHT
52,19.05,MAINTAIN
35,16.52,GAIN_MUSCLE
34,21.07,MAINTAIN
17,17.65,GAIN_MUSCLE
36,39.71,LOSE_WEIGHT
18,25.46,LOSE_WEIGHT
42,18.18,GAIN_MUSCLE
26,24.67,MAINTAIN
52,29.84,LOSE_WEIGHT
50,24.61,MAINTAIN
55,43.69,LOSE_WEIGHT
19,30.12,LOSE_WEIGHT
27,29.12,LOSE_WEIGHT
37,16.74,GAIN_MUSCLE
44,19.12,MAINTAIN
51,17.07,GAIN_MUSCLE
39,19.87,MAINTAIN
41,27.67,LOSE_WEIGHT
28,14.6,GAIN_MUSCLE
50,19.33,MAINTAIN
53,14.22,GAIN_MUSCLE
30,20.64,MAINTAIN
36,11.08,GAIN_MUSCLE
35,27.07,LOSE_WEIGHT
35,23.64,MAINTAIN
22,15.14,GAIN_MUSCLE
30,17.42,GAIN_MUSCLE
45,22.72,MAINTAIN
56,19.67,MAINTAIN
24,31.51,LOSE_WEIGHT
46,23.76,MAINTAIN
48,11.6,GAIN_MUSCLE
23,22.62,MAINTAIN
31,22.58,MAINTAIN
25,19.73,MAINTAIN
46,24.82,MAINTAIN
24,12.07,GAIN_MUSCLE
36,34.81,LOSE_WEIGHT
31,24.49,MAINTAIN
18,31.06,LOSE_WEIGHT
39,12.04,GAIN_MUSCLE
35,19.75,MAINTAIN
51,16.07,GAIN_MUSCLE
52,21.57,MAINTAIN
15,22.93,MAINTAIN
39,25.74,LOSE_WEIGHT
50,29.04,LOSE_WEIGHT
31,12.73,GAIN_MUSCLE
55,16.77,GAIN_MUSCLE
38,28.61,LOSE_WEIGHT
16,21.28,MAINTAIN
54,32.6,LOSE_WEIGHT
29,15.29,GAIN_MUSCLE
46,15.84,GAIN_MUSCLE
53,22.5,MAINTAIN
20,32.14,LOSE_WEIGHT
15,15.65,GAIN_MUSCLE
37,17.59,GAIN_MUSCLE
53,19.62,MAINTAIN
31,15.18,GAIN_MUSCLE
48,20.7,MAINTAIN
55,23.15,MAINTAIN
43,22.43,MAINTAIN
23,15.22,GAIN_MUSCLE
27,13.06,GAIN_MUSCLE
20,25.86,LOSE_WEIGHT
20,12.72,GAIN_MUSCLE
34,16.3,GAIN_MUSCLE
17,15.67,GAIN_MUSCLE
31,24.23,MAINTAIN
26,19.41,MAINTAIN
59,28.76,LOSE_WEIGHT
15,27.5,LOSE_WEIGHT
31,17.11,GAIN_MUSCLE
17,23.9,MAINTAIN
40,20.27,MAINTAIN
29,23.86,MAINTAIN
50,25.08,LOSE_WEIGHT
46,19.41,MAINTAIN
46,26.71,LOSE_WEIGHT
18,13.37,GAIN_MUSCLE
32,40.53,LOSE_WEIGHT
33,18.97,MAINTAIN
57,32.08,LOSE_WEIGHT
49,17.21,GAIN_MUSCLE
54,21.0,MAINTAIN
28,25.12,LOSE_WEIGHT
47,35.34,LOSE_WEIGHT
28,23.11,MAINTAIN
48,17.39,GAIN_MUSCLE
18,35.74,LOSE_WEIGHT
38,12.18,GAIN_MUSCLE
43,27.1,LOSE_WEIGHT
33,17.89,GAIN_MUSCLE
20,25.88,LOSE_WEIGHT
47,24.36,MAINTAIN
54,19.83,MAINTAIN
33,41.68,LOSE_WEIGHT
15,28.88,LOSE_WEIGHT
19,27.73,LOSE_WEIGHT
41,17.66,GAIN_MUSCLE
30,32.66,LOSE_WEIGHT
20,13.33,GAIN_MUSCLE
54,14.81,GAIN_MUSCLE
27,20.27,MAINTAIN
49,46.93,LOSE_WEIGHT
33,16.92,GAIN_MUSCLE
26,16.78,GAIN_MUSCLE
30,31.06,LOSE_WEIGHT
57,17.03,GAIN_MUSCLE
24,16.87,GAIN_MUSCLE
39,19.57,MAINTAIN
34,17.31,GAIN_MUSCLE
45,18.5,GAIN_MUSCLE
18,24.17,MAINTAIN
58,32.07,LOSE_WEIGHT
37,14.99,GAIN_MUSCLE
16,26.29,LOSE_WEIGHT
36,12.69,GAIN_MUSCLE
51,17.13,GAIN_MUSCLE
22,34.56,LOSE_WEIGHT
21,20.44,MAINTAIN
28,28.01,LOSE_WEIGHT
17,41.98,LOSE_WEIGHT
30,19.45,MAINTAIN
33,37.09,LOSE_WEIGHT
32,37.6,LOSE_WEIGHT
30,25.85,LOSE_WEIGHT
22,20.08,MAINTAIN
47,15.84,GAIN_MUSCLE
26,39.11,LOSE_WEIGHT
25,21.71,MAINTAIN
19,21.34,MAINTAIN
41,17.98,GAIN_MUSCLE
26,14.53,GAIN_MUSCLE
31,24.64,MAINTAIN
20,23.77,MAINTAIN
47,11.53,GAIN_MUSCLE
19,14.88,GAIN_MUSCLE
42,19.84,MAINTAIN
28,37.89,LOSE_WEIGHT
19,19.55,MAINTAIN
47,24.54,MAINTAIN
55,25.91,LOSE_WEIGHT
33,19.4,MAINTAIN
36,19.82,MAINTAIN
19,17.59,GAIN_MUSCLE
16,28.11,LOSE_WEIGHT
44,21.33,MAINTAIN
53,27.66,LOSE_WEIGHT
18,39.97,LOSE_WEIGHT
47,21.98,MAINTAIN
27,29.6,LOSE_WEIGHT
34,17.98,GAIN_MUSCLE
21,23.13,MAINTAIN
29,18.4,GAIN_MUSCLE
37,34.13,LOSE_WEIGHT
28,23.33,MAINTAIN
37,15.28,GAIN_MUSCLE
33,21.1,MAINTAIN
43,27.78,LOSE_WEIGHT
34,41.29,LOSE_WEIGHT
43,12.49,GAIN_MUSCLE
38,21.05,MAINTAIN
32,15.47,GAIN_MUSCLE
24,32.74,LOSE_WEIGHT
55,28.67,LOSE_WEIGHT
22,44.91,LOSE_WEIGHT
40,42.25,LOSE_WEIGHT
43,44.98,LOSE_WEIGHT
24,25.77,LOSE_WEIGHT
31,14.79,GAIN_MUSCLE
16,24.26,MAINTAIN
20,30.24,LOSE_WEIGHT
19,37.77,LOSE_WEIGHT
42,46.54,LOSE_WEIGHT
55,18.02,GAIN_MUSCLE
19,23.61,MAINTAIN
32,30.3,LOSE_WEIGHT
40,23.58,MAINTAIN
34,37.08,LOSE_WEIGHT
55,34.89,LOSE_WEIGHT
41,31.57,LOSE_WEIGHT
26,18.45,GAIN_MUSCLE
21,28.38,LOSE_WEIGHT
17,35.79,LOSE_WEIGHT
24,23.94,MAINTAIN
48,26.9,LOSE_WEIGHT
39,26.09,LOSE_WEIGHT
49,18.99,MAINTAIN
30,18.94,MAINTAIN
16,17.67,GAIN_MUSCLE
38,14.19,GAIN_MUSCLE
24,26.31,LOSE_WEIGHT
52,28.29,LOSE_WEIGHT
36,20.26,MAINTAIN
40,22.67,MAINTAIN
57,29.82,LOSE_WEIGHT
53,28.15,LOSE_WEIGHT
41,27.21,LOSE_WEIGHT
43,37.6,LOSE_WEIGHT
52,17.77,GAIN_MUSCLE
34,30.46,LOSE_WEIGHT
41,20.27,MAINTAIN
55,29.92,LOSE_WEIGHT
34,17.5,GAIN_MUSCLE
58,17.52,GAIN_MUSCLE
33,26.41,LOSE_WEIGHT
34,20.47,MAINTAIN
49,24.82,MAINTAIN
16,16.7,GAIN_MUSCLE
44,14.71,GAIN_MUSCLE
48,25.46,LOSE_WEIGHT
36,16.03,GAIN_MUSCLE
17,15.55,GAIN_MUSCLE
20,16.33,GAIN_MUSCLE
29,34.27,LOSE_WEIGHT
41,39.46,LOSE_WEIGHT
24,14.09,GAIN_MUSCLE
23,22.82,MAINTAIN
47,38.51,LOSE_WEIGHT
46,26.38,LOSE_WEIGHT
20,22.39,MAINTAIN
55,27.8,LOSE_WEIGHT
50,15.09,GAIN_MUSCLE
16,29.39,LOSE_WEIGHT
43,26.59,LOSE_WEIGHT
18,16.54,GAIN_MUSCLE
15,20.76,MAINTAIN
33,14.42,GAIN_MUSCLE
40,26.46,LOSE_WEIGHT
39,29.02,LOSE_WEIGHT
24,22.52,MAINTAIN
29,26.75,LOSE_WEIGHT
36,23.09,MAINTAIN
35,17.85,GAIN_MUSCLE
36,26.73,LOSE_WEIGHT
50,44.32,LOSE_WEIGHT
48,41.35,LOSE_WEIGHT
44,13.31,GAIN_MUSCLE
39,35.04,LOSE_WEIGHT
59,15.98,GAIN_MUSCLE
42,27.44,LOSE_WEIGHT
15,18.99,MAINTAIN
59,27.6,LOSE_WEIGHT
18,14.34,GAIN_MUSCLE
21,16.76,GAIN_MUSCLE
23,26.53,LOSE_WEIGHT
50,30.42,LOSE_WEIGHT
33,24.88,MAINTAIN
15,14.1,GAIN_MUSCLE
24,45.23,LOSE_WEIGHT
50,41.1,LOSE_WEIGHT
23,20.56,MAINTAIN
59,30.33,LOSE_WEIGHT
56,28.06,LOSE_WEIGHT
46,25.87,LOSE_WEIGHT
46,33.2,LOSE_WEIGHT
20,26.2,LOSE_WEIGHT
52,14.39,GAIN_MUSCLE
31,32.15,LOSE_WEIGHT
24,14.41,GAIN_MUSCLE
41,22.97,MAINTAIN
49,42.72,LOSE_WEIGHT
35,16.09,GAIN_MUSCLE
39,13.72,GAIN_MUSCLE
42,31.73,LOSE_WEIGHT
29,15.28,GAIN_MUSCLE
18,19.88,MAINTAIN
43,14.02,GAIN_MUSCLE
23,19.61,MAINTAIN
41,39.99,LOSE_WEIGHT
40,41.36,LOSE_WEIGHT
33,15.28,GAIN_MUSCLE
42,41.11,LOSE_WEIGHT
31,22.44,MAINTAIN
57,27.56,LOSE_WEIGHT
55,29.45,LOSE_WEIGHT
56,23.43,MAINTAIN
34,35.89,LOSE_WEIGHT
59,17.72,GAIN_MUSCLE
54,27.31,LOSE_WEIGHT
53,25.13,LOSE_WEIGHT
37,29.2,LOSE_WEIGHT
46,17.49,GAIN_MUSCLE
47,19.72,MAINTAIN
19,25.32,LOSE_WEIGHT
57,15.82,GAIN_MUSCLE
48,17.42,GAIN_MUSCLE
54,26.74,LOSE_WEIGHT
25,33.4,LOSE_WEIGHT
17,32.79,LOSE_WEIGHT
47,29.94,LOSE_WEIGHT
25,20.08,MAINTAIN
30,16.45,GAIN_MUSCLE
32,20.44,MAINTAIN
44,17.8,GAIN_MUSCLE
24,24.38,MAINTAIN
32,43.68,LOSE_WEIGHT
52,16.14,GAIN_MUSCLE
33,12.04,GAIN_MUSCLE
50,24.55,MAINTAIN
27,17.53,GAIN_MUSCLE
17,11.33,GAIN_MUSCLE
24,15.61,GAIN_MUSCLE
52,21.77,MAINTAIN
15,26.99,LOSE_WEIGHT
41,25.5,LOSE_WEIGHT
22,42.7,LOSE_WEIGHT
56,14.76,GAIN_MUSCLE
31,19.05,MAINTAIN
23,20.06,MAINTAIN
20,47.04,LOSE_WEIGHT
57,28.62,LOSE_WEIGHT
39,29.84,LOSE_WEIGHT
53,19.21,MAINTAIN
42,26.56,LOSE_WEIGHT
47,15.62,GAIN_MUSCLE
51,32.75,LOSE_WEIGHT
23,26.52,LOSE_WEIGHT
32,21.02,MAINTAIN
35,44.94,LOSE_WEIGHT
16,22.25,MAINTAIN
57,19.12,MAINTAIN
52,11.18,GAIN_MUSCLE
54,26.91,LOSE_WEIGHT
50,36.07,LOSE_WEIGHT
57,35.34,LOSE_WEIGHT
51,19.32,MAINTAIN
29,29.04,LOSE_WEIGHT
42,26.52,LOSE_WEIGHT
32,15.83,GAIN_MUSCLE
48,25.58,LOSE_WEIGHT
36,26.47,LOSE_WEIGHT
25,39.73,LOSE_WEIGHT
27,27.08,LOSE_WEIGHT
18,38.03,LOSE_WEIGHT
36,27.82,LOSE_WEIGHT
21,21.46,MAINTAIN
57,36.63,LOSE_WEIGHT
38,26.27,LOSE_WEIGHT
18,43.22,LOSE_WEIGHT
42,34.36,LOSE_WEIGHT
29,26.31,LOSE_WEIGHT
15,40.06,LOSE_WEIGHT
17,27.01,LOSE_WEIGHT
28,34.44,LOSE_WEIGHT
52,28.19,LOSE_WEIGHT
15,28.2,LOSE_WEIGHT
52,17.82,GAIN_MUSCLE
52,15.7,GAIN_MUSCLE
35,22.97,MAINTAIN
43,24.47,MAINTAIN
19,28.91,LOSE_WEIGHT
24,17.62,GAIN_MUSCLE
42,47.64,LOSE_WEIGHT
35,20.85,MAINTAIN
21,37.68,LOSE_WEIGHT
17,25.71,LOSE_WEIGHT
59,30.68,LOSE_WEIGHT
34,16.14,GAIN_MUSCLE
33,40.25,LOSE_WEIGHT
49,14.53,GAIN_MUSCLE
18,30.28,LOSE_WEIGHT
19,27.14,LOSE_WEIGHT
15,19.36,MAINTAIN
18,14.23,GAIN_MUSCLE
26,19.01,MAINTAIN
41,41.95,LOSE_WEIGHT
56,24.15,MAINTAIN
37,24.93,LOSE_WEIGHT
39,17.42,GAIN_MUSCLE
35,26.08,LOSE_WEIGHT
38,17.65,GAIN_MUSCLE
39,16.2,GAIN_MUSCLE
59,27.68,LOSE_WEIGHT
46,28.72,LOSE_WEIGHT
46,46.72,LOSE_WEIGHT
19,18.24,GAIN_MUSCLE
50,30.02,LOSE_WEIGHT
56,18.37,GAIN_MUSCLE
56,12.86,GAIN_MUSCLE
53,11.46,GAIN_MUSCLE
30,35.16,LOSE_WEIGHT
47,21.25,MAINTAIN
35,20.67,MAINTAIN
23,18.34,GAIN_MUSCLE
20,21.12,MAINTAIN
59,45.06,LOSE_WEIGHT
49,29.83,LOSE_WEIGHT
53,27.69,LOSE_WEIGHT
36,24.75,MAINTAIN
55,16.13,GAIN_MUSCLE
19,26.77,LOSE_WEIGHT
56,15.21,GAIN_MUSCLE
37,24.85,MAINTAIN
31,12.53,GAIN_MUSCLE
26,12.46,GAIN_MUSCLE
37,29.03,LOSE_WEIGHT
30,24.98,LOSE_WEIGHT
17,22.2,MAINTAIN
44,40.75,LOSE_WEIGHT
36,23.59,MAINTAIN
23,13.21,GAIN_MUSCLE
43,14.37,GAIN_MUSCLE
51,27.54,LOSE_WEIGHT
37,17.06,GAIN_MUSCLE
27,28.34,LOSE_WEIGHT
46,25.05,LOSE_WEIGHT
37,13.88,GAIN_MUSCLE
59,15.92,GAIN_MUSCLE
31,32.94,LOSE_WEIGHT
54,26.04,LOSE_WEIGHT
35,14.92,GAIN_MUSCLE
16,15.94,GAIN_MUSCLE
51,46.0,LOSE_WEIGHT
20,42.02,LOSE_WEIGHT
58,14.99,GAIN_MUSCLE
32,19.64,MAINTAIN
44,25.18,LOSE_WEIGHT
36,25.52,LOSE_WEIGHT
47,37.49,LOSE_WEIGHT
44,12.07,GAIN_MUSCLE
31,13.13,GAIN_MUSCLE
57,21.45,MAINTAIN
46,23.4,MAINTAIN
56,14.59,GAIN_MUSCLE
28,16.65,GAIN_MUSCLE
24,11.71,GAIN_MUSCLE
50,20.5,MAINTAIN
48,33.58,LOSE_WEIGHT
23,17.12,GAIN_MUSCLE
56,24.3,MAINTAIN
42,15.62,GAIN_MUSCLE
25,36.97,LOSE_WEIGHT
28,11.8,GAIN_MUSCLE
53,20.36,MAINTAIN
33,16.93,GAIN_MUSCLE
29,22.56,MAINTAIN
42,17.91,GAIN_MUSCLE
38,36.22,LOSE_WEIGHT
22,16.47,GAIN_MUSCLE
57,16.0,GAIN_MUSCLE
23,16.85,GAIN_MUSCLE
47,17.59,GAIN_MUSCLE
47,18.1,GAIN_MUSCLE
33,15.58,GAIN_MUSCLE
17,27.3,LOSE_WEIGHT
24,17.51,GAIN_MUSCLE
54,24.11,MAINTAIN
56,18.03,GAIN_MUSCLE
15,36.47,LOSE_WEIGHT
43,40.93,LOSE_WEIGHT
48,22.86,MAINTAIN
27,29.13,LOSE_WEIGHT
15,27.97,LOSE_WEIGHT
48,23.27,MAINTAIN
43,27.23,LOSE_WEIGHT
27,14.83,GAIN_MUSCLE
43,16.27,GAIN_MUSCLE
53,24.16,MAINTAIN
38,22.49,MAINTAIN
40,22.66,MAINTAIN
31,22.68,MAINTAIN
21,13.52,GAIN_MUSCLE
27,39.75,LOSE_WEIGHT
19,14.07,GAIN_MUSCLE
40,32.69,LOSE_WEIGHT
17,27.19,LOSE_WEIGHT
21,21.63,MAINTAIN
53,12.96,GAIN_MUSCLE
15,29.23,LOSE_WEIGHT
31,19.88,MAINTAIN
57,30.07,LOSE_WEIGHT
39,30.95,LOSE_WEIGHT
17,31.96,LOSE_WEIGHT
29,27.73,LOSE_WEIGHT
43,26.83,LOSE_WEIGHT
57,34.71,LOSE_WEIGHT
46,24.49,MAINTAIN
40,42.64,LOSE_WEIGHT
30,10.73,GAIN_MUSCLE
39,25.63,LOSE_WEIGHT
42,23.61,MAINTAIN
23,16.17,GAIN_MUSCLE
15,27.76,LOSE_WEIGHT
43,26.99,LOSE_WEIGHT
36,20.02,MAINTAIN
30,24.92,LOSE_WEIGHT
55,20.51,MAINTAIN
58,30.02,LOSE_WEIGHT
55,26.66,LOSE_WEIGHT
21,33.78,LOSE_WEIGHT
28,25.2,LOSE_WEIGHT
43,21.53,MAINTAIN
33,21.98,MAINTAIN
33,16.18,GAIN_MUSCLE
16,28.33,LOSE_WEIGHT
55,31.4,LOSE_WEIGHT
59,13.11,GAIN_MUSCLE
29,13.0,GAIN_MUSCLE
17,34.48,LOSE_WEIGHT
25,27.09,LOSE_WEIGHT
44,26.21,LOSE_WEIGHT
54,20.14,MAINTAIN
32,12.75,GAIN_MUSCLE
16,27.32,LOSE_WEIGHT
46,24.76,MAINTAIN
22,25.59,LOSE_WEIGHT
36,28.4,LOSE_WEIGHT
20,25.8,LOSE_WEIGHT
26,28.2,LOSE_WEIGHT
54,18.89,MAINTAIN
50,23.76,MAINTAIN
29,22.19,MAINTAIN
42,22.89,MAINTAIN
59,16.9,GAIN_MUSCLE
32,23.26,MAINTAIN
16,21.31,MAINTAIN
27,19.15,MAINTAIN
59,35.56,LOSE_WEIGHT
29,20.12,MAINTAIN
34,14.89,GAIN_MUSCLE
43,27.32,LOSE_WEIGHT
56,38.09,LOSE_WEIGHT
43,18.46,GAIN_MUSCLE
17,27.87,LOSE_WEIGHT
33,14.5,GAIN_MUSCLE
17,27.35,LOSE_WEIGHT
28,22.06,MAINTAIN
54,26.71,LOSE_WEIGHT
18,19.76,MAINTAIN
25,33.26,LOSE_WEIGHT
45,24.21,MAINTAIN
57,36.1,LOSE_WEIGHT
46,13.24,GAIN_MUSCLE
41,23.5,MAINTAIN
44,21.36,MAINTAIN
57,24.63,MAINTAIN
16,24.31,MAINTAIN
23,38.36,LOSE_WEIGHT
42,42.64,LOSE_WEIGHT
45,28.04,LOSE_WEIGHT
48,15.59,GAIN_MUSCLE
29,27.04,LOSE_WEIGHT
39,28.27,LOSE_WEIGHT
50,33.73,LOSE_WEIGHT
22,28.77,LOSE_WEIGHT
23,27.17,LOSE_WEIGHT
51,17.29,GAIN_MUSCLE
59,18.25,GAIN_MUSCLE
53,20.0,MAINTAIN
46,14.73,GAIN_MUSCLE
31,19.19,MAINTAIN
49,19.76,MAINTAIN
51,16.61,GAIN_MUSCLE
33,17.51,GAIN_MUSCLE
58,27.75,LOSE_WEIGHT
43,14.75,GAIN_MUSCLE
21,32.52,LOSE_WEIGHT
42,22.15,MAINTAIN
23,41.38,LOSE_WEIGHT
42,27.57,LOSE_WEIGHT
20,16.79,GAIN_MUSCLE
43,27.2,LOSE_WEIGHT
31,24.36,MAINTAIN
30,12.63,GAIN_MUSCLE
37,14.05,GAIN_MUSCLE
45,14.69,GAIN_MUSCLE
17,16.81,GAIN_MUSCLE
35,13.44,GAIN_MUSCLE
40,24.79,MAINTAIN
50,23.82,MAINTAIN
56,26.18,LOSE_WEIGHT
51,28.38,LOSE_WEIGHT
36,36.11,LOSE_WEIGHT
56,19.61,MAINTAIN
26,40.22,LOSE_WEIGHT
56,15.93,GAIN_MUSCLE
27,15.96,GAIN_MUSCLE
25,26.35,LOSE_WEIGHT
30,20.2,MAINTAIN
22,15.53,GAIN_MUSCLE
54,23.2,MAINTAIN
54,30.23,LOSE_WEIGHT
59,19.71,MAINTAIN
16,44.54,LOSE_WEIGHT
44,18.26,GAIN_MUSCLE
44,20.86,MAINTAIN
26,20.81,MAINTAIN
24,13.29,GAIN_MUSCLE
58,38.05,LOSE_WEIGHT
25,25.56,LOSE_WEIGHT
29,27.01,LOSE_WEIGHT
30,15.81,GAIN_MUSCLE
31,29.36,LOSE_WEIGHT
40,19.29,MAINTAIN
16,18.87,MAINTAIN
26,16.92,GAIN_MUSCLE
40,20.58,MAINTAIN
37,13.54,GAIN_MUSCLE
32,14.2,GAIN_MUSCLE
46,15.03,GAIN_MUSCLE
52,37.37,LOSE_WEIGHT
17,19.78,MAINTAIN
52,29.69,LOSE_WEIGHT
17,39.42,LOSE_WEIGHT
44,21.67,MAINTAIN
15,19.81,MAINTAIN
44,15.83,GAIN_MUSCLE
59,25.74,LOSE_WEIGHT
46,43.42,LOSE_WEIGHT
42,26.76,LOSE_WEIGHT
35,40.03,LOSE_WEIGHT
27,22.63,MAINTAIN
41,28.46,LOSE_WEIGHT
50,38.54,LOSE_WEIGHT
21,17.73,GAIN_MUSCLE
36,21.83,MAINTAIN
24,22.48,MAINTAIN
53,23.74,MAINTAIN
29,25.43,LOSE_WEIGHT
29,26.62,LOSE_WEIGHT
18,35.43,LOSE_WEIGHT
46,14.8,GAIN_MUSCLE
37,29.18,LOSE_WEIGHT
20,26.6,LOSE_WEIGHT
38,18.42,GAIN_MUSCLE
34,20.76,MAINTAIN
51,11.49,GAIN_MUSCLE
34,29.52,LOSE_WEIGHT
26,17.64,GAIN_MUSCLE
47,20.66,MAINTAIN
42,30.32,LOSE_WEIGHT
22,30.32,LOSE_WEIGHT
15,18.15,GAIN_MUSCLE
51,25.85,LOSE_WEIGHT
36,18.66,MAINTAIN
20,21.75,MAINTAIN
35,27.72,LOSE_WEIGHT
46,16.33,GAIN_MUSCLE
49,24.53,MAINTAIN
29,16.04,GAIN_MUSCLE
19,24.41,MAINTAIN
20,19.86,MAINTAIN
39,22.73,MAINTAIN
54,22.29,MAINTAIN
43,46.05,LOSE_WEIGHT
21,17.83,GAIN_MUSCLE
54,43.11,LOSE_WEIGHT
27,30.83,LOSE_WEIGHT
52,25.18,LOSE_WEIGHT
32,26.53,LOSE_WEIGHT
16,12.93,GAIN_MUSCLE
22,17.72,GAIN_MUSCLE
25,20.61,MAINTAIN
47,16.49,GAIN_MUSCLE
52,31.37,LOSE_WEIGHT
41,28.12,LOSE_WEIGHT
34,26.79,LOSE_WEIGHT
26,24.84,MAINTAIN
57,23.39,MAINTAIN
45,23.55,MAINTAIN
41,19.85,MAINTAIN
46,20.59,MAINTAIN
24,17.14,GAIN_MUSCLE
17,37.26,LOSE_WEIGHT
59,22.58,MAINTAIN
41,16.05,GAIN_MUSCLE
49,39.88,LOSE_WEIGHT
45,29.54,LOSE_WEIGHT
29,25.74,LOSE_WEIGHT
30,20.96,MAINTAIN
27,25.37,LOSE_WEIGHT
49,30.29,LOSE_WEIGHT
25,21.92,MAINTAIN
35,27.28,LOSE_WEIGHT
25,23.68,MAINTAIN
44,36.25,LOSE_WEIGHT
49,35.89,LOSE_WEIGHT
36,21.92,MAINTAIN
52,36.17,LOSE_WEIGHT
45,18.32,GAIN_MUSCLE
28,19.38,MAINTAIN
38,21.44,MAINTAIN
46,44.51,LOSE_WEIGHT
50,13.78,GAIN_MUSCLE
46,13.19,GAIN_MUSCLE
29,27.94,LOSE_WEIGHT
57,22.93,MAINTAIN
49,39.34,LOSE_WEIGHT
17,31.91,LOSE_WEIGHT
30,23.78,MAINTAIN
19,23.2,MAINTAIN
35,27.48,LOSE_WEIGHT
24,22.32,MAINTAIN
33,19.33,MAINTAIN
39,16.63,GAIN_MUSCLE
18,11.31,GAIN_MUSCLE
43,20.67,MAINTAIN
33,14.31,GAIN_MUSCLE
57,21.6,MAINTAIN
16,38.04,LOSE_WEIGHT
24,14.53,GAIN_MUSCLE
57,22.58,MAINTAIN
39,17.16,GAIN_MUSCLE
34,23.08,MAINTAIN
33,18.85,MAINTAIN
37,25.98,LOSE_WEIGHT
38,36.02,LOSE_WEIGHT
25,29.46,LOSE_WEIGHT
48,18.71,MAINTAIN
42,36.57,LOSE_WEIGHT
19,37.86,LOSE_WEIGHT
19,13.53,GAIN_MUSCLE
35,16.44,GAIN_MUSCLE
26,27.74,LOSE_WEIGHT
18,30.16,LOSE_WEIGHT
56,26.33,LOSE_WEIGHT
34,19.61,MAINTAIN
52,36.53,LOSE_WEIGHT
39,32.95,LOSE_WEIGHT
28,15.7,GAIN_MUSCLE
25,22.88,MAINTAIN
46,41.18,LOSE_WEIGHT
25,19.23,MAINTAIN
32,26.54,LOSE_WEIGHT
41,37.87,LOSE_WEIGHT
32,21.72,MAINTAIN
37,28.74,LOSE_WEIGHT
25,24.56,MAINTAIN
35,26.97,LOSE_WEIGHT
58,27.44,LOSE_WEIGHT
19,40.65,LOSE_WEIGHT
37,40.04,LOSE_WEIGHT
55,23.25,MAINTAIN
39,16.55,GAIN_MUSCLE
55,15.29,GAIN_MUSCLE
24,20.08,MAINTAIN
36,14.96,GAIN_MUSCLE
33,25.1,LOSE_WEIGHT
15,20.93,MAINTAIN
21,20.37,MAINTAIN
18,16.94,GAIN_MUSCLE
15,16.2,GAIN_MUSCLE
29,17.86,GAIN_MUSCLE
54,31.77,LOSE_WEIGHT
26,25.19,LOSE_WEIGHT
36,36.03,LOSE_WEIGHT
36,27.23,LOSE_WEIGHT
31,14.6,GAIN_MUSCLE
43,24.6,MAINTAIN
28,22.9,MAINTAIN
34,30.2,LOSE_WEIGHT
47,24.75,MAINTAIN
57,20.15,MAINTAIN
29,24.56,MAINTAIN
26,35.56,LOSE_WEIGHT
54,13.2,GAIN_MUSCLE
34,44.87,LOSE_WEIGHT
44,17.52,GAIN_MUSCLE
52,29.87,LOSE_WEIGHT
17,27.72,LOSE_WEIGHT
42,29.86,LOSE_WEIGHT
40,24.83,MAINTAIN
44,16.21,GAIN_MUSCLE
27,27.5,LOSE_WEIGHT
27,22.97,MAINTAIN
16,18.67,MAINTAIN
51,14.65,GAIN_MUSCLE
52,29.06,LOSE_WEIGHT
16,17.23,GAIN_MUSCLE
50,25.52,LOSE_WEIGHT
40,25.94,LOSE_WEIGHT
25,16.43,GAIN_MUSCLE
22,14.22,GAIN_MUSCLE
58,25.48,LOSE_WEIGHT
54,15.7,GAIN_MUSCLE
57,15.87,GAIN_MUSCLE
36,21.47,MAINTAIN
34,29.89,LOSE_WEIGHT
22,17.4,GAIN_MUSCLE
43,22.41,MAINTAIN
54,28.49,LOSE_WEIGHT
40,14.94,GAIN_MUSCLE
44,13.82,GAIN_MUSCLE
31,20.33,MAINTAIN
34,15.91,GAIN_MUSCLE
30,12.74,GAIN_MUSCLE
57,33.61,LOSE_WEIGHT
21,24.14,MAINTAIN
30,21.79,MAINTAIN
59,14.43,GAIN_MUSCLE
41,34.68,LOSE_WEIGHT
37,17.9,GAIN_MUSCLE
38,25.73,LOSE_WEIGHT
23,17.62,GAIN_MUSCLE
49,24.42,MAINTAIN
34,26.85,LOSE_WEIGHT
51,14.8,GAIN_MUSCLE
56,16.87,GAIN_MUSCLE
31,28.46,LOSE_WEIGHT
45,12.45,GAIN_MUSCLE
22,24.46,MAINTAIN
29,30.41,LOSE_WEIGHT
45,20.97,MAINTAIN
44,40.16,LOSE_WEIGHT
34,15.87,GAIN_MUSCLE
53,26.78,LOSE_WEIGHT
26,28.81,LOSE_WEIGHT
31,23.51,MAINTAIN
56,23.09,MAINTAIN
44,16.46,GAIN_MUSCLE
43,31.73,LOSE_WEIGHT
33,19.22,MAINTAIN
25,25.03,LOSE_WEIGHT
48,17.18,GAIN_MUSCLE
21,22.41,MAINTAIN
58,18.93,MAINTAIN
48,27.75,LOSE_WEIGHT
34,31.45,LOSE_WEIGHT
52,40.03,LOSE_WEIGHT
38,19.13,MAINTAIN
24,22.37,MAINTAIN
46,16.59,GAIN_MUSCLE
29,18.57,MAINTAIN
51,19.98,MAINTAIN
34,31.31,LOSE_WEIGHT
17,23.45,MAINTAIN
51,18.18,GAIN_MUSCLE
54,30.91,LOSE_WEIGHT
22,34.27,LOSE_WEIGHT
54,33.51,LOSE_WEIGHT
58,31.28,LOSE_WEIGHT
37,20.94,MAINTAIN
54,15.76,GAIN_MUSCLE
25,14.94,GAIN_MUSCLE
22,21.31,MAINTAIN
43,27.88,LOSE_WEIGHT
44,14.09,GAIN_MUSCLE
24,25.02,LOSE_WEIGHT
53,22.57,MAINTAIN
42,19.17,MAINTAIN
50,22.78,MAINTAIN
27,30.53,LOSE_WEIGHT
46,40.44,LOSE_WEIGHT
50,14.86,GAIN_MUSCLE
51,22.6,MAINTAIN
40,25.89,LOSE_WEIGHT
36,21.34,MAINTAIN
18,27.73,LOSE_WEIGHT
45,31.08,LOSE_WEIGHT
32,25.8,LOSE_WEIGHT
52,40.7,LOSE_WEIGHT
38,18.71,MAINTAIN
37,19.53,MAINTAIN
36,17.98,GAIN_MUSCLE
16,16.56,GAIN_MUSCLE
45,12.12,GAIN_MUSCLE
25,20.19,MAINTAIN
42,18.9,MAINTAIN
46,25.61,LOSE_WEIGHT
19,27.37,LOSE_WEIGHT
52,15.81,GAIN_MUSCLE
24,14.37,GAIN_MUSCLE
54,15.52,GAIN_MUSCLE
38,21.83,MAINTAIN
49,15.28,GAIN_MUSCLE
58,21.88,MAINTAIN
37,25.66,LOSE_WEIGHT
31,24.46,MAINTAIN
15,22.14,MAINTAIN
45,43.27,LOSE_WEIGHT
45,37.28,LOSE_WEIGHT
56,27.83,LOSE_WEIGHT
56,31.35,LOSE_WEIGHT
48,40.6,LOSE_WEIGHT
23,18.34,GAIN_MUSCLE
36,13.33,GAIN_MUSCLE
27,22.09,MAINTAIN
39,14.34,GAIN_MUSCLE
32,17.84,GAIN_MUSCLE
26,16.87,GAIN_MUSCLE
54,25.31,LOSE_WEIGHT
31,23.12,MAINTAIN
29,22.95,MAINTAIN
56,26.83,LOSE_WEIGHT
29,15.94,GAIN_MUSCLE
29,43.05,LOSE_WEIGHT
53,42.0,LOSE_WEIGHT
27,25.73,LOSE_WEIGHT
31,32.91,LOSE_WEIGHT
46,27.74,LOSE_WEIGHT
23,23.04,MAINTAIN
54,21.82,MAINTAIN
34,33.47,LOSE_WEIGHT
40,29.26,LOSE_WEIGHT
41,24.47,MAINTAIN
35,25.08,LOSE_WEIGHT
32,44.03,LOSE_WEIGHT
27,25.33,LOSE_WEIGHT
30,27.26,LOSE_WEIGHT
23,13.53,GAIN_MUSCLE
26,14.75,GAIN_MUSCLE
58,42.3,LOSE_WEIGHT
52,37.66,LOSE_WEIGHT
33,20.37,MAINTAIN
21,43.88,LOSE_WEIGHT
49,13.44,GAIN_MUSCLE
32,22.81,MAINTAIN
30,20.34,MAINTAIN
53,28.65,LOSE_WEIGHT
18,42.17,LOSE_WEIGHT
39,21.49,MAINTAIN
46,22.25,MAINTAIN
54,17.29,GAIN_MUSCLE
27,26.07,LOSE_WEIGHT
59,18.97,MAINTAIN
31,25.33,LOSE_WEIGHT
51,26.44,LOSE_WEIGHT
20,25.25,LOSE_WEIGHT
