elo,player_count,level,victories,defeats,matches_week,trainings_week,fatigue,hour,day,duration,field_available,field_pressure,field_capacity,label
1454,7,1,23,8,1,3,5,10,5,60,0,0.59,10,0
830,7,1,7,16,4,0,8,18,1,120,1,0.22,20,1
806,18,1,22,13,2,4,8,10,1,90,0,0.09,10,0
1167,19,2,19,8,0,7,7,18,0,90,0,0.55,20,0
1391,9,3,2,1,5,3,10,22,2,60,0,0.87,30,0
1084,13,3,26,11,1,5,7,14,1,120,1,0.7,10,0
1423,16,1,17,23,1,2,4,16,3,90,0,0.68,10,0
1034,19,1,25,10,3,4,10,8,1,120,1,0.21,30,0
1205,20,3,14,4,2,2,6,10,5,120,1,0.75,30,1
1397,12,2,7,4,4,7,10,8,6,60,0,0.15,15,0
1496,12,3,2,12,3,7,10,18,2,120,0,0.68,10,0
1498,20,3,24,8,5,5,10,8,2,90,0,0.45,20,0
1312,18,1,16,29,0,4,4,22,5,120,0,0.15,15,0
1352,18,3,29,0,4,5,10,16,0,60,1,0.88,20,0
1045,6,1,28,18,0,1,1,20,3,60,0,0.13,30,0
1362,8,2,16,27,4,6,10,10,4,120,0,0.71,30,0
1487,16,2,14,28,4,7,10,8,1,60,0,0.34,15,0
1402,9,1,2,22,5,0,10,10,0,60,1,0.07,15,0
1085,16,2,6,17,1,7,9,10,6,90,1,0.19,10,0
1474,12,2,13,13,3,0,6,20,5,120,0,0.06,20,0
911,9,1,6,17,3,2,8,16,1,90,1,0.25,10,1
1253,18,3,3,1,5,0,10,8,6,60,0,0.41,30,0
1018,19,2,28,1,1,6,8,8,3,90,1,0.29,30,0
958,9,2,6,30,0,0,0,20,2,60,0,0.58,15,0
858,14,1,27,5,0,1,1,20,6,60,1,0.12,15,1
1392,15,1,19,2,3,5,10,14,1,120,1,0.24,30,0
934,16,3,9,14,2,1,5,8,3,120,0,0.07,15,0
1318,10,1,29,11,0,3,3,14,2,60,1,0.83,20,1
1426,18,3,16,0,5,4,10,20,0,60,1,0.12,10,0
1560,14,1,8,9,4,3,10,20,2,60,1,0.51,20,0
852,7,3,13,26,2,0,4,8,2,60,1,0.16,30,1
1364,17,2,17,0,0,1,1,20,1,120,0,0.83,15,0
1240,8,1,9,11,0,5,5,10,5,60,0,0.35,30,0
1435,17,1,29,29,1,2,4,22,6,60,1,0.02,20,1
1221,18,3,27,23,1,4,6,10,6,120,0,0.38,10,0
1281,9,1,26,29,3,5,10,14,6,60,0,0.02,15,0
1208,11,2,27,2,2,5,9,20,4,90,1,0.94,10,0
1067,8,3,30,8,0,1,1,18,3,90,1,0.44,10,1
1194,20,3,6,8,0,6,6,8,4,120,0,0.36,10,0
1480,20,2,19,10,5,1,10,20,2,120,1,0.67,20,0
1212,17,2,17,4,1,6,8,20,3,120,0,0.62,20,0
1215,14,1,9,9,1,6,8,22,4,120,1,0.46,30,0
1491,9,3,15,25,5,2,10,20,0,90,1,0.09,15,1
1488,10,1,25,6,1,0,2,8,1,90,0,0.46,15,0
1535,17,2,15,12,1,2,4,20,5,60,0,0.78,15,0
980,18,3,16,14,0,3,3,22,0,90,0,0.8,20,0
1573,20,2,19,26,5,6,10,22,4,90,0,0.74,30,0
1260,10,1,26,20,2,7,10,20,1,90,1,0.08,20,0
1040,10,2,10,28,4,1,9,10,1,60,1,0.69,15,0
865,12,2,10,17,3,6,10,8,1,90,1,0.9,10,0
1583,15,2,15,0,2,4,8,22,3,90,0,0.49,20,0
1246,13,1,12,10,5,6,10,20,1,90,0,0.98,10,0
1203,15,3,21,0,0,6,6,10,6,90,0,0.05,30,0
1135,9,2,10,10,3,4,10,22,6,90,1,0.83,30,0
819,17,3,1,30,2,3,7,20,0,120,0,0.75,15,0
1004,19,1,19,4,1,2,4,16,5,60,0,0.47,20,0
1585,11,1,19,19,5,1,10,22,6,60,1,0.11,10,0
1119,15,3,29,30,3,6,10,20,1,60,0,0.1,20,0
1500,15,1,25,18,0,5,5,18,3,120,1,0.07,20,1
812,19,2,26,15,0,6,6,14,5,90,0,0.44,20,0
1430,18,3,24,15,3,6,10,22,5,120,1,0.32,15,0
888,10,2,7,24,3,6,10,14,0,90,1,0.18,15,0
1163,18,2,10,8,4,4,10,18,0,120,0,0.09,30,0
1300,14,1,22,15,5,7,10,16,6,60,0,0.29,30,0
1508,9,2,21,18,2,7,10,18,4,90,1,1.0,20,0
1160,17,2,8,9,2,3,7,8,5,60,1,0.12,15,0
996,9,3,15,8,5,4,10,8,6,60,1,0.23,15,0
1109,6,3,17,4,2,0,4,8,4,90,0,0.64,30,0
905,19,1,18,9,3,7,10,16,2,60,0,0.25,30,0
916,19,1,12,15,0,0,0,10,1,120,1,0.09,15,0
921,14,2,19,19,4,3,10,22,4,90,1,0.91,20,0
1402,12,2,18,19,0,1,1,22,1,120,0,0.26,10,0
960,9,1,17,2,1,0,2,16,3,120,1,0.29,15,1
1095,17,2,22,27,3,1,7,20,1,90,0,0.43,15,0
1463,8,2,26,4,0,0,0,10,6,90,1,0.44,30,1
1505,10,3,12,30,2,7,10,16,0,120,0,0.89,20,0
1418,10,1,2,7,5,0,10,22,5,90,0,0.76,15,0
1281,14,3,14,29,2,2,6,18,3,120,1,0.97,30,1
1156,12,2,10,21,0,2,2,14,3,120,1,0.29,30,1
1578,14,1,14,2,2,4,8,14,0,90,0,0.66,30,0
1223,6,1,16,11,4,7,10,20,3,60,0,0.27,15,0
1094,13,3,15,3,0,3,3,20,1,90,0,0.55,10,0
1030,19,1,14,30,0,2,2,16,5,90,1,0.42,30,1
1283,9,2,17,4,3,3,9,18,4,120,0,0.86,20,0
1591,18,2,10,29,4,4,10,22,0,90,1,0.84,30,0
952,13,3,15,11,2,6,10,16,2,60,0,0.57,15,0
1594,12,1,10,23,3,6,10,16,5,120,0,0.5,10,0
929,14,3,10,27,0,7,7,8,4,90,0,0.72,30,0
1470,8,1,15,25,2,5,9,18,5,90,0,0.85,30,0
1124,16,3,28,24,3,0,6,18,0,60,1,1.0,10,0
1244,7,3,22,27,0,7,7,10,5,90,0,0.05,10,0
1100,11,2,13,4,1,6,8,18,5,60,0,0.18,30,0
1434,16,1,15,29,4,2,10,10,3,120,1,0.46,10,0
1276,20,2,21,17,1,1,3,16,2,120,1,0.64,30,1
1506,10,2,27,9,1,6,8,22,3,60,0,0.38,20,0
1388,10,3,9,0,5,6,10,14,0,120,0,0.91,30,0
1093,18,1,19,25,2,3,7,20,1,120,1,0.68,15,0
1443,7,3,20,1,2,7,10,8,4,90,0,0.09,20,0
1134,17,2,5,6,1,5,7,18,4,90,0,0.26,30,0
1102,17,2,25,3,3,1,7,10,6,60,1,0.97,20,0
892,18,2,0,8,4,1,9,16,2,120,1,0.58,20,0
910,16,1,15,0,4,5,10,18,1,120,0,0.64,30,0
1517,10,3,13,3,1,0,2,8,2,90,0,0.1,15,0
1197,13,2,21,30,5,6,10,18,5,120,0,0.89,10,0
1301,15,2,30,30,2,0,4,20,2,60,1,0.44,15,1
1171,7,3,11,17,5,5,10,8,3,90,0,0.97,30,0
893,16,1,20,20,4,0,8,8,6,90,0,0.99,15,0
870,19,3,6,18,1,3,5,14,6,60,0,0.28,15,0
933,14,2,25,5,0,0,0,10,0,90,0,0.59,10,0
978,10,1,4,23,3,1,7,20,0,90,1,0.78,10,1
1262,14,1,30,19,0,4,4,16,5,60,0,1.0,30,0
1236,16,1,15,22,3,1,7,8,2,120,0,0.07,20,0
1439,16,3,17,22,2,6,10,18,4,90,1,0.51,30,0
901,18,3,3,27,5,3,10,16,3,60,1,0.34,30,0
1208,12,3,3,10,3,5,10,20,2,90,0,0.69,30,0
868,7,1,2,13,0,5,5,22,1,120,0,0.59,20,0
1486,7,2,11,27,5,6,10,22,5,60,1,0.6,20,0
906,15,3,6,4,5,7,10,10,6,60,1,0.85,20,0
917,18,2,18,7,3,0,6,18,5,120,1,0.03,20,1
1519,18,2,29,10,2,0,4,10,6,60,1,0.07,10,0
893,17,3,6,12,3,7,10,14,1,90,1,0.72,10,0
853,8,1,24,19,0,1,1,14,3,120,1,0.49,30,1
1224,10,1,24,16,0,5,5,16,0,90,1,0.53,20,1
846,9,2,19,1,0,3,3,14,1,60,1,0.29,10,1
807,13,3,13,5,1,6,8,18,5,60,1,0.07,10,0
1246,6,2,29,2,2,6,10,18,3,120,1,0.29,30,0
821,11,1,25,30,4,7,10,22,5,90,0,0.44,10,0
1049,12,3,12,16,0,6,6,22,2,120,1,0.22,15,1
878,14,3,3,16,4,3,10,22,2,90,0,0.24,15,0
1062,9,1,19,4,5,1,10,10,6,120,1,0.46,30,0
1497,20,3,20,20,4,5,10,22,5,90,0,0.44,30,0
1252,16,2,25,8,4,0,8,14,4,60,1,0.46,10,0
858,11,2,2,20,0,6,6,16,4,120,0,0.45,15,0
1129,15,2,16,4,0,7,7,8,6,90,0,0.5,15,0
840,9,3,14,14,4,2,10,14,2,90,1,0.41,20,0
1495,15,1,25,20,5,5,10,8,2,60,1,0.28,15,0
1141,7,3,21,4,2,4,8,20,5,120,1,0.13,10,1
1117,14,2,20,25,2,2,6,20,5,120,0,0.65,30,0
1320,11,1,11,9,1,3,5,14,6,90,0,0.23,15,0
958,7,2,27,25,0,0,0,20,2,120,0,0.6,15,0
966,8,3,24,19,1,7,9,8,3,90,0,0.97,20,0
1570,17,2,7,17,1,4,6,22,6,90,0,0.37,30,0
1272,18,2,24,12,4,6,10,10,6,60,0,0.87,10,0
1456,13,2,17,29,0,1,1,14,0,60,1,0.45,15,1
1247,7,1,26,14,2,0,4,16,0,90,1,0.24,10,1
1183,9,1,10,29,0,5,5,22,1,60,0,0.29,30,0
1512,19,1,24,22,3,7,10,18,0,60,0,0.26,15,0
1361,17,3,16,13,0,4,4,10,2,60,0,0.24,30,0
864,7,2,19,17,0,3,3,20,1,90,1,0.0,20,1
1046,15,2,5,21,5,1,10,18,2,60,0,0.39,30,0
844,16,2,11,8,5,0,10,14,6,60,1,0.24,10,0
1590,15,3,24,10,1,0,2,14,4,90,0,0.83,30,0
1512,13,3,5,25,1,1,3,20,6,90,0,0.29,10,0
1004,20,1,10,29,2,6,10,22,4,90,1,0.04,15,0
1092,11,1,27,20,2,4,8,8,6,90,1,0.89,30,0
1195,11,1,15,22,3,5,10,22,4,90,0,0.73,10,0
1240,15,1,17,9,2,1,5,8,2,120,1,0.31,30,1
970,17,2,11,14,0,5,5,18,3,90,0,0.08,30,0
1172,14,3,21,5,0,2,2,22,4,120,1,0.03,10,0
1041,18,3,11,11,3,0,6,18,1,120,1,0.95,20,1
1254,18,1,18,4,4,5,10,16,2,120,1,0.25,10,0
826,17,1,15,16,3,1,7,14,6,90,1,0.21,20,0
1510,20,2,6,3,1,1,3,16,1,120,1,1.0,20,1
1483,11,3,2,17,4,4,10,14,6,60,0,0.79,15,0
924,9,1,7,25,3,0,6,14,4,120,1,0.47,15,1
1426,20,1,2,9,3,7,10,18,3,90,0,0.13,20,0
1457,7,2,14,21,4,5,10,10,6,120,0,0.77,15,0
1243,14,1,26,3,4,2,10,14,1,60,1,0.93,15,0
1154,14,2,27,2,2,3,7,20,4,90,0,0.63,10,0
1314,16,1,18,30,4,2,10,10,5,120,1,0.84,10,0
829,7,1,30,20,4,4,10,20,1,120,1,0.62,10,0
1309,20,3,17,9,5,4,10,16,1,120,1,0.3,10,0
1505,6,1,14,13,3,7,10,10,2,120,0,0.31,20,0
1551,19,2,12,4,2,1,5,14,1,90,0,0.27,15,0
944,7,1,9,30,3,6,10,10,6,60,1,0.93,20,0
994,18,1,15,16,3,7,10,14,3,60,0,0.95,30,0
1046,9,3,11,1,0,4,4,16,4,120,1,0.29,10,1
910,12,1,28,8,5,5,10,22,3,90,0,0.4,15,0
1171,14,2,2,12,4,7,10,22,4,90,0,0.13,10,0
1203,11,2,17,30,2,2,6,10,4,120,1,0.5,10,0
839,8,3,10,25,3,7,10,10,4,120,0,0.33,20,0
966,12,3,23,26,2,5,9,18,6,120,1,0.71,20,0
1286,19,1,11,10,5,1,10,16,4,90,0,0.6,20,0
1471,18,3,18,7,5,0,10,18,3,60,1,0.15,15,0
832,15,3,3,6,0,7,7,14,3,60,1,0.69,30,0
1313,18,3,29,15,5,0,10,20,1,120,0,0.56,30,0
1338,12,2,30,5,3,5,10,18,2,120,1,0.61,15,0
1052,10,3,9,7,2,4,8,20,1,120,1,0.32,20,1
1373,20,3,8,9,0,6,6,16,6,90,0,0.29,20,0
1531,7,2,29,14,5,4,10,20,3,60,0,0.83,20,0
1375,17,2,4,3,4,3,10,10,0,120,0,0.64,10,0
902,12,2,22,15,0,2,2,8,4,60,1,0.65,30,1
1288,16,1,24,30,2,5,9,14,5,60,0,0.65,15,0
1347,17,3,27,29,0,2,2,16,6,60,0,1.0,30,0
1307,8,3,30,27,2,0,4,8,2,120,0,0.93,20,0
1091,13,3,17,16,3,2,8,22,4,90,1,0.19,10,0
1138,8,3,14,20,2,2,6,8,5,90,1,0.57,15,1
979,15,3,28,12,3,5,10,8,3,120,0,0.18,15,0
1288,11,1,0,8,3,3,9,16,6,90,1,0.3,10,0
1067,16,2,22,7,0,1,1,16,2,60,1,0.69,20,1
1506,7,3,29,30,2,5,9,18,1,60,0,0.48,30,0
1565,15,2,13,22,4,7,10,22,4,120,0,0.76,10,0
1338,13,3,22,11,0,1,1,8,6,120,0,0.57,15,0
968,11,3,14,3,5,3,10,20,4,90,0,0.9,30,0
856,13,1,16,13,3,0,6,18,3,120,1,0.72,30,1
1060,19,1,23,6,4,1,9,8,3,90,0,0.54,10,0
870,20,2,1,9,3,2,8,22,1,120,1,0.37,30,0
1259,19,2,12,2,5,2,10,20,6,90,0,0.18,30,0
1341,8,3,7,26,0,0,0,14,3,120,1,0.53,15,1
1053,13,2,4,8,1,1,3,8,6,120,1,0.61,10,0
1046,9,1,3,19,0,7,7,18,5,120,0,0.24,10,0
1211,13,1,17,6,0,2,2,18,2,60,1,0.58,20,1
1042,10,1,21,16,1,6,8,14,2,60,0,0.63,30,0
1369,13,1,11,30,5,6,10,22,4,90,1,0.41,20,0
1185,8,3,15,7,1,4,6,22,5,60,1,0.91,30,0
1226,14,3,4,12,1,4,6,10,2,120,0,0.92,20,0
894,14,3,26,6,0,4,4,16,5,120,0,0.87,15,0
1579,15,3,21,17,1,7,9,10,6,90,1,0.96,10,0
1016,20,1,30,23,0,7,7,10,5,120,0,0.4,15,0
1365,11,2,12,14,4,5,10,14,2,90,1,0.47,30,0
1579,19,2,29,6,2,5,9,16,0,120,0,0.74,10,0
1067,14,3,18,23,3,4,10,10,1,90,0,0.38,15,0
1311,14,3,30,21,2,4,8,22,6,90,1,0.46,20,0
973,8,3,17,15,1,0,2,18,0,60,0,0.76,30,0
940,19,3,7,2,5,2,10,8,1,120,1,0.37,30,0
1475,13,1,0,17,4,6,10,8,0,120,1,0.54,20,0
817,14,3,21,13,1,1,3,8,4,60,0,0.19,20,0
1162,10,2,2,11,3,7,10,18,1,120,0,0.3,10,0
1469,19,3,24,1,0,6,6,16,3,120,1,0.06,10,1
1519,8,1,15,27,3,5,10,18,6,60,0,0.23,30,0
1077,6,1,21,29,2,0,4,10,6,90,0,0.96,15,0
1570,19,3,26,12,0,4,4,10,4,60,1,0.68,20,0
1193,18,3,4,25,5,1,10,18,5,90,0,0.1,15,0
877,11,3,24,19,4,6,10,22,2,60,1,0.78,30,0
1302,9,2,17,30,3,6,10,10,5,120,1,0.09,20,0
1052,17,1,2,8,1,6,8,20,6,120,0,0.74,20,0
1169,7,1,0,30,2,7,10,14,6,90,0,0.13,15,0
1241,13,3,17,16,3,1,7,8,0,90,0,0.6,20,0
1194,6,2,13,12,0,3,3,18,4,60,1,0.17,20,1
1108,10,2,4,2,1,6,8,14,3,90,1,0.78,20,0
1057,9,3,20,15,4,3,10,16,0,60,1,0.01,30,0
1140,19,3,12,25,2,7,10,14,3,120,0,0.3,15,0
1290,11,1,30,12,2,4,8,20,5,120,1,0.97,15,0
1133,12,2,26,25,3,5,10,8,4,60,0,0.68,10,0
1544,13,3,6,14,2,1,5,22,6,90,1,0.14,20,1
1047,10,3,4,22,3,6,10,8,3,120,1,0.58,30,0
1356,6,2,22,28,4,1,9,8,6,60,1,0.17,10,0
1376,16,3,20,12,2,6,10,8,0,60,1,0.22,15,0
1256,11,2,14,24,5,2,10,14,0,90,0,0.3,10,0
918,19,3,4,11,2,5,9,16,6,60,1,0.35,10,0
1248,17,3,14,10,0,4,4,8,6,120,0,0.02,20,0
1463,7,3,25,5,5,3,10,18,1,120,0,0.33,30,0
1273,9,2,20,5,1,6,8,16,0,120,0,0.45,30,0
1198,6,3,6,6,2,1,5,18,0,120,0,0.37,15,0
1268,7,2,21,27,3,5,10,18,3,120,1,0.59,20,0
1160,19,2,19,5,5,4,10,18,4,60,0,0.31,15,0
1112,7,1,11,22,1,6,8,16,4,60,1,0.42,30,1
1450,14,3,29,20,1,2,4,16,2,60,0,0.31,30,0
1434,6,2,30,0,3,2,8,10,6,90,1,0.41,30,0
1225,17,2,15,5,0,0,0,22,6,60,1,0.03,15,0
1350,10,1,24,14,4,7,10,18,4,60,0,0.27,20,0
1355,19,1,24,23,3,3,9,16,0,120,0,0.3,10,0
1260,10,2,27,26,0,7,7,22,0,60,0,0.81,20,0
1527,15,3,13,5,4,2,10,22,1,60,0,0.57,20,0
1411,14,1,10,22,2,4,8,18,2,120,0,0.14,30,0
860,10,3,4,22,1,3,5,10,5,90,0,0.76,30,0
1301,8,3,20,8,5,6,10,16,3,60,0,0.4,20,0
1511,20,2,14,30,3,5,10,18,0,120,0,0.73,30,0
1450,16,3,11,27,0,6,6,10,3,60,1,0.27,20,1
1145,14,3,4,18,3,5,10,20,6,60,0,0.1,30,0
816,7,1,14,14,0,6,6,10,5,60,1,0.16,20,1
895,16,2,8,2,2,2,6,8,3,120,1,0.73,15,0
1239,16,1,22,3,0,3,3,16,0,60,0,0.52,30,0
809,6,3,10,26,0,6,6,20,1,90,0,0.23,10,0
1548,18,1,3,10,2,4,8,10,3,60,0,0.07,10,0
1424,16,1,14,11,5,3,10,20,5,60,1,0.62,30,0
1022,7,1,4,24,0,6,6,14,3,90,0,0.25,10,0
1054,14,3,19,23,4,4,10,22,5,60,1,0.21,15,0
1565,12,2,20,1,1,7,9,16,0,60,1,0.64,10,0
1340,20,1,11,29,2,2,6,16,6,120,1,0.37,15,1
1581,13,1,0,18,0,0,0,14,1,60,0,0.95,30,0
1318,10,3,22,16,3,6,10,20,3,60,0,0.28,20,0
880,14,1,25,4,4,5,10,16,4,120,0,0.31,30,0
1547,19,1,1,7,0,6,6,8,3,120,0,0.31,15,0
922,6,3,4,22,0,2,2,16,2,120,1,0.17,15,1
1567,18,2,23,28,0,0,0,14,6,90,1,0.52,20,1
1529,15,3,2,15,3,5,10,8,3,120,0,0.37,20,0
1591,7,3,21,23,0,3,3,20,4,60,0,0.86,10,0
1050,6,2,11,12,1,2,4,22,0,120,1,0.22,15,1
1226,20,3,10,8,0,5,5,8,4,120,0,0.18,10,0
1210,7,2,27,9,2,5,9,8,4,90,0,0.37,20,0
1377,18,2,23,19,1,7,9,14,4,90,0,0.73,15,0
954,6,2,0,7,4,5,10,20,6,120,0,0.95,10,0
1577,16,2,27,23,5,4,10,8,1,120,0,0.42,10,0
945,17,2,2,1,1,6,8,20,2,90,0,0.58,15,0
1452,19,2,2,18,4,0,8,16,5,60,0,0.29,20,0
1202,17,3,10,10,3,4,10,10,0,60,0,0.78,10,0
959,7,1,14,14,2,6,10,8,4,90,0,0.45,30,0
1071,19,1,2,5,5,4,10,22,5,120,0,0.22,20,0
951,7,3,7,30,2,6,10,18,0,120,1,0.26,15,1
831,12,2,17,23,4,3,10,8,3,60,0,0.12,10,0
1599,9,1,6,26,3,5,10,20,5,120,0,0.58,20,0
876,6,1,6,28,5,7,10,22,1,60,1,0.12,30,0
851,8,3,13,26,5,6,10,16,0,90,1,0.17,15,1
991,10,2,14,28,1,0,2,18,4,120,0,0.65,30,0
1221,20,3,15,1,0,4,4,16,1,90,0,0.64,15,0
1445,18,3,25,0,3,5,10,16,4,90,1,0.91,20,0
1197,10,1,0,10,4,3,10,8,6,90,0,0.81,30,0
1342,11,3,7,5,0,3,3,20,1,90,0,0.76,15,0
1389,19,2,11,29,1,2,4,10,4,90,1,0.91,10,0
1520,17,2,30,18,4,2,10,18,1,90,1,0.18,10,0
892,6,1,19,7,0,7,7,8,2,120,0,0.81,20,0
1534,8,2,1,0,1,2,4,22,0,120,1,0.96,20,0
1521,16,2,18,3,2,4,8,14,1,60,1,0.79,30,0
1464,11,1,22,30,4,5,10,10,5,120,0,0.38,20,0
930,8,3,0,30,5,6,10,22,6,120,0,0.18,20,0
1426,9,3,18,3,3,2,8,14,5,60,0,0.35,20,0
971,16,1,26,22,5,5,10,16,0,90,0,0.25,10,0
1158,10,1,23,0,0,6,6,16,5,90,0,0.88,30,0
1187,11,3,12,3,3,3,9,10,3,60,0,0.29,20,0
1067,7,1,10,5,3,2,8,20,0,120,0,0.34,30,0
1521,6,2,30,20,1,6,8,10,0,60,1,0.21,15,0
1219,17,3,23,29,5,4,10,20,2,90,0,0.1,30,0
1385,14,2,4,1,2,0,4,16,0,90,1,0.2,10,1
1011,8,3,9,2,3,1,7,14,6,90,1,0.49,20,0
893,16,3,12,5,2,6,10,14,1,90,0,0.26,30,0
1069,9,2,18,1,1,1,3,8,5,90,1,0.97,15,0
1366,6,2,26,16,3,7,10,18,1,90,1,0.08,10,0
1314,15,3,25,18,5,2,10,8,6,90,0,0.95,15,0
1016,18,1,4,1,3,1,7,20,3,60,0,0.83,20,0
1127,20,3,29,25,0,1,1,16,4,90,1,0.86,30,1
812,18,3,19,18,4,6,10,8,3,60,0,0.57,10,0
908,15,1,25,9,4,5,10,16,2,90,1,0.57,30,0
838,8,2,12,4,4,6,10,8,3,90,0,0.05,30,0
1075,20,2,0,10,2,4,8,14,6,90,0,0.97,15,0
937,10,3,14,24,2,4,8,20,3,120,0,0.19,15,0
1216,17,2,24,16,2,0,4,18,6,60,0,0.31,30,0
938,18,3,28,18,0,2,2,10,6,60,0,0.25,30,0
851,20,2,22,6,2,5,9,22,3,120,1,0.64,10,0
1497,6,1,11,15,4,7,10,10,6,90,1,0.34,20,0
1566,19,3,2,9,0,6,6,8,1,120,0,0.86,15,0
1493,9,2,20,13,4,0,8,22,6,120,0,0.47,15,0
1462,8,3,25,0,1,4,6,18,6,90,1,0.42,30,1
1157,13,2,6,14,2,6,10,18,0,60,1,0.56,20,0
1105,16,1,15,2,2,4,8,20,2,90,1,0.66,20,1
992,8,3,24,7,0,6,6,20,2,120,0,0.72,30,0
1102,10,2,12,12,5,0,10,18,5,120,0,0.34,15,0
1502,14,3,25,15,5,5,10,18,2,60,0,0.29,30,0
931,17,2,23,25,4,2,10,20,2,120,0,0.22,15,0
1562,19,2,13,25,2,5,9,14,4,90,1,0.85,30,0
854,19,3,18,18,4,1,9,16,1,120,0,0.87,30,0
1342,10,2,1,27,1,2,4,10,2,90,1,0.14,15,1
1597,7,2,10,20,1,5,7,20,0,60,1,0.27,15,1
1390,18,1,15,25,0,2,2,18,3,120,1,0.4,30,1
1192,6,1,17,6,5,5,10,8,2,120,0,0.02,10,0
1441,17,1,7,22,2,4,8,10,0,90,1,0.17,10,0
1105,10,2,23,16,4,5,10,16,5,60,1,1.0,30,0
1167,18,1,5,30,3,0,6,10,1,120,0,0.21,10,0
1403,14,1,3,11,5,0,10,16,5,90,0,0.59,10,0
1477,7,3,26,0,0,1,1,16,3,90,0,0.55,30,0
1518,8,1,22,21,5,0,10,14,3,120,0,0.66,20,0
1437,15,3,4,13,0,1,1,14,0,60,1,0.2,15,1
1596,10,3,6,11,5,6,10,14,1,60,1,0.91,30,0
1138,9,1,0,21,0,1,1,22,4,120,1,0.15,10,1
1598,14,1,23,23,0,4,4,20,1,90,1,0.26,10,1
902,19,1,27,1,2,5,9,22,5,90,1,0.74,10,0
1576,20,1,0,27,1,2,4,14,2,90,1,0.88,10,0
1181,19,2,5,3,3,6,10,16,2,90,1,0.8,15,0
915,8,3,23,1,1,1,3,16,4,90,1,0.18,30,1
1597,11,3,0,27,5,2,10,16,3,60,1,0.44,10,0
1067,16,2,0,22,5,3,10,20,6,90,0,0.43,15,0
1293,11,3,21,20,3,2,8,22,6,120,0,0.01,15,0
1317,19,2,27,15,1,1,3,22,3,90,0,0.33,20,0
851,14,1,17,20,3,6,10,22,1,60,1,0.44,30,0
890,19,2,14,10,0,7,7,20,5,60,0,0.4,10,0
1370,14,1,26,2,4,4,10,18,4,60,1,0.95,20,0
855,19,1,27,14,2,7,10,20,5,90,1,0.11,15,0
802,11,2,26,20,2,5,9,20,0,60,0,0.49,30,0
909,10,3,6,6,0,6,6,10,3,60,1,0.11,30,1
847,20,3,26,21,4,1,9,22,3,90,0,0.96,10,0
1343,17,1,17,29,3,7,10,18,6,60,0,0.73,15,0
906,12,3,19,19,2,6,10,16,4,120,0,0.27,20,0
1101,13,1,4,13,4,4,10,22,5,120,1,0.71,15,0
1005,9,3,22,9,5,5,10,20,1,120,0,0.5,20,0
1527,7,2,17,15,4,6,10,20,5,120,1,0.88,30,0
813,14,1,0,12,1,0,2,20,0,60,1,0.75,15,1
1093,16,2,4,26,0,4,4,10,6,120,0,0.36,30,0
904,15,3,23,17,1,6,8,10,4,120,1,0.69,10,0
1190,12,2,30,25,5,5,10,18,0,60,1,0.2,30,0
1030,20,3,22,22,5,5,10,22,4,120,0,0.78,15,0
1101,13,1,21,2,1,2,4,20,4,60,1,0.04,20,1
1369,10,1,5,18,2,0,4,14,3,120,0,0.04,20,0
1411,6,3,19,26,5,4,10,16,6,120,1,0.07,20,0
1338,9,1,16,2,4,2,10,16,4,120,1,0.09,15,0
1018,16,2,10,11,2,3,7,22,4,120,1,1.0,10,0
917,16,2,14,7,5,3,10,8,5,90,1,0.92,10,0
1195,10,3,23,9,0,5,5,18,6,120,1,0.49,20,1
1467,9,2,16,2,0,2,2,22,4,120,0,0.63,15,0
1486,16,1,27,21,3,1,7,10,4,120,1,0.65,10,0
1564,16,1,0,14,5,5,10,8,0,60,0,0.18,20,0
1371,7,3,26,7,2,6,10,16,3,120,1,0.43,10,0
1198,16,1,17,0,5,1,10,22,5,120,0,0.7,10,0
1166,20,3,3,9,5,4,10,18,0,90,1,0.38,10,0
1285,8,3,7,4,5,6,10,22,6,120,1,0.96,15,0
1105,16,3,20,11,0,2,2,8,0,60,1,0.54,10,0
1112,9,3,23,28,5,5,10,10,3,120,0,0.16,15,0
1431,19,2,6,3,1,0,2,22,6,120,1,0.64,10,0
1097,16,1,8,3,1,7,9,14,2,60,0,0.1,10,0
998,11,2,14,10,4,4,10,20,4,60,1,0.81,30,0
972,6,2,7,25,1,6,8,14,6,90,0,0.68,20,0
1291,13,2,11,24,2,7,10,18,0,60,0,0.84,15,0
1351,9,2,23,28,5,1,10,20,0,60,0,0.81,30,0
1587,15,1,29,1,4,4,10,18,4,90,0,0.37,15,0
1590,15,3,27,9,1,7,9,18,4,60,1,0.36,10,0
1478,9,3,21,5,4,2,10,16,1,60,0,0.74,30,0
1167,6,1,24,15,1,1,3,14,2,60,0,0.67,20,0
1197,13,2,28,1,0,5,5,8,5,120,1,0.83,20,0
1392,14,3,5,12,5,6,10,14,4,120,0,0.52,30,0
1028,14,2,11,26,2,7,10,22,3,120,0,0.5,15,0
1250,8,1,2,16,5,4,10,10,1,60,0,0.36,10,0
1476,9,2,25,10,5,1,10,16,5,90,1,0.21,15,0
1462,19,2,0,7,0,2,2,18,4,60,0,0.63,10,0
1386,8,1,5,8,1,6,8,18,4,120,0,0.88,20,0
887,9,2,19,15,3,2,8,10,6,90,0,0.79,15,0
1438,16,3,8,5,5,5,10,16,4,120,0,0.23,30,0
935,7,1,6,16,4,6,10,22,1,120,0,0.18,10,0
1344,14,1,2,15,5,2,10,18,4,60,1,0.52,20,0
844,17,3,13,7,3,6,10,14,4,120,0,0.43,20,0
1288,18,1,29,27,0,4,4,18,4,90,1,0.19,10,1
1391,14,1,16,0,3,3,9,20,6,90,1,0.36,15,0
1236,16,3,8,8,4,6,10,18,2,120,1,0.99,30,0
1573,9,2,17,25,4,7,10,10,2,120,1,0.25,20,0
1391,11,3,12,23,1,1,3,20,1,90,0,0.1,30,0
1146,18,3,19,22,5,0,10,10,3,120,0,0.8,15,0
1282,20,3,13,2,0,4,4,10,2,60,0,0.72,30,0
1428,16,3,9,22,4,0,8,22,6,60,1,0.44,15,0
1472,20,3,9,6,0,3,3,18,1,120,0,0.36,10,0
961,7,2,24,12,2,6,10,16,4,60,0,0.74,10,0
892,14,2,23,26,4,5,10,14,6,90,0,0.61,15,0
1265,20,2,18,0,2,2,6,16,4,60,0,0.5,20,0
919,18,3,30,8,4,4,10,20,3,90,1,0.77,20,0
1594,13,3,14,28,4,0,8,16,0,90,0,0.38,15,0
1493,17,1,25,10,3,5,10,18,4,60,1,0.25,10,0
1208,16,3,26,10,0,2,2,16,2,90,0,0.89,20,0
987,17,3,29,29,1,7,9,20,1,60,0,0.87,15,0
1034,9,1,26,19,2,2,6,22,0,60,0,0.68,30,0
1428,6,3,30,1,3,5,10,18,2,90,1,0.49,20,0
1207,9,3,4,1,4,6,10,16,4,60,1,0.39,15,0
1268,7,3,16,14,2,0,4,8,5,60,1,0.58,20,0
1170,15,2,5,17,2,3,7,14,3,120,1,0.37,30,1
1234,9,2,22,24,2,5,9,22,3,90,1,0.18,15,0
1389,16,1,26,3,5,4,10,22,1,120,1,0.86,15,0
949,18,3,4,15,0,2,2,16,3,60,1,0.79,20,1
1056,14,3,1,12,0,2,2,8,1,90,1,0.84,10,0
1260,17,2,8,11,2,4,8,14,0,90,0,0.35,15,0
1390,15,3,20,17,1,4,6,14,2,120,1,0.77,30,1
880,12,3,9,14,5,2,10,22,1,120,1,0.42,30,0
873,7,1,10,7,2,5,9,20,2,120,1,0.61,30,0
1077,20,2,24,27,2,7,10,16,1,60,0,0.13,15,0
1477,10,3,22,23,0,3,3,10,3,60,0,0.06,30,0
1361,6,1,24,12,4,1,9,8,2,120,0,0.08,30,0
1116,9,1,23,9,3,2,8,10,4,60,0,0.04,20,0
1133,19,2,14,27,4,4,10,18,3,60,0,0.59,30,0
1446,17,3,28,18,3,4,10,14,3,120,0,0.8,30,0
1115,11,2,8,4,2,0,4,8,4,60,1,0.29,10,0
1504,20,2,30,24,3,4,10,8,6,90,1,0.6,10,0
1361,11,1,13,28,4,6,10,16,1,60,1,0.83,15,0
1069,7,2,20,7,4,4,10,14,5,120,1,0.41,10,0
986,8,2,3,20,3,7,10,14,5,120,1,0.19,10,0
955,6,3,0,5,0,4,4,14,1,120,1,0.73,15,1
892,8,1,15,6,2,6,10,14,6,90,1,0.46,10,0
1138,7,1,1,8,3,1,7,18,3,60,0,0.9,20,0
1190,19,1,3,24,5,3,10,16,6,90,0,0.74,10,0
1003,13,3,24,3,4,3,10,16,3,120,1,0.94,15,0
1444,17,1,23,29,4,1,9,14,3,120,1,0.2,10,0
1482,9,1,7,20,3,5,10,8,1,90,0,0.4,15,0
809,6,3,25,22,3,2,8,14,6,60,0,0.16,10,0
1502,15,2,29,24,5,0,10,8,2,120,0,0.7,10,0
928,13,1,10,17,5,5,10,22,3,120,0,0.02,30,0
1166,17,1,8,28,0,7,7,20,3,120,1,0.54,30,1
994,15,1,17,11,2,7,10,14,6,120,0,0.07,15,0
1260,10,2,17,11,3,0,6,22,5,120,1,0.73,10,0
1434,19,2,24,19,1,5,7,20,0,120,1,0.19,30,1
1584,14,1,19,9,2,6,10,20,2,60,0,0.52,10,0
844,19,1,5,27,0,3,3,8,3,60,0,0.03,30,0
1473,13,3,19,22,4,4,10,8,2,60,0,0.01,15,0
1471,13,1,14,25,5,0,10,14,4,120,1,0.82,10,0
1431,10,3,1,23,0,4,4,8,1,120,0,0.1,15,0
1344,12,1,6,16,5,3,10,18,5,60,1,0.75,20,0
1490,13,3,21,13,0,2,2,22,1,120,1,0.5,15,1
1346,15,2,29,11,2,5,9,22,2,90,1,0.83,20,0
1423,9,3,17,6,3,4,10,14,3,90,1,0.0,10,0
1091,15,1,16,4,2,0,4,14,1,60,1,0.02,20,1
1366,14,3,18,29,4,2,10,8,0,90,1,0.16,20,0
1175,20,3,7,7,2,4,8,8,4,90,0,0.73,20,0
1294,8,2,26,28,5,1,10,18,5,90,0,0.73,30,0
880,18,1,29,24,2,5,9,22,3,90,0,0.87,15,0
1565,16,3,29,0,5,6,10,8,2,120,0,0.32,15,0
1134,14,3,7,4,0,6,6,16,6,120,0,0.22,20,0
1203,8,1,10,2,3,0,6,18,3,90,0,0.4,30,0
1592,17,1,24,4,3,3,9,16,3,120,0,0.56,15,0
1048,7,2,24,13,2,1,5,8,5,90,1,0.37,15,1
1128,11,3,20,0,2,2,6,14,4,90,0,0.44,15,0
1004,16,2,4,24,5,1,10,8,5,60,0,0.95,15,0
1094,6,2,22,25,0,4,4,16,3,60,1,0.21,15,1
1008,14,3,24,8,4,7,10,18,5,60,0,0.38,10,0
1061,8,1,9,6,5,4,10,8,3,120,0,0.07,20,0
1478,19,3,11,27,0,0,0,14,6,120,1,0.23,30,1
1320,17,1,28,10,3,1,7,10,1,120,1,0.56,10,0
840,9,3,9,10,3,6,10,20,1,60,1,0.68,20,0
1440,10,1,16,8,0,4,4,16,6,60,1,0.23,20,1
1202,16,1,2,23,3,3,9,16,1,120,0,0.43,20,0
1419,11,2,17,4,1,2,4,18,4,120,0,0.86,20,0
1505,17,3,29,4,3,2,8,20,4,60,1,0.07,10,0
988,11,1,23,0,2,6,10,16,2,90,1,0.15,15,0
909,8,1,0,24,4,4,10,18,4,120,0,0.6,15,0
1503,6,2,2,22,3,2,8,18,6,120,1,0.71,20,0
988,19,2,15,15,1,2,4,10,1,60,1,0.76,10,0
1076,12,1,23,21,1,3,5,8,1,90,1,0.69,30,0
1052,12,2,24,1,4,6,10,20,2,90,0,0.52,30,0
1267,19,1,28,7,4,6,10,20,0,120,1,0.52,10,0
994,10,2,12,28,2,4,8,16,1,90,1,0.61,10,1
1506,14,1,14,26,5,7,10,8,5,120,0,0.18,15,0
1202,12,2,14,0,1,7,9,18,5,60,1,0.09,20,0
1508,16,3,25,5,5,1,10,8,0,120,1,0.63,10,0
1336,17,2,23,25,4,2,10,16,4,90,0,0.77,20,0
1379,19,3,27,4,1,2,4,10,6,120,0,0.42,20,0
1547,18,2,9,20,1,1,3,10,1,60,1,0.01,30,1
1310,14,1,19,28,3,3,9,10,4,120,1,0.45,30,0
881,15,3,0,7,4,4,10,18,5,120,0,0.05,15,0
856,16,2,1,4,0,4,4,14,0,60,0,0.42,15,0
965,16,2,19,21,5,2,10,16,5,120,1,0.93,10,0
1586,10,2,11,28,3,1,7,22,3,120,0,0.29,15,0
924,17,2,10,16,3,3,9,20,1,120,0,0.11,10,0
1295,17,3,19,29,5,4,10,16,4,90,1,0.53,20,0
932,15,3,15,16,5,7,10,16,6,60,0,0.71,15,0
801,7,1,14,20,0,3,3,22,4,90,1,0.05,20,1
1373,18,3,6,0,5,3,10,20,2,90,0,0.31,20,0
1585,6,1,21,10,2,6,10,20,4,120,0,0.83,15,0
1138,19,2,29,21,3,7,10,22,0,120,0,0.48,30,0
1349,20,2,14,25,3,0,6,22,4,90,1,0.56,10,0
1013,15,3,10,25,2,1,5,10,2,60,1,0.98,15,0
1384,15,2,5,19,0,4,4,20,6,90,0,0.27,10,0
1308,20,1,11,14,2,3,7,18,2,60,0,0.37,10,0
1596,9,1,14,16,0,7,7,18,1,60,1,0.92,20,0
1594,11,1,24,27,0,2,2,10,5,60,1,0.39,10,0
804,10,1,21,27,4,1,9,14,3,60,0,0.52,20,0
823,15,2,20,28,1,5,7,10,1,90,1,0.53,30,0
1487,7,2,4,5,2,1,5,8,4,120,0,0.21,20,0
1362,11,2,4,30,5,4,10,18,1,60,0,0.31,20,0
1353,13,1,4,0,3,0,6,8,3,60,0,0.43,15,0
1521,15,3,20,26,5,7,10,18,2,90,1,0.82,10,0
1573,18,2,18,4,0,7,7,8,3,90,1,0.47,15,0
947,19,3,8,29,2,6,10,10,5,120,1,0.79,20,0
1264,13,1,2,15,0,5,5,16,3,60,1,0.77,15,1
1320,7,2,26,22,0,5,5,18,5,60,1,0.53,30,1
1404,12,1,19,7,4,2,10,16,3,60,1,0.21,30,0
1245,15,2,17,22,1,2,4,20,5,60,1,0.11,30,1
1133,14,1,26,14,1,4,6,16,0,120,0,0.69,30,0
1135,13,3,21,1,0,3,3,22,1,120,0,0.76,15,0
1263,14,2,12,19,4,7,10,10,1,120,1,0.3,20,0
1245,17,2,2,18,0,6,6,22,1,90,0,0.37,10,0
800,17,3,26,11,0,4,4,22,0,60,1,0.7,30,0
1440,11,3,12,12,3,6,10,18,1,120,0,0.47,15,0
1368,12,2,26,13,1,4,6,22,5,60,0,0.01,10,0
947,17,2,21,13,1,1,3,10,5,90,1,0.89,30,0
1438,8,2,16,13,4,7,10,16,2,60,0,0.42,10,0
1391,13,3,7,22,4,4,10,16,4,120,1,0.03,10,0
1381,13,3,11,3,4,7,10,20,0,60,1,0.46,10,0
1335,20,3,2,7,3,1,7,20,5,120,1,0.61,20,0
1347,18,1,15,14,4,7,10,18,5,90,1,0.35,20,0
1096,8,1,22,29,4,4,10,20,6,120,1,0.06,30,0
1392,8,3,1,21,2,0,4,14,3,60,0,0.51,20,0
1058,8,3,8,8,2,0,4,20,0,120,0,0.91,15,0
1474,13,2,25,5,2,3,7,16,1,120,0,0.34,10,0
948,15,1,26,15,3,6,10,10,5,90,0,0.21,20,0
855,16,2,24,26,0,0,0,10,3,90,1,0.3,15,0
1188,16,3,12,15,2,2,6,18,6,90,0,0.29,30,0
1191,16,2,30,16,5,0,10,8,4,120,1,0.96,30,0
1425,20,3,27,8,2,4,8,14,6,60,1,0.65,30,0
1272,18,3,23,7,5,3,10,18,2,120,0,0.31,10,0
1488,6,1,0,13,0,1,1,20,3,90,0,0.73,20,0
997,6,1,19,2,0,3,3,18,5,60,0,0.09,15,0
1184,16,3,18,25,1,1,3,20,1,90,1,0.47,10,1
1454,13,2,24,13,5,5,10,14,1,60,1,0.78,30,0
1197,11,1,8,30,2,2,6,16,0,90,0,0.61,15,0
1460,13,1,4,17,3,3,9,18,5,60,1,0.72,10,0
835,7,1,18,23,2,7,10,8,3,60,0,0.93,30,0
1072,8,3,10,28,3,0,6,18,5,90,1,0.44,10,1
1353,9,1,12,30,5,7,10,8,4,120,1,0.33,20,0
1210,6,3,30,20,0,5,5,18,6,90,0,0.84,20,0
1463,9,1,17,1,3,3,9,14,5,90,0,0.63,20,0
1298,7,3,14,23,1,2,4,8,1,60,0,0.49,10,0
1353,16,2,15,17,3,0,6,8,2,60,1,0.79,10,0
1215,7,1,25,20,5,7,10,20,6,120,0,0.74,15,0
873,6,3,4,15,5,0,10,16,4,60,0,0.7,15,0
814,8,3,1,28,2,1,5,16,4,60,0,0.82,10,0
916,13,3,25,19,1,1,3,22,1,90,1,0.81,30,0
1132,7,3,18,17,1,5,7,22,6,60,0,0.59,20,0
864,7,2,4,24,3,2,8,20,2,120,0,0.44,10,0
936,7,3,19,12,1,0,2,16,0,60,0,0.18,10,0
1523,16,3,28,9,3,7,10,20,1,60,0,0.64,30,0
1221,9,1,19,22,0,2,2,20,3,120,0,0.63,20,0
1156,12,1,17,7,1,1,3,18,0,120,1,0.86,15,1
1275,18,3,21,6,2,0,4,10,0,60,1,0.5,15,0
1486,20,1,1,20,2,4,8,10,3,90,1,0.62,30,0
844,7,3,1,29,4,2,10,10,6,60,1,0.51,10,0
1040,17,2,18,18,2,6,10,10,5,120,1,0.23,10,0
1133,9,1,7,23,3,3,9,16,1,60,1,0.59,10,0
1246,8,1,29,19,3,2,8,16,2,60,1,0.72,20,1
1076,9,2,4,1,5,0,10,14,1,60,1,0.46,15,0
1578,11,1,28,9,4,2,10,22,6,120,0,0.58,15,0
888,12,3,15,27,1,7,9,22,3,90,0,0.73,15,0
1053,11,2,18,7,4,2,10,18,0,90,0,0.04,30,0
1551,18,3,1,13,4,6,10,16,6,120,0,0.45,15,0
885,14,1,22,23,3,3,9,10,2,90,0,0.65,10,0
816,13,3,9,5,5,7,10,22,4,120,0,0.98,30,0
1590,8,3,12,5,2,7,10,20,5,60,0,0.38,20,0
1343,6,2,13,24,2,3,7,22,5,60,1,0.74,10,0
1327,20,3,11,28,0,1,1,16,2,90,0,0.37,15,0
1463,14,3,2,17,5,3,10,10,2,60,0,0.65,15,0
1571,17,1,10,11,2,6,10,14,0,60,1,0.35,30,0
1313,14,1,15,22,4,4,10,16,4,90,0,0.19,30,0
889,7,2,28,5,2,1,5,8,1,90,0,0.7,30,0
954,19,1,16,30,5,0,10,14,3,120,0,0.47,30,0
1254,17,3,0,9,1,1,3,8,6,60,1,0.41,20,1
1471,16,2,15,18,5,7,10,16,2,120,0,0.9,20,0
975,18,2,7,15,2,4,8,22,6,60,0,0.35,30,0
970,15,1,22,17,2,2,6,10,6,120,0,0.16,10,0
842,11,3,4,14,2,5,9,10,1,120,0,0.67,20,0
951,11,2,17,5,4,4,10,8,0,90,1,0.77,30,0
1127,8,1,23,17,4,5,10,20,5,90,1,0.9,15,0
1378,17,2,10,22,0,7,7,8,1,120,0,0.31,30,0
1432,19,1,14,11,0,5,5,8,4,120,0,0.58,15,0
1600,20,2,6,0,0,7,7,20,5,60,1,0.19,20,1
1417,15,3,30,1,5,5,10,16,1,120,1,0.37,20,1
812,10,2,11,9,3,1,7,10,5,90,1,0.8,20,0
967,18,3,28,13,5,6,10,10,6,120,0,0.14,20,0
1286,19,3,10,2,4,6,10,8,0,90,1,0.41,30,0
1527,15,1,6,5,3,4,10,18,3,60,1,0.83,20,0
1305,14,3,14,7,0,0,0,10,2,90,1,0.12,20,1
1227,8,2,29,22,5,3,10,8,0,90,1,0.99,10,0
1413,17,2,18,15,4,6,10,22,2,120,1,0.97,10,0
1182,14,3,18,0,2,2,6,18,0,60,1,0.46,15,1
1165,8,1,8,11,3,5,10,8,2,90,0,0.51,15,0
1583,7,3,24,5,4,5,10,22,2,120,1,0.27,20,0
898,14,3,11,26,1,0,2,10,4,90,1,0.78,30,1
1148,20,1,3,6,1,3,5,22,1,120,0,0.42,10,0
919,19,1,29,0,3,5,10,14,5,90,0,0.82,20,0
976,17,2,0,23,0,3,3,10,6,120,0,0.69,20,0
928,9,1,2,13,5,1,10,8,0,90,1,0.04,10,0
833,18,3,16,18,0,7,7,8,2,60,0,0.3,10,0
1572,7,1,29,19,1,3,5,10,5,90,0,0.09,20,0
1393,11,2,5,27,4,3,10,18,4,60,0,0.82,10,0
1341,9,3,6,30,2,2,6,22,4,60,0,0.92,30,0
1175,17,3,5,14,5,1,10,10,6,90,1,0.42,15,0
1217,7,2,3,14,0,2,2,16,6,90,1,0.56,10,1
884,11,2,3,12,2,7,10,18,5,90,1,0.23,30,0
1097,19,2,6,27,0,7,7,20,2,60,0,1.0,30,0
1488,7,2,14,16,5,1,10,8,1,90,1,0.7,10,0
1559,20,1,2,11,1,5,7,10,4,90,0,0.23,30,0
1542,13,2,24,22,4,4,10,22,6,120,1,0.36,30,0
1296,14,2,4,24,3,1,7,8,2,90,1,0.23,15,0
830,7,3,1,26,0,7,7,20,0,60,1,0.6,20,1
956,10,3,19,3,0,7,7,22,3,60,1,0.66,30,0
1316,10,3,10,25,4,0,8,22,0,90,0,0.38,20,0
1185,13,2,1,1,1,4,6,20,1,90,1,0.13,30,1
1299,18,1,18,21,3,7,10,16,4,60,0,0.39,30,0
1405,12,3,21,11,2,5,9,8,0,120,0,0.13,20,0
1157,18,3,18,0,5,5,10,16,0,90,1,0.99,30,0
1159,6,3,7,7,1,4,6,18,0,120,0,0.87,10,0
1145,8,1,17,10,0,7,7,20,6,90,1,0.27,30,1
1402,6,2,12,18,3,5,10,18,0,90,0,0.69,15,0
1144,13,3,25,24,5,5,10,10,4,90,1,0.97,15,0
1308,16,1,26,27,4,3,10,14,2,60,1,1.0,30,0
1031,15,3,30,2,5,1,10,18,2,90,0,0.57,30,0
1237,9,2,25,2,5,4,10,18,6,90,1,0.66,20,0
1004,12,2,8,19,4,7,10,20,6,120,0,0.88,15,0
1390,13,1,21,30,5,7,10,14,5,120,1,0.93,10,0
1334,9,2,14,4,1,2,4,20,5,90,1,0.41,10,1
1449,9,2,8,26,2,2,6,14,5,120,0,0.41,10,0
953,9,1,7,25,2,7,10,16,4,90,1,0.65,10,0
1006,8,2,4,0,2,4,8,20,4,60,0,0.96,30,0
820,6,1,10,19,2,1,5,16,2,120,0,0.4,15,0
1041,7,3,23,16,0,4,4,16,0,60,0,0.77,20,0
1137,19,3,23,12,5,3,10,16,1,60,0,0.18,20,0
1250,12,2,27,18,0,7,7,18,2,120,0,0.32,30,0
1286,16,1,30,8,1,5,7,16,5,90,1,0.02,10,0
1557,16,1,22,29,5,3,10,14,4,90,1,0.64,20,0
1501,7,3,27,7,3,6,10,8,3,90,1,0.09,15,0
1104,9,1,29,14,5,5,10,22,6,120,1,0.79,20,0
882,19,2,15,23,3,5,10,20,3,60,0,0.7,10,0
1160,12,3,23,26,4,5,10,16,5,60,0,0.64,15,0
1445,13,3,4,0,3,3,9,20,2,90,0,0.11,15,0
1328,17,3,24,4,4,6,10,22,2,90,1,0.87,15,0
1066,8,3,18,26,2,4,8,10,0,90,1,0.18,30,0
1384,9,1,30,0,4,3,10,8,3,60,1,0.7,15,0
850,12,3,13,19,2,2,6,8,2,60,0,0.01,30,0
1591,20,2,26,21,3,1,7,10,5,60,0,0.95,20,0
1094,17,2,12,4,3,3,9,18,1,90,0,0.42,30,0
949,6,2,8,7,4,7,10,10,2,120,1,0.09,30,0
936,19,2,22,12,5,3,10,20,3,120,1,0.74,20,0
874,7,3,1,1,2,3,7,16,2,120,0,0.01,30,0
1109,12,3,11,4,4,0,8,18,1,90,0,0.5,20,0
1279,8,1,10,22,4,6,10,10,2,60,1,0.04,15,0
1311,19,2,23,11,3,4,10,14,4,90,1,0.44,15,0
1123,17,2,24,30,1,7,9,8,1,60,0,0.23,10,0
1281,10,1,22,14,3,1,7,16,0,90,1,0.99,30,0
1268,13,1,27,23,1,1,3,14,0,60,1,0.18,15,1
1567,14,2,18,28,5,3,10,18,0,120,0,0.42,10,0
1052,18,2,21,3,2,0,4,14,5,120,0,0.39,10,0
1131,8,1,2,14,5,7,10,16,5,90,0,0.33,10,0
1471,15,2,10,30,5,2,10,10,6,60,1,0.32,10,0
1561,7,3,30,19,3,1,7,16,2,60,0,0.97,30,0
891,6,1,5,12,3,4,10,20,6,120,0,0.12,30,0
1242,17,2,28,21,4,2,10,14,5,60,1,0.51,30,0
1256,20,2,15,8,4,6,10,8,6,90,1,0.61,30,0
1445,12,1,1,16,2,7,10,20,1,120,0,0.93,10,0
1097,13,2,2,29,3,4,10,10,1,120,1,0.84,30,0
1102,15,1,17,2,0,1,1,18,3,90,0,0.46,20,0
1163,10,3,2,24,4,0,8,8,5,120,1,0.18,15,0
1202,6,1,13,28,5,4,10,14,4,120,1,0.76,30,0
1438,18,2,10,30,1,3,5,10,0,120,1,0.87,10,0
1244,14,1,0,12,0,0,0,10,5,90,1,0.69,30,1
1110,15,3,11,22,5,6,10,22,2,60,0,0.14,15,0
914,19,1,22,6,0,3,3,16,5,60,0,0.44,15,0
888,10,2,4,15,3,0,6,8,1,60,1,0.96,30,0
820,19,2,18,7,1,4,6,18,6,90,0,0.33,10,0
1445,19,3,13,13,3,4,10,8,3,90,1,0.51,30,0
1037,17,1,16,0,3,5,10,18,0,90,1,0.89,10,0
1306,15,3,11,14,5,6,10,8,1,90,0,0.47,30,0
1037,14,1,18,29,5,5,10,18,6,120,1,0.13,20,0
1540,17,2,30,13,5,5,10,22,3,60,0,0.28,10,0
1483,13,1,5,6,1,7,9,8,6,90,1,0.3,15,0
1370,6,1,11,28,2,5,9,20,1,60,0,0.81,20,0
1240,7,3,7,3,4,3,10,16,2,90,1,0.77,20,0
954,19,3,27,16,4,1,9,20,0,90,1,0.96,10,0
908,18,3,19,25,0,0,0,18,0,60,0,0.87,20,0
960,17,2,22,14,4,7,10,20,6,60,0,0.65,20,0
941,7,1,14,13,0,3,3,22,6,90,1,0.29,15,1
887,10,2,22,24,3,5,10,20,5,60,0,0.75,30,0
1033,8,2,13,29,3,7,10,22,4,120,1,0.94,30,0
949,18,1,22,25,4,1,9,8,2,90,1,0.98,15,0
1244,6,2,24,1,5,2,10,18,0,120,1,0.42,20,0
1538,17,2,29,11,0,4,4,18,4,60,1,0.45,15,0
1357,15,3,20,14,5,5,10,22,6,120,1,0.78,20,0
886,6,3,10,12,5,2,10,18,4,90,0,0.09,20,0
1333,11,3,5,0,0,4,4,10,6,90,1,0.99,10,0
1549,6,2,8,20,4,5,10,8,0,120,0,0.45,10,0
1264,11,1,25,23,4,3,10,14,2,90,0,0.71,15,0
907,11,3,18,6,2,7,10,8,1,120,1,0.83,10,0
894,6,2,28,4,3,3,9,16,0,90,1,0.59,30,0
1070,15,2,20,13,3,7,10,20,3,60,0,0.51,30,0
1528,13,1,30,22,4,1,9,20,1,90,1,0.03,15,0
1372,11,1,19,27,3,1,7,8,2,120,1,0.04,15,0
920,11,2,11,9,2,7,10,8,6,60,0,0.78,30,0
849,20,2,28,9,1,2,4,22,5,90,0,0.12,20,0
869,19,1,13,15,4,4,10,18,3,90,1,0.48,15,0
1580,8,3,20,14,3,7,10,10,6,120,1,0.09,30,0
1196,9,2,10,17,0,7,7,20,2,120,0,0.87,10,0
1385,16,3,9,17,5,1,10,20,4,60,0,0.96,10,0
1383,14,1,24,15,4,0,8,8,5,120,0,0.96,20,0
1010,9,3,26,28,4,7,10,8,6,120,1,0.4,10,0
1303,19,1,10,13,1,6,8,8,6,120,1,0.38,10,0
917,7,3,5,9,1,2,4,14,6,60,0,0.31,30,0
1494,8,1,19,30,2,2,6,8,5,60,1,0.39,20,1
945,12,2,8,12,0,0,0,10,1,120,0,0.49,30,0
917,10,1,10,14,4,6,10,8,3,60,1,0.63,10,0
1075,14,3,21,3,1,2,4,14,4,90,1,0.08,15,1
945,11,3,5,25,1,6,8,18,3,60,0,0.81,20,0
1468,8,1,1,29,3,4,10,18,2,120,1,1.0,15,0
1399,19,3,9,1,1,1,3,14,0,90,0,0.83,20,0
1242,9,3,16,30,2,5,9,20,2,120,1,0.27,20,1
1149,9,2,30,19,2,0,4,20,1,120,0,0.61,10,0
809,16,1,13,17,5,7,10,22,3,120,0,0.79,10,0
1351,6,3,14,21,0,5,5,22,3,120,1,0.39,10,1
927,13,2,29,6,3,0,6,10,5,60,1,0.68,20,0
996,7,3,20,9,5,3,10,10,3,90,0,0.28,15,0
807,9,3,12,3,2,7,10,10,4,60,0,0.07,15,0
1563,7,1,8,29,4,3,10,18,5,90,0,0.85,10,0
1509,16,3,19,8,5,7,10,8,3,120,0,0.85,20,0
1242,19,2,8,3,5,7,10,16,2,120,0,0.88,15,0
848,10,2,17,14,2,0,4,16,1,90,0,0.88,10,0
1555,9,3,13,30,0,3,3,10,1,90,1,0.06,10,1
828,13,2,25,0,4,5,10,22,2,60,0,0.47,20,0
855,19,2,16,25,1,1,3,22,4,120,1,0.76,30,1
1392,7,1,1,29,0,6,6,14,6,120,0,0.78,10,0
1252,6,2,19,20,3,1,7,8,5,60,0,0.29,30,0
1211,7,3,24,13,1,0,2,16,3,90,1,0.88,10,1
1147,16,3,25,0,3,5,10,18,1,60,0,0.01,10,0
1407,18,1,28,18,1,4,6,14,3,90,1,0.19,15,0
845,6,1,9,18,3,5,10,14,4,120,0,0.15,20,0
1417,11,2,11,0,4,2,10,8,1,120,0,0.42,15,0
1005,16,1,25,2,2,3,7,20,3,120,1,0.6,20,1
1392,15,2,19,9,3,5,10,10,0,90,0,0.5,10,0
1454,9,3,7,14,4,3,10,10,3,120,1,0.81,30,0
1010,12,1,26,0,2,0,4,8,2,60,0,0.14,30,0
999,16,3,29,24,2,0,4,8,1,60,1,0.17,20,1
1536,8,2,27,17,1,2,4,10,0,60,1,0.91,10,0
1493,8,2,20,25,0,5,5,10,2,90,0,0.37,20,0
1476,8,3,25,19,3,1,7,8,1,60,0,0.19,30,0
1511,11,2,19,13,5,3,10,8,6,120,0,0.85,20,0
952,11,1,1,20,2,2,6,22,4,120,1,0.21,10,0
1281,18,3,19,2,1,6,8,22,5,120,1,0.5,30,0
983,11,3,11,16,5,7,10,20,3,90,1,0.58,10,0
1012,9,1,14,27,1,6,8,10,2,90,1,0.57,20,0
1060,14,1,4,24,0,4,4,16,4,90,0,0.58,30,0
1324,15,2,13,14,3,6,10,16,2,90,1,0.27,10,0
983,13,1,8,20,0,5,5,8,2,120,0,0.79,15,0
900,7,1,11,1,4,3,10,14,1,120,1,0.25,20,0
995,17,3,4,27,5,4,10,8,6,90,1,0.82,30,0
1215,19,3,24,20,0,7,7,20,4,60,1,0.23,15,0
1285,9,3,18,25,4,7,10,20,6,90,1,0.79,20,0
992,12,3,13,6,3,7,10,22,4,60,1,0.14,15,0
1112,17,1,15,25,5,5,10,14,1,90,1,0.69,30,0
1581,18,3,17,9,2,0,4,18,6,60,0,0.15,20,0
1381,16,3,29,19,4,6,10,16,1,90,0,0.53,15,0
1286,7,2,18,30,3,4,10,8,1,60,0,0.03,30,0
827,8,1,2,29,3,4,10,10,1,90,0,0.45,20,0
1330,6,1,10,27,3,6,10,10,0,60,1,0.48,10,0
1198,20,1,4,27,1,4,6,16,6,120,1,0.16,20,1
1401,9,3,22,21,3,4,10,10,0,60,1,0.06,30,0
1419,18,1,16,10,4,7,10,16,3,120,0,0.74,20,0
1461,20,2,11,22,5,4,10,16,4,60,1,0.25,30,0
1268,12,3,5,22,4,1,9,16,5,60,0,0.89,15,0
1080,20,3,17,9,5,1,10,20,5,120,0,0.91,30,0
1580,14,1,11,2,0,5,5,16,3,60,1,0.21,10,1
1273,6,1,20,22,5,7,10,16,2,120,1,0.86,30,0
838,6,2,3,22,1,5,7,20,5,90,1,0.46,10,1
1361,16,1,22,30,3,2,8,16,6,90,0,0.17,10,0
1421,7,1,9,3,4,6,10,10,0,120,0,0.68,15,0
1251,11,1,6,22,0,3,3,16,5,60,0,0.39,20,0
1254,6,3,0,1,3,3,9,10,2,60,0,0.09,30,0
828,6,2,26,6,5,1,10,10,0,120,0,0.72,10,0
1225,14,1,26,10,2,3,7,18,1,120,1,0.94,10,0
1037,9,1,11,10,1,0,2,16,5,90,0,0.39,30,0
1025,7,3,26,8,5,5,10,8,0,60,1,0.3,30,0
904,17,3,25,29,4,2,10,14,0,120,1,0.98,30,0
1494,20,3,4,10,1,5,7,22,5,90,0,0.34,30,0
1191,14,3,23,7,4,0,8,10,0,120,0,0.31,30,0
1575,9,3,2,1,1,5,7,16,2,60,0,0.38,10,0
1043,20,3,19,30,3,5,10,10,2,90,0,0.52,30,0
1463,19,2,24,0,1,5,7,14,1,60,0,0.91,15,0
1503,17,3,7,19,3,5,10,10,3,120,0,0.06,30,0
871,9,1,20,4,1,2,4,8,1,120,0,0.24,10,0
1236,17,2,9,5,5,3,10,10,3,60,0,0.3,30,0
1450,9,2,27,25,3,1,7,14,3,90,0,0.47,30,0
1317,15,3,13,24,1,7,9,8,6,90,1,0.85,20,0
1409,14,1,17,23,1,4,6,16,3,90,1,0.28,30,1
873,11,1,22,15,1,2,4,10,0,60,1,0.49,30,0
1204,17,2,12,15,2,1,5,16,0,60,1,0.93,15,0
998,18,2,30,8,5,5,10,18,5,90,1,0.7,30,0
1234,17,1,7,15,0,5,5,20,5,120,0,0.7,15,0
1067,15,2,30,21,1,4,6,10,4,120,0,0.01,10,0
1459,17,2,12,22,4,1,9,18,1,90,0,0.83,20,0
1508,10,3,30,17,5,6,10,18,2,120,1,0.75,10,0
911,16,3,24,25,2,2,6,14,5,60,1,0.7,10,0
972,19,2,0,3,0,6,6,18,3,120,1,0.73,15,0
980,11,1,22,4,1,7,9,10,4,60,1,0.57,15,0
990,9,1,23,5,1,4,6,22,3,90,0,0.87,15,0
881,10,1,12,3,2,1,5,14,0,120,0,0.48,10,0
809,6,2,24,30,0,0,0,8,1,120,0,0.38,20,0
1297,13,2,19,13,2,5,9,20,2,90,0,0.94,30,0
1187,15,1,11,27,2,1,5,8,3,120,1,0.73,15,0
826,15,1,27,16,2,3,7,14,3,120,1,0.51,15,0
803,16,2,0,20,2,0,4,22,5,90,1,0.23,30,1
1209,17,3,25,2,2,6,10,16,5,120,0,0.73,20,0
1421,9,3,4,27,4,0,8,10,3,60,1,0.83,30,0
972,20,2,30,3,3,3,9,10,1,60,0,0.11,10,0
964,20,2,28,12,2,3,7,20,2,120,1,0.95,10,0
1481,8,3,20,23,3,1,7,22,5,90,0,0.93,10,0
1459,11,2,29,22,5,6,10,20,5,120,1,0.81,15,0
1065,7,2,2,3,0,5,5,20,4,60,0,0.57,15,0
1120,12,3,23,0,2,0,4,18,4,60,1,0.98,20,1
1589,11,3,29,25,1,3,5,8,3,60,1,0.32,20,1
1024,13,3,14,4,4,4,10,10,5,120,0,0.6,20,0
1314,17,1,8,27,5,7,10,20,6,60,1,0.29,30,0
860,18,2,4,26,5,3,10,22,5,60,0,0.92,15,0
1299,17,2,9,26,5,2,10,8,4,90,1,0.42,30,0
1156,18,2,12,2,4,4,10,14,5,60,1,0.1,20,0
1570,18,3,27,25,0,4,4,16,5,60,0,0.44,30,0
1098,20,1,6,6,5,3,10,20,5,60,1,0.73,10,0
1494,18,1,12,30,3,2,8,8,0,90,1,0.18,10,0
920,14,3,10,18,3,2,8,20,5,90,0,0.03,15,0
1206,13,2,22,19,1,6,8,22,5,120,0,0.78,30,0
1081,16,3,14,11,0,1,1,8,0,60,1,0.64,15,0
823,15,3,18,15,2,1,5,22,4,60,1,0.48,30,0
1105,15,1,3,10,0,2,2,16,6,120,0,0.39,30,0
865,14,3,17,22,5,1,10,22,6,60,0,0.18,15,0
805,14,2,25,10,0,0,0,10,4,60,0,0.09,20,0
1571,6,1,3,16,2,5,9,18,1,90,0,0.25,10,0
1331,20,2,21,17,3,2,8,18,3,120,1,0.52,20,1
1420,14,3,6,22,0,0,0,10,0,60,0,0.3,15,0
937,15,3,6,18,2,4,8,10,5,120,1,0.07,20,0
1066,12,3,28,5,3,7,10,8,2,120,1,0.94,15,0
1348,9,1,20,23,2,3,7,20,2,120,0,0.42,15,0
1123,18,2,12,0,4,3,10,8,2,60,0,0.68,30,0
867,11,3,2,11,2,4,8,10,6,60,1,0.01,30,0
1027,12,1,25,29,0,2,2,18,5,90,1,0.1,20,1
1517,15,2,17,8,4,1,9,8,1,90,1,0.18,30,0
1288,15,1,8,0,5,2,10,20,1,60,1,0.57,20,0
854,20,3,20,11,5,3,10,20,4,90,1,0.18,20,1
1279,14,2,8,30,3,3,9,14,5,60,1,0.41,20,0
892,16,1,2,23,1,1,3,10,4,60,0,0.74,30,0
810,12,3,16,29,5,2,10,16,3,120,0,0.41,15,0
1563,6,3,13,22,4,5,10,10,5,120,0,0.61,15,0
1490,20,3,28,7,1,1,3,14,6,60,1,0.95,30,1
1307,12,1,11,3,2,3,7,22,4,60,1,0.3,20,0
1071,9,1,23,20,4,6,10,10,2,120,0,0.94,30,0
858,11,1,19,14,2,4,8,14,0,60,1,0.89,15,0
1211,11,1,3,13,3,3,9,8,4,120,0,0.41,30,0
807,8,3,8,7,3,6,10,14,2,90,1,0.89,20,0
911,13,3,26,14,1,2,4,14,5,90,0,0.36,15,0
913,9,2,1,4,3,6,10,20,2,60,0,0.67,30,0
1481,10,1,13,15,4,7,10,22,5,120,0,0.32,30,0
1313,17,3,26,26,3,2,8,8,0,60,0,0.16,10,0
1585,16,1,1,21,2,6,10,18,5,60,1,0.48,20,0
1297,7,2,7,19,1,2,4,10,2,60,1,0.99,15,0
1482,19,2,6,15,5,1,10,20,5,120,0,0.19,15,0
1034,7,1,12,1,2,3,7,10,3,60,0,0.09,10,0
1189,12,3,9,22,5,3,10,10,2,90,1,0.06,30,0
1459,6,2,3,8,2,4,8,14,5,90,0,0.32,10,0
986,6,1,1,21,5,5,10,10,2,90,1,0.91,10,0
1241,8,2,30,15,2,5,9,14,0,60,0,0.68,15,0
1139,11,3,25,11,5,5,10,10,5,90,0,0.58,10,0
908,8,3,23,19,0,0,0,18,5,60,0,0.7,10,0
876,14,3,10,9,5,7,10,22,1,120,0,0.04,15,0
1228,14,3,8,28,4,5,10,14,3,120,0,0.91,10,0
1294,12,3,29,30,4,0,8,10,4,90,0,0.29,10,0
1510,9,3,26,12,3,1,7,10,3,120,1,0.56,30,0
1210,15,2,6,5,0,2,2,18,1,120,0,0.88,30,0
1315,17,3,16,8,2,3,7,14,5,90,0,0.17,10,0
1346,9,2,1,20,1,4,6,10,2,60,0,0.99,15,0
1347,7,1,20,11,5,5,10,14,0,120,1,0.72,30,0
1426,10,2,1,20,0,5,5,10,5,90,0,0.26,10,0
1350,16,3,3,23,5,6,10,20,2,120,0,0.82,15,0
1132,10,1,18,20,3,2,8,16,1,120,1,0.37,30,1
895,13,1,14,5,1,3,5,18,3,120,0,0.65,10,0
1117,8,1,26,12,5,3,10,8,1,60,1,0.25,30,0
902,17,3,4,23,0,1,1,16,3,60,0,0.83,10,0
935,9,1,8,4,5,0,10,22,0,60,1,0.85,10,0
1007,8,2,24,18,3,2,8,14,2,90,0,0.24,20,0
1442,14,1,0,26,0,1,1,18,2,60,1,0.14,15,1
824,9,2,12,4,2,4,8,10,5,90,0,0.49,10,0
1029,7,2,11,2,4,5,10,8,2,60,0,0.6,15,0
1238,14,2,19,5,5,6,10,10,5,120,1,0.62,20,0
1156,20,1,8,29,3,5,10,14,6,120,0,0.79,15,0
1596,16,1,10,4,3,7,10,20,6,90,0,0.11,30,0
1544,10,1,2,10,1,2,4,22,3,90,1,0.49,30,0
1510,12,3,25,20,2,2,6,22,5,60,1,0.42,30,0
1351,14,2,17,17,1,6,8,8,4,120,1,0.53,15,0
1519,7,1,11,0,1,0,2,14,4,90,0,0.92,10,0
1157,11,1,9,14,1,6,8,10,1,60,0,0.75,10,0
1512,17,1,12,23,0,6,6,14,0,120,0,0.66,10,0
1288,19,3,27,5,0,2,2,14,1,60,0,0.08,30,0
953,18,1,15,23,1,4,6,16,3,120,1,0.44,10,0
1093,7,1,1,28,5,0,10,18,6,60,0,0.01,30,0
1496,20,2,17,22,2,4,8,20,1,90,0,0.27,10,0
1334,12,1,23,6,3,0,6,10,3,60,0,0.82,30,0
1288,11,3,20,12,3,2,8,8,6,90,1,0.19,10,0
906,7,2,19,24,2,0,4,10,2,60,0,0.07,10,0
1574,20,2,6,17,1,0,2,10,2,60,0,0.56,30,0
846,6,2,2,30,2,0,4,14,6,90,1,0.5,20,1
1569,12,3,11,4,5,1,10,14,3,120,0,0.5,15,0
824,15,2,15,18,0,4,4,10,1,120,1,0.08,10,0
1535,9,1,25,21,5,2,10,22,5,60,1,0.45,15,0
1147,10,2,19,27,3,0,6,20,6,120,1,0.24,10,1
956,15,3,15,3,0,2,2,22,6,90,0,0.5,30,0
1121,8,2,5,2,2,5,9,14,0,60,0,0.71,30,0
1064,13,2,24,28,3,2,8,8,4,90,0,0.36,20,0
1210,12,3,29,21,1,7,9,14,4,120,1,0.37,30,0
1318,13,2,28,28,5,0,10,18,5,60,0,0.7,10,0
958,19,1,9,12,1,6,8,22,0,60,1,0.87,10,0
1157,13,2,20,17,3,1,7,8,1,120,0,0.92,30,0
1586,12,1,12,10,0,5,5,14,4,90,0,0.7,30,0
917,10,2,1,17,1,7,9,10,5,60,1,0.57,30,0
863,20,2,25,13,3,3,9,8,1,60,1,0.27,15,0
885,8,1,8,12,0,4,4,22,5,90,1,0.52,20,0
988,19,1,2,28,3,5,10,22,2,60,0,0.35,30,0
1293,13,3,22,25,1,6,8,14,5,120,1,0.82,15,0
879,17,3,18,19,1,5,7,20,6,120,1,0.01,30,1
951,13,2,3,25,5,6,10,14,4,120,0,0.99,15,0
1449,13,3,18,3,0,3,3,20,1,90,0,0.6,15,0
1156,9,1,21,18,0,5,5,22,2,60,1,0.9,10,0
1516,13,3,14,13,3,5,10,14,6,120,1,0.52,20,0
916,20,1,14,13,2,2,6,18,4,60,1,0.38,30,1
1449,10,3,19,30,0,1,1,22,6,60,0,0.65,30,0
906,13,3,24,19,4,1,9,20,3,120,0,0.67,30,0
1016,9,2,17,12,0,3,3,22,3,60,1,0.97,30,0
1222,20,3,22,25,5,6,10,8,2,60,1,0.27,20,0
1114,19,2,21,7,0,6,6,8,0,60,0,0.79,20,0
1143,8,3,13,7,4,6,10,10,4,120,1,0.83,30,0
931,16,2,23,5,3,5,10,18,1,90,0,0.1,15,0
1316,7,3,18,25,3,4,10,22,4,60,1,0.2,10,0
826,12,1,20,24,4,2,10,8,4,120,0,0.57,10,0
1560,17,1,14,20,5,5,10,10,1,120,0,0.3,15,0
1543,18,2,24,8,5,0,10,14,0,60,0,0.64,10,0
913,13,3,3,3,1,4,6,14,1,60,0,0.49,20,0
1012,12,1,15,25,0,6,6,8,3,120,0,0.21,30,0
1184,20,2,20,29,3,2,8,10,2,60,0,0.66,10,0
920,11,2,15,19,4,0,8,10,4,120,1,0.93,15,0
1420,6,3,0,16,4,2,10,10,6,90,0,0.9,10,0
1135,8,1,2,23,5,2,10,14,2,90,0,0.95,20,0
1525,14,3,9,14,5,7,10,16,4,90,0,0.25,15,0
1503,19,3,8,30,3,1,7,18,6,120,1,0.17,15,0
1539,13,2,28,14,3,4,10,22,2,120,0,0.61,30,0
1004,15,2,11,28,5,1,10,16,1,60,1,0.59,20,0
1418,19,3,30,30,4,5,10,16,0,60,0,0.81,30,0
990,11,1,2,6,5,5,10,14,1,90,0,0.01,10,0
1534,11,1,14,18,2,3,7,18,0,90,1,0.6,15,1
905,14,2,22,19,5,1,10,18,5,90,1,0.32,20,0
1002,9,1,25,15,3,0,6,14,3,60,0,0.45,20,0
1405,12,1,18,0,2,0,4,20,6,120,0,0.91,20,0
934,19,2,1,28,4,0,8,14,5,60,0,0.47,30,0
1540,10,2,10,24,2,6,10,8,4,90,1,0.61,30,0
1105,17,2,15,27,5,1,10,22,2,120,0,0.03,10,0
810,8,1,10,27,5,6,10,10,1,60,0,0.72,20,0
1350,6,3,27,1,2,0,4,8,0,90,0,0.26,30,0
1076,17,1,29,4,4,7,10,8,1,90,0,0.75,30,0
1452,13,3,3,16,4,3,10,18,3,120,1,0.98,20,0
1591,17,2,7,2,2,4,8,20,0,90,0,0.66,15,0
1511,7,1,15,1,1,0,2,20,1,90,1,0.19,10,1
1148,9,3,24,16,4,5,10,22,2,120,1,0.66,10,0
933,9,2,12,14,4,3,10,22,3,60,0,0.28,15,0
1502,10,3,20,3,1,7,9,8,5,60,0,0.02,30,0
991,10,1,15,21,4,7,10,14,2,60,0,0.35,15,0
954,12,3,13,16,2,0,4,16,2,90,0,0.05,30,0
1549,20,2,6,9,1,6,8,10,4,90,1,0.52,10,0
1497,6,3,7,30,0,3,3,8,0,60,1,0.24,10,1
1082,9,3,22,22,3,6,10,16,0,60,1,0.5,15,0
1008,11,3,9,22,4,4,10,20,0,60,0,0.5,30,0
1556,10,3,7,5,2,1,5,10,1,90,1,0.14,10,1
1482,13,2,10,0,1,4,6,8,1,120,0,0.59,30,0
1397,6,2,27,7,3,1,7,8,6,60,1,0.84,15,0
1573,8,1,3,9,5,5,10,16,3,120,1,0.99,20,0
1479,13,2,11,14,0,5,5,14,5,90,1,0.11,10,0
951,12,1,21,4,2,7,10,8,1,120,1,0.36,10,0
998,20,2,20,3,2,7,10,18,1,90,1,0.89,30,0
1403,12,2,9,6,0,5,5,22,4,60,1,0.8,20,0
1095,7,1,15,29,5,2,10,16,5,60,1,0.62,15,0
1110,13,2,2,25,2,0,4,16,0,60,1,0.83,10,0
854,13,2,0,13,2,0,4,8,2,60,1,0.88,15,0
888,17,2,4,23,1,6,8,18,0,90,0,0.03,20,0
1054,18,3,20,12,3,6,10,8,2,90,1,0.17,30,0
1495,20,2,25,18,1,3,5,14,1,90,0,0.3,10,0
1104,15,3,14,17,1,6,8,22,6,90,0,0.14,30,0
1510,11,3,29,21,5,5,10,16,2,90,1,0.42,30,0
1272,6,3,0,30,3,1,7,22,1,120,1,0.79,20,0
930,15,3,28,18,2,0,4,22,6,90,0,0.4,10,0
1273,18,3,14,26,0,1,1,8,2,120,0,0.33,10,0
1097,15,2,22,10,0,1,1,20,4,120,0,0.7,15,0
1375,17,2,4,7,5,2,10,14,5,90,0,0.81,15,0
917,7,1,4,19,0,1,1,10,1,60,1,0.02,30,1
1200,6,1,9,12,3,2,8,22,1,120,1,0.82,30,0
1473,15,1,13,4,5,0,10,10,1,120,0,0.17,15,0
1287,13,2,9,21,0,7,7,14,5,90,1,0.39,10,0
1275,12,2,4,0,2,7,10,8,4,90,0,0.58,10,0
1460,16,3,19,14,0,5,5,10,3,120,1,0.28,15,0
1166,14,3,6,11,5,6,10,18,0,60,0,0.35,20,0
1270,17,1,8,25,5,4,10,16,0,120,1,0.38,30,0
1420,16,1,18,22,4,4,10,10,5,90,1,0.58,30,0
869,6,1,27,23,1,3,5,8,5,60,1,0.93,30,0
1131,18,1,24,25,5,3,10,8,1,120,1,0.76,30,0
865,6,3,8,3,0,1,1,16,6,90,0,0.92,20,0
910,17,2,12,4,5,3,10,10,2,90,1,0.68,15,0
1006,17,1,13,26,4,3,10,8,4,60,0,0.2,15,0
805,11,2,18,17,0,5,5,10,5,120,1,0.19,15,1
1384,19,2,16,11,2,2,6,22,0,90,1,0.63,10,0
1382,7,1,25,16,2,1,5,8,3,60,0,0.6,20,0
823,9,2,29,26,2,6,10,20,2,60,0,0.97,10,0
1347,15,1,27,16,4,4,10,16,4,60,0,0.58,20,0
1468,6,1,10,13,2,3,7,14,6,60,0,0.2,20,0
1575,16,1,7,15,0,0,0,14,0,90,0,0.89,30,0
932,10,3,1,3,0,7,7,18,1,120,1,0.43,20,1
1600,19,1,0,29,0,0,0,22,6,60,1,0.68,10,0
1365,13,1,12,24,3,2,8,16,5,90,0,0.12,10,0
1430,20,2,11,6,2,6,10,8,1,60,0,0.59,15,0
1222,17,3,18,1,0,3,3,22,0,60,0,0.13,15,0
1089,6,2,11,19,5,3,10,14,1,120,1,0.48,10,0
1472,7,1,8,30,4,3,10,16,5,120,1,0.9,15,0
1254,17,2,30,11,4,4,10,22,5,60,1,0.32,10,0
855,11,2,22,30,4,7,10,14,0,60,0,0.84,15,0
1112,17,3,6,3,2,2,6,8,1,120,1,0.65,30,1
916,6,2,26,1,2,4,8,18,3,90,0,0.06,30,0
1307,6,2,12,14,0,3,3,10,3,60,1,0.53,20,1
832,14,2,29,0,4,5,10,22,2,120,0,0.76,20,0
1543,19,3,13,27,3,0,6,22,0,120,1,0.95,20,0
1347,13,2,18,23,4,4,10,10,3,90,0,0.13,10,0
1087,18,3,30,8,0,3,3,22,4,90,1,0.57,10,0
1430,10,2,8,21,2,0,4,8,2,120,1,0.84,15,0
1254,13,1,14,0,3,0,6,14,3,120,0,0.41,10,0
1083,20,3,17,10,0,7,7,10,2,90,1,0.87,15,0
1032,16,1,4,27,4,0,8,10,0,120,0,0.18,30,0
1393,11,1,17,22,1,0,2,20,2,90,0,0.68,20,0
1353,17,1,19,7,2,1,5,8,4,90,0,0.51,15,0
1008,11,3,11,26,5,6,10,8,5,90,1,0.14,20,0
1421,18,2,10,13,5,5,10,16,2,120,0,0.16,10,0
1097,20,1,29,18,0,1,1,18,1,90,1,0.94,30,1
1396,6,3,23,4,3,1,7,8,1,120,1,0.54,10,0
1340,18,1,19,15,5,7,10,14,2,60,1,0.91,20,0
1048,18,2,7,14,2,1,5,20,1,90,1,0.36,20,1
1373,14,1,29,11,5,7,10,18,1,90,1,0.23,15,0
1350,9,2,21,18,5,2,10,18,2,90,1,0.31,10,0
1218,12,3,4,18,3,3,9,10,3,60,0,0.12,20,0
1583,14,3,29,15,5,1,10,10,6,60,1,0.02,15,0
874,8,3,27,16,3,6,10,14,1,90,0,0.71,10,0
1144,20,2,18,19,4,1,9,20,0,60,1,0.95,30,0
1445,13,3,26,13,2,7,10,20,1,120,0,0.72,10,0
955,20,1,18,18,2,7,10,16,2,90,0,0.51,20,0
1591,7,1,9,15,2,0,4,18,4,120,1,0.29,30,1
1126,18,1,30,4,0,3,3,16,4,90,1,0.1,20,1
969,7,2,8,15,3,3,9,10,2,90,0,0.92,20,0
944,7,1,17,26,4,2,10,8,4,60,0,0.01,10,0
1178,9,2,30,30,4,6,10,20,3,120,0,0.83,20,0
912,17,3,29,27,0,7,7,16,3,90,0,0.86,20,0
1549,16,1,30,11,0,3,3,20,0,90,0,0.51,20,0
1264,16,3,16,21,0,5,5,8,3,60,1,0.19,10,0
1449,16,1,7,4,4,6,10,22,1,120,0,0.27,15,0
1296,19,1,23,15,2,2,6,10,5,60,0,0.0,10,0
1302,14,3,6,22,1,0,2,16,5,90,1,0.63,15,1
1453,11,2,16,21,1,4,6,22,1,90,1,0.49,30,0
1412,11,3,15,9,0,3,3,8,6,90,1,0.97,20,1
1053,16,2,3,5,3,5,10,20,0,90,1,0.7,30,0
1300,15,2,21,7,0,4,4,14,4,60,1,0.06,20,1
1067,16,2,13,12,3,6,10,16,2,60,1,0.49,15,0
1147,16,1,9,14,3,3,9,18,1,120,0,0.78,10,0
1428,15,2,4,19,4,0,8,20,0,90,0,0.78,20,0
1161,18,3,2,20,0,3,3,14,4,60,0,0.84,30,0
1535,9,2,25,5,2,5,9,16,1,120,0,0.94,10,0
820,18,3,3,16,3,7,10,8,1,90,1,0.02,15,0
834,10,3,3,26,3,6,10,10,6,120,1,0.86,10,0
875,14,3,22,24,5,6,10,8,0,120,0,0.1,30,0
998,19,3,27,9,2,6,10,18,5,60,1,0.27,15,0
902,10,3,18,15,3,4,10,16,0,60,1,0.56,30,0
1091,20,3,17,16,1,6,8,8,3,120,1,0.95,10,0
1263,9,3,0,12,1,7,9,14,3,120,0,0.64,20,0
947,18,3,2,3,4,2,10,10,6,90,0,0.08,30,0
1431,19,2,16,23,4,3,10,8,6,90,1,0.41,20,0
954,6,2,22,18,4,6,10,22,0,90,0,0.76,30,0
1358,13,2,30,20,1,5,7,16,5,90,0,0.92,30,0
1516,7,2,4,24,0,2,2,18,5,60,0,0.2,10,0
839,20,2,15,5,5,7,10,10,5,120,1,0.4,20,0
920,12,2,23,29,5,4,10,18,2,120,1,0.56,15,0
944,10,3,21,6,4,5,10,18,4,90,1,0.46,20,0
1564,17,1,5,16,5,7,10,8,2,90,0,0.15,10,0
805,10,3,6,6,5,1,10,18,3,90,0,0.06,30,0
1408,8,1,11,20,4,3,10,14,5,60,0,0.27,30,0
1398,17,2,11,19,3,4,10,18,4,120,0,0.08,15,0
905,17,1,8,5,2,1,5,10,6,120,1,0.33,20,1
1554,19,3,21,29,3,3,9,10,0,60,0,0.09,15,0
946,8,2,27,0,2,1,5,8,1,120,1,0.43,30,0
1134,10,3,24,3,1,6,8,16,6,90,1,0.35,20,1
1343,7,3,26,6,1,4,6,20,1,90,1,0.49,20,1
1501,7,3,28,13,5,5,10,10,0,90,1,0.77,20,0
1545,12,1,19,17,1,6,8,14,1,120,0,0.2,20,0
1338,9,1,18,9,2,1,5,14,2,120,0,0.61,10,0
1462,10,3,15,12,0,4,4,14,5,60,0,0.86,30,0
1422,16,2,15,5,3,1,7,8,2,60,0,0.71,15,0
934,7,2,26,27,0,0,0,16,5,120,0,0.31,20,0
998,16,3,23,0,2,5,9,20,1,120,1,0.52,30,0
1226,19,3,21,1,0,3,3,22,6,120,0,0.73,10,0
976,13,1,8,19,1,6,8,10,5,120,0,0.31,20,0
920,11,2,18,26,5,1,10,18,3,60,0,0.92,15,0
1547,7,1,10,18,5,0,10,22,1,60,0,0.64,30,0
883,20,3,30,7,2,3,7,20,6,120,0,0.31,30,0
1522,10,1,8,4,4,5,10,16,1,60,1,0.88,15,0
1102,10,3,14,8,0,7,7,14,4,90,1,0.77,30,0
1446,16,1,1,30,4,6,10,10,4,120,0,0.99,30,0
1155,16,3,25,9,1,5,7,20,4,120,1,0.09,15,0
1064,9,2,8,1,0,2,2,16,1,90,1,0.37,30,1
1474,15,1,10,22,0,5,5,22,0,60,1,0.48,20,0
1463,20,1,5,29,2,4,8,10,3,120,0,0.75,30,0
1431,13,3,18,22,3,6,10,16,6,60,1,0.72,20,0
1294,16,2,9,1,1,1,3,16,3,90,1,0.59,15,1
1324,8,2,28,19,5,3,10,18,6,60,0,0.66,10,0
892,10,1,25,11,3,6,10,10,3,60,0,0.2,15,0
1108,10,1,5,7,1,6,8,8,5,60,0,0.68,20,0
805,13,1,11,3,3,6,10,20,1,90,1,0.83,15,0
1581,20,1,12,4,2,2,6,16,6,90,1,0.82,30,1
1411,12,3,2,11,3,0,6,10,4,60,0,0.37,20,0
1313,19,1,19,19,3,1,7,20,1,60,1,0.19,15,0
1109,12,1,10,12,5,2,10,16,1,90,1,0.39,30,0
835,10,2,5,5,3,1,7,16,6,60,1,0.69,10,0
1471,19,2,25,25,0,2,2,14,1,120,1,0.69,10,0
1297,16,3,12,13,0,4,4,16,2,120,0,0.6,30,0
1314,11,2,22,10,4,5,10,8,6,60,1,0.53,30,0
1490,7,1,0,10,5,4,10,10,4,120,1,0.43,30,0
1088,6,1,27,15,3,5,10,8,4,120,1,0.25,20,0
1491,10,1,17,8,1,4,6,14,3,60,1,0.32,10,1
1410,7,2,23,1,4,6,10,10,1,60,0,0.13,15,0
1448,13,2,28,8,2,7,10,20,4,60,1,0.04,20,0
1181,6,1,19,23,5,1,10,16,4,120,0,0.34,20,0
1232,12,1,5,30,5,4,10,20,5,120,0,0.84,30,0
919,18,1,18,8,2,3,7,20,6,60,1,0.57,15,0
1578,20,2,8,23,5,2,10,14,4,120,0,0.6,15,0
1494,10,2,0,13,1,0,2,22,3,120,0,0.27,30,0
1413,18,3,10,3,1,3,5,8,5,90,0,0.06,20,0
1545,17,3,26,14,4,6,10,20,4,90,1,0.48,10,0
1151,11,2,11,26,3,2,8,16,6,120,1,0.21,15,1
1489,12,2,12,1,5,1,10,20,3,120,1,0.08,20,0
1111,10,2,14,21,3,0,6,10,4,120,0,0.62,30,0
1225,18,1,24,9,4,7,10,10,3,120,0,0.38,10,0
899,12,1,6,3,4,4,10,10,6,60,1,0.55,20,0
1569,9,2,28,19,2,5,9,22,2,120,0,0.66,20,0
1314,14,3,12,7,3,7,10,22,3,90,1,0.16,15,0
1209,10,1,17,26,2,7,10,20,1,120,0,0.38,30,0
1228,12,1,20,0,4,3,10,10,4,120,0,0.6,30,0
823,11,3,7,5,4,7,10,20,0,90,0,0.74,30,0
1365,14,1,27,29,1,7,9,14,5,60,0,0.47,15,0
1130,8,2,2,28,0,3,3,18,3,90,0,0.68,30,0
1047,18,1,14,16,5,1,10,22,4,90,0,0.24,10,0
807,17,1,21,21,3,7,10,22,3,60,1,0.96,10,0
1532,18,3,20,17,5,0,10,16,3,120,0,0.29,30,0
1542,18,1,11,12,5,7,10,16,6,60,0,0.15,20,0
1576,19,3,24,25,0,2,2,14,3,120,1,0.14,15,1
1294,9,2,3,10,5,1,10,16,5,90,0,0.76,20,0
1102,17,2,10,25,3,4,10,18,2,120,0,0.76,15,0
1334,10,1,7,28,2,5,9,20,2,90,0,0.57,20,0
1286,17,2,21,9,1,2,4,10,4,90,1,0.26,15,0
828,19,1,18,9,1,0,2,14,2,120,1,0.48,15,0
1152,16,1,18,27,4,5,10,18,2,90,1,0.65,30,0
979,13,2,0,21,0,5,5,10,2,60,0,0.15,10,0
1465,9,2,15,14,4,0,8,22,5,120,0,0.74,20,0
1480,6,2,20,3,2,1,5,14,4,120,0,0.97,10,0
1257,15,3,7,7,2,2,6,20,5,60,0,0.69,30,0
981,6,3,8,17,2,1,5,20,1,120,0,0.91,15,0
1335,10,1,6,7,1,7,9,16,0,120,0,0.32,10,0
1001,13,1,14,2,3,3,9,8,4,120,0,0.6,20,0
1382,6,3,13,27,0,7,7,22,5,60,1,0.99,20,0
1572,12,3,8,15,5,2,10,14,4,90,1,0.95,20,0
1070,19,3,7,10,2,4,8,20,3,60,0,0.49,20,0
1321,13,2,5,5,0,6,6,20,2,60,1,0.34,15,1
998,18,1,24,7,1,4,6,18,2,90,1,0.1,20,1
1424,9,3,21,4,2,2,6,10,6,90,0,0.85,15,0
1133,14,2,20,19,3,4,10,10,2,90,1,0.37,20,0
1141,17,2,26,23,2,7,10,14,3,120,1,0.76,10,0
1580,12,1,30,13,2,2,6,16,6,90,0,0.82,15,0
1013,16,3,8,9,2,0,4,14,3,90,1,0.56,15,0
1020,15,3,14,27,2,1,5,8,1,60,1,0.72,30,0
847,18,3,12,22,5,7,10,10,2,120,1,0.06,10,0
1454,11,2,17,11,3,4,10,8,3,60,0,0.32,30,0
955,19,1,18,9,4,3,10,18,0,90,0,0.33,20,0
1370,14,2,22,0,1,1,3,22,6,120,1,0.96,20,0
1591,13,3,28,6,1,5,7,16,1,90,1,0.33,20,1
1061,15,3,29,0,1,1,3,20,3,90,1,0.81,10,1
1341,6,3,11,0,4,6,10,8,4,90,1,0.28,20,0
1449,7,3,2,18,0,1,1,18,1,120,0,0.57,30,0
1424,16,1,24,2,5,6,10,22,2,90,1,0.89,15,0
1466,11,1,5,20,4,5,10,16,4,120,1,0.89,30,0
1388,10,1,19,26,3,0,6,8,1,90,1,0.15,15,1
1398,16,2,17,14,5,3,10,22,6,120,1,0.89,15,0
993,18,1,6,9,1,1,3,8,4,120,0,0.78,20,0
870,11,2,29,7,5,3,10,10,2,60,1,0.99,15,0
1022,18,2,0,4,3,1,7,22,3,60,1,0.87,15,0
1189,6,2,14,12,1,3,5,22,3,120,0,0.09,15,0
1318,20,3,23,16,0,2,2,22,1,60,1,0.74,20,1
1567,11,2,6,6,0,5,5,16,2,120,0,0.94,10,0
807,12,2,12,30,0,5,5,14,2,60,1,0.95,20,0
1034,17,1,20,20,3,7,10,8,2,120,1,0.05,15,0
981,15,1,4,16,1,2,4,20,3,60,0,0.6,15,0
1557,16,2,11,19,3,2,8,16,1,60,0,0.74,15,0
1173,20,1,25,5,0,7,7,10,2,90,1,0.91,20,0
1436,11,1,25,0,2,0,4,16,0,120,0,0.91,10,0
1352,12,3,23,16,1,2,4,8,0,90,0,0.09,10,0
915,13,2,13,27,4,7,10,10,6,120,0,0.31,30,0
1063,8,2,21,17,2,1,5,16,3,120,0,0.13,15,0
946,9,3,2,23,0,6,6,14,4,60,0,0.23,15,0
1547,16,2,10,22,3,4,10,22,1,90,1,0.37,15,0
1393,17,1,23,28,3,0,6,22,1,60,0,0.14,10,0
1043,8,2,10,0,4,7,10,16,6,90,0,0.63,30,0
1262,9,2,19,8,4,7,10,8,5,90,1,0.34,15,0
1061,11,2,24,17,3,1,7,20,6,90,1,0.06,20,1
1236,16,1,30,17,1,1,3,10,3,60,0,0.55,20,0
929,19,2,9,14,3,1,7,22,4,60,1,0.82,15,0
945,19,3,7,24,0,3,3,20,5,90,0,0.56,10,0
1345,11,3,7,22,4,2,10,14,1,60,0,0.63,15,0
1569,17,1,17,30,4,6,10,22,1,90,0,0.96,30,0
1103,12,3,13,28,3,7,10,14,1,120,1,0.0,20,0
1525,14,3,9,6,5,1,10,8,6,90,0,0.14,15,0
1582,18,1,12,25,1,6,8,16,4,60,0,0.83,10,0
1031,10,1,28,12,0,2,2,10,3,60,1,0.76,10,1
1452,7,3,9,16,0,7,7,10,5,90,1,0.82,30,0
957,7,3,10,28,2,0,4,16,6,90,0,0.63,30,0
1399,8,3,22,27,3,4,10,10,4,60,0,1.0,20,0
1047,19,3,15,26,5,6,10,16,0,120,0,0.87,20,0
1541,17,2,28,8,5,5,10,16,5,90,1,0.08,10,0
1530,18,2,7,18,3,3,9,18,3,120,1,0.1,30,0
1374,15,3,12,19,4,6,10,8,4,60,0,0.58,10,0
1582,9,2,18,21,5,6,10,22,3,120,0,0.35,30,0
1271,15,3,1,30,3,6,10,20,0,60,0,0.02,20,0
901,10,2,25,0,5,7,10,22,2,90,1,0.35,15,0
1083,13,1,10,14,5,4,10,22,6,60,0,0.56,20,0
1558,12,2,24,26,1,7,9,22,0,90,1,0.62,15,0
1124,19,2,3,29,5,1,10,20,3,90,1,0.64,30,0
1007,10,3,15,11,2,7,10,14,6,60,0,0.32,10,0
994,15,2,29,16,5,4,10,22,4,120,0,0.4,10,0
1003,7,1,22,19,5,6,10,22,2,60,1,0.53,30,0
936,20,2,3,27,5,4,10,18,4,60,1,1.0,30,0
841,9,3,4,21,2,0,4,16,1,120,0,0.25,15,0
1250,16,1,4,0,2,3,7,8,6,120,1,0.84,30,0
1369,14,3,6,13,1,6,8,20,4,90,1,0.71,20,1
1069,12,2,11,28,1,5,7,18,2,60,0,0.32,15,0
1351,15,1,3,29,4,7,10,18,2,60,0,0.72,15,0
1276,10,3,26,1,3,7,10,16,4,90,0,0.95,15,0
822,14,2,17,20,0,5,5,16,6,120,0,0.06,20,0
866,17,2,18,8,5,0,10,20,4,90,1,0.7,15,0
1205,9,3,14,9,4,4,10,14,1,120,1,0.14,20,0
806,15,1,22,24,2,1,5,22,0,120,0,0.53,15,0
1550,9,1,19,24,1,2,4,8,5,90,0,0.33,10,0
1213,15,3,30,21,3,6,10,16,5,90,0,0.85,15,0
898,10,2,5,22,3,4,10,16,0,60,1,0.4,15,0
1159,16,3,2,10,3,1,7,18,2,60,0,0.98,10,0
1499,11,1,5,0,4,0,8,8,2,90,1,0.03,20,0
871,8,1,20,19,3,2,8,18,1,90,0,0.87,15,0
1414,11,3,5,28,3,2,8,18,1,90,0,0.62,10,0
1119,20,2,3,11,5,2,10,18,4,60,0,0.5,15,0
1427,20,2,30,14,5,6,10,22,3,60,0,0.34,20,0
944,9,2,6,25,3,0,6,14,0,90,0,0.85,10,0
1479,16,2,29,16,4,6,10,22,4,120,0,0.28,15,0
1258,18,1,9,30,5,6,10,16,3,90,0,0.49,30,0
906,11,3,15,19,3,4,10,16,6,90,0,0.53,10,0
992,7,2,28,18,5,2,10,20,2,120,0,0.53,10,0
1110,12,1,11,30,4,0,8,22,6,120,1,0.74,15,0
1320,11,3,22,1,1,1,3,16,1,60,1,0.07,15,1
1307,9,3,20,19,0,0,0,16,1,120,0,0.92,10,0
1046,16,2,5,12,1,5,7,22,3,60,0,0.14,15,0
1436,16,2,28,29,3,4,10,10,5,120,1,0.41,10,0
1225,19,2,12,8,1,7,9,14,4,60,1,0.04,30,0
931,16,3,7,2,5,1,10,8,1,90,0,0.18,20,0
971,17,2,30,21,5,6,10,14,4,90,1,0.86,20,0
911,18,1,12,26,1,1,3,18,6,90,0,0.13,10,0
1280,13,1,3,7,0,6,6,10,0,120,0,0.24,20,0
1248,17,1,14,19,0,3,3,22,1,120,1,0.04,10,0
956,11,2,29,5,2,7,10,10,5,60,1,0.38,20,0
1317,7,1,5,20,1,5,7,20,5,90,0,0.87,10,0
1051,15,3,9,17,1,2,4,18,2,60,0,0.68,30,0
1330,14,1,19,23,1,5,7,14,0,60,0,0.68,10,0
1190,6,3,1,26,3,1,7,22,1,120,0,0.56,10,0
820,16,2,29,18,5,6,10,14,5,120,1,0.45,15,0
1499,13,3,8,11,5,7,10,16,1,90,1,0.22,20,1
1452,17,1,30,30,3,4,10,10,2,120,0,0.43,20,0
947,6,2,13,22,4,3,10,16,1,120,1,0.21,30,0
1231,20,2,14,23,3,7,10,16,3,90,1,0.33,30,0
936,17,3,6,7,1,3,5,18,1,120,1,0.9,30,1
1183,16,2,6,12,1,7,9,8,4,120,1,0.3,30,0
852,9,1,10,17,1,6,8,18,3,60,1,0.02,15,1
1195,15,3,5,8,5,2,10,20,3,120,0,0.15,20,0
1279,9,3,4,24,3,5,10,18,6,120,0,0.68,10,0
887,6,1,29,27,0,5,5,22,0,90,1,0.2,15,1
1018,10,1,11,19,2,7,10,16,2,120,0,0.29,10,0
1375,8,1,5,13,0,6,6,10,4,120,1,0.7,20,0
1506,19,1,3,21,1,7,9,8,6,60,0,0.88,30,0
1188,13,1,24,0,4,5,10,16,4,120,0,0.45,10,0
1303,16,3,11,28,2,1,5,14,0,60,0,0.62,30,0
953,7,3,6,30,5,5,10,14,5,60,1,0.6,30,0
816,15,3,13,5,2,4,8,10,4,90,0,0.49,15,0
853,16,1,22,9,2,7,10,16,2,60,1,0.75,30,0
1475,7,2,17,1,1,0,2,20,4,60,1,0.38,30,1
1189,12,1,22,21,2,6,10,14,2,120,1,0.41,20,0
935,11,3,8,17,1,7,9,14,2,60,1,0.92,10,0
1482,20,2,27,16,0,0,0,22,1,60,0,0.07,20,0
866,8,3,25,7,0,1,1,8,5,60,1,0.87,10,0
959,15,3,30,27,3,5,10,22,5,60,0,0.06,15,0
1004,20,3,29,2,1,1,3,20,0,60,1,0.79,15,1
1015,6,3,2,12,2,3,7,16,6,60,1,0.61,15,1
1280,10,3,21,18,0,7,7,10,4,60,0,0.18,15,0
1069,8,3,18,6,5,1,10,20,6,60,0,0.19,20,0
1574,9,1,12,20,4,4,10,18,3,120,1,0.22,20,0
1153,17,1,16,0,5,4,10,14,6,60,0,0.06,30,0
1152,20,3,1,19,3,1,7,20,6,120,1,0.01,10,0
1126,15,2,22,21,4,1,9,18,2,120,1,0.45,30,0
1179,13,2,24,15,2,3,7,10,4,60,0,0.69,30,0
1276,20,2,10,29,3,7,10,22,3,90,0,0.14,30,0
1229,6,1,25,10,3,2,8,16,2,60,1,0.79,15,1
954,15,1,6,3,0,6,6,16,1,90,1,0.2,30,1
1201,8,2,26,30,4,4,10,10,1,90,1,0.43,15,0
1299,16,1,11,30,0,1,1,14,5,90,1,0.14,30,1
1021,12,2,0,30,2,2,6,14,5,90,1,0.61,15,1
1342,10,2,23,11,5,2,10,14,4,90,0,0.02,20,0
1227,9,1,30,10,5,3,10,22,2,120,1,0.79,20,0
1391,18,2,22,6,1,5,7,22,5,120,0,0.71,15,0
1055,13,3,15,28,0,5,5,18,0,90,0,0.62,10,0
1341,13,2,19,28,5,4,10,8,3,90,0,0.79,20,0
1528,8,2,27,24,0,7,7,10,1,120,0,0.33,30,0
1375,8,2,30,10,3,5,10,18,4,60,0,0.96,10,0
1102,17,1,23,28,1,4,6,10,6,90,1,0.7,10,0
1105,10,1,4,9,0,0,0,20,5,90,0,0.37,15,0
1257,16,2,17,5,4,7,10,22,2,60,1,0.46,15,0
1523,15,2,9,5,4,2,10,14,0,60,0,0.87,30,0
1177,8,2,26,23,3,0,6,20,3,120,1,0.4,20,1
1427,19,1,20,9,2,0,4,18,0,120,0,0.5,10,0
943,8,1,16,5,5,3,10,8,6,90,1,0.34,30,0
1151,18,1,15,12,4,0,8,18,3,120,1,0.69,10,0
1012,13,1,3,24,2,3,7,10,0,120,0,0.05,15,0
1290,6,1,7,24,1,2,4,22,1,120,1,0.32,30,1
819,14,2,15,0,5,6,10,18,0,60,0,0.59,15,0
1035,15,2,0,11,5,1,10,18,2,120,0,0.4,15,0
1349,6,3,23,19,2,4,8,18,2,120,1,0.16,15,1
1572,15,2,10,6,2,4,8,16,0,120,1,0.45,30,1
1417,16,3,16,24,3,3,9,10,0,60,1,0.8,15,0
1004,18,3,23,23,2,3,7,18,6,90,1,0.46,15,0
1380,20,2,6,16,0,4,4,8,1,60,1,0.21,30,1
1537,11,2,12,19,1,7,9,16,4,120,1,0.8,15,0
879,15,1,28,0,0,0,0,22,0,90,0,0.3,30,0
1546,15,1,3,1,2,3,7,20,1,90,1,0.08,30,1
1469,6,2,24,1,0,4,4,10,2,90,0,0.12,10,0
1287,8,1,3,2,5,3,10,16,6,120,1,0.27,30,0
864,17,3,4,6,0,6,6,20,3,60,0,0.5,30,0
1222,8,1,18,28,0,1,1,22,2,120,1,0.72,15,1
1073,6,3,8,30,1,3,5,20,3,60,0,0.87,30,0
1372,17,2,25,7,5,0,10,14,2,60,1,0.46,30,0
1357,8,2,21,28,2,2,6,14,5,120,1,0.41,30,1
1181,13,2,24,9,1,7,9,20,4,90,1,0.96,10,0
1416,10,1,10,29,2,7,10,16,6,120,0,0.89,20,0
1318,20,3,4,19,2,2,6,22,6,120,0,0.98,15,0
1509,12,1,26,13,0,0,0,18,0,120,0,0.25,15,0
1557,9,3,22,25,2,7,10,8,2,120,1,0.55,30,0
1335,16,2,7,18,2,6,10,20,6,60,0,0.64,30,0
959,19,3,28,24,1,0,2,22,4,60,1,0.14,10,0
1511,10,1,24,12,2,3,7,18,5,60,0,0.02,10,0
1102,7,1,5,26,5,1,10,8,2,90,0,0.42,20,0
1477,12,1,22,19,2,5,9,16,2,60,1,0.43,30,0
1450,15,3,1,21,3,0,6,16,2,90,0,0.26,30,0
1192,18,3,24,3,3,5,10,20,3,60,1,0.04,30,0
1577,20,1,15,8,4,1,9,8,1,120,0,0.45,20,0
1047,15,2,1,10,2,7,10,10,4,90,0,0.01,15,0
1407,19,3,24,0,4,7,10,8,4,60,1,0.27,30,0
1348,16,3,1,8,4,1,9,20,4,90,0,0.9,20,0
966,6,2,19,10,3,1,7,20,1,60,0,0.48,15,0
805,12,3,25,20,1,6,8,8,2,60,0,0.34,30,0
1034,17,2,25,22,0,1,1,10,1,60,0,0.44,20,0
1515,12,1,22,16,5,5,10,20,4,60,1,0.47,20,0
1246,14,3,13,2,0,1,1,14,5,90,1,0.4,15,1
940,7,1,5,2,4,2,10,20,1,90,1,0.56,30,0
868,18,3,5,18,3,1,7,18,0,60,0,0.15,15,0
1564,17,2,0,11,0,0,0,8,4,120,1,0.59,10,0
1110,20,1,10,29,1,7,9,22,1,60,1,0.48,15,0
901,8,2,17,20,5,1,10,10,5,60,0,0.86,10,0
1289,14,1,18,5,1,6,8,22,5,90,0,0.83,30,0
861,18,2,1,27,2,6,10,8,1,120,1,0.39,15,0
1566,20,1,15,19,4,6,10,20,6,120,0,0.24,20,0
1309,18,1,13,19,0,6,6,8,4,60,0,0.77,10,0
1178,10,2,8,14,5,5,10,14,6,120,1,0.92,30,0
1323,13,2,24,27,5,2,10,16,2,60,1,0.98,10,0
1057,16,2,29,8,2,3,7,14,2,60,0,0.35,20,0
996,19,2,16,21,3,4,10,14,4,90,0,0.77,15,0
1588,17,2,6,21,5,5,10,20,4,120,1,0.2,30,0
1395,14,1,3,23,5,4,10,20,1,60,1,0.18,30,0
1183,9,2,15,22,2,7,10,18,2,60,1,0.61,20,0
927,12,3,12,0,0,3,3,22,2,90,1,0.93,20,0
1323,15,2,6,8,0,6,6,20,3,120,0,0.48,30,0
1120,7,1,5,3,2,0,4,8,6,60,1,0.11,20,1
930,18,1,29,23,5,6,10,10,0,120,0,0.01,20,0
1439,17,2,9,13,1,3,5,10,4,120,1,0.93,20,0
1042,8,1,17,18,2,3,7,10,6,90,0,0.54,10,0
964,7,3,23,19,2,7,10,8,0,60,1,0.22,30,0
1424,8,1,29,7,2,1,5,8,1,120,1,0.44,30,0
1256,9,1,3,27,0,6,6,20,3,90,0,0.74,30,0
1429,18,2,0,17,2,3,7,20,3,90,1,0.32,30,1
1319,15,2,26,14,4,3,10,14,1,120,0,0.6,30,0
972,18,2,6,6,2,5,9,16,2,60,1,0.9,30,0
1414,20,2,30,0,5,3,10,20,5,60,1,0.71,10,0
1198,15,2,11,12,0,7,7,16,5,90,1,0.09,20,1
1156,9,2,11,29,2,7,10,10,1,60,0,0.85,30,0
1173,6,1,2,22,1,1,3,18,5,120,0,0.25,20,0
1263,8,2,4,27,3,4,10,22,1,60,1,0.31,10,0
1037,19,1,19,1,4,2,10,14,4,90,1,0.89,15,0
817,18,1,19,22,0,1,1,22,0,90,0,0.53,30,0
1366,18,2,23,5,1,2,4,10,6,60,1,0.86,20,0
1325,19,1,16,16,0,6,6,10,1,60,1,0.16,15,0
1047,19,3,26,11,4,4,10,16,1,90,0,0.71,15,0
965,16,3,24,1,0,6,6,10,0,90,1,0.53,30,1
1493,18,2,17,17,5,6,10,18,3,120,1,0.79,30,0
1569,10,3,29,13,1,7,9,10,6,60,0,0.07,20,0
1105,7,3,28,13,3,6,10,14,2,60,1,0.49,10,0
1020,12,3,24,4,3,2,8,20,6,90,1,0.24,10,0
1032,20,2,8,15,3,7,10,20,3,90,0,0.46,30,0
852,9,1,28,20,0,4,4,14,0,90,1,0.91,30,0
879,15,2,11,26,4,7,10,8,6,90,0,0.35,15,0
1117,20,3,5,0,0,2,2,20,5,120,1,0.06,15,1
1445,14,2,0,14,3,5,10,22,4,90,1,0.62,20,0
1176,6,3,18,3,3,7,10,16,6,120,0,0.67,10,0
957,20,2,10,21,5,7,10,20,5,120,1,0.14,15,0
895,15,2,8,12,1,0,2,8,2,60,0,0.19,15,0
1227,18,1,13,17,4,4,10,10,0,60,0,0.86,20,0
1544,13,1,7,14,1,7,9,8,0,120,1,0.81,20,0
1431,17,2,27,15,2,5,9,20,5,90,0,0.67,20,0
1408,18,1,7,26,0,6,6,16,2,90,1,0.5,30,1
852,15,2,25,27,2,1,5,22,1,120,0,0.84,15,0
1054,13,1,29,3,5,5,10,16,5,90,1,0.57,20,0
883,9,1,19,15,5,1,10,22,2,60,1,0.41,30,0
957,12,2,0,10,2,1,5,14,1,90,1,0.93,30,0
1402,9,2,13,27,1,4,6,10,4,60,1,0.16,20,1
1407,12,1,3,2,0,0,0,10,4,90,1,0.9,15,0
852,6,2,5,1,1,4,6,22,2,120,1,0.67,10,0
841,8,2,10,3,0,1,1,8,4,60,0,0.79,30,0
1302,7,2,18,9,4,1,9,22,4,90,0,0.06,20,0
961,16,3,16,3,3,3,9,20,2,60,1,0.85,15,0
1511,13,2,11,30,4,4,10,14,5,120,1,0.42,15,0
1116,16,2,6,7,3,2,8,20,1,60,0,0.06,10,0
951,7,2,4,4,5,1,10,14,6,90,1,0.58,30,0
1245,12,1,29,20,5,4,10,20,1,90,0,0.36,30,0
996,11,1,1,1,2,6,10,10,6,90,1,0.66,30,0
1526,19,2,14,4,2,6,10,20,2,120,0,0.01,15,0
1056,12,1,15,28,2,2,6,8,1,60,1,0.96,15,0
1538,8,2,1,24,0,5,5,20,2,120,1,0.34,10,1
1294,18,3,6,6,1,5,7,20,5,120,1,0.53,15,0
1245,18,3,25,1,3,4,10,18,6,90,0,0.28,10,0
1217,15,3,30,25,0,7,7,22,3,90,0,0.92,15,0
1260,10,2,28,20,0,3,3,20,4,90,1,0.27,15,1
841,9,2,7,12,0,6,6,8,0,90,1,0.02,20,1
1587,15,3,1,15,4,3,10,18,5,120,1,0.78,15,0
1198,14,3,10,5,4,3,10,8,5,90,0,0.33,15,0
1291,6,1,4,29,5,4,10,10,5,90,1,0.42,30,0
1008,17,1,11,3,2,4,8,18,5,120,0,0.08,15,0
924,19,1,30,7,0,4,4,10,0,90,1,0.12,30,1
1323,7,2,21,19,2,1,5,14,6,60,1,0.18,15,1
1358,10,3,0,29,4,1,9,8,1,60,1,0.16,15,0
1290,20,3,11,0,2,6,10,22,6,90,0,0.81,30,0
1017,8,1,19,20,3,1,7,20,1,120,1,0.56,30,1
1196,11,3,11,6,0,0,0,16,1,60,1,0.02,20,1
1464,11,2,23,26,0,5,5,22,3,60,0,0.84,10,0
1407,8,2,15,17,4,5,10,8,4,60,1,0.25,30,0
1100,6,1,1,30,2,2,6,20,2,90,0,0.28,30,0
876,14,2,2,15,2,4,8,16,0,60,1,0.33,10,0
940,20,3,19,19,0,5,5,8,0,90,1,0.32,10,0
987,15,1,18,25,0,3,3,8,2,90,0,0.81,20,0
1365,16,2,3,28,3,0,6,14,3,60,1,0.27,10,0
940,7,1,30,30,4,0,8,8,3,60,1,0.81,30,0
1354,7,2,5,18,4,3,10,8,2,60,0,0.65,10,0
1445,18,1,15,6,5,2,10,10,5,120,0,0.99,10,0
1497,14,2,18,25,5,3,10,16,4,60,0,0.43,30,0
997,19,3,9,11,1,6,8,18,3,120,1,0.27,10,0
1523,12,2,20,19,3,0,6,8,3,120,0,0.75,15,0
1390,8,3,18,3,5,3,10,10,5,60,0,1.0,10,0
1548,7,3,12,4,1,4,6,8,4,60,0,0.72,10,0
1223,7,2,6,14,1,2,4,20,5,60,1,0.33,30,1
1187,16,3,21,8,3,3,9,22,5,60,0,0.39,15,0
1481,19,3,7,15,3,4,10,16,0,90,0,0.43,15,0
862,18,1,23,14,4,4,10,10,3,60,1,0.14,20,0
981,12,1,15,25,4,1,9,18,3,90,1,0.64,30,0
1005,17,2,26,15,3,4,10,10,3,60,1,0.9,10,0
1599,9,3,15,12,1,2,4,8,2,120,1,0.52,10,1
1078,19,3,16,25,2,6,10,8,0,120,0,0.24,20,0
1058,18,1,24,30,5,2,10,20,3,120,0,0.15,10,0
1135,18,3,24,17,3,5,10,8,3,60,0,0.11,20,0
1538,18,2,8,22,2,3,7,20,3,120,1,0.1,30,1
1439,9,1,10,1,2,5,9,16,6,60,1,0.49,30,0
1375,6,3,2,3,4,2,10,10,3,60,0,0.47,10,0
905,16,3,14,22,1,3,5,20,1,60,1,0.1,20,1
811,20,3,13,3,2,7,10,10,0,90,0,0.61,10,0
1056,18,3,17,23,5,3,10,8,3,120,1,0.54,10,0
1301,19,1,25,13,2,1,5,8,4,120,0,0.92,20,0
800,12,3,11,29,2,7,10,18,5,60,0,0.74,10,0
1483,10,1,5,26,1,3,5,20,0,120,0,0.2,15,0
1002,8,2,14,1,5,7,10,10,4,60,0,0.12,15,0
1175,16,2,26,21,3,2,8,20,0,60,1,0.38,15,0
1183,6,3,5,21,3,1,7,8,6,60,0,0.07,30,0
911,12,1,22,26,1,4,6,20,4,120,1,0.89,15,1
1408,14,3,18,6,3,6,10,10,4,90,1,0.32,15,0
1551,18,1,6,12,2,6,10,22,4,90,0,0.87,10,0
1511,8,1,7,23,5,1,10,18,3,90,0,0.05,15,0
1351,20,1,25,4,1,0,2,18,6,120,0,0.24,10,0
1147,14,3,2,8,2,5,9,18,1,60,0,0.43,15,0
943,18,1,22,20,0,2,2,18,3,60,1,0.72,10,1
1555,18,2,14,5,5,4,10,22,2,60,0,0.77,10,0
1593,16,3,0,27,5,0,10,8,2,60,0,0.08,15,0
1292,18,1,14,25,4,5,10,8,6,120,0,0.72,20,0
1120,12,3,3,25,4,4,10,22,2,90,0,0.09,15,0
1414,16,3,17,15,2,7,10,18,6,60,0,0.18,20,0
1313,15,1,10,12,3,0,6,18,3,90,0,0.04,10,0
802,16,2,28,7,3,5,10,20,2,60,1,0.72,20,0
1342,8,2,12,18,0,3,3,16,1,90,0,0.99,20,0
1477,6,2,9,26,1,6,8,20,0,120,0,0.63,10,0
1216,9,1,13,19,4,7,10,18,2,60,0,0.13,10,0
1074,18,1,29,3,3,4,10,22,4,60,0,0.26,20,0
1459,8,3,30,15,3,3,9,18,1,90,0,0.53,10,0
1209,10,1,4,21,0,2,2,20,3,120,1,0.73,20,1
1217,10,1,0,7,3,2,8,14,5,120,1,0.21,20,0
1596,10,1,14,27,0,6,6,14,5,90,0,0.35,20,0
1575,10,1,5,12,1,5,7,14,4,120,0,0.29,10,0
1484,7,2,12,9,3,4,10,22,2,120,0,0.77,10,0
1177,9,3,22,16,4,2,10,22,2,90,0,0.47,10,0
1489,17,2,1,9,5,0,10,22,2,60,0,0.92,15,0
1583,19,2,6,26,4,4,10,18,2,120,0,0.39,15,0
944,18,1,2,3,5,7,10,18,3,120,0,0.54,15,0
1046,15,1,20,21,1,7,9,10,1,90,1,1.0,10,0
1216,19,1,23,2,0,7,7,22,2,90,0,0.46,30,0
1597,14,3,27,16,0,0,0,10,1,60,0,0.59,20,0
1597,12,1,17,4,4,0,8,10,5,90,1,0.47,30,0
1070,17,2,26,19,0,6,6,8,4,120,0,0.39,20,0
937,20,1,2,9,4,1,9,22,0,120,1,0.11,20,0
1031,9,2,16,15,2,0,4,18,1,90,0,0.17,15,0
1020,15,3,16,4,0,3,3,16,2,90,1,0.42,10,1
1061,20,1,22,23,5,4,10,10,4,120,1,0.94,10,0
1175,16,1,24,25,2,3,7,16,3,90,1,0.97,10,0
1331,17,1,3,23,1,6,8,22,6,60,0,0.94,10,0
1332,20,1,11,12,3,1,7,22,6,60,1,0.15,30,0
874,11,3,6,3,1,3,5,14,2,90,0,0.82,15,0
1246,15,1,15,20,3,6,10,22,4,120,0,0.62,20,0
1097,17,1,3,7,2,0,4,22,4,90,0,0.34,15,0
1288,19,3,29,17,5,2,10,16,0,60,0,0.65,10,0
854,7,3,11,14,5,0,10,18,6,60,1,0.99,10,0
1096,10,3,5,29,0,7,7,14,4,60,1,0.76,30,0
1585,15,3,25,12,5,4,10,22,4,120,1,0.09,20,0
948,14,2,18,12,5,3,10,10,2,120,0,0.29,20,0
1383,15,1,30,5,1,1,3,10,6,60,1,0.78,30,1
1213,15,3,30,30,0,6,6,18,5,60,1,0.16,10,1
1268,18,2,28,0,5,7,10,10,5,60,1,0.56,15,0
1332,15,1,10,21,5,5,10,20,1,120,0,0.66,10,0
1091,19,1,28,11,3,1,7,10,5,120,1,0.34,15,0
1215,15,2,17,21,1,6,8,20,2,60,1,0.57,20,1
1216,16,1,29,26,1,0,2,18,3,90,0,0.67,15,0
1584,9,3,10,18,2,1,5,14,6,60,1,0.4,15,1
1046,15,2,27,16,2,0,4,22,0,60,1,0.75,10,0
806,16,3,13,19,3,6,10,8,0,60,1,0.5,10,0
883,16,1,26,19,2,0,4,8,0,90,0,0.61,20,0
882,10,3,19,2,5,5,10,8,3,90,0,0.86,15,0
1396,13,3,13,20,1,0,2,20,2,60,1,0.27,30,1
1251,13,3,9,12,1,0,2,20,3,60,1,0.76,30,1
1487,8,3,4,11,0,1,1,20,6,90,1,0.92,10,1
964,15,3,29,19,0,4,4,8,3,120,1,0.07,15,1
1003,9,2,7,2,1,5,7,14,5,60,0,0.34,30,0
911,13,3,29,2,3,0,6,10,6,60,0,0.08,15,0
800,12,1,7,24,3,3,9,22,4,120,1,0.13,30,0
1359,15,2,12,3,1,3,5,16,0,120,1,0.31,10,1
1543,8,3,10,1,1,6,8,14,4,60,0,0.43,20,0
854,9,2,6,21,2,1,5,16,3,120,0,0.93,30,0
1558,18,2,21,16,1,2,4,8,0,60,0,0.88,15,0
904,16,1,8,16,3,2,8,18,4,90,1,0.78,30,1
1039,18,2,27,26,1,3,5,8,6,120,0,0.54,20,0
1218,6,2,7,18,3,0,6,16,6,120,1,0.4,10,1
1264,13,3,1,12,3,3,9,16,4,60,0,0.37,10,0
1185,14,1,2,21,1,2,4,10,5,90,1,0.67,10,0
1202,16,3,11,0,2,7,10,8,5,90,1,0.57,10,0
1335,16,1,2,18,1,5,7,18,3,90,0,0.56,20,0
1040,12,3,19,17,2,0,4,10,1,60,1,0.8,15,0
1478,19,3,13,23,4,4,10,18,2,120,0,0.3,20,0
1553,15,3,17,20,0,1,1,14,2,90,1,0.96,10,0
1511,16,2,2,11,1,3,5,18,3,90,1,0.48,15,0
826,20,3,14,8,3,1,7,18,0,120,1,0.49,30,1
1193,14,1,27,19,4,6,10,18,3,120,0,0.84,15,0
1127,14,3,6,15,5,0,10,22,5,120,1,0.68,10,0
1208,16,1,21,20,1,5,7,8,5,90,0,0.66,20,0
1573,12,2,23,19,2,7,10,18,0,60,0,0.17,15,0
1597,17,2,27,11,2,4,8,10,4,90,1,0.59,15,0
943,11,3,9,5,5,3,10,20,1,120,1,0.79,15,0
999,14,3,29,3,2,6,10,10,2,60,1,0.19,20,0
1539,20,2,5,29,2,6,10,10,4,60,1,0.95,15,0
1511,9,2,16,19,5,5,10,8,1,120,0,0.56,30,0
1178,11,1,30,20,3,4,10,16,6,120,1,0.02,20,0
1574,13,3,9,26,2,3,7,8,1,90,0,0.88,10,0
915,20,2,19,15,1,0,2,10,4,120,1,0.58,20,1
838,7,2,6,12,2,1,5,14,2,90,0,0.33,20,0
1007,7,1,23,5,2,3,7,22,3,90,0,0.24,30,0
1258,19,2,1,0,4,4,10,22,1,120,0,0.28,10,0
836,18,2,5,14,3,1,7,20,4,120,1,0.56,15,0
1575,13,1,8,11,1,3,5,22,4,120,1,0.4,15,0
1138,14,2,13,1,2,6,10,22,6,90,1,0.28,15,0
941,13,3,10,16,2,4,8,18,5,90,1,0.96,20,0
1529,19,3,9,5,4,2,10,14,4,60,0,0.81,30,0
1140,6,1,29,27,0,0,0,8,1,90,1,0.64,15,1
874,9,1,20,28,0,5,5,22,2,60,0,0.01,20,0
1292,6,3,6,20,5,6,10,18,5,60,0,0.28,20,0
1332,14,3,12,12,4,7,10,10,3,120,0,0.42,30,0
1536,10,3,13,4,5,0,10,10,2,120,0,0.92,20,0
1014,7,3,6,25,1,1,3,20,1,60,0,0.13,15,0
1460,6,3,9,19,0,0,0,16,5,60,0,0.52,30,0
1068,13,1,6,22,4,7,10,14,0,120,0,0.77,30,0
1331,17,1,21,14,1,2,4,14,3,90,1,0.26,20,1
1375,16,2,15,4,3,2,8,22,4,60,1,0.14,10,0
1323,19,3,23,14,3,3,9,20,0,90,0,0.55,15,0
1535,13,1,20,15,1,1,3,16,5,60,0,0.44,15,0
1378,16,3,30,5,0,5,5,10,1,60,0,0.74,15,0
903,17,2,25,10,5,1,10,20,2,60,0,0.24,15,0
1132,16,2,22,30,1,3,5,14,4,90,1,0.42,30,1
1542,16,2,23,23,3,3,9,10,6,90,1,0.25,10,0
1384,11,2,27,8,4,7,10,18,5,120,0,0.18,30,0
1418,19,3,14,0,1,2,4,16,0,60,0,0.33,30,0
1577,14,2,23,3,1,7,9,20,6,90,0,0.58,15,0
933,8,1,25,21,0,2,2,22,2,90,0,0.55,15,0
838,20,1,8,24,4,7,10,18,6,120,1,0.52,30,0
1157,16,1,22,23,5,5,10,20,4,90,0,0.24,30,0
862,18,1,6,0,2,4,8,10,3,120,0,0.81,20,0
912,13,1,11,26,1,3,5,22,5,120,0,0.02,15,0
1458,15,1,24,29,5,5,10,20,0,60,1,0.2,20,0
1469,19,3,16,6,0,3,3,8,4,90,1,0.08,30,1
895,15,1,4,12,0,2,2,20,1,60,0,0.16,30,0
1219,13,3,4,1,0,1,1,8,0,90,1,0.1,15,1
842,7,3,23,1,3,2,8,20,2,120,1,0.93,15,0
1437,17,3,6,1,2,3,7,16,3,90,0,0.54,15,0
1266,16,3,25,9,4,1,9,10,6,90,0,0.1,20,0
823,18,3,21,12,5,2,10,14,6,60,1,0.98,15,0
1410,10,2,4,0,4,3,10,20,6,90,1,0.72,10,0
1559,17,3,0,25,1,5,7,10,6,120,1,0.82,10,0
1034,13,1,4,8,1,6,8,14,4,90,1,0.39,15,1
1017,19,1,8,30,0,2,2,8,1,90,0,0.42,20,0
1428,8,2,7,17,3,4,10,8,1,120,0,0.44,10,0
1241,12,3,0,13,1,2,4,10,6,90,0,0.34,20,0
962,19,3,20,20,0,3,3,20,5,90,0,0.25,10,0
817,15,2,29,28,3,7,10,18,6,120,1,0.37,20,0
1437,7,2,14,18,5,5,10,14,2,90,0,0.95,20,0
1291,19,1,4,26,2,7,10,16,0,60,0,0.55,10,0
1326,7,1,6,0,5,6,10,18,1,60,1,0.4,10,0
1300,8,2,16,1,4,0,8,18,0,120,1,0.45,15,1
1406,6,3,3,10,5,0,10,16,0,60,0,0.41,10,0
1052,6,2,22,7,2,1,5,8,6,90,1,0.97,20,0
1303,10,1,25,12,1,1,3,20,1,60,0,0.57,15,0
1157,14,3,21,11,3,6,10,20,3,120,1,0.5,15,0
923,14,1,10,6,5,3,10,18,3,60,1,0.92,30,0
1203,12,1,2,11,4,1,9,18,1,60,1,0.02,10,0
1072,12,2,13,3,2,5,9,20,4,60,0,0.8,10,0
1257,15,2,21,14,0,4,4,8,0,120,1,0.59,10,0
1532,15,3,27,22,5,4,10,18,0,90,0,0.67,10,0
1124,18,1,1,8,4,0,8,22,4,90,1,0.93,30,0
1420,14,2,20,7,5,1,10,10,3,120,1,0.69,30,0
1191,15,3,23,9,0,6,6,16,0,60,0,0.48,10,0
1296,13,3,8,7,1,2,4,22,2,90,0,0.21,20,0
1396,15,1,19,14,0,1,1,20,6,90,0,0.88,15,0
826,9,2,1,16,3,2,8,8,0,90,0,0.84,10,0
1445,18,3,20,8,0,1,1,10,2,120,1,0.9,10,0
885,13,1,23,26,4,4,10,20,4,60,0,0.97,30,0
1066,10,3,4,5,0,7,7,14,4,120,0,0.57,30,0
1319,11,2,29,0,4,2,10,8,6,60,1,0.54,30,0
1285,11,2,21,2,1,3,5,16,4,60,1,0.6,10,0
1582,16,3,2,29,1,7,9,20,6,120,1,0.79,30,0
1373,20,3,4,14,5,6,10,18,5,90,0,0.27,20,0
1034,17,1,8,28,0,6,6,8,2,90,0,0.49,15,0
981,13,2,21,28,5,3,10,14,5,90,1,0.11,30,0
1394,18,3,21,20,3,2,8,14,5,60,1,0.7,20,0
1424,12,2,17,7,5,4,10,18,3,60,1,0.45,20,0
955,7,2,0,4,4,5,10,8,3,60,0,0.98,20,0
1393,18,1,26,20,3,4,10,18,4,60,0,0.5,15,0
1072,14,2,17,22,4,3,10,18,0,90,0,0.99,30,0
1291,8,3,14,19,4,1,9,16,0,120,0,0.09,10,0
1019,19,1,18,28,5,3,10,14,5,120,0,1.0,15,0
1531,12,1,7,6,3,6,10,8,2,60,0,0.04,20,0
1128,14,3,3,12,2,0,4,10,2,90,1,0.5,20,1
927,15,1,13,10,5,0,10,22,1,120,1,0.27,30,0
1211,19,1,15,24,5,7,10,20,0,120,0,0.7,10,0
1359,14,3,0,27,3,7,10,22,4,60,0,0.27,30,0
1077,12,3,27,3,1,5,7,18,1,90,1,0.95,30,0
1431,16,3,19,25,1,6,8,20,4,120,1,0.31,30,1
1380,10,3,28,27,0,5,5,14,4,90,1,0.8,10,1
913,7,3,4,23,4,2,10,8,6,120,1,0.99,15,0
1513,20,2,28,22,0,5,5,8,0,90,0,0.42,10,0
1032,19,3,17,24,4,6,10,10,3,90,0,0.41,15,0
902,14,3,8,10,2,0,4,16,3,60,0,0.02,20,0
939,10,3,18,8,1,0,2,14,3,90,1,0.79,30,1
1241,13,2,1,10,3,4,10,10,0,90,1,0.42,20,0
1301,18,2,10,17,0,7,7,22,2,90,0,0.19,10,0
1235,8,1,27,25,2,4,8,22,3,90,0,0.85,15,0
1588,12,2,22,9,0,1,1,16,5,90,1,0.23,10,1
809,17,3,13,5,1,1,3,10,1,90,0,0.96,30,0
1238,20,2,22,21,3,4,10,16,1,90,0,0.39,10,0
880,8,2,22,3,0,5,5,22,4,90,1,0.99,10,0
1578,20,3,0,3,3,6,10,16,5,90,0,0.2,10,0
977,15,3,28,30,2,7,10,22,0,90,1,0.13,30,0
1069,19,1,20,25,3,1,7,10,5,60,0,0.05,20,0
1034,17,2,10,7,3,5,10,20,4,120,1,0.87,10,0
1272,14,2,26,20,1,5,7,14,4,60,1,0.13,15,1
1315,11,2,11,25,2,0,4,8,5,90,1,0.31,20,1
1092,16,2,10,23,1,3,5,22,0,60,0,0.94,15,0
1530,13,2,24,17,4,7,10,20,4,120,0,0.45,30,0
1582,9,1,21,9,5,2,10,16,1,60,0,0.87,30,0
1501,8,1,28,15,2,0,4,20,4,60,0,0.61,30,0
1052,19,1,8,10,5,3,10,8,3,120,0,0.32,15,0
1073,15,1,10,27,1,4,6,8,0,120,0,0.51,30,0
1251,13,3,9,16,0,6,6,14,1,90,1,0.25,20,1
1067,10,2,1,26,4,3,10,22,4,90,0,0.48,15,0
1261,17,3,3,0,5,5,10,10,5,120,0,0.15,30,0
1314,14,3,8,27,4,6,10,22,4,120,1,0.99,15,0
1582,17,3,1,9,2,7,10,18,5,60,1,0.1,30,0
1497,8,2,12,7,0,1,1,22,5,120,1,0.71,15,1
1074,8,1,26,17,5,3,10,18,3,60,0,0.24,10,0
954,7,3,21,17,3,0,6,16,6,60,0,0.98,10,0
1528,15,3,29,6,1,2,4,8,0,60,0,0.19,15,0
802,6,1,22,16,3,7,10,16,3,60,0,0.91,30,0
1532,12,1,0,17,0,4,4,10,2,90,0,0.29,15,0
1366,10,2,20,7,5,1,10,18,4,60,1,0.28,15,0
999,11,2,13,27,4,5,10,22,5,60,0,0.0,10,0
1268,19,2,29,5,0,5,5,22,6,90,1,0.95,30,0
1248,19,1,10,0,5,0,10,16,3,120,1,0.42,10,0
875,6,3,12,29,2,4,8,22,0,120,0,0.7,15,0
1088,6,2,17,10,0,6,6,18,6,120,1,0.77,30,1
842,14,3,0,11,4,3,10,16,3,120,0,0.29,15,0
1186,14,3,18,18,4,6,10,10,3,120,1,0.78,15,0
1352,12,3,17,16,5,1,10,16,4,120,1,0.78,10,0
1172,6,2,25,18,3,2,8,14,3,60,1,0.9,10,0
1509,15,1,4,0,0,2,2,16,5,90,1,0.85,15,1
1189,6,2,2,17,0,5,5,10,0,90,1,0.34,20,1
920,13,2,14,9,5,1,10,20,5,60,1,0.3,15,0
876,7,3,21,25,5,2,10,14,0,120,1,0.94,30,0
1072,8,1,4,19,3,5,10,18,4,60,1,0.05,20,0
1538,17,2,8,29,1,1,3,22,4,90,1,0.37,10,0
1126,12,3,4,0,4,2,10,10,6,90,1,0.83,10,0
1551,6,1,20,12,1,5,7,16,2,60,1,0.17,15,1
1085,19,2,5,16,1,5,7,20,6,90,0,0.06,30,0
1332,16,3,5,5,5,4,10,20,3,60,0,0.14,30,0
874,12,3,29,29,2,0,4,16,0,60,1,0.94,10,0
893,7,3,11,0,4,2,10,22,3,60,0,0.31,30,0
882,17,1,23,11,1,7,9,8,6,120,0,0.2,10,0
1273,7,2,18,10,5,0,10,8,3,90,0,0.88,20,0
1375,17,2,22,9,1,2,4,22,4,120,1,0.41,15,0
1222,11,1,19,8,2,7,10,22,0,90,0,0.96,15,0
1285,9,2,25,17,0,3,3,22,5,60,0,0.26,10,0
957,11,3,21,19,3,3,9,20,1,60,1,0.89,15,0
1545,11,2,8,16,1,5,7,22,1,90,0,0.41,20,0
1358,12,1,23,13,3,3,9,18,4,60,1,0.89,15,0
1360,10,1,10,25,1,6,8,22,5,90,1,0.92,10,0
1138,11,1,14,26,3,4,10,20,0,90,1,0.45,20,0
1160,7,2,30,12,1,3,5,18,1,120,0,0.59,20,0
1584,11,1,1,15,5,4,10,20,0,120,0,0.89,10,0
885,7,2,24,16,3,1,7,18,5,60,0,0.33,20,0
1521,13,3,12,1,5,2,10,10,5,60,1,0.72,20,0
1039,11,2,22,30,0,2,2,8,0,120,0,0.18,20,0
1379,11,1,0,5,3,0,6,8,2,60,1,0.21,15,1
1155,18,3,21,21,4,4,10,16,5,120,1,0.03,20,0
844,19,2,3,24,3,3,9,22,1,90,0,0.93,20,0
1459,6,1,21,24,0,0,0,8,3,90,0,0.97,10,0
1008,17,3,3,0,2,5,9,10,0,60,1,0.05,20,0
865,7,3,9,20,4,1,9,10,5,90,0,0.96,20,0
1154,18,1,29,11,5,5,10,10,0,90,1,0.07,10,0
1217,13,3,30,18,0,0,0,16,4,90,0,0.07,30,0
1534,13,2,8,1,5,3,10,16,4,90,0,0.72,15,0
1478,9,3,27,9,2,5,9,22,1,60,0,0.39,30,0
1186,18,1,10,10,0,3,3,10,5,90,0,0.07,15,0
1188,11,2,4,28,3,2,8,14,0,90,1,0.18,10,0
1442,8,3,30,18,5,2,10,10,6,60,1,0.33,10,0
871,6,3,25,1,4,0,8,20,3,120,0,0.36,10,0
1452,18,3,17,29,3,4,10,10,0,60,0,0.09,30,0
1254,9,1,19,29,0,4,4,20,2,90,1,0.75,30,1
1131,19,3,27,5,0,2,2,18,5,120,1,0.31,30,1
847,9,1,13,21,1,0,2,20,1,90,1,0.35,15,1
879,10,2,14,28,0,2,2,8,3,60,0,0.8,15,0
1031,17,3,0,5,1,6,8,20,1,60,0,0.07,10,0
1334,15,2,23,0,5,5,10,18,0,90,0,0.77,30,0
1016,14,2,10,17,4,1,9,20,4,90,1,0.69,30,0
971,17,3,3,12,4,0,8,20,0,90,0,0.48,15,0
868,14,2,19,30,1,7,9,10,6,120,1,0.33,20,0
854,16,1,16,4,1,7,9,10,0,60,0,0.55,20,0
1349,8,3,29,26,1,2,4,20,1,60,1,0.09,20,1
1298,10,3,6,23,1,1,3,8,3,90,0,0.7,15,0
1553,16,3,0,4,0,3,3,8,2,120,0,0.22,15,0
933,17,2,15,11,1,1,3,10,2,120,0,0.04,15,0
1315,7,2,10,28,0,6,6,14,3,60,0,0.68,10,0
1152,17,3,7,29,3,7,10,16,2,90,0,0.61,15,0
935,18,1,21,0,5,2,10,18,0,90,0,0.47,30,0
1422,6,1,18,23,4,3,10,8,6,60,1,0.25,20,0
868,15,2,12,5,1,1,3,22,6,60,0,0.42,10,0
1313,6,2,12,17,2,6,10,22,3,90,0,0.38,30,0
956,7,3,16,25,3,5,10,14,0,90,1,0.78,20,0
1107,16,1,14,30,3,6,10,10,5,90,0,0.72,30,0
1152,6,2,20,19,3,2,8,16,1,60,0,0.39,30,0
920,7,2,30,4,2,3,7,22,3,120,0,0.92,20,0
1470,14,3,10,8,5,2,10,8,5,120,0,0.53,30,0
1408,16,3,3,23,4,6,10,10,5,60,1,0.91,10,0
1473,15,3,21,12,2,3,7,10,4,90,0,0.89,20,0
1271,8,2,21,1,2,3,7,10,1,90,0,0.95,10,0
1506,9,1,2,22,2,7,10,16,0,90,1,0.37,30,0
1597,17,2,29,22,4,4,10,16,2,90,1,0.59,20,0
1539,18,3,10,30,1,5,7,10,3,90,1,0.99,20,0
1202,12,3,19,24,4,6,10,22,0,90,0,0.91,15,0
880,8,2,9,11,0,0,0,18,2,120,1,0.51,20,1
989,18,2,19,4,2,5,9,18,3,90,1,0.84,15,0
915,19,1,0,14,2,2,6,10,2,120,0,0.27,30,0
925,20,2,1,21,2,3,7,10,6,60,1,0.82,20,0
1595,11,2,6,22,0,7,7,18,3,60,1,0.23,10,0
830,14,3,21,23,0,7,7,18,6,90,0,0.14,10,0
881,11,3,17,14,0,4,4,14,1,60,1,0.82,20,0
1556,20,1,13,28,4,7,10,14,2,120,1,0.05,30,0
998,16,1,27,20,5,0,10,20,4,90,1,0.88,15,0
1027,20,2,14,14,1,6,8,16,5,90,1,0.19,30,1
803,7,2,29,1,5,0,10,22,5,120,1,0.82,30,0
1349,7,1,29,29,2,5,9,20,4,120,0,0.04,15,0
1295,19,3,5,23,1,1,3,14,1,90,1,0.66,15,1
922,12,1,19,9,1,1,3,22,1,90,0,0.49,15,0
835,9,1,6,12,4,5,10,14,5,60,1,0.18,10,0
1415,16,1,18,23,5,7,10,22,1,90,0,0.72,20,0
1475,16,1,29,7,1,2,4,10,5,120,1,0.23,15,0
1334,15,3,5,0,2,5,9,22,3,120,0,0.78,15,0
932,9,2,13,2,4,5,10,8,3,90,0,0.91,30,0
846,14,1,12,19,3,1,7,22,4,60,0,0.38,10,0
814,13,1,4,12,0,5,5,20,6,120,0,0.89,15,0
1523,7,2,21,25,5,6,10,20,6,90,1,0.78,30,0
1005,11,2,24,8,1,2,4,10,1,120,0,0.14,15,0
1529,14,1,20,3,4,4,10,14,1,90,0,0.72,15,0
982,17,2,12,1,3,2,8,22,4,90,0,0.37,10,0
1198,9,3,25,23,3,3,9,8,6,120,0,0.53,20,0
1206,16,2,8,3,1,0,2,16,5,90,0,0.86,20,0
1590,7,3,17,10,1,0,2,20,0,60,1,0.17,10,1
1320,18,2,21,12,1,7,9,20,2,90,0,0.31,20,0
1287,6,2,10,8,4,1,9,22,1,120,0,0.37,30,0
1537,10,1,2,18,5,5,10,14,3,90,0,0.57,10,0
1390,17,2,18,6,4,5,10,16,4,90,1,0.8,10,0
1288,18,1,25,4,0,4,4,10,3,60,0,0.07,30,0
898,8,3,21,2,1,4,6,8,1,120,0,0.75,30,0
1435,12,2,17,18,5,7,10,16,0,120,1,0.22,15,0
1236,13,2,7,2,4,2,10,10,3,120,1,0.67,10,0
1271,11,3,18,30,4,7,10,20,4,90,1,0.24,15,1
1446,16,3,28,29,5,4,10,10,0,120,0,0.63,30,0
1136,10,1,0,30,4,5,10,10,1,60,0,0.05,10,0
1400,7,2,26,0,2,7,10,22,3,90,1,0.56,30,0
1090,13,1,22,1,0,2,2,16,4,90,1,0.31,30,1
1308,12,2,18,14,4,7,10,14,0,90,0,0.39,20,0
1236,17,1,8,27,2,0,4,8,3,60,1,0.31,15,0
1281,9,1,18,23,3,4,10,18,3,120,0,0.96,30,0
880,7,3,18,20,2,2,6,18,5,90,0,0.32,10,0
1511,11,3,14,23,0,2,2,14,2,60,0,0.53,30,0
1223,16,1,13,9,1,1,3,22,2,120,1,0.92,20,0
1426,12,2,29,9,3,6,10,10,2,90,1,0.87,20,0
1563,9,2,22,8,0,4,4,18,0,90,0,0.75,15,0
1522,19,2,8,18,3,4,10,10,4,90,1,0.26,15,0
949,9,1,18,10,4,6,10,10,4,120,1,0.72,15,0
1389,16,3,20,24,4,4,10,8,1,60,0,0.97,30,0
932,6,3,5,3,3,0,6,16,2,90,1,0.19,30,1
1179,11,2,25,18,1,2,4,8,1,60,0,0.3,30,0
1111,12,1,4,23,4,3,10,18,0,60,0,0.9,20,0
909,8,1,6,23,3,5,10,22,3,90,1,0.19,20,0
1443,16,2,30,0,4,6,10,22,0,120,0,0.94,20,0
1522,11,3,9,6,2,5,9,16,3,60,0,0.07,20,0
849,20,1,9,28,1,3,5,22,3,60,0,0.03,15,0
999,10,2,9,5,2,6,10,10,5,60,0,0.3,30,0
1531,15,2,16,23,5,6,10,22,6,120,0,0.03,20,0
1527,17,1,18,27,2,6,10,22,4,60,0,0.89,10,0
1462,16,2,14,28,2,1,5,16,2,60,0,0.3,20,0
859,8,1,17,25,2,0,4,10,1,120,1,0.42,20,0
985,13,2,23,27,1,3,5,10,1,120,0,0.62,15,0
809,8,1,4,10,3,1,7,10,1,60,0,0.02,15,0
1059,12,2,14,2,5,1,10,20,3,90,1,0.93,10,0
1248,19,2,4,24,3,5,10,22,6,90,0,0.9,10,0
977,10,3,11,6,0,1,1,10,1,120,1,0.82,15,1
1040,6,1,8,22,1,0,2,10,4,90,1,0.07,10,1
893,13,3,5,30,1,2,4,14,0,90,0,0.44,30,0
1065,16,3,14,23,0,7,7,20,5,120,1,0.32,20,1
1223,7,3,25,26,4,2,10,14,0,90,1,0.64,15,0
1349,19,2,4,25,5,7,10,20,1,90,0,0.18,20,0
1413,6,3,25,22,2,6,10,16,6,120,1,0.71,15,0
1053,13,1,20,6,3,1,7,22,1,60,0,0.08,10,0
922,14,2,30,16,0,3,3,20,2,120,1,0.81,10,0
1485,20,1,14,27,0,7,7,14,5,60,0,0.6,20,0
906,15,3,19,8,5,5,10,10,4,90,0,0.49,15,0
979,8,2,30,12,5,4,10,10,1,120,1,0.18,10,0
1169,19,2,4,4,0,6,6,10,3,120,1,0.69,20,0
1405,20,3,12,27,1,3,5,20,5,60,0,0.2,20,0
1101,10,2,28,28,0,4,4,18,6,120,1,0.51,20,1
812,10,2,0,25,1,0,2,22,2,120,1,0.77,20,1
873,15,2,6,25,5,7,10,16,2,120,0,0.4,15,0
963,20,3,23,10,3,3,9,14,1,90,1,0.47,15,0
963,20,2,18,4,0,6,6,8,3,90,0,0.14,15,0
828,16,2,18,23,1,2,4,18,2,60,0,0.32,30,0
1023,6,1,18,10,2,6,10,10,3,60,1,0.67,15,0
1461,12,1,26,19,5,4,10,20,6,60,0,0.43,10,0
1143,16,2,19,16,0,5,5,8,1,60,0,0.22,10,0
844,10,3,17,27,1,2,4,8,6,120,0,0.18,15,0
896,19,1,25,2,2,4,8,18,5,60,1,0.54,30,1
1356,12,3,15,12,2,0,4,8,6,120,0,0.53,20,0
1369,14,1,12,9,2,2,6,22,6,120,0,0.04,30,0
981,15,3,29,29,3,7,10,20,4,90,0,0.83,20,0
1594,17,2,20,12,2,6,10,20,2,120,0,0.6,15,0
1022,10,3,5,3,4,2,10,20,3,60,0,0.08,15,0
817,10,3,2,1,2,2,6,18,2,120,0,0.8,10,0
1088,17,2,30,16,4,1,9,8,3,120,1,0.15,30,0
1402,15,3,19,8,4,1,9,20,1,120,0,0.11,10,0
858,9,2,13,13,0,2,2,20,0,60,0,0.35,15,0
1565,8,3,10,6,4,6,10,10,6,60,0,0.32,10,0
1134,18,1,8,7,4,3,10,18,5,60,1,0.55,15,0
1227,19,3,5,21,4,0,8,8,3,90,1,0.16,30,0
1574,12,1,27,7,1,3,5,22,4,120,1,0.67,15,0
1019,19,2,13,28,5,1,10,18,2,120,0,0.88,30,0
981,12,2,3,7,3,4,10,22,0,60,0,0.19,15,0
1005,20,1,22,19,1,1,3,20,4,120,0,0.35,15,0
1272,17,3,23,27,0,7,7,14,5,120,0,0.41,30,0
1304,12,1,20,1,3,5,10,22,4,60,0,0.63,10,0
1469,19,2,7,24,0,2,2,16,4,90,1,0.12,10,1
1160,15,2,18,27,4,3,10,18,5,90,1,0.66,15,0
1552,16,1,22,26,5,2,10,20,3,90,1,0.7,30,0
1346,12,1,19,27,2,1,5,10,2,90,0,0.31,15,0
1151,11,1,19,8,5,6,10,20,5,60,1,0.74,15,0
1393,19,3,0,14,2,7,10,10,6,120,1,0.42,20,0
864,18,2,18,19,3,7,10,8,4,60,1,0.31,30,0
1061,14,2,21,19,4,4,10,16,2,60,0,0.8,20,0
915,12,2,7,9,3,5,10,10,3,120,0,1.0,20,0
1595,15,3,0,8,2,5,9,8,6,120,0,0.66,30,0
810,11,1,3,26,0,2,2,16,1,90,0,0.4,20,0
1366,15,1,0,26,4,2,10,14,4,90,1,0.52,15,0
800,14,3,18,17,1,0,2,14,3,90,0,0.62,30,0
1068,19,3,3,17,2,6,10,22,1,60,0,0.93,30,0
1179,20,1,1,0,1,0,2,20,2,120,1,0.76,30,1
904,15,3,11,20,1,0,2,14,3,90,0,0.56,15,0
1248,14,3,27,28,2,6,10,16,4,60,1,0.91,10,0
1469,7,3,15,5,3,0,6,8,0,120,0,0.43,10,0
848,9,2,29,9,2,4,8,10,4,120,0,0.39,20,0
1481,11,2,17,28,3,5,10,10,2,60,1,0.14,15,0
919,11,2,19,19,3,7,10,10,2,90,0,0.18,15,0
927,15,1,10,7,1,4,6,16,6,60,1,0.5,30,1
1198,10,3,9,21,2,5,9,18,1,120,1,0.33,10,1
1037,14,1,10,0,3,1,7,10,2,90,1,0.22,15,0
1518,19,3,1,0,5,3,10,16,1,120,0,0.95,10,0
1534,18,2,7,29,5,2,10,20,3,90,0,0.43,20,0
1348,16,3,23,7,4,5,10,18,2,120,1,0.55,15,0
985,15,3,9,5,5,5,10,10,5,90,0,0.41,20,0
1300,11,3,2,14,0,0,0,14,0,120,0,0.36,10,0
1064,13,2,9,8,3,3,9,22,2,120,0,0.36,15,0
1104,13,3,23,23,5,4,10,8,6,90,0,0.36,20,0
1519,18,3,14,6,2,4,8,22,4,60,0,0.33,30,0
1322,14,1,7,6,0,3,3,16,0,60,0,0.24,15,0
1237,20,1,16,15,4,2,10,22,4,60,1,0.79,30,0
1356,13,1,0,9,4,6,10,10,2,120,0,0.31,10,0
1255,17,2,13,10,5,3,10,14,5,60,1,0.81,10,0
903,14,3,27,3,2,6,10,20,3,60,1,0.28,30,0
1308,7,3,15,14,5,6,10,10,4,90,0,0.99,15,0
1014,19,2,4,18,4,4,10,16,5,90,1,0.97,20,0
853,15,3,18,18,0,0,0,8,0,120,1,0.48,10,0
1344,20,1,26,29,5,5,10,10,0,120,0,0.54,30,0
1479,14,2,28,9,1,4,6,16,2,120,1,0.62,30,1
1396,11,2,5,17,2,7,10,14,5,120,1,0.75,15,0
1330,17,1,26,18,0,2,2,10,0,90,1,0.73,10,0
940,10,3,17,6,5,7,10,8,3,60,1,0.75,20,0
1068,20,2,25,3,2,3,7,16,3,60,1,0.98,10,0
884,8,3,6,20,0,3,3,18,4,90,1,0.85,10,1
1593,7,3,7,19,3,1,7,14,2,120,0,0.89,10,0
1555,18,3,21,29,5,2,10,22,0,90,1,0.58,20,0
1123,8,3,27,13,3,3,9,10,6,90,0,0.63,20,0
1562,14,3,24,0,5,7,10,20,0,120,1,0.2,30,1
820,17,3,3,3,4,3,10,22,4,60,0,0.25,15,0
1387,13,2,4,20,2,5,9,8,1,120,1,0.04,10,0
1506,14,2,26,17,0,1,1,8,2,90,0,0.88,20,0
1017,17,2,6,12,0,5,5,20,6,120,1,0.21,30,1
943,20,2,2,6,5,5,10,18,5,120,1,0.57,15,0
1161,9,3,1,22,0,5,5,18,2,90,0,0.37,20,0
1261,16,1,2,20,2,6,10,22,3,60,1,0.57,20,0
1155,18,1,3,12,2,3,7,16,5,120,0,0.66,15,0
1282,13,1,14,0,1,6,8,22,5,90,1,0.0,15,0
1102,8,3,2,12,2,4,8,8,6,120,1,0.08,10,0
1438,17,2,30,30,2,3,7,14,4,120,1,0.41,20,0
843,11,1,1,6,5,0,10,10,3,60,0,0.26,30,0
1229,9,2,4,29,4,1,9,14,5,90,1,0.45,15,0
1406,11,1,29,0,4,6,10,18,6,60,1,0.5,20,0
1511,18,3,27,19,5,0,10,18,1,60,1,0.94,30,0
1583,10,2,24,30,2,1,5,22,5,60,1,0.54,30,0
939,19,2,3,14,2,3,7,8,5,90,0,0.79,30,0
1077,18,3,24,26,0,3,3,14,1,120,0,0.51,15,0
1361,13,2,20,23,2,3,7,20,1,60,1,0.28,30,1
1260,6,2,3,7,5,0,10,18,0,120,0,0.94,20,0
997,14,3,27,13,0,2,2,18,1,90,0,0.35,15,0
840,20,2,2,20,1,3,5,8,4,60,1,0.45,15,0
807,10,2,2,0,0,7,7,20,4,120,1,0.1,15,1
963,10,2,24,7,4,1,9,8,4,90,1,0.1,15,0
947,18,2,17,30,3,0,6,18,5,120,1,0.15,30,1
1061,19,3,13,6,1,2,4,14,0,90,1,0.79,15,0
1096,6,2,26,28,5,3,10,10,3,60,0,0.53,10,0
836,9,2,12,16,3,1,7,20,3,60,0,0.47,15,0
1359,12,2,22,20,1,0,2,10,6,60,0,0.59,15,0
1200,20,2,23,4,0,5,5,10,3,120,0,0.01,30,0
1287,15,2,0,1,0,7,7,10,1,90,0,0.03,30,0
1021,15,2,2,6,0,7,7,10,1,60,0,0.2,30,0
1379,6,3,16,15,0,6,6,16,1,60,0,0.02,20,0
1123,19,3,24,8,5,6,10,22,0,90,0,0.57,10,0
1285,19,1,14,8,2,3,7,16,0,60,0,0.76,20,0
934,8,2,4,2,5,6,10,8,1,90,0,0.21,20,0
1573,7,1,30,23,5,0,10,18,2,90,1,0.8,30,0
984,12,3,0,6,5,2,10,16,5,120,1,0.32,15,0
933,13,2,2,20,3,4,10,20,4,60,0,0.27,20,0
1508,11,3,17,11,0,6,6,8,1,60,0,0.57,10,0
1127,20,3,18,29,0,2,2,22,3,120,1,0.99,20,0
1550,15,3,28,13,2,7,10,18,3,120,1,0.13,30,1
1188,6,1,16,16,2,4,8,16,2,60,0,0.44,10,0
1378,7,3,1,15,2,2,6,8,3,90,0,0.05,15,0
1202,15,3,20,4,1,5,7,10,2,120,1,0.51,20,0
1259,6,3,5,3,1,6,8,14,2,90,0,0.15,10,0
972,7,1,6,23,5,7,10,20,5,60,0,0.36,20,0
801,20,1,24,6,0,0,0,8,0,120,1,0.25,20,1
1561,17,2,14,7,4,1,9,18,0,60,0,0.12,10,0
1215,18,1,0,18,0,6,6,18,6,120,0,0.82,15,0
1501,13,1,29,14,5,7,10,20,5,120,0,0.39,20,0
1107,14,1,30,27,4,6,10,16,2,90,0,0.04,10,0
1411,19,3,16,8,5,3,10,10,3,60,0,0.72,15,0
1256,7,1,16,28,0,5,5,8,5,120,1,0.69,20,0
1313,8,3,30,25,2,2,6,8,1,120,1,0.8,10,1
870,11,1,10,24,1,4,6,16,3,60,1,0.32,20,1
1090,15,3,8,27,3,6,10,16,1,120,0,0.1,15,0
1073,20,3,23,0,1,1,3,20,4,60,0,0.65,30,0
1410,20,2,30,0,1,6,8,10,0,120,1,0.5,10,0
1308,10,3,10,28,1,7,9,10,6,90,0,0.41,15,0
1027,11,2,0,0,2,1,5,10,4,60,0,0.55,20,0
909,14,1,21,13,0,2,2,22,5,90,1,0.56,20,1
1481,19,2,3,28,0,0,0,16,4,60,0,0.06,30,0
1218,6,1,2,4,4,3,10,18,1,90,0,0.03,15,0
1005,20,1,18,23,5,6,10,8,2,60,0,0.03,20,0
1345,17,2,0,15,5,6,10,16,6,90,0,0.96,20,0
1119,12,3,1,28,2,2,6,10,3,90,0,0.85,20,0
1192,19,1,3,19,0,5,5,10,0,90,1,0.72,15,0
1549,10,2,27,4,2,3,7,14,4,90,0,0.49,30,0
1347,8,1,30,10,0,2,2,22,3,120,0,0.39,10,0
1321,12,2,22,25,3,5,10,20,6,90,0,0.86,20,0
878,20,3,28,14,3,7,10,18,6,90,1,0.47,10,0
1478,8,3,1,20,1,5,7,8,0,90,0,0.81,20,0
1312,15,2,9,4,1,3,5,14,6,90,0,0.31,20,0
1543,12,3,24,12,4,2,10,8,1,60,1,0.79,30,0
1058,15,3,24,11,1,5,7,14,4,60,0,0.97,20,0
1089,16,1,24,3,0,7,7,22,1,120,0,0.53,30,0
1055,6,3,13,7,2,3,7,14,5,120,1,0.5,15,0
1541,7,3,16,8,4,6,10,18,0,90,1,0.26,10,1
1155,19,1,26,3,0,2,2,8,1,90,1,0.2,20,1
884,18,3,5,7,0,1,1,20,3,60,1,0.61,30,1
804,19,1,15,4,0,6,6,8,0,60,0,0.06,15,0
907,15,2,17,26,4,0,8,8,0,90,0,0.94,15,0
1104,20,2,26,3,1,1,3,22,5,90,0,0.59,30,0
1580,16,3,13,1,5,1,10,20,6,90,0,0.76,20,0
1500,17,3,24,1,5,4,10,8,4,120,1,0.85,30,0
1336,11,2,29,0,5,1,10,8,1,90,1,0.22,15,0
1523,7,1,15,29,1,7,9,18,5,60,1,0.14,30,0
1413,18,1,22,7,3,1,7,16,0,90,0,0.55,10,0
1597,15,2,26,4,1,3,5,20,4,120,1,0.25,30,1
1593,7,3,6,15,2,3,7,8,3,90,0,0.9,10,0
986,18,2,17,0,5,5,10,22,2,90,0,0.01,20,0
1485,19,2,6,25,1,3,5,16,1,60,0,0.39,10,0
1193,15,3,24,12,4,5,10,22,3,90,1,0.67,10,0
1198,18,2,21,21,2,1,5,16,4,120,0,0.25,20,0
1513,17,1,2,10,0,1,1,22,3,90,0,0.39,10,0
1291,20,1,6,6,2,0,4,22,5,120,1,0.89,15,0
1088,19,1,22,23,5,1,10,18,4,60,0,0.29,20,0
1315,7,1,0,0,2,1,5,20,3,120,0,0.81,20,0
1034,6,1,3,11,0,6,6,16,5,90,1,0.7,30,1
1530,18,1,7,21,4,5,10,10,2,120,0,0.09,20,0
817,19,1,28,24,2,7,10,16,2,60,1,0.51,30,0
925,11,2,7,17,2,5,9,20,6,60,0,0.55,10,0
1259,20,2,10,25,0,2,2,10,4,90,1,0.51,20,1
1170,10,1,12,27,5,0,10,22,5,120,1,0.16,30,0
819,8,2,25,9,3,5,10,22,2,90,1,0.47,10,0
1166,7,2,3,0,3,3,9,8,6,120,1,0.12,30,0
1069,18,3,15,17,5,3,10,16,5,120,0,0.22,30,0
1125,10,1,16,0,1,7,9,14,6,60,1,0.5,20,0
1522,13,3,5,12,0,2,2,18,1,90,1,0.77,30,1
1501,14,2,4,28,3,2,8,18,4,90,0,0.45,30,0
1056,8,1,14,20,3,3,9,10,3,60,0,0.94,15,0
1544,14,2,15,13,5,2,10,14,4,60,0,0.89,30,0
1539,14,2,19,1,3,0,6,22,2,120,1,0.59,15,0
980,6,3,10,24,2,3,7,14,0,90,0,0.69,15,0
1285,9,3,13,23,0,5,5,18,6,90,1,0.95,10,1
1121,9,3,20,23,2,6,10,16,0,120,1,0.5,30,0
1311,17,2,11,8,1,6,8,22,0,120,0,0.24,20,0
950,19,1,15,6,3,2,8,16,5,60,0,0.06,15,0
979,16,1,15,3,0,1,1,22,3,90,1,0.43,10,0
1303,7,2,5,1,2,2,6,18,4,90,0,0.29,30,0
1390,14,1,1,11,1,1,3,22,3,120,0,0.21,15,0
991,6,1,23,13,4,0,8,8,2,60,1,0.27,10,0
862,12,3,0,27,0,7,7,16,6,60,0,0.81,10,0
1209,20,1,14,28,0,5,5,20,0,60,1,0.58,15,0
989,12,2,5,8,2,6,10,18,1,60,1,0.16,20,0
1254,12,1,29,17,0,3,3,18,0,120,1,0.76,20,1
1066,6,1,28,11,4,5,10,8,5,120,0,0.74,15,0
930,13,3,5,24,3,2,8,18,6,60,0,0.89,10,0
1196,9,2,20,1,2,6,10,8,1,90,1,0.45,20,0
975,13,1,17,20,2,5,9,10,4,90,1,0.62,20,0
823,13,3,0,16,4,6,10,14,6,60,1,0.75,20,0
1571,12,1,5,1,4,0,8,20,5,60,0,0.6,15,0
990,18,1,28,11,2,3,7,18,0,90,1,0.54,10,0
1398,9,1,28,5,2,3,7,10,1,60,0,0.96,15,0
1166,7,1,4,25,2,5,9,14,6,60,0,0.62,15,0
1145,10,2,25,22,5,0,10,10,6,90,1,0.7,15,0
1438,9,1,6,28,1,4,6,22,1,90,0,0.59,15,0
807,18,3,0,11,4,3,10,8,1,90,1,0.09,10,0
1254,18,2,24,19,3,5,10,22,4,120,0,0.95,10,0
946,9,2,12,6,0,7,7,16,2,120,1,0.28,10,1
815,12,1,19,24,2,1,5,18,1,90,1,0.62,10,0
1400,8,1,12,14,0,3,3,8,3,90,0,0.72,15,0
1233,19,2,15,10,1,6,8,14,3,60,0,0.7,30,0
923,13,1,0,0,4,2,10,20,5,120,1,0.32,15,0
1076,6,1,5,22,0,1,1,14,5,60,1,0.35,20,1
896,10,1,23,24,1,1,3,18,5,60,1,0.24,10,1
1329,19,2,15,29,4,7,10,20,1,90,1,0.61,15,0
1183,17,3,8,27,1,2,4,8,4,120,0,0.71,20,0
1443,18,3,10,22,4,1,9,18,1,120,0,0.3,30,0
1304,6,2,15,20,3,3,9,10,1,60,1,0.35,20,0
1432,6,1,10,14,5,4,10,16,2,60,1,0.64,20,0
1552,14,3,6,26,5,2,10,22,2,120,1,0.71,30,0
938,12,1,0,23,4,4,10,16,3,60,0,0.36,15,0
1598,16,2,23,11,0,6,6,10,4,60,0,0.18,20,0
808,18,1,17,5,2,6,10,10,6,90,1,0.17,30,0
993,15,2,28,5,5,0,10,8,6,60,0,0.25,20,0
889,10,3,18,5,4,0,8,22,0,120,1,0.39,30,0
840,8,2,12,0,2,5,9,22,6,60,1,0.43,15,0
868,13,2,20,1,0,3,3,18,0,60,0,0.57,15,0
1179,18,1,17,19,1,2,4,10,2,90,0,0.09,15,0
1191,19,1,22,1,3,0,6,18,1,90,1,0.66,20,1
1209,10,2,3,29,5,6,10,22,6,60,1,0.98,15,0
1200,10,1,22,16,5,5,10,8,0,120,1,0.23,15,0
1004,10,2,2,14,3,2,8,22,1,120,0,0.21,15,0
1220,7,1,20,29,4,4,10,14,5,60,1,0.3,15,0
1532,7,2,11,8,2,1,5,20,1,90,0,0.46,30,0
1335,11,2,30,13,0,6,6,22,5,60,1,0.6,15,0
1438,6,2,28,13,0,7,7,14,6,90,0,0.51,30,0
820,7,2,19,19,4,3,10,10,2,120,0,0.04,15,0
1093,14,1,14,9,2,4,8,8,6,90,0,0.22,20,0
1238,18,2,25,6,4,6,10,18,2,90,0,0.17,20,0
1591,14,2,23,7,3,2,8,16,4,120,0,0.28,30,0
977,9,3,13,23,5,4,10,8,5,60,0,0.6,15,0
1312,19,2,20,28,2,7,10,20,2,60,0,0.39,20,0
1040,11,3,19,0,0,3,3,16,4,60,1,0.67,10,1
1112,13,3,20,13,5,1,10,14,1,90,1,0.28,30,0
852,12,3,12,2,4,7,10,22,5,90,1,0.26,30,0
1278,8,3,28,12,1,6,8,18,6,60,1,0.66,10,1
1331,11,3,23,19,4,0,8,8,1,90,1,0.92,15,0
1390,19,1,0,24,4,4,10,14,0,120,1,0.65,30,0
820,10,1,11,13,3,0,6,14,0,60,0,0.44,30,0
1406,14,1,6,0,3,7,10,20,3,120,0,0.02,30,0
1282,17,1,17,29,1,2,4,20,1,90,1,0.89,30,1
1388,16,2,24,2,4,0,8,22,4,90,1,0.33,20,0
1492,15,1,12,15,1,6,8,10,2,120,0,0.7,30,0
1209,6,3,27,10,5,5,10,22,0,120,1,0.57,15,0
920,17,2,1,8,5,6,10,22,5,60,1,0.68,30,0
830,12,2,6,5,0,1,1,16,6,60,0,0.47,15,0
1585,19,3,26,19,0,2,2,16,0,120,0,0.42,20,0
1587,9,1,14,2,3,0,6,18,3,90,1,0.17,20,1
961,6,1,22,22,4,3,10,8,5,60,1,0.3,10,0
915,10,2,24,18,4,6,10,16,0,90,0,0.06,20,0
1351,13,1,0,11,2,2,6,14,1,120,1,0.66,15,1
855,17,1,25,27,5,1,10,16,5,120,0,0.41,10,0
1195,16,2,30,20,2,3,7,20,0,90,0,0.1,20,0
1590,15,3,21,4,5,1,10,14,0,60,1,0.77,10,0
1287,6,3,4,13,5,4,10,8,3,60,0,0.03,10,0
1330,16,1,14,5,3,2,8,18,1,120,1,0.55,20,1
1106,19,3,10,24,0,0,0,16,1,120,1,0.95,15,1
1456,16,2,20,8,0,1,1,16,4,60,1,0.94,10,0
1536,15,2,27,3,1,7,9,16,3,60,0,0.56,15,0
817,9,3,3,14,0,2,2,16,1,120,1,0.28,15,1
1133,18,3,12,20,5,2,10,20,2,90,1,0.9,10,0
982,6,3,23,9,5,2,10,14,1,120,1,0.21,10,0
1399,7,1,30,7,3,5,10,10,0,60,1,0.57,30,0
1521,6,1,19,12,5,7,10,8,1,90,0,0.38,15,0
1583,20,3,9,1,2,5,9,10,5,90,1,0.5,10,0
1516,14,2,25,11,2,0,4,10,6,90,1,0.84,15,0
921,11,3,18,14,3,3,9,18,2,90,1,0.41,15,0
930,9,2,1,12,3,7,10,18,6,120,1,0.28,10,0
932,11,3,9,18,3,2,8,10,5,60,1,0.19,30,0
988,8,2,18,19,1,0,2,16,3,90,0,0.97,30,0
981,9,2,12,19,4,2,10,18,5,120,0,0.22,30,0
1209,14,3,14,22,3,7,10,18,1,90,1,0.01,10,0
1052,10,3,5,1,4,4,10,18,6,60,0,0.33,15,0
1582,15,1,4,4,3,0,6,8,0,60,1,0.3,30,1
1208,8,3,23,23,0,4,4,20,5,120,0,0.85,20,0
1548,20,3,2,6,2,1,5,8,1,120,1,0.32,30,1
935,6,3,19,17,3,5,10,22,5,90,1,0.16,15,0
1103,20,1,10,19,5,2,10,8,4,60,0,0.34,15,0
831,15,2,13,13,4,1,9,18,2,120,1,0.13,10,0
1464,19,2,12,17,1,0,2,8,3,120,1,0.25,10,0
1259,15,2,13,3,4,6,10,18,2,90,0,0.76,20,0
806,10,1,25,30,2,7,10,14,0,120,0,0.32,10,0
1472,9,2,21,19,2,6,10,8,0,60,1,0.49,15,0
1457,8,1,15,11,0,3,3,16,0,120,0,0.97,15,0
1511,11,3,23,26,4,1,9,18,1,120,1,0.19,30,1
841,9,2,23,5,2,4,8,14,6,90,1,0.55,10,0
1598,10,2,13,0,3,6,10,22,1,60,1,0.99,10,0
1508,19,2,13,10,0,1,1,22,3,120,0,0.98,20,0
891,13,3,7,30,5,2,10,22,4,120,1,0.08,20,0
1192,9,2,1,19,0,5,5,18,0,90,1,0.54,10,1
1546,17,1,10,28,3,4,10,14,5,120,1,0.67,15,0
1416,16,1,29,12,0,7,7,22,3,60,0,0.29,15,0
812,17,2,10,28,2,1,5,18,2,60,0,0.6,15,0
982,7,3,0,21,1,6,8,16,6,60,0,0.24,20,0
1357,14,2,21,30,2,0,4,20,3,120,0,0.15,20,0
961,15,3,10,2,3,4,10,20,3,120,0,0.87,15,0
1150,17,2,4,6,0,3,3,18,3,90,1,0.85,10,0
1580,18,2,15,1,4,7,10,8,4,60,0,0.98,10,0
1413,17,3,2,17,5,4,10,22,1,60,0,0.2,15,0
1199,12,1,3,10,4,4,10,18,2,120,0,0.34,30,0
1046,8,3,3,3,4,6,10,8,2,90,0,0.15,20,0
1031,15,2,21,0,3,7,10,14,2,120,1,0.3,10,0
1344,16,3,24,4,5,3,10,8,3,60,1,0.39,10,0
1432,15,2,23,7,4,4,10,16,6,90,1,1.0,15,0
1217,8,1,10,22,4,6,10,8,2,60,0,0.14,30,0
875,17,3,9,0,1,5,7,16,6,120,1,0.01,30,1
1329,12,1,10,29,0,6,6,10,0,90,1,0.24,10,0
1179,6,1,23,16,5,1,10,20,5,90,1,0.84,10,0
811,19,1,18,1,4,1,9,10,0,120,0,0.64,15,0
1173,8,1,19,8,2,2,6,20,1,90,1,0.57,20,1
1036,19,1,18,20,1,6,8,8,0,120,1,0.04,30,0
1157,20,2,29,9,5,5,10,14,6,90,0,0.04,20,0
1565,14,3,9,22,2,5,9,10,4,60,0,0.56,10,0
1535,14,3,12,11,5,5,10,18,1,90,1,0.76,30,0
1215,8,1,19,25,5,5,10,10,0,90,1,0.05,30,0
1189,6,1,25,13,0,6,6,22,1,90,1,0.03,10,1
1103,13,3,4,24,3,6,10,8,1,60,1,0.8,10,0
1174,14,2,0,2,2,3,7,20,0,60,1,0.23,10,0
1233,13,1,10,13,0,5,5,18,3,120,0,0.37,15,0
1061,10,1,6,7,4,5,10,14,3,120,1,0.06,30,0
1070,17,3,11,6,0,5,5,20,3,120,0,0.32,30,0
926,15,3,2,24,5,6,10,16,5,90,1,0.58,30,0
1138,12,1,17,7,1,5,7,20,4,90,1,0.63,30,1
1205,14,1,11,21,3,0,6,22,1,60,1,0.85,10,0
1355,10,1,27,0,5,1,10,18,1,60,0,0.6,30,0
1300,9,1,6,27,1,7,9,10,6,120,0,0.21,30,0
1096,10,1,5,27,4,2,10,14,1,60,1,0.93,30,0
1185,15,3,20,5,2,2,6,16,3,60,0,0.22,20,0
1467,8,1,4,7,5,2,10,8,4,60,1,0.69,10,0
866,12,3,6,7,1,4,6,14,1,60,1,0.49,10,0
1419,15,3,4,28,4,0,8,22,5,90,1,0.82,10,0
1136,19,2,22,10,1,6,8,8,3,90,1,0.57,10,0
1006,14,1,3,0,0,6,6,22,2,60,0,0.67,15,0
1592,18,2,20,23,1,2,4,16,3,90,1,0.22,10,1
1224,20,3,16,22,0,6,6,16,2,120,1,0.03,30,1
803,9,3,11,1,1,6,8,22,0,90,1,0.17,20,0
938,16,2,2,23,0,7,7,22,5,90,0,0.13,30,0
1076,6,3,20,27,3,7,10,22,6,90,0,0.43,30,0
941,11,3,29,0,3,2,8,8,6,60,0,0.71,15,0
1320,16,2,20,27,3,4,10,16,5,60,1,0.57,20,0
1122,15,2,20,18,1,1,3,18,1,120,1,0.75,20,1
1412,18,1,8,19,5,6,10,8,4,120,1,0.81,10,0
1088,15,3,25,21,1,2,4,22,3,90,1,0.22,15,1
1563,9,3,8,28,3,1,7,10,0,60,0,0.66,10,0
1137,15,2,17,29,2,3,7,14,0,60,0,0.18,30,0
1247,17,3,29,28,1,2,4,10,6,120,1,0.94,20,0
976,19,3,5,10,3,7,10,20,4,120,1,0.06,15,0
931,9,2,16,20,4,7,10,8,2,120,1,0.07,10,0
1193,17,1,23,6,5,4,10,18,5,90,1,0.31,20,0
1200,6,3,10,16,3,7,10,18,2,120,1,0.19,15,1
803,19,3,27,29,3,2,8,10,3,60,0,0.84,10,0
1387,20,1,13,2,3,6,10,10,0,60,1,0.32,20,0
1550,13,3,16,13,2,5,9,16,5,120,1,0.32,20,1
1305,11,1,30,5,2,7,10,16,2,60,0,0.05,30,0
1145,14,2,25,16,1,4,6,20,0,90,0,0.41,20,0
1061,11,1,4,5,2,4,8,14,0,120,1,0.93,10,0
947,18,1,6,16,3,6,10,8,4,60,1,0.82,10,0
1547,7,2,0,30,1,6,8,10,0,120,1,0.81,20,0
957,20,1,16,20,3,0,6,10,0,120,1,0.73,15,0
831,15,2,23,2,1,4,6,20,4,60,1,0.64,30,1
1410,13,3,28,15,1,4,6,14,1,120,1,0.11,20,1
1198,15,2,16,0,2,5,9,8,3,60,1,0.75,30,0
1569,17,2,9,16,0,5,5,16,5,120,0,0.57,10,0
1144,15,3,24,17,0,2,2,20,3,60,0,0.72,20,0
1076,8,3,27,25,0,3,3,8,2,120,0,0.33,20,0
1425,19,1,14,6,2,2,6,8,1,60,1,0.66,30,0
1092,14,2,14,11,4,5,10,8,5,90,0,0.51,30,0
1555,10,3,16,23,1,3,5,8,4,120,0,0.84,20,0
1456,14,2,22,16,2,1,5,18,3,60,0,0.65,15,0
972,20,2,0,23,5,5,10,20,4,90,1,0.17,30,0
1292,10,3,6,3,3,3,9,20,0,90,1,0.18,15,1
1472,16,3,2,11,0,1,1,16,4,120,0,0.29,15,0
1190,19,2,26,10,4,4,10,16,4,120,0,0.93,15,0
1041,8,2,23,4,1,7,9,8,3,120,0,0.98,15,0
1033,13,3,26,18,0,0,0,20,6,90,1,0.82,30,1
856,16,3,8,25,3,7,10,18,2,120,1,0.07,30,1
1230,13,2,10,6,4,1,9,22,6,120,0,0.84,15,0
1273,14,1,11,18,0,5,5,16,4,60,1,0.37,30,1
971,12,3,6,16,2,7,10,16,1,120,0,0.86,10,0
1501,13,2,2,4,1,6,8,20,0,60,0,0.94,10,0
1447,19,2,23,2,4,1,9,10,4,120,1,0.85,10,0
1323,18,1,26,25,0,7,7,8,3,90,0,0.87,10,0
1265,15,1,7,15,1,2,4,16,4,120,0,0.22,30,0
1477,10,3,28,14,0,3,3,20,2,60,1,0.49,30,1
1323,15,2,27,16,5,3,10,10,2,90,1,0.01,30,0
1252,9,3,3,24,1,3,5,8,2,90,1,0.63,20,1
1250,16,1,11,4,5,1,10,18,3,120,0,0.52,20,0
1069,6,2,11,16,4,3,10,8,0,90,0,0.31,30,0
852,16,3,3,24,1,3,5,20,6,90,0,0.2,30,0
916,11,3,24,12,4,1,9,20,0,120,1,0.88,30,0
1432,13,3,1,27,1,3,5,20,2,120,1,0.36,20,1
1069,12,2,18,25,2,0,4,22,1,90,1,0.95,10,0
867,12,1,30,4,4,5,10,16,1,90,0,0.87,20,0
1396,13,2,14,22,1,2,4,20,3,60,0,0.51,15,0
1527,6,1,18,26,0,5,5,18,2,120,1,0.64,15,1
1032,8,2,2,12,5,5,10,8,4,90,1,0.54,30,0
1198,6,2,29,6,2,4,8,22,3,90,1,0.39,10,0
1153,17,3,18,11,4,4,10,20,0,120,1,0.27,10,0
1234,7,2,0,10,0,2,2,10,0,120,0,0.4,10,0
1461,19,2,28,3,1,4,6,22,2,120,1,0.39,10,0
1522,15,2,26,17,1,7,9,22,3,90,0,0.74,15,0
1405,18,3,27,4,4,6,10,14,5,120,0,0.97,10,0
955,12,3,11,29,5,0,10,18,5,120,1,0.71,15,0
919,14,1,13,12,3,7,10,8,4,120,1,0.99,30,0
1245,7,1,4,10,5,6,10,10,2,60,0,0.13,15,0
936,16,3,7,8,4,0,8,8,1,120,1,0.97,15,0
1231,13,2,19,23,0,1,1,16,6,90,0,0.33,20,0
1082,19,2,3,8,2,0,4,18,1,60,0,0.78,20,0
864,13,2,27,12,2,6,10,14,1,90,0,0.11,30,0
1052,13,1,12,6,0,5,5,20,5,90,1,0.36,15,1
1454,8,2,21,14,3,4,10,22,0,90,0,0.03,20,0
802,8,3,25,10,2,1,5,20,5,60,1,0.78,20,1
1362,12,2,4,5,4,3,10,18,0,90,1,0.76,15,0
867,10,2,8,12,5,1,10,14,5,90,1,0.58,15,0
952,11,1,3,8,5,7,10,18,4,90,1,0.21,15,0
1504,6,2,0,18,2,4,8,10,3,90,1,0.42,15,0
853,17,3,25,11,4,0,8,8,0,120,1,0.97,10,0
1119,9,3,2,10,0,1,1,14,1,90,1,0.53,15,1
1446,7,1,15,25,4,1,9,18,3,60,0,0.62,30,0
1446,14,2,13,9,1,5,7,22,3,60,1,0.64,10,0
946,19,2,26,18,5,3,10,10,6,120,0,0.37,20,0
983,17,3,6,0,3,0,6,8,1,60,0,0.19,30,0
1143,16,3,30,10,5,0,10,20,2,60,0,0.29,10,0
898,10,1,0,12,3,7,10,8,0,90,0,0.26,15,0
819,7,2,13,28,1,3,5,22,5,120,0,0.13,15,0
1084,6,1,10,7,4,2,10,10,5,60,0,0.37,15,0
1470,6,1,30,21,5,0,10,22,0,60,0,0.26,20,0
1014,9,3,3,6,1,2,4,14,1,120,1,0.96,10,1
1019,8,1,23,19,2,5,9,22,6,90,1,0.33,15,0
1111,8,3,12,9,2,7,10,16,6,60,0,0.26,30,0
1239,9,2,5,23,0,5,5,10,3,90,1,0.63,15,0
1083,16,3,17,20,5,5,10,10,4,90,0,0.36,10,0
1142,17,1,12,30,3,5,10,22,2,120,0,0.27,30,0
961,11,1,27,20,4,0,8,18,3,90,1,0.11,30,1
1178,9,1,12,27,4,5,10,10,2,90,1,0.92,30,0
1244,17,2,21,7,2,3,7,18,4,120,1,0.13,20,1
1565,9,1,9,6,5,6,10,16,4,60,1,0.1,30,0
883,8,3,14,27,5,6,10,10,5,120,0,0.32,15,0
1475,10,2,17,10,4,6,10,10,5,120,0,0.41,10,0
1202,17,3,4,9,4,7,10,18,5,60,0,0.42,20,0
1029,16,3,2,3,3,3,9,20,3,60,0,0.24,30,0
1013,13,1,12,1,3,2,8,22,6,60,0,0.27,30,0
1293,14,3,0,17,1,6,8,20,2,120,0,0.12,10,0
1092,12,1,18,24,2,7,10,16,1,90,1,0.84,15,0
1197,19,3,9,11,3,3,9,22,1,120,0,0.46,20,0
811,9,2,26,18,2,1,5,20,0,60,1,0.7,30,1
1535,10,3,14,2,4,6,10,16,5,60,1,0.68,15,0
1023,11,1,19,3,0,1,1,16,0,60,1,0.79,10,1
916,12,3,7,18,4,4,10,20,4,60,0,0.19,15,0
1078,10,1,15,29,5,6,10,22,3,120,0,0.96,20,0
1346,18,1,9,1,4,4,10,8,5,60,0,0.86,30,0
1414,9,1,2,8,4,1,9,8,3,60,1,0.58,10,0
1590,6,1,27,9,5,2,10,8,1,120,1,0.85,10,0
1213,20,3,1,23,0,0,0,10,2,60,0,0.95,15,0
1064,14,3,29,10,2,4,8,10,0,60,1,0.2,30,0
862,17,2,18,21,0,7,7,22,4,60,0,0.92,30,0
860,7,2,25,15,0,1,1,22,3,60,0,0.88,10,0
1396,16,2,29,27,0,2,2,14,3,120,0,0.16,10,0
1096,7,1,4,26,4,7,10,22,5,90,1,0.14,30,0
1513,7,3,6,13,3,5,10,16,3,90,1,0.19,10,1
1044,14,1,1,29,5,7,10,14,4,60,1,0.12,20,0
973,9,3,4,3,2,4,8,8,0,120,0,0.08,20,0
1023,11,1,13,19,5,6,10,20,1,90,0,0.41,20,0
1152,11,1,10,5,5,7,10,20,2,60,0,0.14,20,0
1089,13,3,25,2,5,7,10,18,4,120,1,0.52,20,0
1236,12,3,9,16,4,3,10,8,0,90,0,0.59,20,0
1243,13,2,30,21,3,3,9,14,2,120,1,0.89,15,0
1259,16,3,2,14,1,6,8,16,1,120,1,0.41,10,0
1065,12,1,15,0,5,0,10,8,2,120,1,0.11,15,0
805,19,2,16,20,3,2,8,14,0,120,1,0.78,10,0
805,6,3,26,13,3,0,6,20,2,60,1,0.14,15,1
807,13,2,5,6,4,1,9,8,2,120,0,0.14,15,0
1365,8,1,5,17,1,4,6,8,4,90,1,0.33,15,1
1338,9,2,19,18,4,4,10,8,0,90,0,0.04,20,0
1263,15,1,7,11,0,1,1,10,2,120,0,0.83,20,0
998,11,2,29,4,1,2,4,22,0,90,1,0.12,20,1
1301,14,1,19,24,3,3,9,8,1,120,0,0.85,10,0
1107,7,3,9,29,5,5,10,10,2,60,1,0.87,15,0
1580,14,1,29,20,2,4,8,16,4,90,1,0.29,15,1
1363,6,1,2,20,4,3,10,8,3,60,1,0.5,10,0
1489,9,2,17,18,0,2,2,8,1,120,1,0.25,15,1
1537,12,3,18,0,2,5,9,18,2,90,1,0.78,20,0
1514,18,1,17,24,2,2,6,18,5,60,1,0.6,30,1
1380,16,1,22,9,2,2,6,18,4,120,1,0.01,10,1
1545,6,2,10,13,3,3,9,10,3,90,1,0.44,10,0
884,12,2,4,14,3,1,7,10,3,120,0,0.3,10,0
943,11,1,20,0,4,4,10,10,3,120,1,0.62,15,0
1455,15,2,9,8,2,7,10,22,6,90,0,0.32,10,0
1344,10,3,5,7,5,2,10,14,1,60,1,0.51,10,0
1080,7,2,22,4,2,1,5,20,2,90,0,0.94,30,0
1414,7,2,17,10,2,7,10,14,6,120,0,0.38,30,0
1376,18,2,0,5,2,2,6,14,3,60,0,1.0,15,0
1026,16,1,19,25,2,4,8,14,1,60,0,0.32,15,0
1337,12,1,1,8,0,2,2,18,3,90,0,0.9,10,0
1253,8,1,15,9,1,2,4,22,1,60,1,0.09,30,1
1354,20,1,28,3,2,3,7,18,1,90,1,0.6,30,1
805,12,1,4,26,2,0,4,10,0,60,0,0.5,20,0
1344,18,2,0,5,1,0,2,16,0,120,0,0.11,15,0
1458,9,1,11,19,1,7,9,18,3,60,0,0.0,10,0
988,17,3,20,10,3,1,7,16,1,60,1,0.38,20,1
1516,13,1,16,23,2,5,9,18,2,60,1,0.58,15,0
1032,6,2,25,24,2,3,7,10,5,60,0,0.96,30,0
1276,20,3,24,2,2,5,9,16,2,90,1,0.84,30,0
813,18,3,3,19,2,5,9,10,5,120,0,0.92,30,0
1310,12,2,22,13,2,0,4,14,1,120,1,0.65,30,1
868,8,1,25,18,1,1,3,22,5,120,1,0.48,10,1
1216,16,1,25,23,4,0,8,10,1,60,0,0.68,30,0
1289,16,3,21,29,3,0,6,16,5,90,1,0.2,15,1
938,8,1,21,15,0,5,5,18,1,60,0,0.38,20,0
1462,14,2,13,7,3,1,7,8,2,60,1,0.19,10,0
829,17,1,14,26,2,3,7,18,6,120,0,0.87,10,0
1012,8,2,13,11,4,6,10,16,4,60,0,0.97,20,0
905,13,3,17,6,5,7,10,16,2,120,0,0.88,20,0
1015,20,3,4,1,0,1,1,22,2,120,0,0.81,20,0
967,17,2,12,9,1,6,8,16,6,60,1,0.06,15,0
1299,8,2,10,30,2,3,7,22,1,90,1,0.67,20,0
1569,12,3,15,13,2,7,10,18,2,120,1,0.16,20,1
1391,10,3,11,26,0,0,0,14,3,120,0,0.31,30,0
1392,8,3,13,10,3,5,10,22,0,60,0,0.87,15,0
1568,13,2,22,15,1,3,5,20,2,120,0,0.61,15,0
1063,16,2,27,4,0,2,2,18,0,90,1,0.87,20,1
804,8,1,25,6,2,7,10,16,4,120,0,0.29,20,0
1304,17,3,14,27,1,5,7,8,6,120,1,0.7,10,0
1269,6,1,7,20,4,2,10,8,2,90,0,0.77,15,0
1255,16,3,28,4,5,0,10,18,5,120,1,0.32,30,0
1299,12,3,14,0,3,3,9,16,5,60,0,0.85,30,0
1005,6,1,2,4,1,0,2,22,6,60,1,0.5,20,1
929,12,2,24,30,4,3,10,10,6,60,1,0.85,30,0
823,18,3,5,30,5,6,10,16,5,120,0,0.7,30,0
808,19,2,20,21,2,4,8,16,4,60,0,0.56,20,0
1229,10,3,22,26,0,1,1,22,1,60,1,0.62,10,1
1377,20,1,11,1,5,0,10,8,0,90,1,0.39,30,0
1153,18,3,22,22,5,0,10,18,0,60,0,0.29,10,0
862,10,1,8,7,0,5,5,16,3,120,1,0.08,15,1
1138,9,3,20,20,0,4,4,18,5,60,1,0.31,20,1
1160,14,1,6,1,4,0,8,8,3,120,1,0.38,30,0
912,13,2,17,8,0,1,1,18,0,60,1,0.79,10,1
1214,20,3,16,22,4,3,10,16,5,60,1,0.09,20,0
1328,20,2,13,25,4,6,10,8,0,120,1,0.83,30,0
1249,11,3,23,22,4,3,10,20,1,60,1,0.07,10,0
1536,11,1,10,17,1,5,7,10,2,90,0,0.59,30,0
1135,13,3,4,17,2,3,7,14,1,60,0,0.28,30,0
1209,16,1,3,14,5,7,10,14,4,60,0,0.68,20,0
1235,12,3,15,19,1,0,2,22,6,60,0,0.15,20,0
1009,8,2,5,15,3,6,10,18,4,120,0,0.26,10,0
1453,11,3,22,1,1,5,7,10,6,120,1,0.94,30,0
909,9,1,25,17,3,3,9,8,4,120,1,0.13,10,0
1454,13,1,17,27,5,2,10,16,6,90,1,0.46,10,0
923,20,3,9,4,2,2,6,20,5,90,1,0.2,10,1
808,13,1,4,2,0,2,2,20,6,90,0,0.19,20,0
1300,9,3,30,1,2,7,10,22,6,120,1,0.99,10,0
1575,15,3,28,13,0,7,7,8,3,90,1,0.35,30,0
1212,18,2,13,9,0,6,6,18,6,60,0,0.29,20,0
816,6,3,22,11,1,2,4,22,6,90,0,0.99,30,0
1498,17,2,6,24,3,3,9,20,1,60,0,0.58,20,0
1049,15,3,0,14,0,5,5,20,2,90,0,0.42,10,0
1142,13,3,18,3,0,5,5,8,5,120,0,0.04,30,0
1525,19,1,13,0,0,0,0,10,3,90,0,0.67,30,0
1144,15,2,27,17,1,3,5,14,2,120,0,0.36,10,0
1414,8,1,9,18,3,7,10,18,0,90,1,0.24,30,0
1448,12,2,21,26,1,2,4,8,1,60,1,0.69,30,0
1233,11,1,24,16,1,4,6,16,4,90,1,0.86,15,1
1537,13,3,4,9,0,0,0,22,0,120,0,0.02,30,0
1480,6,1,9,21,5,6,10,22,0,90,0,0.59,20,0
1086,9,1,15,28,0,6,6,20,1,120,0,0.88,15,0
1040,11,2,27,20,1,6,8,18,5,60,0,0.09,10,0
858,17,1,18,1,4,3,10,8,4,90,0,0.73,20,0
1344,6,1,16,20,1,5,7,20,2,60,1,0.54,15,1
1439,16,1,19,23,1,0,2,14,5,60,1,0.42,10,0
1048,18,2,12,5,4,0,8,18,6,60,0,0.99,30,0
1332,7,2,27,27,4,4,10,22,3,120,1,0.77,10,0
1155,20,3,7,2,0,0,0,14,5,120,0,0.67,15,0
808,19,3,13,15,1,7,9,18,4,90,0,0.09,10,0
1564,10,1,21,13,4,3,10,16,3,120,1,0.65,10,0
1215,18,2,13,15,5,1,10,18,3,90,1,0.87,15,0
1473,14,3,25,30,1,6,8,10,3,120,1,0.02,30,0
1594,18,3,5,14,3,2,8,18,1,60,1,0.43,30,1
1327,19,3,16,0,4,3,10,16,5,90,0,0.95,20,0
973,8,3,29,20,4,0,8,16,2,120,0,0.81,10,0
938,11,2,19,15,3,7,10,10,3,90,1,0.38,10,0
1362,19,1,29,17,2,0,4,14,0,60,1,0.12,30,1
911,20,2,10,15,4,3,10,18,0,60,1,0.87,20,0
895,14,3,14,2,5,1,10,22,2,120,1,0.04,20,0
1592,6,1,22,19,1,4,6,14,4,120,0,0.52,30,0
1374,19,2,11,20,3,0,6,20,1,120,0,0.77,15,0
818,7,1,23,28,1,5,7,20,0,60,1,0.84,10,0
1305,10,1,18,24,0,6,6,20,5,120,1,0.15,15,1
965,9,1,13,19,1,1,3,20,4,60,1,0.17,10,1
813,18,2,20,6,0,2,2,22,2,60,1,0.65,30,1
942,10,3,25,18,3,5,10,10,3,120,1,0.99,20,0
1306,20,3,2,25,5,4,10,14,3,120,1,0.9,30,0
1061,6,3,12,17,3,3,9,14,5,90,1,0.94,15,0
1060,11,3,2,8,3,6,10,18,4,120,1,0.35,15,1
1482,17,2,16,6,2,3,7,20,2,120,1,0.63,30,1
1306,9,2,12,26,2,5,9,10,1,60,1,0.47,30,0
804,20,3,28,19,2,3,7,10,6,120,1,0.77,15,0
1472,19,3,8,9,1,6,8,18,5,90,0,0.36,20,0
1126,18,1,11,23,0,2,2,18,2,90,1,0.17,10,1
852,13,1,8,5,4,3,10,18,0,120,1,0.45,30,0
945,19,3,10,8,5,5,10,20,5,120,0,0.24,10,0
864,12,1,10,17,2,1,5,14,0,120,0,0.69,10,0
1107,11,1,21,5,4,1,9,14,1,90,0,0.88,15,0
1275,15,2,24,21,5,3,10,22,1,90,1,0.19,10,0
914,8,1,21,11,4,0,8,14,6,60,1,0.36,30,0
1070,8,3,13,26,5,6,10,10,6,120,1,0.11,10,0
1336,11,2,7,16,1,5,7,14,2,90,0,0.26,30,0
841,18,3,26,29,5,1,10,18,1,90,0,0.08,20,0
1152,19,2,10,24,5,3,10,20,3,120,0,0.92,30,0
938,13,1,17,27,0,6,6,16,1,60,1,0.25,10,1
943,19,1,21,10,3,5,10,16,5,120,0,0.76,20,0
903,8,2,0,16,2,1,5,18,6,120,1,0.39,10,1
1403,15,1,13,18,1,1,3,18,6,90,0,0.02,15,0
1433,15,2,30,2,3,7,10,8,2,90,0,0.71,15,0
928,20,3,22,23,3,7,10,10,5,60,0,0.95,15,0
1087,18,1,26,24,4,0,8,14,4,90,0,0.66,15,0
858,8,2,19,26,1,6,8,14,2,60,0,0.55,15,0
909,9,2,4,15,2,5,9,16,3,90,0,0.61,10,0
912,17,2,9,18,0,4,4,20,2,60,0,0.52,15,0
1462,10,1,13,28,4,5,10,10,6,60,0,0.69,15,0
1480,15,2,15,3,5,1,10,14,0,90,0,0.68,10,0
1489,20,2,19,4,3,5,10,22,0,90,0,0.86,10,0
1237,8,3,19,2,5,0,10,20,4,90,0,0.82,15,0
960,7,3,17,7,3,1,7,22,2,90,0,0.68,30,0
1596,13,1,24,0,2,2,6,18,4,120,1,0.49,30,1
1458,10,2,27,19,5,1,10,14,6,60,0,0.25,20,0
852,6,1,0,4,5,6,10,20,6,120,0,0.56,10,0
1018,17,2,20,11,0,2,2,18,2,120,1,0.45,30,1
848,9,3,24,1,2,0,4,18,6,120,0,0.27,30,0
1495,11,2,20,2,4,2,10,10,6,90,0,0.04,15,0
1362,16,1,14,5,0,0,0,22,6,90,0,0.24,20,0
1184,6,1,17,9,1,2,4,8,0,60,0,0.36,15,0
977,6,3,23,6,5,1,10,22,5,90,0,0.72,30,0
1027,12,1,7,17,4,1,9,20,5,90,0,0.74,10,0
1277,17,3,18,22,2,7,10,16,3,60,0,0.04,20,0
932,7,2,22,22,0,0,0,16,0,90,0,0.43,20,0
1374,11,1,25,20,5,5,10,8,1,60,1,0.01,20,0
882,18,1,28,24,4,1,9,18,2,120,1,0.36,20,0
1230,15,2,4,19,3,5,10,14,3,60,0,0.45,30,0
880,9,2,14,23,5,1,10,20,6,120,1,0.75,30,0
1046,15,2,12,3,1,6,8,22,6,90,1,0.54,10,0
1181,11,2,6,14,0,3,3,18,6,120,1,0.75,10,1
969,17,1,6,21,5,4,10,20,3,60,1,0.3,30,0
1190,8,2,13,6,5,3,10,8,2,120,0,0.07,30,0
1226,18,1,21,9,1,1,3,14,1,90,0,0.11,30,0
1344,17,2,6,28,3,4,10,16,0,90,1,0.31,30,0
1407,14,2,29,0,1,6,8,18,4,60,0,0.03,15,0
1298,16,3,29,20,1,6,8,20,1,120,0,0.77,15,0
1564,8,3,30,19,0,2,2,16,0,90,1,0.6,20,1
865,6,2,1,12,5,2,10,18,0,60,1,0.17,15,0
1087,13,1,16,6,0,1,1,18,0,90,1,0.65,30,1
1142,16,2,16,19,5,4,10,22,4,90,1,0.58,30,0
1439,15,1,10,5,1,1,3,16,0,60,1,0.55,30,1
1143,12,2,16,23,0,1,1,8,3,60,1,0.21,20,1
1216,19,1,3,13,1,1,3,10,4,90,1,0.83,30,0
982,17,2,3,13,4,4,10,18,3,60,1,0.91,10,0
890,15,1,16,27,5,0,10,16,4,60,0,0.11,15,0
1458,19,1,15,2,3,7,10,14,1,120,0,0.11,15,0
1507,9,2,29,3,1,1,3,16,4,120,1,0.27,10,1
1572,19,1,9,22,4,0,8,10,3,120,0,0.6,20,0
1180,14,2,16,7,2,6,10,22,6,60,0,0.15,20,0
1550,9,3,20,4,1,5,7,22,2,60,1,0.81,10,0
1414,17,3,5,10,4,1,9,20,5,90,1,0.87,15,0
908,19,3,5,22,1,6,8,22,0,60,1,0.23,20,0
1166,10,1,26,6,5,4,10,14,1,60,1,0.39,10,0
1417,9,1,28,24,3,6,10,18,5,120,1,0.78,10,0
1466,15,2,22,21,2,5,9,22,4,120,1,0.14,20,0
1546,6,3,23,19,4,2,10,20,0,90,1,0.64,15,0
1136,16,1,13,12,4,1,9,8,1,60,1,0.19,30,0
1263,6,2,22,4,0,7,7,20,1,120,1,0.97,15,0
1112,8,3,5,20,1,4,6,8,5,120,0,0.81,10,0
1221,16,1,5,23,1,6,8,14,2,60,0,0.89,10,0
1464,18,2,9,8,1,4,6,22,4,90,0,0.67,10,0
961,17,2,7,25,2,0,4,20,4,90,1,0.41,10,0
920,16,3,16,13,5,1,10,14,3,90,0,0.61,20,0
905,10,2,11,6,4,1,9,10,3,60,1,0.31,15,0
1107,19,2,2,21,5,0,10,18,6,60,1,0.86,10,0
827,16,1,10,12,2,4,8,10,5,120,0,0.04,15,0
1047,13,2,22,12,3,6,10,18,1,60,1,0.23,30,0
895,15,2,2,26,0,3,3,18,5,60,0,0.78,20,0
929,10,3,20,27,1,4,6,8,3,90,0,0.51,15,0
1076,12,1,6,25,2,3,7,10,2,60,1,0.37,30,0
1246,20,3,8,23,0,6,6,22,6,90,1,0.18,15,0
1544,14,1,12,30,4,2,10,18,2,90,0,0.45,15,0
1148,19,1,18,27,2,2,6,22,6,120,1,0.61,30,0
1446,19,1,7,18,3,6,10,14,2,60,1,0.6,30,0
1214,11,1,8,14,0,3,3,8,0,120,1,0.27,30,1
1017,20,2,9,23,5,6,10,20,3,120,1,0.43,20,0
1267,6,2,22,3,3,0,6,22,6,90,0,0.09,20,0
1436,13,1,2,0,1,4,6,22,5,90,0,0.34,30,0
1167,12,2,23,10,0,5,5,8,4,120,1,0.94,10,0
1193,13,3,9,8,4,2,10,10,2,120,0,0.97,20,0
1425,20,3,13,18,4,5,10,8,2,90,0,0.65,30,0
1218,19,3,18,25,1,7,9,14,2,60,0,0.82,20,0
982,18,3,13,2,3,2,8,14,6,90,0,0.3,10,0
933,11,1,27,21,1,5,7,22,5,90,1,0.74,30,0
1108,14,1,20,13,1,4,6,18,1,120,1,0.86,10,0
1487,12,1,10,16,2,3,7,8,5,60,0,0.77,15,0
1249,14,3,12,19,2,1,5,22,4,120,0,0.0,20,0
1458,20,3,27,11,1,7,9,16,2,120,1,0.76,10,0
1021,12,2,13,4,0,3,3,20,3,60,1,0.3,20,1
1016,16,3,8,12,4,6,10,20,5,120,0,0.23,10,0
1490,8,1,7,11,3,6,10,8,3,120,0,0.45,15,0
927,20,2,9,8,2,7,10,16,3,60,1,0.89,30,0
1050,12,2,17,10,5,0,10,18,4,120,1,0.81,20,0
1307,18,2,19,8,5,4,10,20,1,90,1,0.14,20,0
994,13,3,14,25,2,0,4,22,6,60,1,0.39,30,1
1370,13,2,0,8,1,0,2,22,3,90,1,0.35,20,1
1411,13,2,6,9,0,1,1,14,6,90,0,0.65,15,0
860,15,3,1,25,0,0,0,18,6,90,0,0.8,20,0
1207,11,3,16,4,1,4,6,20,2,90,0,0.53,20,0
1470,16,2,11,7,2,2,6,10,6,120,0,0.94,30,0
832,16,3,29,29,5,0,10,22,0,90,1,0.03,10,0
871,6,3,7,26,2,5,9,22,3,60,0,0.6,30,0
1121,7,1,17,3,5,5,10,18,1,120,1,0.79,20,0
1211,12,1,9,23,2,7,10,16,3,60,1,0.51,10,0
1087,17,2,23,18,3,6,10,20,5,90,0,0.71,10,0
1558,11,3,4,11,3,5,10,18,4,90,0,0.53,10,0
1082,17,1,22,7,5,3,10,8,5,60,0,0.5,20,0
817,11,2,26,15,5,3,10,18,4,90,0,0.91,10,0
1059,6,2,2,6,0,6,6,16,0,90,1,0.31,15,1
1018,14,3,26,2,2,7,10,20,5,120,1,0.17,30,1
1106,19,2,26,4,0,3,3,14,4,90,1,0.1,15,1
1539,9,3,15,20,1,5,7,8,4,120,1,0.41,30,0
1290,10,1,6,2,1,5,7,8,4,120,0,0.01,20,0
1326,11,1,8,28,3,5,10,18,6,60,1,0.21,20,0
1453,8,3,3,15,4,5,10,14,4,120,0,0.81,20,0
1522,20,3,25,2,1,6,8,14,2,120,0,0.38,20,0
1576,15,1,6,17,1,1,3,18,1,90,0,0.55,10,0
1549,6,1,30,17,0,4,4,22,3,60,1,0.13,15,1
1119,20,1,3,22,4,5,10,18,3,120,0,0.98,10,0
1401,17,1,5,2,4,5,10,10,3,60,1,0.09,10,0
1102,17,2,2,6,1,1,3,14,5,90,1,0.2,10,1
864,11,1,1,6,0,4,4,14,0,90,1,0.53,10,0
848,15,3,13,11,4,4,10,20,6,90,1,0.46,30,0
1043,17,2,10,28,2,1,5,22,4,120,0,0.6,10,0
944,12,3,27,28,4,4,10,14,1,60,1,0.31,10,0
1432,20,3,25,3,0,6,6,8,5,120,1,0.98,30,0
1506,15,1,0,1,5,2,10,10,5,90,0,0.8,10,0
1214,14,1,13,26,4,2,10,10,5,60,1,0.36,30,0
974,16,2,26,19,4,6,10,10,0,120,0,0.63,30,0
1386,18,3,2,23,0,0,0,14,4,60,0,0.66,20,0
1304,8,1,17,20,3,0,6,20,1,60,0,0.03,30,0
1073,14,2,19,15,5,2,10,14,6,60,1,0.94,15,0
1424,11,1,9,10,1,0,2,14,5,120,0,0.71,15,0
1446,14,2,0,25,3,0,6,14,4,60,0,0.79,15,0
1068,6,2,25,11,2,7,10,14,3,90,1,0.04,10,0
1063,19,1,20,16,5,5,10,16,3,120,1,0.2,10,0
1198,11,3,26,11,3,2,8,10,4,120,1,0.53,30,0
1545,20,2,11,13,5,3,10,8,1,90,0,0.42,15,0
941,19,3,0,28,0,1,1,22,5,60,1,0.01,20,1
1293,19,3,8,21,3,1,7,22,4,120,0,0.21,10,0
1012,11,1,24,23,5,4,10,22,4,120,1,0.73,15,0
1535,15,2,9,2,4,1,9,14,3,120,0,0.96,15,0
1115,13,1,17,7,4,5,10,8,5,90,1,0.22,10,0
1377,11,3,7,4,5,6,10,16,0,120,1,0.86,30,0
1441,14,3,24,13,2,6,10,20,5,60,0,0.37,15,0
962,14,1,22,17,0,1,1,18,1,60,0,0.37,10,0
1247,20,3,16,10,3,4,10,20,6,90,1,0.91,30,0
1314,6,3,30,12,2,5,9,22,4,60,1,0.97,20,0
1388,11,3,15,10,1,1,3,10,2,120,0,0.08,30,0
1130,20,2,21,25,5,5,10,18,5,60,1,0.27,30,0
1083,7,3,2,22,5,4,10,18,3,120,0,0.43,20,0
1578,7,3,20,3,4,7,10,16,2,90,0,0.27,30,0
1164,18,2,2,24,2,6,10,14,0,120,1,0.44,30,0
1043,20,3,0,29,0,3,3,14,5,120,0,0.06,10,0
1205,18,1,26,1,0,5,5,18,3,120,0,0.17,20,0
948,8,3,8,24,4,3,10,14,6,120,0,0.48,30,0
1366,6,3,20,16,2,6,10,20,5,60,0,0.8,10,0
1081,6,1,6,29,2,0,4,8,6,90,0,0.44,15,0
1183,18,3,12,12,5,7,10,8,2,90,1,0.27,10,0
1153,9,3,4,28,3,0,6,18,3,90,1,0.93,30,1
1448,17,1,15,4,0,5,5,20,1,90,1,0.62,10,0
909,15,3,4,22,4,5,10,16,3,120,0,0.8,20,0
1555,6,1,2,28,2,5,9,20,6,120,0,0.56,10,0
1489,13,2,10,27,2,2,6,8,1,90,0,0.42,15,0
1421,11,2,15,20,4,4,10,14,5,90,0,0.45,10,0
1292,19,2,2,21,4,1,9,18,4,60,1,0.48,20,0
870,8,3,21,22,2,4,8,8,6,90,0,0.34,10,0
1239,20,2,19,17,1,3,5,18,6,120,1,0.66,30,1
1078,13,2,13,11,3,5,10,18,0,90,0,0.36,20,0
1542,15,2,20,25,5,3,10,20,6,90,0,0.98,30,0
1349,13,3,15,3,2,6,10,22,4,60,0,0.73,20,0
1586,15,1,15,12,5,3,10,14,6,60,1,0.21,30,0
1277,7,1,21,1,0,1,1,14,5,90,1,0.45,15,1
1584,10,3,30,8,1,1,3,22,5,90,1,0.13,20,1
1174,13,3,10,12,2,1,5,10,2,90,1,0.31,30,1
1346,11,3,11,14,1,5,7,10,1,60,1,0.97,20,0
1365,6,3,23,18,2,7,10,20,4,90,1,0.36,10,1
1469,12,2,1,4,4,4,10,20,5,60,0,0.41,15,0
1018,17,3,20,25,5,4,10,16,0,90,0,0.47,20,0
1210,18,3,14,20,5,1,10,14,5,90,1,0.72,15,0
1097,7,3,11,22,2,5,9,8,4,120,0,0.5,20,0
1181,17,2,1,3,3,0,6,10,4,90,0,0.02,30,0
1156,15,3,0,21,0,1,1,16,5,60,1,0.46,20,1
1388,6,2,17,13,5,2,10,18,2,90,0,0.4,15,0
912,17,2,18,25,1,6,8,16,3,120,0,0.35,15,0
1238,13,1,11,28,5,5,10,20,4,120,1,0.05,10,0
1265,8,1,17,17,1,4,6,22,0,60,0,0.8,10,0
1571,9,3,0,2,2,3,7,8,4,90,1,0.16,20,0
1429,9,2,12,27,5,3,10,14,3,120,1,0.44,10,0
1511,10,3,30,0,1,0,2,20,0,90,0,0.8,30,0
1173,14,1,12,26,0,2,2,22,2,60,1,0.24,30,1
1405,10,3,24,25,0,2,2,18,6,120,1,0.43,10,1
890,18,1,21,4,1,2,4,8,2,120,0,0.32,15,0
1186,7,1,18,15,5,2,10,22,2,120,1,0.39,20,0
1262,10,3,20,8,3,5,10,20,1,60,1,0.69,20,0
1086,10,1,3,16,0,5,5,8,1,90,1,0.19,10,1
1503,11,1,1,6,4,1,9,20,4,60,1,0.84,30,0
1325,10,1,17,24,2,7,10,8,2,90,0,0.17,10,0
1067,16,3,7,6,1,5,7,14,0,60,0,0.18,15,0
1354,9,2,0,6,0,7,7,22,3,90,1,0.91,10,0
1549,15,1,13,21,5,7,10,16,0,120,0,0.78,30,0
947,17,3,11,0,3,6,10,20,3,120,0,0.64,15,0
896,13,1,1,9,4,6,10,18,0,120,1,0.1,30,0
1388,9,1,7,28,5,2,10,16,6,90,1,0.8,20,0
1429,12,2,9,3,4,1,9,16,0,90,0,0.61,10,0
1196,18,2,25,25,4,0,8,18,5,120,1,0.65,15,0
1105,8,2,26,21,0,7,7,20,0,60,0,0.74,20,0
1372,15,1,6,12,4,2,10,18,3,90,0,0.46,15,0
920,11,1,2,19,1,6,8,20,1,90,0,0.4,10,0
943,8,1,13,18,5,0,10,18,5,120,1,0.37,20,0
1326,6,1,27,26,4,3,10,10,6,90,0,0.76,20,0
996,16,3,20,2,0,6,6,14,3,60,1,0.85,30,0
1118,11,2,12,18,1,5,7,8,0,60,0,0.3,10,0
954,20,3,7,6,0,5,5,14,4,120,1,0.57,10,0
1025,11,3,14,3,3,7,10,8,6,90,0,0.19,20,0
1220,14,2,29,1,4,4,10,8,1,90,1,0.0,10,0
1201,10,3,25,7,5,5,10,10,1,90,1,0.56,10,0
1574,14,2,24,26,3,7,10,16,6,120,1,0.86,10,0
1197,10,1,9,10,5,7,10,20,5,120,0,0.84,30,0
1578,9,1,7,7,1,4,6,18,6,90,1,0.33,30,1
1070,19,2,3,24,0,4,4,18,2,120,0,0.59,30,0
1542,18,1,26,3,4,1,9,14,3,60,1,0.85,15,0
1295,6,2,19,24,4,5,10,22,4,120,1,0.8,30,0
920,7,1,1,15,4,7,10,16,2,90,1,0.29,20,0
1228,11,2,4,16,4,7,10,10,1,90,0,0.3,20,0
1074,16,1,24,6,4,0,8,18,4,90,1,0.53,20,1
1559,12,1,26,13,3,2,8,22,5,120,1,0.07,15,0
1219,18,3,15,1,4,7,10,16,3,90,1,0.47,15,0
1383,15,2,4,12,1,7,9,16,4,60,1,0.07,10,0
856,13,1,11,3,1,6,8,10,1,120,0,0.41,15,0
1094,9,1,7,6,5,3,10,8,6,60,0,0.62,15,0
1058,10,2,0,25,3,0,6,22,6,90,1,0.71,10,0
1208,15,2,20,4,1,5,7,16,4,90,1,0.78,20,1
892,8,3,10,7,3,0,6,8,6,90,1,0.25,20,1
1094,14,2,24,30,2,3,7,8,0,120,0,0.26,20,0
1158,10,1,16,25,0,5,5,10,3,90,1,0.97,20,0
1141,18,1,15,17,3,7,10,18,3,60,0,0.04,15,0
972,7,1,28,2,3,0,6,8,4,120,1,0.56,30,0
1013,15,3,21,4,4,7,10,18,4,90,0,0.92,30,0
1007,19,3,2,8,1,4,6,18,2,90,0,0.58,10,0
1285,20,3,18,12,2,4,8,8,3,60,0,0.19,15,0
1354,14,3,0,15,0,0,0,14,0,120,0,0.18,30,0
1119,11,3,2,4,0,2,2,20,1,120,0,0.08,30,0
1169,10,2,30,8,0,6,6,14,4,90,0,0.66,10,0
856,19,2,12,13,1,7,9,14,5,120,0,0.78,20,0
975,12,3,21,18,3,4,10,14,1,60,0,0.87,30,0
856,13,3,29,24,2,4,8,20,4,60,0,0.01,20,0
1319,13,1,28,7,5,3,10,16,4,120,0,0.43,10,0
1065,11,2,19,4,1,2,4,16,3,60,1,0.74,20,1
1312,17,1,19,20,3,0,6,8,2,60,0,0.57,30,0
1423,19,2,21,4,0,2,2,14,0,120,0,0.05,15,0
1362,17,3,11,4,1,3,5,20,1,120,1,0.84,20,1
1389,16,1,24,15,4,5,10,18,1,120,0,0.34,20,0
1130,18,1,2,13,1,7,9,8,2,120,0,0.97,30,0
1142,19,2,9,22,0,4,4,10,2,120,1,0.83,30,0
962,12,1,11,19,0,3,3,20,0,60,1,0.65,30,1
1545,13,1,24,29,5,6,10,20,6,90,1,0.17,20,0
1104,9,3,9,6,5,5,10,22,2,120,1,0.52,15,0
1418,19,2,11,15,0,5,5,16,6,120,1,0.22,10,1
960,15,3,1,24,1,4,6,18,5,60,1,0.13,30,1
1395,19,2,30,1,5,0,10,20,0,120,1,0.01,10,0
1229,17,2,15,7,3,6,10,10,2,60,1,0.38,15,0
928,11,2,19,4,0,3,3,16,6,120,0,0.05,10,0
1535,10,3,1,29,0,5,5,10,3,60,0,0.94,10,0
1570,13,1,26,5,3,4,10,8,2,90,1,0.42,10,0
811,16,1,16,8,1,3,5,10,2,120,1,0.45,20,0
967,8,3,17,20,1,5,7,18,3,120,1,0.91,30,0
1288,18,1,11,7,4,0,8,22,1,60,1,0.77,15,0
1559,10,2,23,24,1,6,8,14,0,60,0,0.14,10,0
1388,6,3,20,1,3,4,10,22,3,90,0,0.86,20,0
1108,8,2,16,15,1,5,7,14,2,120,0,0.71,20,0
980,16,1,3,12,4,7,10,18,1,120,0,0.73,30,0
1172,18,2,30,18,1,3,5,14,1,120,1,0.59,20,1
1127,19,1,23,24,5,2,10,22,5,90,0,0.51,15,0
1142,13,1,7,26,4,1,9,10,1,60,1,0.23,20,0
1054,16,3,6,1,1,3,5,16,2,60,0,0.15,30,0
1059,6,3,18,17,2,3,7,20,6,90,0,0.05,15,0
1155,6,2,29,2,3,0,6,10,1,60,1,0.1,10,1
1299,17,1,11,30,2,5,9,18,6,90,0,0.8,20,0
1449,17,1,8,4,1,4,6,14,3,90,0,0.08,15,0
1180,19,2,27,2,1,5,7,10,4,60,1,0.77,10,0
1400,7,1,26,23,2,0,4,14,5,120,0,0.73,20,0
1425,10,1,19,22,3,1,7,14,5,90,1,0.36,10,0
1201,12,1,5,30,4,2,10,14,3,60,0,0.84,30,0
923,17,2,4,27,0,5,5,20,3,60,1,0.13,10,1
1269,12,1,10,1,2,2,6,8,2,120,1,0.5,20,0
1483,16,2,19,14,3,1,7,14,1,120,0,0.69,30,0
824,20,3,1,23,4,0,8,8,0,60,1,0.77,30,0
1550,7,1,23,6,4,2,10,16,6,120,0,0.54,15,0
839,10,2,21,3,3,3,9,18,4,60,1,0.97,30,0
1524,14,3,11,2,4,5,10,16,4,60,1,0.63,30,0
1142,12,3,17,24,1,6,8,16,1,120,0,0.01,15,0
1531,13,1,26,0,5,1,10,20,5,90,1,0.15,15,0
1269,9,2,13,9,0,7,7,18,1,120,0,0.96,15,0
850,18,2,19,14,4,5,10,8,5,90,1,0.98,15,0
1221,13,1,8,12,3,4,10,18,0,90,1,0.53,30,0
1260,11,1,27,17,2,7,10,8,0,90,1,0.35,10,0
1159,16,3,25,11,3,3,9,14,1,60,0,0.92,30,0
1014,15,1,0,23,0,2,2,14,4,90,1,0.33,15,1
1045,18,2,22,15,3,3,9,8,5,60,0,0.38,30,0
910,15,1,26,13,0,5,5,14,4,90,0,0.01,10,0
947,10,3,1,4,2,4,8,14,2,60,0,1.0,20,0
1404,6,3,23,23,0,3,3,18,6,90,1,0.63,15,1
1332,14,2,4,9,3,1,7,16,1,60,0,0.8,20,0
1054,14,1,24,21,0,0,0,8,4,60,1,0.22,15,1
1429,10,3,29,7,0,7,7,20,5,90,0,0.44,30,0
1121,10,2,24,12,1,7,9,20,1,90,0,0.52,30,0
960,8,2,4,14,2,6,10,8,0,60,0,0.25,15,0
1029,20,2,1,11,3,7,10,16,6,60,0,0.36,20,0
1331,15,3,1,26,2,1,5,18,6,120,0,0.77,10,0
1144,7,2,12,13,0,1,1,22,1,60,0,0.49,20,0
1589,10,2,20,19,0,6,6,22,1,90,0,0.33,30,0
1200,15,2,26,17,2,4,8,14,1,60,0,0.16,20,0
1510,14,1,8,17,4,6,10,10,5,60,0,0.87,15,0
1273,7,2,11,1,1,1,3,22,6,60,0,0.7,30,0
1495,12,3,18,25,0,4,4,22,0,120,0,0.67,30,0
806,12,1,0,8,3,1,7,22,4,120,0,0.83,15,0
1551,11,2,30,21,5,2,10,14,5,90,1,0.56,15,0
1096,7,1,7,8,0,4,4,8,1,60,0,0.11,10,0
1119,6,2,29,2,5,3,10,10,2,120,0,0.44,10,0
1117,10,2,1,16,2,6,10,8,4,120,1,0.79,30,0
1264,7,2,21,26,4,7,10,18,1,60,0,0.2,20,0
1162,18,2,8,10,3,2,8,22,1,90,1,0.66,30,0
1414,10,1,14,23,2,0,4,10,1,90,1,0.26,30,1
803,15,1,7,19,0,3,3,16,5,120,1,0.09,30,1
1107,7,1,26,12,0,3,3,10,3,90,1,0.23,10,1
1519,16,3,1,11,3,6,10,10,0,120,0,0.08,30,0
1459,11,2,13,25,0,2,2,14,1,90,0,0.39,20,0
821,6,2,14,9,4,6,10,16,4,90,1,0.77,20,0
1320,10,3,2,14,0,3,3,16,6,60,0,0.99,30,0
1279,6,1,14,15,1,7,9,14,4,90,0,0.81,10,0
1254,14,1,3,29,0,7,7,8,4,120,1,0.83,10,0
1084,15,1,5,29,0,4,4,14,2,60,1,0.33,30,1
1258,10,1,7,7,5,4,10,20,4,120,1,0.98,20,0
1183,8,1,18,3,3,0,6,22,1,120,0,0.36,10,0
1575,6,2,19,22,4,2,10,16,5,90,1,0.21,30,0
1534,7,3,19,15,5,7,10,10,0,90,0,0.96,20,0
1581,12,3,29,4,2,7,10,20,5,60,0,0.79,20,0
1338,12,2,21,7,4,2,10,22,3,120,1,0.55,10,0
1067,17,1,29,30,1,4,6,18,1,60,1,0.92,30,1
1250,20,1,13,0,2,5,9,18,5,60,1,0.87,20,0
1273,15,1,3,28,5,1,10,16,1,90,0,0.39,15,0
1179,18,2,12,9,3,3,9,22,4,120,1,0.02,20,0
1478,16,3,10,11,3,0,6,22,6,60,0,0.25,15,0
1286,17,1,23,17,3,6,10,20,4,60,1,0.32,10,0
1137,6,3,29,5,3,0,6,8,0,120,0,0.78,10,0
1483,18,3,1,2,2,6,10,8,3,60,1,0.19,20,0
1058,18,3,19,20,4,1,9,10,0,60,0,0.05,15,0
1470,18,1,16,27,2,6,10,22,4,120,0,0.76,30,0
1289,8,1,21,29,1,1,3,8,2,120,1,0.53,30,1
1492,20,2,30,20,1,6,8,22,2,90,1,0.07,15,0
929,7,3,17,4,1,0,2,16,1,60,1,0.82,10,1
1292,12,1,20,20,5,3,10,22,0,60,0,0.41,10,0
1506,16,2,19,7,3,3,9,14,5,120,0,0.41,30,0
1244,10,1,26,7,1,3,5,22,4,120,0,0.71,15,0
1474,8,2,4,25,4,2,10,20,6,90,1,0.91,15,0
1189,20,3,7,14,4,4,10,18,6,120,1,0.85,15,0
990,11,1,29,19,3,4,10,14,2,120,1,0.76,15,0
1564,16,2,24,22,5,6,10,18,0,60,0,0.31,15,0
1026,6,2,8,0,4,0,8,14,4,90,1,0.09,20,1
1124,17,2,19,21,5,0,10,22,5,90,0,0.78,30,0
1424,6,1,29,11,4,1,9,20,1,60,1,0.95,15,0
1279,8,1,13,5,5,6,10,16,5,60,0,0.15,20,0
1320,10,1,17,25,0,2,2,18,2,90,1,0.47,15,1
1538,13,3,6,19,2,7,10,22,4,90,1,0.07,15,0
1060,17,2,8,21,0,1,1,8,3,120,0,0.99,30,0
812,9,3,16,13,1,5,7,16,5,90,1,0.1,15,1
1173,14,2,23,27,1,3,5,10,0,60,0,0.36,15,0
832,17,3,22,4,4,2,10,20,2,120,0,0.51,15,0
975,18,1,1,28,3,3,9,8,1,120,1,0.23,30,0
1161,18,2,17,11,1,2,4,8,3,60,0,0.06,30,0
823,14,2,4,17,3,4,10,22,5,60,1,0.68,15,0
1301,15,3,13,24,1,6,8,14,0,60,1,0.35,10,0
1500,17,1,0,30,2,1,5,8,4,60,1,0.69,20,0
1527,8,1,13,28,1,3,5,20,0,60,0,0.42,30,0
937,8,1,10,1,1,3,5,8,5,60,1,0.68,20,0
1002,13,2,25,6,4,1,9,16,6,120,0,0.85,10,0
1420,7,2,22,12,1,1,3,16,6,90,1,0.84,30,1
1544,16,2,0,7,1,0,2,14,2,90,1,0.06,10,1
1198,7,2,12,8,4,7,10,8,0,120,1,0.29,20,0
1365,6,1,10,23,5,1,10,16,3,90,0,0.58,30,0
1509,8,3,0,18,1,4,6,8,0,90,0,0.32,10,0
1469,15,2,19,18,5,6,10,8,5,120,0,0.12,15,0
1525,11,2,5,22,1,2,4,10,5,120,0,0.32,15,0
1266,16,2,20,9,1,5,7,14,5,60,1,0.5,30,0
978,11,3,27,21,1,5,7,8,6,60,0,0.12,20,0
1594,8,2,10,16,5,6,10,22,1,90,1,0.7,15,0
1211,6,1,2,14,2,0,4,10,0,90,1,0.8,10,0
1523,18,3,15,3,4,6,10,8,6,90,0,0.18,15,0
1176,17,2,30,22,2,5,9,18,1,60,1,0.74,20,0
1377,12,2,10,14,3,1,7,8,5,60,1,0.99,15,0
818,17,2,24,10,3,6,10,10,3,90,1,0.77,10,0
889,12,1,17,18,2,7,10,8,6,60,1,0.66,15,0
985,7,1,6,12,5,6,10,8,0,120,0,0.27,30,0
1497,17,1,4,21,4,3,10,8,5,90,1,0.39,10,0
1558,7,3,7,23,4,7,10,18,6,120,0,0.47,20,0
1512,12,1,29,25,1,3,5,18,5,90,1,0.88,15,1
1325,11,3,20,30,4,6,10,18,5,60,1,0.78,30,0
1205,17,1,1,22,4,0,8,20,0,90,0,0.5,20,0
1430,15,3,27,25,5,4,10,22,2,90,1,0.68,20,0
1117,10,1,27,30,0,7,7,16,4,60,1,0.14,20,1
1091,16,1,9,24,3,5,10,18,0,120,1,0.03,20,0
1055,11,3,20,29,4,3,10,18,4,90,0,0.46,30,0
1172,14,2,14,16,1,7,9,14,3,120,0,0.38,20,0
1023,10,3,1,15,5,3,10,8,3,120,0,0.81,30,0
1276,12,1,28,29,5,3,10,14,5,60,0,0.49,15,0
1197,15,1,4,6,1,5,7,14,0,60,0,0.41,20,0
933,14,2,21,24,0,2,2,10,0,60,1,0.32,15,1
1269,9,2,22,21,5,5,10,22,0,90,1,0.16,10,0
992,8,1,7,8,3,7,10,8,2,90,1,0.89,15,0
1527,11,2,11,11,5,7,10,8,1,60,0,0.41,30,0
1057,7,1,13,9,2,5,9,18,2,90,1,0.11,15,0
910,14,3,7,29,5,1,10,20,1,90,0,0.84,20,0
830,13,3,12,3,1,2,4,22,1,120,0,0.66,10,0
1173,12,2,9,13,4,5,10,10,5,60,1,0.37,20,0
1148,15,2,1,4,3,3,9,20,2,90,0,0.5,30,0
1586,14,3,25,21,2,3,7,10,5,60,1,0.41,15,0
1390,17,3,1,8,5,6,10,8,0,120,0,0.69,15,0
1209,15,2,23,21,1,6,8,18,0,60,0,0.15,30,0
1183,11,3,0,12,0,7,7,22,4,60,1,0.64,30,0
824,20,3,2,30,2,1,5,10,0,60,0,0.58,15,0
1058,10,3,1,14,3,7,10,10,0,90,0,0.73,15,0
1502,9,3,26,7,4,1,9,20,4,60,1,0.78,15,0
915,6,2,7,0,3,1,7,10,1,90,0,0.87,15,0
948,14,1,20,14,3,4,10,10,3,60,1,0.29,20,0
1302,17,3,17,28,3,2,8,18,1,60,1,0.19,15,0
1509,16,3,26,22,5,0,10,8,1,90,0,0.9,20,0
1225,17,2,11,16,4,5,10,10,5,90,1,0.41,30,0
1509,19,1,20,13,2,7,10,10,5,120,1,0.92,20,0
981,11,2,6,14,4,7,10,20,2,90,1,0.55,20,0
814,13,1,25,22,5,4,10,16,2,90,1,0.46,10,0
1244,7,1,28,19,4,7,10,10,4,90,0,0.4,10,0
1413,8,3,25,4,3,1,7,20,5,90,1,0.12,10,1
801,11,1,27,15,0,6,6,8,2,90,1,0.54,10,0
1006,7,3,26,30,5,6,10,16,2,90,1,0.64,15,0
1277,15,3,6,28,0,2,2,22,6,90,0,0.56,20,0
1043,11,3,21,8,0,6,6,22,0,60,0,0.98,20,0
1369,6,3,14,0,5,1,10,16,0,120,1,0.49,10,0
1175,8,1,15,14,5,1,10,20,0,90,1,0.06,15,0
1030,12,3,18,11,5,7,10,18,3,90,0,0.65,20,0
1222,7,3,1,10,0,1,1,8,6,120,0,0.05,30,0
852,19,1,15,17,5,5,10,8,5,60,0,0.37,15,0
1156,16,2,18,15,1,3,5,20,5,120,0,0.03,10,0
1490,8,3,28,28,3,5,10,18,6,120,1,0.27,30,0
1490,17,3,21,27,2,3,7,22,4,90,1,0.6,30,0
1566,10,2,26,24,1,5,7,10,3,120,1,0.67,15,0
857,10,1,12,9,0,5,5,22,5,60,1,0.29,20,1
895,20,1,7,14,4,3,10,22,3,90,1,0.74,30,0
1188,14,1,23,21,3,0,6,22,4,90,1,0.5,10,0
1268,10,3,21,1,2,4,8,18,5,90,0,0.28,10,0
1327,6,1,30,26,2,6,10,10,2,120,0,0.67,30,0
1061,10,2,0,18,4,6,10,10,1,90,1,0.76,20,0
948,13,3,18,3,0,1,1,8,5,60,1,0.8,10,0
1347,10,2,21,13,4,5,10,18,1,60,0,0.24,30,0
920,14,3,6,1,5,7,10,20,5,60,1,0.69,10,0
1577,6,1,4,21,3,4,10,10,2,120,1,0.66,15,0
808,11,2,9,17,1,7,9,22,4,60,0,0.97,20,0
1281,16,2,19,23,4,4,10,16,2,90,0,0.29,15,0
1266,7,2,23,17,2,7,10,22,1,60,1,0.43,30,0
987,13,2,17,1,2,5,9,22,1,120,0,0.42,30,0
1434,20,3,16,20,4,7,10,18,4,120,1,0.94,20,0
1100,10,2,16,8,3,4,10,8,1,90,0,0.12,15,0
1539,20,3,22,6,3,0,6,20,2,120,1,0.18,30,1
1140,16,1,22,18,1,4,6,16,1,120,0,0.11,20,0
1340,10,2,15,19,1,6,8,20,6,120,1,0.41,10,1
1168,12,3,25,12,1,2,4,20,1,60,1,0.03,30,1
1143,15,2,16,0,2,3,7,8,3,60,0,0.71,30,0
1450,20,2,7,7,0,3,3,22,3,120,0,0.81,30,0
869,14,2,20,20,1,4,6,14,3,90,1,0.19,10,0
907,8,3,2,6,4,0,8,16,4,60,1,0.54,10,1
1204,12,1,10,22,2,5,9,18,6,120,1,0.51,30,0
1037,11,2,10,22,2,1,5,18,0,60,0,0.34,10,0
975,20,3,16,22,4,6,10,16,4,60,1,0.83,20,0
1199,15,3,19,16,2,2,6,18,4,60,1,0.45,10,0
1136,8,1,7,2,5,3,10,22,5,60,1,0.09,15,0
1014,17,1,29,0,1,6,8,16,4,90,1,0.13,30,1
1566,13,3,12,4,3,5,10,10,3,60,1,0.74,10,0
1539,9,1,0,16,3,7,10,18,1,90,1,0.97,10,0
1216,8,3,17,7,1,4,6,20,5,90,1,0.48,20,1
1235,8,1,30,20,1,7,9,16,5,120,0,0.06,20,0
1018,11,3,11,22,4,7,10,10,0,60,1,0.22,15,0
974,14,2,26,29,3,0,6,14,5,60,1,0.04,15,1
1139,11,2,9,29,3,3,9,18,6,90,1,0.65,20,0
906,7,2,15,17,4,1,9,14,6,120,1,0.64,20,0
1209,19,3,14,7,4,6,10,22,6,90,1,0.61,20,0
1085,14,3,29,28,2,6,10,16,5,60,0,0.19,15,0
1438,19,1,30,22,1,4,6,18,4,90,1,0.53,30,1
829,6,3,27,13,1,3,5,20,4,90,1,0.58,20,1
963,12,2,1,15,3,0,6,20,4,120,1,0.21,10,1
931,17,1,7,27,1,0,2,20,0,60,1,0.09,30,1
947,14,1,7,11,3,0,6,14,4,60,0,0.54,10,0
919,11,1,6,14,2,3,7,14,3,90,0,0.13,30,0
1302,8,3,24,14,0,5,5,16,2,120,1,0.66,20,1
1273,17,3,21,28,2,5,9,16,2,120,1,0.61,20,0
1176,6,2,10,28,5,3,10,20,5,90,0,0.56,10,0
1253,7,2,16,11,2,1,5,18,1,120,1,0.94,20,1
934,17,3,28,11,1,0,2,16,5,120,0,0.77,10,0
1203,16,2,3,27,0,2,2,8,2,90,1,0.3,20,1
1127,8,1,25,6,0,2,2,16,5,90,1,0.46,10,1
1325,17,3,4,9,0,3,3,22,5,90,0,0.17,10,0
972,17,2,28,9,0,2,2,18,1,90,0,0.29,10,0
1389,10,1,5,25,5,1,10,22,4,60,1,0.72,15,0
1162,13,3,10,18,4,0,8,20,0,90,1,0.61,20,1
890,8,3,7,28,1,5,7,14,3,60,0,0.55,10,0
1600,7,1,25,9,5,3,10,14,6,120,1,0.47,15,0
1019,15,3,19,13,5,2,10,16,3,120,1,0.09,30,1
1044,10,1,3,24,0,2,2,8,6,60,0,0.88,15,0
1314,7,1,1,2,2,4,8,18,0,60,0,0.56,10,0
1392,12,3,13,9,2,2,6,10,0,120,0,0.68,10,0
1325,8,1,21,6,1,5,7,16,4,120,0,0.09,15,0
1039,18,2,28,27,5,6,10,16,0,90,0,0.91,10,0
811,19,3,6,22,4,1,9,18,0,120,1,0.29,20,1
830,7,1,23,6,1,0,2,22,1,90,1,0.59,30,1
828,13,1,8,28,4,7,10,22,3,90,0,0.83,30,0
1264,11,3,4,11,5,7,10,10,1,60,1,0.76,15,0
920,12,1,26,6,5,7,10,20,4,120,0,0.09,10,0
1123,18,3,24,14,0,3,3,22,6,120,1,0.86,15,0
861,12,2,27,14,0,0,0,14,4,120,1,0.4,30,1
1206,16,3,7,27,5,2,10,22,1,60,1,0.06,30,0
910,17,3,10,16,0,0,0,18,3,60,1,0.66,30,1
1002,9,1,6,9,1,0,2,22,6,90,1,0.89,30,0
1100,10,3,17,22,4,3,10,18,5,60,0,0.47,10,0
1391,13,1,4,16,2,2,6,20,2,120,1,0.74,20,1
1123,19,1,6,19,0,6,6,22,0,60,1,0.52,15,0
1596,18,1,13,15,4,3,10,18,5,90,0,0.4,15,0
948,9,3,0,1,2,3,7,16,2,90,1,0.52,30,1
1231,20,2,16,13,5,7,10,20,2,60,1,0.23,10,0
933,6,2,7,3,3,5,10,14,1,120,1,0.48,10,0
924,10,2,16,9,0,1,1,8,5,90,1,0.8,20,1
1249,8,3,3,22,2,3,7,20,3,60,0,0.41,30,0
921,7,2,12,29,0,3,3,16,0,60,0,0.4,10,0
1140,11,2,22,20,2,6,10,14,2,60,1,0.5,15,0
1188,14,2,29,27,1,7,9,16,0,90,0,0.2,20,0
1447,16,2,8,10,4,5,10,20,3,90,0,0.01,10,0
888,7,3,30,13,5,2,10,10,3,60,0,0.97,30,0
1401,13,2,21,4,5,1,10,20,6,120,1,0.74,15,0
1199,18,3,7,17,2,0,4,18,2,120,1,0.02,15,1
1064,6,3,19,18,0,6,6,20,2,60,0,0.07,30,0
1509,18,2,27,28,0,3,3,14,6,120,1,0.56,15,0
1563,13,2,1,0,5,6,10,10,6,90,1,0.71,20,0
1526,7,2,25,5,4,5,10,14,2,120,1,0.43,20,0
1100,8,1,23,24,5,7,10,22,5,120,1,0.84,15,0
1286,11,1,16,0,0,1,1,16,5,120,0,0.65,30,0
1009,10,2,14,18,5,4,10,20,6,90,0,0.23,10,0
1219,17,1,17,7,1,6,8,14,5,120,1,0.72,10,0
854,7,2,0,14,4,1,9,10,5,120,1,0.64,20,0
1259,12,1,23,23,1,0,2,22,2,120,1,0.56,10,0
1515,20,2,5,20,5,3,10,14,5,90,0,0.79,15,0
1455,9,2,5,21,4,7,10,20,2,90,1,0.57,10,0
1475,9,1,29,4,3,5,10,16,2,120,1,0.95,30,0
898,19,1,10,16,4,2,10,20,5,60,1,0.96,20,0
874,20,3,29,0,3,1,7,8,3,60,0,0.3,30,0
1063,10,2,22,20,0,1,1,18,6,120,0,0.06,30,0
1171,18,2,5,23,2,7,10,10,5,120,1,0.97,15,0
1046,13,3,21,15,2,7,10,16,0,60,1,0.56,10,0
1447,8,2,7,5,2,1,5,10,0,120,0,0.55,15,0
1573,8,2,15,18,4,0,8,18,3,120,1,0.41,10,1
951,14,2,11,29,5,3,10,18,1,120,1,0.46,30,0
1114,12,3,16,4,0,0,0,22,0,60,1,0.01,10,0
1257,6,1,15,16,0,6,6,20,5,90,0,0.16,30,0
1570,17,1,18,30,4,3,10,14,4,90,0,0.67,30,0
1303,17,2,17,14,3,2,8,18,3,90,0,0.85,20,0
1489,19,2,25,10,3,5,10,16,1,90,1,0.4,20,0
891,18,3,16,5,4,1,9,16,4,90,1,0.48,20,0
803,19,1,6,9,2,2,6,22,1,60,0,0.44,15,0
1206,15,1,1,6,1,6,8,20,2,90,0,0.95,20,0
1253,9,1,0,19,5,0,10,16,6,90,0,0.73,15,0
1143,7,2,16,10,1,2,4,14,3,90,1,0.37,15,1
1150,17,3,6,15,5,0,10,8,5,90,0,0.4,30,0
1414,20,1,6,4,3,6,10,10,1,90,0,0.15,20,0
1513,12,1,24,30,4,3,10,16,1,60,1,0.67,15,0
1145,18,3,6,3,0,3,3,22,1,120,1,0.82,10,0
807,14,3,18,9,1,3,5,14,0,60,1,0.01,15,1
995,9,1,21,3,5,3,10,18,2,90,1,0.63,10,0
930,11,3,15,28,4,0,8,14,3,60,1,0.1,20,1
1570,20,3,21,3,3,6,10,18,5,90,0,0.89,30,0
1102,11,3,11,9,2,2,6,8,2,90,0,0.46,15,0
1245,10,1,10,6,5,2,10,20,6,90,0,0.65,30,0
1334,14,2,19,6,2,2,6,18,4,60,0,0.22,30,0
1428,20,3,14,29,5,3,10,20,1,60,1,0.02,15,0
896,15,3,11,24,4,6,10,14,6,90,0,0.68,10,0
930,11,1,12,13,3,6,10,20,5,60,1,0.65,15,0
1104,13,2,15,2,2,6,10,10,1,120,1,0.72,10,0
1548,6,1,16,10,1,4,6,10,6,90,1,0.17,10,1
1133,11,3,24,12,1,7,9,14,1,120,1,0.23,20,0
1429,11,3,9,0,1,5,7,14,6,120,1,0.41,30,0
1597,16,3,11,6,0,7,7,8,4,90,0,0.03,15,0
1556,19,1,0,21,1,7,9,10,3,120,1,0.22,15,0
1159,17,2,21,25,3,3,9,20,5,60,0,0.95,15,0
1091,20,3,14,8,4,3,10,18,0,90,1,0.01,10,0
1394,7,1,19,0,2,6,10,16,5,120,0,0.75,15,0
1563,8,2,9,9,3,3,9,20,3,120,1,0.61,20,0
893,13,2,25,1,4,0,8,18,1,90,0,0.92,20,0
1589,17,3,21,11,5,1,10,8,2,90,1,0.81,20,0
1228,12,3,26,9,2,7,10,22,1,120,0,0.54,10,0
1562,18,3,10,4,4,0,8,20,2,90,1,0.34,10,0
1366,9,2,17,25,2,7,10,16,0,120,0,0.98,20,0
1051,19,2,11,1,4,6,10,18,2,120,0,0.5,30,0
961,17,2,1,4,1,0,2,18,6,120,1,0.28,15,1
1071,20,1,9,24,1,5,7,14,4,90,1,0.18,10,0
991,19,1,21,11,3,0,6,22,1,120,1,0.06,10,0
1014,11,2,13,19,2,6,10,16,0,90,0,0.21,30,0
1065,13,2,14,13,5,1,10,20,5,60,1,0.08,15,0
918,18,2,1,24,1,6,8,20,2,90,1,0.71,10,0
1453,15,3,1,1,2,1,5,14,4,120,0,0.21,20,0
934,19,3,13,22,5,6,10,8,0,60,1,0.32,10,0
1584,19,1,5,18,2,7,10,10,6,120,0,0.11,10,0
870,8,2,25,11,3,1,7,18,0,90,0,0.38,10,0
1412,10,3,18,24,4,1,9,10,3,120,1,0.04,20,0
1144,7,3,3,21,5,3,10,22,4,90,1,0.08,30,0
1476,13,1,15,0,4,0,8,20,2,120,0,0.6,15,0
1524,8,3,29,22,2,0,4,16,5,60,1,0.08,15,1
1012,19,1,2,24,1,4,6,18,2,60,0,0.04,20,0
842,16,1,30,26,1,7,9,22,5,60,1,0.5,20,0
1194,8,3,14,8,4,0,8,16,3,60,0,0.69,15,0
1224,18,3,4,23,0,3,3,8,3,120,1,0.94,30,1
1125,13,3,2,5,0,1,1,18,3,60,0,0.54,10,0
1483,17,1,27,21,5,3,10,22,5,120,0,0.2,15,0
1132,11,3,27,23,4,7,10,18,5,60,0,0.43,15,0
1026,7,2,26,21,2,6,10,18,5,120,0,0.85,30,0
1448,7,3,24,12,4,0,8,14,2,60,1,0.16,10,1
944,18,1,26,6,3,0,6,18,0,90,1,0.78,10,0
1059,10,3,25,25,3,0,6,18,5,60,1,0.91,20,0
839,18,3,26,7,2,6,10,18,2,90,1,0.57,20,0
830,19,2,0,18,5,5,10,22,4,60,1,0.83,30,0
1068,11,2,13,19,4,3,10,20,4,120,1,0.57,10,0
1298,10,1,19,8,0,4,4,10,5,120,0,0.29,20,0
1265,20,3,14,29,3,2,8,14,6,60,1,0.45,30,0
1419,7,3,25,11,1,0,2,8,3,90,1,0.14,30,1
926,13,2,21,22,3,5,10,18,0,60,1,0.13,30,0
1197,7,1,24,12,3,2,8,22,5,120,1,0.44,15,0
1115,15,3,4,8,3,6,10,16,5,60,0,0.4,30,0
961,19,2,23,15,5,4,10,8,1,60,1,0.82,30,0
935,9,1,22,30,1,5,7,10,2,60,0,0.34,20,0
1560,12,1,0,16,2,4,8,18,3,60,1,0.18,20,1
857,11,1,0,20,2,3,7,14,1,60,0,0.72,20,0
1180,20,2,0,10,4,3,10,14,5,60,0,0.15,10,0
806,15,1,28,4,4,4,10,14,5,60,0,0.79,20,0
1515,16,1,8,27,0,7,7,18,1,90,0,0.68,30,0
1293,15,3,4,22,2,0,4,22,1,60,0,0.43,15,0
1033,7,1,15,19,4,1,9,18,0,120,0,0.96,30,0
954,19,2,5,13,2,7,10,18,6,120,1,0.81,20,0
1170,14,2,14,9,2,2,6,16,1,120,1,0.5,15,1
1000,17,2,26,20,1,5,7,14,2,120,0,0.13,20,0
1007,11,1,2,28,3,2,8,18,0,90,0,0.98,20,0
1144,11,1,17,23,4,2,10,18,3,60,0,0.99,30,0
1206,13,2,12,29,3,0,6,18,1,120,1,0.3,30,1
880,17,3,4,1,5,7,10,14,1,60,0,0.72,30,0
1368,11,3,6,3,2,2,6,16,1,60,0,0.48,20,0
1528,20,1,8,25,2,3,7,8,5,60,0,0.81,10,0
1084,20,2,11,4,4,6,10,14,2,120,1,0.31,15,0
1018,7,3,25,19,3,1,7,22,0,120,1,0.23,15,0
1083,18,3,29,14,1,6,8,22,4,90,0,0.09,10,0
1564,9,3,9,7,2,4,8,18,4,90,1,0.74,20,1
1364,17,2,20,2,5,1,10,22,3,120,1,0.05,15,0
918,11,3,18,4,3,4,10,10,3,90,0,0.51,30,0
1095,15,1,30,29,1,3,5,8,1,60,0,0.23,20,0
1070,14,1,29,28,3,0,6,14,3,60,0,0.98,15,0
1205,14,2,9,14,3,7,10,14,0,90,0,0.22,30,0
1220,19,2,12,0,0,7,7,16,5,60,0,0.85,15,0
923,19,1,25,21,5,2,10,8,4,60,1,0.87,15,0
1292,14,2,24,14,1,6,8,14,5,60,0,0.2,10,0
1106,17,2,20,18,3,2,8,20,6,60,1,0.4,30,0
833,20,2,17,11,1,1,3,10,1,90,1,0.21,20,1
1333,18,3,8,18,4,1,9,8,4,120,1,0.98,30,0
1159,7,1,30,8,1,1,3,8,6,90,0,0.47,10,0
1285,18,3,0,9,4,3,10,22,3,90,0,0.08,30,0
1544,11,3,11,29,2,5,9,18,2,60,0,0.62,30,0
1387,18,1,29,3,1,6,8,10,5,90,1,0.58,15,0
1300,12,2,13,16,3,7,10,16,2,120,0,0.36,30,0
873,9,2,2,15,2,1,5,18,2,60,0,0.96,20,0
983,12,2,27,4,1,3,5,18,4,60,1,0.85,10,0
1172,19,1,1,3,0,1,1,10,4,60,1,0.31,10,0
1115,10,1,23,6,3,4,10,16,4,60,0,0.26,10,0
889,6,3,16,30,3,1,7,22,3,90,1,0.7,10,0
1119,19,3,25,21,4,1,9,14,3,60,0,0.38,30,0
1272,16,1,12,14,1,0,2,18,5,90,0,0.05,15,0
1579,9,2,5,13,2,3,7,20,1,60,1,0.51,30,1
1381,15,2,5,28,2,5,9,18,3,60,1,0.36,30,0
1432,9,1,24,28,3,7,10,8,0,60,1,0.31,10,0
1277,16,2,6,20,1,6,8,8,6,120,1,0.51,30,0
1320,14,3,17,27,5,6,10,22,0,60,1,0.67,30,0
1005,11,3,12,30,3,4,10,22,1,120,0,0.99,30,0
1080,10,2,1,5,3,3,9,10,3,90,1,0.66,20,0
1408,12,2,23,10,4,7,10,20,5,90,1,0.62,20,0
1253,17,1,11,11,5,3,10,14,6,90,1,0.86,10,0
1534,16,1,8,0,2,3,7,16,3,60,0,0.56,20,0
1495,19,3,16,19,3,5,10,10,5,120,1,0.33,10,0
1042,13,2,8,17,0,7,7,18,0,90,0,0.53,15,0
1546,14,2,29,12,4,3,10,10,5,120,0,0.25,30,0
1110,17,3,1,22,2,0,4,16,1,90,0,0.06,20,0
889,11,1,23,28,3,3,9,10,6,120,1,0.84,20,0
905,6,3,28,4,3,5,10,18,1,120,1,0.63,30,0
1010,9,2,29,12,3,4,10,20,3,90,1,0.86,10,0
1053,9,1,28,15,1,7,9,14,0,90,0,0.78,20,0
871,6,1,0,5,5,7,10,16,0,90,0,0.68,20,0
917,12,2,16,8,4,7,10,16,4,120,1,0.2,15,0
1041,19,1,13,2,2,4,8,10,2,90,1,0.27,30,0
1340,15,1,27,10,0,5,5,20,6,120,0,0.41,15,0
1578,13,1,23,12,4,7,10,14,3,90,0,0.48,10,0
963,15,1,7,28,5,6,10,8,6,60,0,0.13,30,0
1272,10,2,19,20,4,4,10,20,0,120,0,0.91,15,0
1310,12,3,14,0,2,0,4,16,4,60,0,0.63,30,0
1456,11,1,28,0,3,4,10,8,3,60,1,0.53,20,0
1251,14,3,8,16,1,0,2,10,2,120,1,0.46,30,1
1136,16,2,22,21,0,4,4,14,4,60,1,0.18,10,0
1429,6,1,3,27,3,3,9,22,5,90,1,0.25,10,0
1238,13,3,16,10,5,4,10,14,2,60,1,1.0,15,0
824,9,1,20,1,3,5,10,16,0,120,1,0.15,10,0
927,17,2,5,6,5,0,10,10,4,120,1,0.38,15,0
821,15,1,29,7,2,6,10,14,2,60,0,0.03,10,0
1161,10,1,25,5,5,7,10,10,1,60,0,0.15,20,0
1020,7,3,29,10,0,0,0,14,1,60,0,0.66,15,0
1516,6,3,27,12,4,2,10,22,0,90,0,0.78,10,0
1380,9,1,29,30,2,4,8,18,2,120,1,0.22,20,1
1254,18,2,19,14,1,2,4,14,6,120,1,0.64,20,1
1042,14,1,11,27,0,2,2,16,1,120,0,0.76,15,0
1247,20,2,27,4,4,5,10,22,0,120,1,0.18,20,0
1173,16,2,21,13,4,1,9,14,2,120,0,0.24,10,0
1388,12,3,23,27,4,5,10,22,2,90,1,0.39,20,0
815,19,3,24,9,4,4,10,18,5,60,1,0.74,15,0
1470,10,2,13,22,2,0,4,10,2,60,1,0.93,30,0
1409,20,2,11,25,2,3,7,14,6,90,0,0.86,15,0
1479,8,2,14,24,2,4,8,16,6,90,1,0.93,20,0
1181,15,1,11,9,5,1,10,10,1,120,1,0.15,20,0
1554,15,1,15,19,3,0,6,8,3,60,1,0.87,20,0
1414,10,3,26,9,4,6,10,16,2,120,0,0.44,15,0
1002,16,3,10,25,3,7,10,8,1,90,1,0.59,20,0
830,20,1,24,14,3,7,10,14,4,120,0,0.38,10,0
958,20,1,15,4,5,7,10,16,2,60,0,0.94,20,0
915,17,3,6,8,0,7,7,20,6,60,0,0.34,20,0
1144,14,1,25,9,2,5,9,18,2,90,1,0.8,10,0
1234,14,3,6,6,2,7,10,20,6,90,1,0.51,20,0
1576,6,2,25,23,4,1,9,8,4,90,0,0.29,10,0
1285,7,2,29,10,5,7,10,18,2,60,0,0.63,30,0
1397,9,1,12,17,3,0,6,22,4,120,0,0.87,30,0
836,14,3,30,30,4,5,10,20,5,60,0,0.03,20,0
1580,14,1,19,2,0,1,1,14,6,60,0,0.04,30,0
1091,6,1,19,22,1,3,5,20,1,120,1,0.24,10,1
989,20,1,21,21,1,7,9,18,1,120,0,0.56,15,0
1340,10,2,30,30,3,1,7,22,6,90,1,0.43,15,0
1565,20,2,28,26,1,0,2,18,1,90,0,0.19,15,0
1560,18,2,13,9,3,4,10,10,5,90,1,0.27,10,0
1063,13,3,17,6,5,2,10,22,3,120,1,0.41,30,0
1408,18,3,10,16,0,7,7,16,6,90,1,0.61,15,0
1118,12,3,14,21,0,4,4,14,3,120,0,0.98,20,0
1055,7,2,10,25,3,6,10,14,5,60,0,0.62,10,0
956,16,2,25,25,4,0,8,22,4,120,1,0.27,30,0
1199,12,3,25,16,0,1,1,20,4,60,0,0.58,15,0
1048,16,3,20,28,5,2,10,14,3,120,1,0.14,10,0
1031,13,1,7,15,5,4,10,8,3,120,0,0.2,30,0
1303,20,2,22,28,4,5,10,16,4,60,0,0.93,20,0
1135,15,2,21,25,2,7,10,20,3,120,1,0.83,30,0
1314,12,3,21,0,0,5,5,14,0,120,0,0.92,30,0
1467,12,2,20,8,4,4,10,10,3,60,0,0.47,20,0
1220,7,2,30,13,2,3,7,14,6,90,0,0.04,20,0
954,7,3,16,13,3,4,10,16,5,60,1,0.14,15,0
1133,7,3,18,2,4,5,10,20,5,60,1,0.41,10,0
1041,9,2,28,27,4,5,10,8,4,60,1,0.99,15,0
990,17,3,16,27,3,6,10,16,5,60,0,0.85,10,0
1598,10,1,6,6,4,1,9,8,3,60,0,0.74,30,0
844,6,2,4,4,4,1,9,18,2,90,1,0.9,20,0
1394,19,2,11,19,4,0,8,14,6,60,1,0.02,15,0
1159,15,3,13,3,0,4,4,10,2,120,0,0.04,10,0
1442,13,2,23,28,5,5,10,8,1,60,1,0.08,15,0
943,7,2,17,18,3,4,10,14,6,60,1,0.11,30,0
1044,19,1,1,9,1,1,3,18,1,90,1,0.25,10,1
983,12,2,13,11,3,0,6,10,1,60,1,0.09,30,1
1164,11,3,0,13,1,4,6,16,2,90,1,0.15,30,1
942,20,1,21,7,3,7,10,20,0,60,1,0.72,10,0
807,6,2,28,23,5,6,10,18,3,60,1,0.58,20,0
1273,7,1,5,2,5,1,10,22,3,90,0,0.81,15,0
1173,18,1,18,25,1,3,5,8,5,90,1,0.53,20,0
883,19,2,10,15,0,7,7,18,2,60,0,0.86,15,0
832,8,2,5,12,5,4,10,16,5,120,1,0.63,20,0
1556,7,3,0,4,5,0,10,14,0,120,0,0.32,20,0
1357,14,1,24,10,0,0,0,18,1,60,1,0.39,20,1
1540,9,1,13,6,1,0,2,14,3,120,1,0.7,15,1
1276,17,1,0,18,4,4,10,8,3,90,0,0.45,30,0
833,16,3,4,3,3,0,6,22,5,90,1,0.06,15,0
1149,17,3,27,19,1,3,5,22,1,120,1,0.09,20,1
1189,14,1,14,12,4,7,10,14,0,90,0,0.49,15,0
1505,18,3,7,0,5,1,10,8,5,90,1,0.89,10,0
1593,12,3,24,17,1,3,5,20,5,60,1,0.59,30,1
1094,16,2,0,16,4,4,10,20,2,60,1,0.35,20,0
1163,19,1,23,10,4,3,10,22,2,90,0,0.66,30,0
1177,6,3,8,12,1,0,2,16,4,120,1,0.43,15,1
1260,7,3,21,26,1,6,8,8,6,60,1,0.79,10,0
924,14,2,16,27,0,1,1,8,4,60,1,0.84,10,0
1403,10,3,0,26,4,1,9,20,3,60,0,0.87,15,0
1311,17,2,21,5,4,0,8,14,6,120,1,0.46,30,0
1307,18,1,2,8,5,7,10,10,5,90,0,0.88,10,0
907,15,2,13,20,5,6,10,14,3,60,1,0.45,20,0
1408,11,2,22,25,4,1,9,18,6,60,0,0.04,10,0
1009,11,2,7,27,5,7,10,22,2,120,0,0.35,10,0
1307,11,1,13,14,5,4,10,22,5,120,1,0.64,15,0
1171,14,1,17,4,5,1,10,16,5,90,1,0.51,20,0
1311,13,3,7,11,4,5,10,20,4,90,0,0.54,20,0
1195,15,3,18,15,0,2,2,14,1,60,0,0.61,10,0
1513,12,2,13,20,4,1,9,10,3,90,0,0.58,30,0
1399,15,1,6,11,1,0,2,10,5,60,0,0.76,30,0
1370,9,1,10,20,3,2,8,18,6,120,1,0.37,15,1
1137,19,2,5,13,5,2,10,8,1,120,1,0.78,30,0
1059,13,3,3,3,1,2,4,16,4,120,0,0.29,20,0
925,13,1,18,5,1,2,4,18,1,60,1,0.64,30,1
1143,20,1,25,7,4,4,10,20,5,90,1,0.84,10,0
1123,11,2,22,21,3,7,10,22,6,120,0,0.46,15,0
875,20,1,21,9,1,4,6,20,2,60,1,0.25,10,1
870,17,2,15,11,0,2,2,16,1,60,1,0.52,15,1
1189,15,3,27,11,3,5,10,16,1,120,1,0.2,10,0
1216,14,2,28,26,3,0,6,22,4,120,1,0.32,30,1
1386,18,2,7,24,4,4,10,14,6,60,0,0.79,10,0
816,10,1,27,15,5,7,10,14,4,60,1,0.28,15,0
917,20,1,3,27,4,1,9,18,4,120,1,0.61,10,0
1019,8,3,18,7,2,7,10,14,1,120,1,0.8,10,0
903,7,2,22,15,0,3,3,14,3,90,1,0.05,10,1
1221,10,3,5,12,1,4,6,22,2,90,1,0.42,15,0
803,20,1,30,3,1,5,7,20,2,90,0,0.14,15,0
1383,10,1,15,26,0,7,7,10,5,90,0,0.28,30,0
863,20,3,29,10,2,7,10,20,0,120,0,0.42,15,0
1384,14,1,1,14,4,5,10,8,3,60,1,0.13,20,0
1447,18,3,2,23,1,0,2,10,1,90,0,0.49,30,0
868,12,3,1,28,4,5,10,16,2,120,0,0.53,20,0
1076,7,1,6,21,1,6,8,16,2,120,0,0.14,20,0
1411,18,1,10,28,3,5,10,18,0,90,0,0.67,30,0
1361,8,3,1,22,2,2,6,20,6,90,0,0.17,10,0
1458,16,1,20,9,1,4,6,18,0,90,0,0.28,10,0
1021,19,3,30,11,5,6,10,18,4,60,0,0.28,15,0
1222,11,1,0,28,0,2,2,22,5,60,0,0.45,10,0
955,6,3,28,16,5,4,10,20,2,90,1,0.4,20,0
1356,7,3,17,4,3,2,8,22,4,60,0,0.66,30,0
1484,11,3,30,3,3,4,10,14,5,120,0,1.0,20,0
995,18,1,23,3,4,0,8,8,0,60,0,0.52,15,0
1022,7,2,12,26,4,2,10,10,2,60,1,0.93,10,0
1544,8,1,28,23,5,4,10,16,1,90,1,0.83,15,0
1599,8,1,4,10,1,4,6,10,1,120,1,0.44,10,0
1258,13,2,0,9,1,3,5,20,5,120,1,0.64,30,1
1525,12,2,9,1,4,7,10,16,6,60,0,0.04,20,0
982,18,2,26,22,0,0,0,10,6,60,0,0.88,20,0
874,6,3,21,26,4,7,10,10,2,90,0,0.34,15,0
1242,11,2,28,2,3,3,9,18,1,90,1,0.75,15,0
1394,14,2,22,5,1,1,3,22,4,60,0,0.91,15,0
1486,16,1,24,26,3,6,10,18,0,90,0,0.27,15,0
1160,20,2,24,20,1,1,3,18,4,120,1,0.58,10,1
882,17,2,21,18,4,2,10,20,0,120,0,0.32,20,0
1524,13,3,1,11,0,7,7,22,5,60,1,0.48,10,0
1540,14,3,29,24,2,4,8,20,4,120,1,0.2,20,1
1267,12,3,13,22,3,2,8,22,0,60,0,0.81,20,0
874,15,2,17,8,5,5,10,14,5,60,0,0.9,20,0
1144,7,1,26,27,1,0,2,20,2,120,0,0.35,10,0
1395,12,1,21,22,2,1,5,20,5,60,0,0.6,30,0
1116,11,1,21,7,3,3,9,16,6,90,0,0.94,20,0
1551,6,2,2,15,1,7,9,10,1,60,1,0.13,30,0
1314,18,2,27,30,0,3,3,22,5,60,0,0.63,10,0
943,14,1,14,2,4,3,10,14,6,90,1,0.74,20,0
942,19,1,2,28,1,7,9,20,2,120,1,0.24,30,0
1022,7,1,9,19,1,3,5,8,0,120,1,0.16,15,1
855,19,2,23,24,2,4,8,20,6,60,0,0.23,10,0
1321,18,1,7,22,3,4,10,18,2,120,0,0.68,10,0
932,7,3,4,9,0,4,4,8,4,60,1,0.05,20,1
1232,7,2,20,17,3,7,10,20,6,120,0,0.18,10,0
1088,15,3,18,15,0,3,3,20,1,60,1,0.19,20,1
1480,13,2,6,23,1,4,6,14,1,60,0,0.41,10,0
846,18,1,9,26,3,0,6,8,0,120,1,0.11,10,0
1040,11,2,10,30,5,7,10,18,2,60,0,0.72,15,0
1501,16,1,21,7,4,5,10,16,6,120,1,0.13,10,0
1300,12,1,22,16,4,7,10,20,4,90,1,0.42,30,0
1179,19,1,6,16,3,7,10,20,0,60,0,0.61,10,0
1345,15,1,19,14,5,2,10,8,2,120,1,0.22,20,0
1169,7,3,8,10,2,6,10,18,6,60,1,0.83,15,0
1087,7,3,17,28,5,0,10,16,4,120,1,0.78,10,0
1053,16,3,25,3,2,7,10,22,2,120,1,0.62,10,0
1585,14,3,10,7,5,6,10,20,1,60,1,0.9,20,0
1415,9,1,18,5,3,1,7,20,4,90,1,0.03,30,1
1033,14,2,27,13,3,0,6,10,0,120,1,0.96,10,0
1586,11,1,14,17,5,4,10,10,0,120,1,0.36,20,0
1536,11,1,21,10,2,4,8,22,6,60,1,0.76,30,0
1266,13,3,30,16,4,2,10,20,5,120,0,0.97,10,0
1580,20,1,23,1,3,2,8,20,5,60,1,0.02,20,1
1306,18,1,3,25,1,4,6,16,0,120,1,0.37,30,1
1350,17,1,28,30,2,1,5,8,5,90,1,0.41,10,0
1334,12,2,30,8,1,6,8,10,6,90,1,0.82,30,0
860,17,2,18,17,3,7,10,8,0,60,0,0.5,30,0
1597,6,1,7,5,2,7,10,22,0,120,1,0.66,15,0
1572,6,2,7,4,2,6,10,20,3,120,1,0.66,20,0
1415,18,3,1,24,1,0,2,14,6,60,0,0.8,30,0
1439,15,3,16,29,4,2,10,14,3,120,0,0.28,10,0
1089,19,3,3,3,5,3,10,8,0,120,1,0.77,20,0
1050,8,1,2,26,2,5,9,20,3,90,0,0.51,10,0
970,13,2,19,2,3,0,6,8,1,90,0,0.9,30,0
1077,9,3,26,4,2,6,10,22,5,90,1,0.03,20,0
1015,12,1,10,2,5,2,10,10,0,60,1,0.26,10,0
916,15,1,20,4,0,6,6,8,3,60,0,0.74,15,0
854,18,1,11,27,1,2,4,8,5,90,1,0.16,30,1
1248,16,1,23,24,2,3,7,18,2,120,0,0.32,30,0
922,7,2,3,30,5,5,10,20,6,120,1,0.27,15,0
1223,18,3,2,17,2,5,9,14,1,90,1,0.54,15,0
1211,14,1,23,20,4,5,10,8,4,60,1,0.85,20,0
832,8,1,4,6,2,5,9,18,1,90,0,0.69,20,0
1460,8,3,16,0,2,0,4,22,3,90,0,0.87,10,0
1399,16,3,26,14,1,5,7,14,6,90,0,0.36,20,0
1520,17,2,15,15,3,4,10,14,6,90,1,0.26,15,0
834,10,2,9,25,0,0,0,16,0,90,0,0.39,30,0
928,17,3,14,11,2,3,7,16,3,120,0,0.79,20,0
1467,19,2,20,25,3,0,6,18,0,60,0,0.02,20,0
824,13,1,27,11,2,5,9,20,1,120,1,0.04,30,0
861,15,3,27,26,1,2,4,22,5,120,1,0.47,30,0
1377,8,2,30,4,2,1,5,20,3,90,0,0.12,30,0
1592,6,1,4,11,0,3,3,20,5,120,1,0.25,20,1
1073,8,2,17,18,2,2,6,20,1,90,0,0.79,30,0
1405,20,2,18,13,5,4,10,14,6,90,1,0.71,20,0
1267,17,3,28,3,1,7,9,20,1,120,0,0.49,20,0
1497,17,3,25,4,3,1,7,18,1,60,0,0.93,20,0
824,8,1,19,30,1,6,8,22,5,60,1,0.39,30,0
1218,20,2,22,0,5,4,10,8,2,120,1,0.34,20,0
901,7,1,17,12,1,1,3,8,0,90,0,0.94,15,0
1344,17,3,5,1,3,4,10,20,5,90,1,0.17,15,0
1252,18,2,15,15,2,2,6,10,4,60,1,0.7,15,0
1570,9,3,28,14,1,2,4,20,3,120,0,0.61,15,0
881,19,2,3,1,0,2,2,16,0,90,1,0.76,10,1
1063,9,3,20,8,5,6,10,18,5,90,1,0.22,30,0
869,11,2,15,7,0,0,0,14,1,60,0,0.07,30,0
1027,6,3,25,18,2,0,4,16,4,60,0,0.47,15,0
907,8,3,15,6,2,1,5,20,2,120,1,0.05,15,1
1500,17,2,21,29,2,0,4,18,1,90,0,0.0,10,0
1283,8,1,0,17,5,7,10,8,6,60,0,0.52,20,0
1155,8,1,19,20,5,5,10,18,3,60,0,0.23,10,0
1135,18,3,29,24,4,7,10,14,0,90,1,0.45,10,0
1002,8,1,0,26,4,0,8,22,3,60,1,0.94,30,0
1144,6,1,30,25,5,4,10,8,1,60,0,0.44,30,0
1305,16,2,16,22,3,5,10,14,5,120,1,0.95,10,0
1401,11,3,24,3,2,5,9,8,2,120,1,0.18,15,0
1200,12,3,9,21,3,2,8,16,1,120,1,0.96,10,0
1353,20,1,9,24,5,2,10,8,2,60,1,0.77,20,0
847,16,3,8,29,3,2,8,8,3,90,1,0.66,20,0
1419,19,1,27,18,2,1,5,16,6,120,1,0.45,10,0
1252,14,3,17,21,5,6,10,18,4,120,1,0.53,30,0
1077,15,1,30,24,0,0,0,16,5,90,1,0.64,30,1
1096,7,3,14,19,1,7,9,18,4,90,0,0.45,10,0
874,8,2,18,6,0,6,6,20,2,90,0,0.93,20,0
1052,20,2,17,0,2,7,10,8,2,60,1,0.63,15,0
1198,11,1,25,16,3,5,10,16,6,120,0,0.99,15,0
1575,6,1,21,30,5,2,10,16,1,90,1,0.12,20,0
1198,20,2,5,2,1,3,5,8,0,120,1,0.46,20,0
1401,7,2,7,4,5,4,10,10,2,90,1,0.02,10,0
1141,20,2,25,17,1,6,8,20,4,60,0,0.03,20,0
874,19,1,26,20,3,5,10,20,1,60,1,0.43,20,0
1431,20,3,19,27,3,7,10,22,0,120,1,0.8,30,0
845,6,2,8,30,3,1,7,22,2,60,0,0.87,10,0
852,18,2,23,18,0,7,7,14,2,60,1,0.56,10,0
1476,17,3,26,27,3,3,9,18,5,90,1,0.19,10,0
1166,20,2,22,15,2,0,4,20,2,90,1,0.83,30,1
1239,7,3,4,9,4,7,10,14,0,90,0,0.49,20,0
1039,16,1,8,3,5,7,10,10,3,60,1,0.69,15,0
884,16,1,4,6,5,3,10,18,6,120,0,0.12,10,0
814,13,3,26,3,1,2,4,20,5,60,1,0.72,20,1
1599,11,2,14,29,3,1,7,14,6,120,1,0.11,30,0
1465,17,2,12,0,2,5,9,16,4,120,0,0.58,10,0
1211,16,3,9,11,3,6,10,16,6,120,1,0.75,30,0
1181,19,2,23,13,3,6,10,22,2,90,1,0.05,20,0
928,6,3,21,23,2,2,6,18,3,90,1,0.88,15,1
872,13,2,1,9,4,7,10,18,1,120,1,1.0,30,0
1169,10,3,8,4,1,0,2,16,0,120,1,0.69,30,1
1421,8,3,26,17,3,3,9,20,4,90,1,0.03,30,1
1290,8,2,13,27,3,3,9,18,0,60,0,0.8,10,0
1063,9,1,6,2,4,3,10,18,6,60,0,0.82,10,0
911,20,1,25,27,4,4,10,20,0,90,1,0.25,20,0
1151,14,2,10,11,1,4,6,14,1,120,1,0.1,10,0
1083,9,2,19,14,2,5,9,16,5,120,0,0.32,30,0
1385,20,3,6,20,4,7,10,20,0,120,0,0.33,30,0
1234,20,3,13,28,1,3,5,22,6,120,1,0.71,30,0
1480,10,1,14,20,4,2,10,14,5,90,0,0.69,10,0
1593,19,3,13,4,2,6,10,18,2,120,1,0.42,15,0
1406,9,2,25,28,5,4,10,10,3,120,1,0.84,30,0
1404,13,1,13,15,4,0,8,8,6,60,0,0.65,30,0
878,15,1,21,25,4,5,10,22,5,120,0,0.84,15,0
1352,16,2,5,3,1,1,3,22,6,90,0,0.57,20,0
1160,17,2,5,26,2,4,8,16,5,60,0,0.04,30,0
1144,12,2,6,20,1,3,5,20,2,60,0,0.29,15,0
1192,8,2,7,21,4,1,9,14,0,60,0,0.64,20,0
1120,19,3,24,16,2,1,5,20,2,60,0,0.14,20,0
1341,10,1,24,30,2,0,4,16,2,90,0,0.76,15,0
1555,19,1,30,5,4,0,8,22,4,120,1,0.02,20,0
1076,6,2,29,25,1,1,3,8,4,60,1,0.48,15,1
1041,16,2,22,22,1,2,4,22,6,90,1,0.63,15,0
1301,12,2,10,8,3,6,10,8,3,60,1,0.36,15,0
1145,11,2,17,29,0,4,4,16,0,60,1,0.41,10,0
1147,20,3,7,18,1,2,4,18,2,60,1,0.71,15,0
870,11,1,29,20,0,3,3,14,6,60,0,0.57,30,0
961,13,3,27,23,4,5,10,18,1,90,1,0.47,15,0
1521,20,3,2,26,1,0,2,10,3,60,0,0.15,30,0
1154,15,1,18,22,2,5,9,16,5,60,1,0.8,10,0
1557,7,2,30,21,1,2,4,8,6,120,1,0.86,20,0
1412,7,1,0,22,2,4,8,10,3,90,0,0.39,20,0
1057,9,1,23,24,4,6,10,18,0,90,0,0.16,10,0
1446,6,2,20,4,1,7,9,16,5,120,0,0.32,30,0
1320,6,3,16,28,3,5,10,20,3,60,0,0.6,15,0
992,14,2,6,1,0,0,0,18,0,60,1,0.21,15,1
1150,14,3,27,13,5,7,10,16,2,90,1,0.37,30,1
923,13,1,17,21,2,7,10,20,0,60,1,0.27,30,0
1453,9,1,5,22,2,6,10,14,5,120,1,0.86,20,0
1589,7,2,9,23,3,3,9,14,0,90,1,0.5,20,0
1574,7,3,11,3,5,7,10,16,4,120,1,0.36,20,1
1393,12,2,25,13,0,0,0,22,5,60,0,0.45,20,0
957,8,3,26,12,5,4,10,18,2,120,0,0.09,15,0
988,20,1,10,2,5,4,10,14,2,90,1,0.84,15,0
1264,16,1,7,15,3,6,10,8,2,60,1,0.14,30,0
1114,9,1,5,19,3,0,6,18,0,60,1,0.16,15,1
924,6,3,24,6,2,2,6,14,5,60,0,0.17,20,0
833,7,3,21,21,2,6,10,10,4,90,0,0.46,30,0
1493,16,3,18,25,2,3,7,18,0,120,1,0.54,15,0
1475,16,2,24,15,3,7,10,20,4,60,0,0.95,30,0
1317,8,2,9,12,3,6,10,16,4,90,0,0.43,10,0
1496,15,3,9,6,4,6,10,18,1,120,1,0.91,10,0
1342,11,2,18,5,2,6,10,10,4,90,0,0.38,15,0
1015,18,1,10,14,5,2,10,16,1,120,1,0.72,30,0
1353,19,3,19,22,1,7,9,8,5,120,1,0.47,15,0
1599,16,3,7,8,5,4,10,16,3,90,0,0.05,10,0
1105,15,3,23,12,0,0,0,16,6,120,1,0.17,30,1
1575,17,3,16,22,4,7,10,18,1,90,1,0.6,20,0
819,18,1,21,29,5,5,10,8,4,90,1,0.42,10,0
1035,16,2,8,1,4,3,10,20,5,60,0,0.54,10,0
924,12,3,23,6,2,7,10,16,4,60,0,0.65,15,0
1305,13,3,25,7,5,0,10,8,6,120,0,0.16,10,0
878,12,1,3,16,2,2,6,8,0,120,0,0.24,10,0
1172,8,1,2,29,1,3,5,22,6,90,0,0.68,20,0
1586,6,3,17,5,0,2,2,16,0,60,0,0.12,30,0
1295,8,1,26,3,1,5,7,18,0,60,0,0.66,30,0
1297,16,2,12,28,4,0,8,8,5,60,0,0.66,10,0
1274,12,2,26,30,1,2,4,14,6,90,0,0.26,15,0
1322,20,2,3,11,0,5,5,14,5,90,1,0.44,10,0
916,13,3,1,28,5,7,10,8,1,90,0,0.53,15,0
833,19,2,1,1,4,3,10,20,5,120,0,0.86,15,0
1089,16,3,18,20,0,2,2,22,1,60,0,0.38,10,0
825,11,3,27,22,1,2,4,14,5,60,0,0.14,20,0
991,17,2,12,5,2,2,6,20,6,60,0,0.09,10,0
901,12,2,18,11,5,4,10,10,4,120,0,0.17,30,0
1305,16,1,3,23,0,6,6,16,4,60,0,0.8,30,0
1559,14,2,23,4,4,0,8,10,2,60,1,0.19,30,0
1062,18,1,13,14,1,0,2,10,1,60,1,0.08,20,1
1013,16,1,9,30,5,0,10,14,6,60,0,0.61,20,0
1598,7,1,21,10,0,7,7,14,6,90,0,0.53,20,0
967,14,2,13,29,3,7,10,8,1,90,1,0.44,30,0
850,17,1,17,20,5,3,10,8,5,90,1,0.27,20,0
841,11,3,7,10,2,0,4,8,3,60,1,0.17,30,1
1048,20,3,4,17,1,0,2,8,6,120,0,0.13,20,0
910,7,1,2,26,1,4,6,8,3,60,1,0.53,10,0
1432,15,1,11,0,1,4,6,8,3,90,0,0.07,30,0
1453,17,2,27,30,3,1,7,20,0,90,0,0.67,20,0
1353,11,2,18,13,4,6,10,10,5,120,0,0.16,20,0
857,13,3,21,19,0,4,4,20,2,120,0,0.94,10,0
1391,6,1,3,24,2,5,9,20,3,90,1,0.46,30,0
872,15,2,4,8,4,6,10,20,0,60,1,0.04,15,0
896,13,2,9,10,0,7,7,22,3,60,0,0.88,15,0
1368,6,2,22,11,1,4,6,16,4,60,1,0.46,15,1
1130,19,1,23,4,0,5,5,20,4,120,0,0.53,30,0
1041,11,3,16,15,1,7,9,10,4,120,0,0.21,20,0
1517,13,3,20,0,1,4,6,8,6,120,0,0.58,30,0
1481,12,1,22,19,4,4,10,22,3,90,1,0.27,30,0
1054,15,3,7,10,5,6,10,22,5,90,0,0.71,10,0
1366,17,3,13,21,3,6,10,10,6,60,1,0.25,15,0
1040,19,2,28,0,3,2,8,8,6,60,1,0.42,15,0
1076,18,1,3,8,5,2,10,8,2,90,0,0.26,20,0
981,19,2,6,12,1,6,8,10,1,60,1,0.46,20,0
1082,10,2,11,25,5,1,10,20,5,90,0,0.27,20,0
950,7,1,3,14,2,4,8,18,2,90,1,0.48,20,1
970,18,1,20,17,4,4,10,10,6,120,1,0.38,10,0
1175,7,1,19,3,0,6,6,14,6,90,0,0.9,30,0
1095,8,3,19,28,4,7,10,10,2,90,0,0.32,30,0
1183,18,3,18,25,0,5,5,10,6,60,0,0.46,10,0
1067,11,3,2,25,4,3,10,22,2,90,0,0.92,15,0
849,11,2,26,28,4,2,10,14,2,120,0,1.0,10,0
1541,14,1,4,8,3,4,10,10,5,90,1,0.94,20,0
1010,17,1,26,20,0,4,4,20,3,60,1,0.42,30,1
916,17,1,12,25,4,6,10,10,5,90,1,0.61,15,0
865,14,2,19,30,5,0,10,16,2,60,1,0.08,20,0
1248,7,2,18,0,0,1,1,10,2,60,0,0.73,15,0
883,12,1,0,29,2,0,4,10,3,60,1,0.79,15,0
1454,8,1,29,5,0,6,6,8,2,120,1,0.14,10,1
1273,15,2,24,12,4,7,10,18,2,60,0,0.93,10,0
1092,7,2,26,8,1,4,6,16,0,120,1,0.22,30,1
973,9,3,27,17,3,1,7,20,2,120,1,0.17,20,1
1557,15,3,27,19,2,7,10,14,5,90,1,0.21,30,0
1519,18,3,16,5,4,3,10,8,2,90,1,0.48,30,0
1475,19,3,20,17,1,6,8,16,3,60,1,0.31,10,0
841,11,3,6,19,2,1,5,14,0,90,0,0.57,15,0
1149,18,2,23,0,1,5,7,22,4,120,1,0.62,30,0
1235,17,1,27,19,3,3,9,14,2,120,1,0.91,30,0
817,20,2,10,27,0,2,2,8,0,60,1,0.13,15,0
1479,8,2,9,26,5,4,10,8,4,60,0,0.85,20,0
1396,10,1,16,11,4,3,10,14,3,90,0,0.34,20,0
1456,9,2,24,14,5,5,10,8,6,90,1,0.92,20,0
1592,18,2,14,28,1,7,9,22,2,120,1,0.73,15,0
1138,7,1,5,30,2,4,8,16,3,120,0,0.08,30,0
1132,18,1,27,5,3,2,8,18,2,120,1,0.33,15,0
1014,18,3,12,15,2,0,4,10,0,60,1,0.27,30,1
800,6,3,8,24,0,5,5,18,5,60,0,0.28,30,0
1377,17,2,15,28,2,3,7,22,5,120,1,0.07,15,0
1491,15,2,12,22,1,5,7,10,4,90,1,0.07,15,0
1540,12,3,5,0,2,0,4,18,2,60,0,0.4,15,0
1009,10,2,2,2,4,7,10,18,3,60,1,0.14,15,0
1466,12,2,19,28,1,3,5,20,4,60,1,0.1,10,1
1292,7,2,1,7,1,3,5,8,4,90,1,0.28,20,1
1055,12,3,25,27,3,0,6,20,1,120,0,0.63,15,0
889,9,2,29,17,4,0,8,20,1,120,0,0.03,15,0
1225,13,3,23,29,3,7,10,16,6,90,1,0.24,30,0
1150,18,2,12,9,2,5,9,14,2,120,0,0.21,10,0
1428,11,3,8,6,2,1,5,8,0,60,1,0.62,20,0
1180,9,1,26,1,4,2,10,10,5,60,0,0.65,10,0
1010,11,3,23,2,2,5,9,14,5,60,1,0.02,30,0
1056,6,2,4,25,3,0,6,16,3,90,0,0.32,10,0
1564,19,2,9,26,4,7,10,16,1,60,1,0.96,15,0
1552,10,3,4,14,5,7,10,10,0,60,1,0.05,20,0
1289,20,1,11,5,5,0,10,10,1,120,1,0.51,15,0
1264,13,1,5,11,4,2,10,18,2,120,0,0.59,20,0
1417,11,1,12,21,5,5,10,18,4,60,1,0.31,30,0
1472,10,2,13,8,2,2,6,10,6,120,0,0.03,10,0
1179,8,2,27,4,5,6,10,16,4,90,1,0.26,10,0
870,14,3,15,24,3,5,10,22,0,60,1,0.38,10,0
1566,20,3,21,24,1,6,8,16,1,120,1,0.9,15,0
1315,17,1,1,25,5,4,10,20,0,90,1,0.9,10,0
1450,13,1,8,22,3,0,6,20,1,60,1,0.1,20,1
812,17,2,18,19,1,1,3,16,2,90,1,0.32,15,1
1299,11,2,20,5,5,3,10,22,1,120,1,0.49,20,0
892,11,3,1,13,3,1,7,14,2,120,1,0.11,20,1
1173,19,2,21,13,0,6,6,16,4,120,1,0.98,15,0
1230,20,3,7,12,2,6,10,20,0,90,1,0.31,30,1
919,19,1,7,6,4,5,10,16,1,60,0,0.26,20,0
876,14,1,11,12,4,6,10,8,4,60,0,0.95,30,0
1381,13,3,28,9,4,6,10,18,3,120,1,0.53,30,0
1557,9,1,18,13,1,0,2,14,1,90,0,0.26,15,0
1198,15,1,5,24,2,1,5,16,2,60,0,0.0,10,0
937,13,2,12,18,5,0,10,8,3,90,0,0.97,10,0
1384,19,3,27,13,1,7,9,20,5,60,1,0.67,15,0
1197,6,2,25,4,1,3,5,8,3,60,1,0.42,15,0
1456,17,2,15,14,2,6,10,18,5,90,0,0.77,20,0
866,6,2,28,0,5,0,10,10,6,120,0,0.47,10,0
1023,18,1,9,24,4,2,10,20,3,90,1,0.21,20,0
930,16,3,7,25,2,6,10,8,0,120,0,0.01,15,0
1353,6,3,26,13,5,5,10,18,5,90,0,0.66,20,0
1004,20,3,30,21,0,1,1,8,5,60,0,0.47,10,0
1014,16,2,13,12,3,3,9,16,5,120,1,0.48,10,0
1465,9,1,13,30,2,4,8,14,0,60,0,0.98,30,0
1425,6,3,5,21,5,4,10,8,6,60,1,0.36,20,0
1448,17,1,21,23,0,3,3,10,5,90,1,0.13,30,1
1505,11,2,14,26,0,5,5,8,6,120,0,0.05,30,0
1313,13,3,1,14,0,2,2,20,6,90,1,0.15,20,1
1354,15,1,16,11,1,3,5,18,4,60,0,0.91,10,0
1135,7,2,18,14,3,7,10,16,2,120,0,0.25,10,0
1218,19,2,14,13,2,2,6,18,1,60,1,0.11,20,1
1472,10,3,29,18,5,0,10,22,1,120,1,0.56,20,0
1394,18,2,6,21,5,4,10,20,6,90,1,0.48,30,0
1204,7,3,28,7,4,6,10,14,5,90,0,0.78,10,0
1524,20,3,27,2,5,5,10,18,2,120,1,0.74,15,0
945,9,3,22,20,5,5,10,22,4,60,1,0.81,10,0
1393,18,2,2,4,5,7,10,8,3,90,0,0.56,20,0
1487,9,2,1,22,4,7,10,18,0,90,0,0.0,15,0
829,20,1,29,20,5,3,10,18,4,60,0,0.16,30,0
1205,19,2,13,7,3,2,8,8,1,120,1,0.22,20,0
1315,9,2,11,13,3,0,6,16,5,60,0,0.35,20,0
1302,18,2,26,27,1,6,8,16,3,60,1,0.26,30,1
1006,15,1,2,12,2,0,4,18,5,90,1,0.99,30,1
1564,9,3,21,1,2,6,10,18,0,60,0,0.33,10,0
939,15,1,13,26,3,2,8,14,2,90,0,0.69,20,0
1328,6,2,0,27,0,4,4,16,0,90,1,0.77,10,1
841,6,1,29,18,5,0,10,8,3,60,1,0.26,30,0
1576,17,1,20,9,5,7,10,14,1,90,0,0.82,10,0
1367,15,2,3,6,0,5,5,18,3,90,0,0.52,15,0
911,9,1,11,9,1,4,6,20,6,120,0,0.36,10,0
906,7,3,20,1,1,5,7,18,2,120,0,0.58,15,0
1477,15,2,2,26,1,5,7,18,3,120,0,0.73,15,0
1578,18,1,7,17,4,7,10,20,3,90,1,0.85,10,0
1447,12,1,26,23,4,5,10,22,0,60,1,0.02,15,0
1377,15,2,17,6,4,7,10,14,2,120,0,0.02,10,0
1322,9,2,7,5,5,3,10,20,4,120,1,0.71,15,0
1194,18,2,7,16,1,0,2,16,0,90,1,0.56,20,1
920,9,1,26,27,0,1,1,22,3,120,1,0.06,30,1
1259,12,2,15,2,4,2,10,20,6,120,0,0.76,15,0
860,20,1,16,14,2,7,10,14,0,90,0,0.24,10,0
1014,12,1,12,14,3,7,10,8,4,120,0,0.27,30,0
1478,20,1,12,10,2,7,10,8,1,90,1,0.58,30,0
1288,10,3,11,3,5,4,10,14,1,90,1,0.77,20,0
1254,17,2,25,9,5,2,10,22,2,60,1,0.65,10,0
1524,7,3,11,30,0,1,1,22,0,90,1,0.48,15,1
1037,14,2,2,10,3,6,10,14,5,90,1,0.99,20,0
861,16,2,24,27,4,0,8,18,4,60,0,0.99,15,0
1065,12,2,22,1,1,7,9,14,4,90,0,0.25,20,0
1564,17,2,12,6,5,3,10,22,1,120,0,0.24,20,0
941,10,2,14,1,2,1,5,14,6,90,1,0.85,15,0
1212,9,3,17,0,5,3,10,22,1,90,0,0.46,30,0
912,16,3,23,21,3,2,8,20,5,120,1,0.58,30,0
1553,10,2,13,23,1,3,5,20,3,60,0,0.68,20,0
1467,10,2,17,24,3,2,8,16,4,60,0,0.92,15,0
983,17,3,30,8,0,2,2,20,1,60,0,0.87,30,0
989,11,1,21,18,2,1,5,18,2,90,1,0.37,10,1
1352,15,1,10,17,4,3,10,8,2,60,0,0.89,20,0
1211,9,1,6,28,1,2,4,16,3,60,1,0.67,10,1
1115,13,3,26,24,4,6,10,14,3,60,1,0.83,30,0
1469,8,1,6,4,5,5,10,8,4,90,0,0.85,30,0
1349,11,2,9,30,5,3,10,14,3,90,0,0.69,15,0
1015,6,3,5,27,2,7,10,10,4,120,1,0.4,15,0
1202,9,1,12,6,1,0,2,22,4,90,1,0.04,30,1
961,17,2,30,28,1,0,2,10,1,120,1,0.31,10,0
1327,19,2,25,28,5,7,10,14,4,60,0,0.43,15,0
1060,19,3,22,7,5,0,10,10,0,60,0,0.39,15,0
1587,12,2,5,24,1,4,6,14,6,90,1,0.07,10,0
1346,16,2,14,19,3,2,8,10,4,90,0,0.76,10,0
1449,6,3,9,16,3,1,7,8,3,120,1,0.75,10,0
987,19,2,28,0,2,6,10,18,0,120,0,0.44,20,0
1004,14,3,19,3,5,6,10,22,1,90,1,0.07,10,0
1226,12,3,15,17,4,4,10,14,3,60,0,0.91,30,0
1157,6,1,29,21,2,2,6,10,6,120,0,0.35,20,0
814,13,1,25,2,5,0,10,20,3,60,1,0.02,15,0
1477,16,1,11,20,5,0,10,22,3,90,1,0.09,20,0
1039,20,1,21,6,0,7,7,22,0,90,1,0.57,20,0
1165,10,3,25,2,1,2,4,14,6,120,0,0.16,15,0
1319,16,3,2,11,5,2,10,8,4,120,1,0.14,30,0
1201,14,1,3,26,1,6,8,18,3,60,1,0.96,20,0
1577,6,2,23,7,5,2,10,14,5,120,0,0.23,20,0
1044,6,1,26,30,5,2,10,14,0,120,0,0.49,30,0
955,18,1,17,7,4,4,10,14,0,120,0,0.48,30,0
1163,10,1,19,18,4,4,10,10,6,120,1,0.74,10,0
995,9,1,16,13,5,4,10,22,0,90,1,0.66,15,0
1404,16,1,16,10,0,5,5,8,6,90,1,0.66,20,0
1398,6,2,3,17,1,3,5,16,3,60,0,0.06,10,0
1294,10,2,8,15,4,3,10,18,0,120,0,0.47,30,0
1057,19,3,0,0,1,4,6,14,3,120,1,0.92,30,1
1137,16,2,24,6,3,4,10,22,2,120,1,0.4,10,0
1253,8,1,12,12,5,0,10,22,2,90,1,0.1,10,0
1371,7,3,0,6,3,3,9,18,5,60,1,0.84,15,0
1346,16,3,20,9,0,4,4,10,4,60,1,0.12,10,0
940,12,3,24,22,2,7,10,16,2,60,1,0.42,20,0
1372,20,1,6,21,5,1,10,16,1,90,1,0.52,30,0
1122,8,2,26,20,4,1,9,10,2,60,1,0.39,20,0
960,15,3,7,24,4,3,10,8,1,120,1,0.24,20,0
938,17,3,28,27,3,0,6,18,5,120,1,0.19,30,1
1042,10,3,27,0,0,1,1,14,4,120,1,0.84,20,1
1266,11,2,23,15,1,7,9,22,3,60,1,0.76,10,0
1389,12,2,17,2,4,4,10,14,6,90,1,0.57,30,0
1038,15,2,3,24,0,3,3,22,5,90,0,0.34,15,0
1211,14,3,18,3,0,0,0,14,6,60,1,0.97,20,1
1239,15,3,8,28,1,0,2,16,6,120,0,0.81,30,0
1477,13,1,21,23,3,1,7,16,2,120,1,0.18,30,1
1053,10,1,3,1,2,5,9,16,4,120,1,0.45,10,0
948,12,2,25,15,5,2,10,18,6,60,0,0.84,10,0
970,19,2,24,17,4,5,10,20,1,90,0,0.62,30,0
826,16,3,9,3,5,5,10,20,4,90,1,0.19,15,0
863,17,2,6,14,3,3,9,8,4,90,1,0.57,30,0
822,13,1,13,24,4,4,10,14,4,120,0,0.27,20,0
802,6,1,23,23,2,0,4,22,3,90,1,0.05,15,1
1592,19,1,1,23,3,4,10,22,0,90,1,0.16,30,0
1336,17,1,5,23,4,5,10,20,6,90,0,0.45,15,0
1560,10,2,18,22,3,2,8,22,2,60,1,0.69,30,0
1217,16,2,8,14,5,5,10,18,6,90,0,0.95,30,0
868,20,1,26,22,2,3,7,18,5,120,0,0.35,10,0
1240,17,2,14,3,4,5,10,10,5,90,0,0.77,10,0
1286,10,1,22,0,2,0,4,10,2,90,0,0.05,10,0
1005,20,1,13,21,3,7,10,16,2,60,1,0.78,10,0
1248,7,1,28,14,4,7,10,8,3,90,0,0.74,20,0
809,12,2,5,22,3,2,8,18,5,120,0,0.69,15,0
1324,14,3,3,15,5,6,10,16,3,60,0,0.85,30,0
835,8,3,11,9,1,1,3,16,5,60,0,0.32,20,0
1231,10,2,4,10,3,0,6,22,2,90,1,0.99,15,0
1469,6,3,6,13,4,0,8,16,5,60,1,0.71,20,0
833,16,1,12,29,0,3,3,14,0,120,1,0.23,15,1
958,18,3,1,26,5,6,10,16,3,90,1,0.97,20,0
1471,6,2,7,23,5,2,10,14,1,120,0,0.69,30,0
1378,10,1,10,7,5,2,10,18,5,90,0,0.47,10,0
1174,14,1,7,30,4,0,8,14,3,60,0,0.12,30,0
1594,18,2,27,17,5,6,10,14,2,90,1,0.13,10,0
1122,7,1,14,0,5,5,10,20,2,90,0,0.36,15,0
1437,11,1,17,12,4,7,10,22,2,90,0,0.13,15,0
1151,20,3,18,18,5,6,10,20,1,90,1,0.6,30,0
1052,11,2,0,1,3,2,8,14,5,90,0,0.37,30,0
1579,15,2,22,30,2,1,5,22,4,60,1,0.88,20,0
1402,11,1,2,26,1,7,9,22,1,90,1,0.81,20,0
1342,16,1,21,2,4,7,10,16,5,60,0,0.2,20,0
1226,18,1,12,8,5,6,10,8,2,60,1,0.77,15,0
954,18,1,4,27,5,4,10,22,3,60,0,0.98,10,0
909,10,3,22,3,1,7,9,8,4,120,1,0.04,20,0
1052,13,2,17,21,5,1,10,22,1,90,0,0.49,15,0
808,17,1,16,27,0,5,5,18,4,120,0,0.33,10,0
1359,7,2,0,6,1,4,6,20,6,60,1,0.99,10,1
1511,17,1,10,12,5,3,10,14,5,120,1,0.81,10,0
1449,8,1,24,7,0,1,1,16,5,90,1,0.42,15,1
1451,7,1,29,30,2,6,10,16,6,90,1,0.14,10,0
952,17,3,23,23,2,3,7,16,6,60,0,0.46,20,0
1436,14,3,25,26,2,5,9,18,0,60,1,0.0,15,0
800,9,1,2,23,2,6,10,14,3,120,1,0.5,10,0
1577,12,2,11,15,4,1,9,10,0,90,1,0.85,20,0
1040,20,3,18,21,3,4,10,20,0,90,1,0.35,30,1
947,20,3,22,29,4,5,10,10,6,60,0,0.85,10,0
1283,8,2,28,23,4,7,10,16,2,60,0,0.41,15,0
1485,19,3,11,26,2,7,10,14,2,120,1,0.12,10,0
1504,11,3,6,18,1,4,6,8,4,60,1,0.27,20,1
944,16,3,15,16,4,5,10,18,4,120,0,0.59,10,0
1243,15,2,11,12,4,3,10,10,2,120,1,0.81,30,0
1246,17,1,4,7,3,3,9,8,6,60,1,0.34,20,0
925,14,1,19,23,4,5,10,14,5,90,0,0.16,15,0
1326,6,1,27,14,3,1,7,20,0,90,0,0.56,20,0
818,8,3,12,21,4,4,10,14,3,60,1,0.67,20,0
897,20,3,9,22,1,1,3,8,5,60,0,0.95,10,0
1341,12,3,23,13,3,0,6,16,3,120,1,0.96,20,1
1281,13,3,20,4,0,1,1,8,5,60,1,0.0,15,1
1321,10,1,23,14,4,2,10,16,0,60,1,0.47,30,0
1435,18,2,20,7,1,4,6,10,1,90,0,0.59,15,0
937,10,1,11,28,3,7,10,16,6,60,1,0.46,20,0
1256,16,2,1,5,0,5,5,10,0,60,1,0.53,30,0
835,9,3,12,6,4,3,10,18,6,90,1,0.54,20,0
980,18,1,24,23,5,4,10,16,2,120,0,0.37,20,0
1257,18,2,1,28,3,3,9,20,4,60,1,0.24,10,0
953,20,2,9,13,0,6,6,20,5,120,1,0.59,20,1
1221,17,2,20,14,4,1,9,18,6,120,1,0.22,30,0
1564,20,1,27,7,4,5,10,18,5,90,1,0.98,15,0
1521,7,1,22,17,2,7,10,10,1,120,1,0.96,10,0
889,15,2,14,6,3,7,10,18,3,60,1,0.67,30,0
1161,10,3,30,19,3,7,10,18,0,120,1,0.55,15,0
938,6,1,17,22,5,1,10,8,6,60,0,0.74,15,0
1316,19,2,21,13,4,0,8,16,1,90,0,0.32,20,0
1400,11,1,8,27,4,0,8,18,5,90,1,0.1,10,0
1479,14,1,0,22,2,5,9,18,5,90,0,0.27,15,0
1295,19,3,28,20,2,6,10,16,2,120,0,0.62,15,0
845,11,1,14,3,4,7,10,10,5,90,0,0.18,15,0
1062,9,1,10,7,3,7,10,14,5,90,1,0.5,15,0
1056,20,3,25,26,1,6,8,22,6,90,1,0.32,15,0
1481,7,1,9,22,5,7,10,18,0,90,0,0.47,30,0
876,16,3,20,5,4,0,8,22,3,60,0,0.48,20,0
1203,12,3,13,19,3,4,10,16,1,120,0,0.46,15,0
1096,18,1,11,12,3,3,9,22,5,60,0,0.15,15,0
1196,20,3,11,22,1,5,7,14,4,90,1,0.49,20,0
1546,6,2,17,24,0,0,0,20,3,60,0,0.65,20,0
1272,19,2,8,30,5,6,10,20,5,60,0,0.68,10,0
1066,15,3,20,25,4,3,10,20,3,120,0,0.11,30,0
980,19,2,10,12,5,4,10,14,1,120,0,0.58,10,0
1444,15,2,12,28,3,3,9,8,0,120,1,0.2,15,0
1528,20,1,25,1,2,1,5,16,2,60,1,0.51,10,0
1107,19,3,3,2,1,5,7,22,6,60,1,0.75,15,0
1418,12,2,29,5,3,2,8,22,6,120,1,0.58,30,0
1251,13,2,22,1,2,5,9,14,4,120,0,0.47,15,0
1510,15,3,12,19,4,1,9,14,2,120,0,0.97,30,0
809,6,3,4,18,1,3,5,22,5,60,0,0.98,30,0
1321,15,1,15,26,2,6,10,8,1,60,0,0.43,20,0
877,11,2,15,2,5,2,10,20,4,60,1,0.17,20,0
864,17,3,11,25,3,1,7,16,3,120,1,0.34,15,0
958,9,3,11,11,1,5,7,18,3,120,0,0.87,30,0
999,6,3,4,24,1,2,4,18,1,60,1,0.95,30,1
1339,15,2,3,11,5,3,10,14,6,120,1,0.3,15,0
1220,14,3,9,27,5,7,10,14,3,90,1,0.32,30,0
1500,8,3,7,3,0,1,1,18,2,120,0,0.53,10,0
1352,13,2,12,23,2,5,9,22,0,120,1,0.54,10,0
1127,14,1,3,0,4,6,10,16,4,90,1,0.25,30,0
881,15,1,14,17,5,6,10,16,1,90,1,0.39,20,0
1048,20,1,7,9,3,7,10,14,5,120,1,0.97,15,0
1291,15,1,4,25,5,6,10,10,4,60,0,0.34,15,0
1023,13,2,6,17,5,7,10,10,2,90,0,0.32,15,0
918,15,2,0,10,5,0,10,14,3,60,1,0.03,30,0
1456,15,2,5,19,0,4,4,14,4,90,1,0.24,30,1
1186,6,3,17,24,5,5,10,18,0,120,0,0.44,20,0
1296,17,1,12,13,2,3,7,18,3,120,1,0.52,20,1
1318,17,3,21,21,2,5,9,16,0,60,0,0.8,20,0
1068,10,3,19,29,3,1,7,16,1,120,1,0.18,30,1
1056,13,2,15,8,1,7,9,20,1,60,0,0.22,20,0
1327,13,2,11,12,0,1,1,18,6,120,1,0.33,30,1
1406,19,3,17,27,1,2,4,20,1,120,0,0.64,10,0
861,11,3,0,10,2,5,9,20,0,90,0,0.38,20,0
1091,6,2,23,18,0,3,3,14,2,60,1,0.41,30,1
905,8,1,19,7,1,0,2,22,6,90,1,0.24,20,1
999,20,3,11,19,3,5,10,22,4,120,0,0.57,15,0
1315,8,3,22,3,4,6,10,8,4,90,1,0.76,20,0
1448,13,3,20,27,4,2,10,22,5,90,0,0.47,30,0
1053,6,3,29,15,3,3,9,18,5,120,0,0.87,30,0
1221,6,3,15,21,4,7,10,18,6,90,1,0.98,10,0
1502,16,2,8,11,5,0,10,16,5,60,1,0.16,10,0
1502,7,1,29,14,4,3,10,20,1,120,0,0.4,15,0
1259,14,1,11,9,3,3,9,8,2,120,1,0.67,20,0
1235,13,1,2,14,3,5,10,10,4,120,1,0.16,20,0
1366,7,3,28,18,4,7,10,20,0,120,1,0.01,20,1
1528,11,1,22,17,0,5,5,10,5,90,1,0.62,30,0
945,12,3,6,27,4,5,10,8,6,90,0,0.35,15,0
846,12,3,13,14,1,1,3,22,1,120,0,0.32,15,0
1366,13,1,26,29,1,7,9,22,4,90,0,0.45,15,0
914,10,3,18,5,2,1,5,10,3,60,1,0.24,30,1
1505,9,3,1,26,4,5,10,18,1,60,1,0.56,15,0
1235,18,3,29,3,3,7,10,10,1,120,1,0.43,30,0
847,20,2,15,15,2,5,9,18,2,90,0,0.74,20,0
1097,7,1,10,30,5,7,10,16,5,60,1,0.98,20,0
840,8,2,22,26,5,1,10,8,5,120,1,0.81,30,0
954,9,2,15,16,2,5,9,22,3,120,0,0.05,10,0
956,10,1,0,25,2,1,5,14,0,90,1,0.58,10,1
1215,12,1,16,21,0,6,6,22,5,60,0,0.34,20,0
1444,12,2,2,7,5,4,10,8,5,90,1,0.66,20,0
846,6,1,27,26,2,5,9,18,2,60,0,0.13,30,0
823,12,3,19,21,0,6,6,14,4,90,0,0.33,20,0
1556,17,3,26,16,0,3,3,22,5,90,0,0.56,30,0
1099,13,1,27,5,2,5,9,14,6,120,0,0.48,15,0
1041,11,1,25,24,2,2,6,14,2,120,1,0.4,15,1
1487,15,1,24,1,5,0,10,14,2,60,0,0.27,30,0
1307,16,1,26,10,0,4,4,8,5,120,1,0.11,30,1
852,15,3,16,30,3,3,9,8,3,60,0,0.89,30,0
1346,20,3,3,7,0,3,3,22,5,120,1,0.38,10,0
1495,8,3,3,11,0,1,1,16,2,90,1,0.93,30,1
957,11,2,7,3,1,5,7,10,3,60,0,0.44,30,0
1204,8,1,25,24,4,5,10,16,6,120,1,0.49,20,0
838,14,1,20,18,5,7,10,8,3,60,0,0.09,20,0
1592,13,1,29,13,0,4,4,10,3,60,1,0.83,20,0
1258,7,2,10,1,2,4,8,22,0,90,0,0.43,20,0
1153,16,3,16,23,5,2,10,18,6,90,1,0.73,20,0
1063,7,3,21,26,4,1,9,22,1,120,1,0.56,20,0
1409,14,2,26,13,1,0,2,18,1,120,0,0.44,30,0
1133,17,1,9,28,1,7,9,20,3,60,1,0.28,10,0
1118,12,2,27,24,2,0,4,22,1,90,0,0.19,15,0
1089,8,2,11,10,3,1,7,18,1,60,1,0.72,10,1
1012,14,2,30,3,5,5,10,14,0,60,1,0.27,15,0
1443,11,1,27,15,2,0,4,14,3,120,0,0.51,20,0
1462,20,3,29,5,5,0,10,16,1,90,0,0.15,15,0
1010,10,1,22,21,1,3,5,16,4,60,0,0.15,30,0
962,13,1,7,4,3,2,8,16,3,120,1,0.44,30,1
1429,11,3,25,16,0,4,4,22,3,120,1,0.64,30,0
1570,10,3,21,4,4,4,10,14,4,120,0,0.79,15,0
1227,13,2,20,28,3,2,8,22,6,120,1,0.41,20,0
1526,19,3,30,28,0,5,5,10,3,120,1,0.9,15,0
1581,8,1,6,2,3,1,7,20,5,60,0,0.48,10,0
1149,9,2,1,29,1,3,5,10,1,60,1,0.8,10,0
1324,6,1,12,12,2,0,4,10,1,90,0,0.54,10,0
1411,9,3,16,26,5,5,10,10,0,60,1,0.28,15,0
1376,13,3,29,3,2,7,10,10,2,60,1,0.58,10,0
822,16,2,24,13,0,6,6,22,1,60,1,0.35,20,1
1206,6,1,13,29,5,2,10,22,1,90,1,0.55,15,0
948,20,2,3,20,4,2,10,22,3,120,0,0.94,15,0
1145,6,2,4,2,0,4,4,8,0,90,1,0.84,30,0
1467,6,2,4,22,4,1,9,8,4,120,1,0.64,15,0
1232,14,2,13,29,2,0,4,18,1,90,0,0.76,15,0
916,10,1,14,30,1,7,9,10,0,120,1,0.08,20,0
1572,9,3,0,6,4,0,8,18,1,60,0,0.34,30,0
981,12,1,15,0,5,2,10,20,2,90,1,0.51,20,0
1468,13,3,16,22,4,2,10,8,1,60,1,0.23,10,0
1138,8,1,19,25,1,2,4,10,4,90,0,0.96,20,0
1062,6,1,9,18,5,3,10,18,5,90,1,0.77,20,0
1098,9,3,2,16,4,6,10,22,2,90,1,0.45,10,0
858,13,3,26,26,4,2,10,20,2,90,0,0.4,15,0
1289,19,2,11,20,5,5,10,20,0,90,1,0.54,30,0
1169,6,1,27,23,3,7,10,8,4,120,0,0.73,10,0
1254,18,1,3,20,0,3,3,22,2,120,0,0.28,15,0
1042,7,2,21,13,4,6,10,14,0,60,0,0.08,30,0
831,7,3,21,6,1,5,7,10,0,90,0,0.99,30,0
855,16,3,6,2,3,4,10,10,6,90,1,0.84,15,0
1036,7,2,3,9,0,2,2,10,0,60,0,0.48,30,0
923,15,3,9,10,3,4,10,8,2,60,1,0.03,10,0
1412,20,3,0,0,2,6,10,22,3,60,1,0.16,30,0
1031,11,3,11,2,3,6,10,10,2,60,1,0.11,10,0
953,17,1,25,29,4,6,10,16,0,60,1,0.41,30,0
822,8,2,18,5,1,5,7,16,3,90,1,0.08,20,1
1393,6,2,15,2,3,5,10,10,1,60,1,0.86,30,0
1510,18,3,24,11,1,6,8,8,2,120,1,0.94,10,0
1210,19,3,17,27,1,1,3,16,0,90,0,0.09,20,0
966,17,2,3,5,2,4,8,14,2,90,1,0.22,15,0
1254,7,3,15,28,5,4,10,8,4,60,1,0.4,20,0
1117,20,2,20,1,4,5,10,16,5,60,0,0.25,10,0
1465,18,1,29,15,3,1,7,16,0,90,0,0.21,10,0
916,7,3,4,14,1,3,5,22,0,120,0,0.46,10,0
1050,11,2,18,12,2,6,10,14,0,60,0,0.57,20,0
1097,19,1,24,12,5,0,10,20,6,90,0,0.85,10,0
925,12,2,6,8,5,2,10,14,5,120,0,0.84,20,0
1284,11,2,21,12,3,2,8,14,6,120,0,0.13,10,0
1459,12,2,4,23,0,1,1,16,4,90,1,0.05,20,1
900,16,3,10,19,1,3,5,14,5,90,1,0.32,10,1
1571,13,2,13,8,2,3,7,22,1,60,1,0.75,20,0
1394,18,2,0,13,0,5,5,20,6,90,0,0.1,15,0
1287,20,3,3,29,1,4,6,20,3,120,0,0.63,10,0
1308,14,3,27,21,0,7,7,18,3,120,1,0.45,30,1
854,7,3,25,24,4,3,10,8,2,60,1,0.63,20,0
1454,10,2,9,26,3,3,9,10,2,120,0,0.37,30,0
1054,12,3,15,1,0,6,6,18,6,90,0,0.84,20,0
1047,7,3,25,26,5,7,10,22,6,90,0,0.25,10,0
1377,9,2,0,2,5,1,10,18,2,120,1,0.56,30,0
1075,16,1,23,19,2,2,6,18,0,90,1,0.03,20,1
1294,20,3,4,16,0,4,4,16,5,60,1,0.4,10,0
1206,9,3,28,19,4,2,10,14,0,90,0,0.09,20,0
1075,6,3,23,23,5,6,10,10,5,90,0,0.51,10,0
1203,14,1,2,24,0,2,2,20,6,60,1,0.94,20,1
1417,8,3,4,24,1,3,5,10,0,60,1,0.39,30,1
940,11,1,26,22,5,3,10,18,6,90,1,0.12,15,0
1505,13,3,3,30,2,1,5,10,2,60,1,0.65,30,0
993,8,1,10,20,3,3,9,20,3,90,0,0.91,10,0
1492,20,2,23,4,0,4,4,10,0,90,0,0.9,20,0
914,11,3,16,14,0,4,4,10,2,60,1,1.0,15,0
1479,19,2,7,30,5,0,10,22,6,120,1,0.36,30,0
1306,15,3,19,7,3,4,10,20,6,60,1,0.21,20,0
1264,8,1,16,23,5,1,10,16,5,60,0,0.58,10,0
1045,11,1,3,21,5,1,10,10,5,60,0,0.11,30,0
1136,9,2,30,24,5,0,10,10,6,90,1,0.97,20,0
1337,19,2,22,23,0,2,2,10,1,120,0,0.18,15,0
834,14,2,25,7,4,5,10,20,6,90,0,0.94,20,0
1012,15,1,7,15,0,5,5,18,3,120,0,0.48,15,0
926,9,1,13,26,5,2,10,10,3,120,0,0.52,15,0
1257,7,2,3,19,1,1,3,16,6,120,1,0.27,15,1
1353,6,1,14,20,2,7,10,20,6,60,0,0.1,15,0
1256,6,3,8,18,2,6,10,10,2,90,1,0.31,30,0
1299,20,1,0,10,1,5,7,14,5,120,0,0.85,20,0
1365,17,1,21,3,4,0,8,20,4,60,0,0.52,20,0
859,18,1,23,29,4,4,10,16,3,120,0,0.96,30,0
1553,11,1,14,2,2,6,10,22,2,60,1,0.88,15,0
1021,17,1,14,24,0,6,6,16,3,120,1,0.06,30,1
1018,18,1,2,3,4,1,9,20,3,120,0,1.0,20,0
1145,17,1,0,19,1,7,9,10,5,60,0,0.26,10,0
1035,13,2,19,2,3,0,6,22,1,90,0,0.03,10,0
1351,15,1,28,1,0,4,4,14,4,60,0,0.48,10,0
1200,8,2,14,22,2,2,6,14,3,120,1,0.93,15,0
950,11,2,1,24,3,5,10,22,1,120,0,0.34,15,0
1193,18,2,19,20,0,2,2,8,6,90,0,0.91,10,0
1436,11,2,17,26,5,0,10,22,1,90,1,0.01,10,0
1382,15,2,17,27,5,4,10,14,2,90,1,0.95,30,0
1561,17,3,17,24,0,7,7,14,2,60,0,0.97,20,0
856,20,3,11,28,0,5,5,20,5,90,1,0.48,20,1
809,15,1,1,3,5,6,10,20,3,90,0,0.04,10,0
873,9,2,27,20,0,4,4,22,0,90,0,0.39,30,0
819,15,1,26,8,2,6,10,14,2,120,1,0.01,10,0
813,6,2,1,0,2,6,10,14,6,90,1,0.62,30,0
1341,18,1,9,23,4,7,10,14,1,90,1,0.02,15,0
1088,12,2,4,10,3,6,10,8,0,60,0,0.7,20,0
1556,7,1,16,3,1,1,3,22,6,90,1,0.18,20,1
861,14,3,3,11,4,5,10,18,0,90,0,0.11,10,0
1249,19,1,24,15,2,1,5,20,3,120,1,0.48,30,1
1584,17,3,12,28,1,1,3,20,0,120,0,0.78,15,0
1517,9,1,18,14,3,7,10,8,1,90,1,0.96,10,0
1223,14,2,29,9,2,6,10,18,3,90,1,0.76,15,0
1057,16,2,2,30,5,3,10,10,4,60,0,0.86,15,0
1254,16,1,8,30,5,4,10,22,3,120,0,0.78,30,0
1566,17,2,18,2,5,4,10,22,2,120,1,0.02,10,0
1388,16,2,12,10,4,4,10,16,1,120,0,0.64,20,0
1373,17,3,15,17,0,7,7,22,1,90,1,0.67,30,0
1228,18,2,27,18,3,3,9,16,4,60,1,0.25,15,0
1159,7,3,3,27,4,7,10,8,3,60,1,0.31,30,0
1268,12,2,22,30,3,0,6,20,4,60,0,0.6,20,0
967,12,2,4,10,4,3,10,8,3,90,1,0.85,10,0
1343,18,2,13,24,3,5,10,18,0,60,1,0.85,30,0
1551,18,1,25,28,5,6,10,16,0,120,1,0.86,30,0
1288,13,1,8,1,2,7,10,22,6,90,0,0.13,20,0
1567,6,3,2,11,2,4,8,14,4,90,0,0.64,20,0
1269,18,2,4,11,3,3,9,16,2,90,1,0.36,20,0
1526,16,3,15,12,5,6,10,10,1,90,1,0.97,10,0
1525,20,2,0,18,2,3,7,22,0,120,1,0.16,30,0
933,14,3,22,22,1,7,9,16,4,90,1,0.06,20,1
961,17,3,13,26,3,0,6,10,3,90,0,0.79,15,0
1596,13,2,21,28,2,4,8,18,1,120,1,0.2,20,1
847,6,2,19,26,3,1,7,16,2,60,1,0.5,30,1
1497,14,2,4,8,3,1,7,16,2,120,0,0.59,30,0
997,16,2,18,10,0,7,7,22,1,90,0,0.34,10,0
1197,15,1,11,13,4,7,10,18,0,90,0,0.21,30,0
1485,6,1,16,2,1,3,5,22,6,120,1,0.82,10,0
944,9,2,9,7,1,6,8,18,6,120,0,0.76,20,0
1438,10,1,17,0,0,6,6,20,4,120,1,0.91,10,1
920,16,3,5,18,2,6,10,14,0,60,0,0.99,15,0
1366,13,3,28,3,2,6,10,14,4,90,0,0.98,15,0
828,18,1,26,7,4,0,8,14,4,90,1,0.68,20,0
957,9,3,30,29,2,3,7,18,5,60,1,0.36,20,1
962,14,3,9,12,1,7,9,20,3,60,1,0.63,20,0
854,17,1,0,26,5,2,10,22,3,90,0,0.68,10,0
1264,15,1,26,2,3,2,8,14,0,90,1,0.2,30,1
1254,15,3,4,8,5,4,10,20,6,120,0,0.69,15,0
1204,14,3,14,24,5,7,10,18,1,120,1,0.86,10,0
975,19,3,30,13,3,2,8,18,3,90,1,0.5,30,1
1431,7,1,9,0,3,6,10,20,6,60,1,0.87,30,0
1121,8,3,9,3,5,5,10,16,1,60,0,0.14,20,0
820,10,1,22,28,0,7,7,22,0,120,0,0.13,20,0
1055,18,3,7,14,0,2,2,16,2,90,0,0.29,30,0
1027,18,2,10,0,0,3,3,14,1,60,0,0.03,10,0
1536,11,3,9,11,3,7,10,22,1,60,0,0.48,10,0
1541,17,3,2,21,5,7,10,14,4,60,0,0.91,30,0
1168,12,1,25,15,1,0,2,10,0,120,1,0.21,15,1
1041,19,3,15,25,5,0,10,8,6,60,0,0.66,20,0
1379,8,2,5,2,4,2,10,22,1,120,1,0.02,10,0
1225,7,1,16,12,2,4,8,22,5,120,1,0.93,10,0
975,20,3,10,27,0,4,4,10,2,120,0,0.83,30,0
885,7,3,22,27,0,0,0,14,2,60,0,0.89,15,0
871,17,1,18,30,2,6,10,8,6,60,1,0.41,15,0
1519,19,2,25,29,3,7,10,18,3,90,0,0.85,20,0
1314,19,2,12,4,2,7,10,14,0,90,0,0.18,30,0
1067,18,1,12,18,2,6,10,22,0,120,1,0.34,20,0
908,17,3,5,15,3,1,7,22,0,90,0,0.38,20,0
1369,6,1,18,15,5,5,10,14,3,60,0,0.4,30,0
1133,20,1,8,8,5,4,10,8,2,90,0,0.62,20,0
1584,8,3,12,15,5,0,10,18,4,60,1,0.85,10,0
1136,19,1,7,14,5,6,10,22,1,90,1,0.88,30,0
844,10,1,8,2,3,1,7,14,1,60,1,0.98,10,0
1249,16,1,1,13,4,1,9,14,1,90,1,0.58,15,0
1487,20,1,19,23,5,7,10,16,3,120,0,0.68,20,0
1057,7,2,25,2,2,0,4,8,6,90,1,0.01,30,1
1156,18,1,22,23,4,0,8,8,3,90,1,0.18,20,0
1176,11,2,13,3,4,6,10,16,3,60,1,0.43,15,0
1504,7,3,23,5,1,3,5,14,4,60,1,0.21,15,1
913,11,1,14,30,1,5,7,18,3,120,0,0.2,30,0
1087,18,3,1,28,4,1,9,10,5,60,1,0.59,20,0
1093,17,2,20,28,3,0,6,8,1,120,0,0.34,30,0
932,6,3,6,13,0,0,0,22,4,120,0,0.15,30,0
1473,6,1,27,12,5,2,10,20,0,120,1,0.72,30,0
863,9,2,29,10,4,5,10,18,0,90,0,0.39,30,0
1571,7,2,22,13,1,6,8,22,2,120,1,0.92,15,0
1195,19,1,4,24,2,3,7,22,3,120,1,0.19,15,0
862,15,1,5,10,2,5,9,8,6,120,0,0.39,20,0
818,15,2,17,25,3,3,9,22,5,120,1,0.91,15,0
1451,20,2,28,3,0,0,0,20,0,90,1,0.32,20,1
1327,10,1,27,22,4,3,10,8,6,60,1,0.43,15,0
1518,18,2,26,20,5,6,10,8,5,120,1,0.89,30,0
1082,15,3,7,15,2,0,4,14,2,90,0,0.64,20,0
1565,14,1,1,8,3,0,6,10,3,120,0,0.16,30,0
1235,10,2,3,6,0,0,0,14,5,60,0,0.9,20,0
1302,11,2,15,6,4,0,8,18,2,60,1,0.31,30,1
963,14,1,16,10,0,7,7,10,2,90,0,0.18,20,0
1510,8,3,11,2,2,5,9,8,0,60,1,0.16,30,0
882,7,2,17,16,3,5,10,8,5,90,0,0.21,10,0
1343,16,2,2,16,0,5,5,20,0,90,0,0.13,10,0
1304,10,3,29,1,2,5,9,8,2,90,0,0.22,15,0
1284,12,3,19,4,3,4,10,16,1,120,1,0.84,15,0
843,15,1,21,11,1,3,5,18,0,90,0,0.37,15,0
1221,18,1,14,2,1,4,6,22,6,60,0,0.48,20,0
1430,7,1,20,10,4,1,9,18,1,90,1,0.58,15,0
1241,10,1,30,13,2,3,7,8,5,90,1,0.69,20,0
1181,12,3,24,3,2,0,4,22,4,120,1,0.99,20,0
1190,17,1,25,20,0,7,7,18,4,120,1,0.88,15,0
1045,16,1,4,6,0,4,4,10,6,60,0,0.81,15,0
906,16,3,12,0,1,5,7,8,4,120,0,0.5,20,0
805,6,2,7,24,4,6,10,16,3,120,1,0.47,30,0
1467,8,2,1,23,1,7,9,14,3,120,1,0.95,15,0
1223,14,1,11,6,3,3,9,18,0,120,0,0.2,10,0
1377,13,1,2,19,4,2,10,14,3,90,0,0.63,30,0
1170,7,3,22,29,3,2,8,8,0,120,1,0.84,30,0
1271,14,3,5,16,5,1,10,16,4,120,1,0.01,30,1
1593,20,2,27,25,4,1,9,10,3,120,0,0.31,15,0
1178,8,3,21,8,3,5,10,18,0,90,0,0.68,15,0
960,16,2,3,21,4,7,10,18,3,60,0,0.12,10,0
1343,9,2,17,23,0,5,5,20,2,90,1,0.55,10,1
1078,20,3,7,6,2,6,10,22,2,120,1,0.92,30,0
1553,16,1,12,1,1,1,3,10,0,120,0,0.42,30,0
1565,17,2,9,1,2,7,10,20,5,90,0,0.64,30,0
1542,14,1,26,22,1,7,9,18,1,120,1,0.71,15,0
1249,7,1,13,23,4,7,10,8,2,60,1,0.79,20,0
1298,14,3,3,7,5,7,10,10,5,60,1,0.82,10,0
1289,16,2,12,4,2,7,10,18,4,90,1,0.25,10,0
1308,14,1,14,7,5,0,10,14,5,120,1,0.41,15,0
832,14,2,26,0,3,4,10,20,3,90,0,0.76,20,0
1252,13,2,13,12,1,1,3,18,4,120,1,0.51,20,1
1237,11,3,4,10,2,4,8,10,2,90,1,0.4,15,0
1424,8,3,19,1,3,2,8,10,5,90,1,0.62,10,0
1243,16,1,3,10,2,1,5,10,4,60,1,0.72,15,0
1370,12,3,17,16,1,3,5,18,1,60,1,0.14,20,1
1462,20,2,13,20,4,6,10,10,4,90,1,0.98,10,0
1032,11,2,11,15,2,0,4,18,2,60,1,0.65,10,0
1522,10,3,5,13,1,7,9,10,5,90,0,0.65,10,0
853,17,1,4,26,3,6,10,22,2,90,0,0.59,30,0
877,10,3,25,1,4,1,9,8,0,120,0,0.43,20,0
1481,15,2,9,10,2,3,7,8,0,60,1,0.89,20,0
1209,8,3,23,27,3,4,10,22,6,120,0,0.8,10,0
1462,11,1,26,22,1,5,7,20,5,120,1,0.69,15,1
857,13,1,5,3,3,6,10,14,6,90,0,0.05,30,0
860,16,3,21,21,3,1,7,22,0,90,0,0.21,20,0
800,16,1,11,1,0,6,6,14,1,60,1,0.99,20,0
1051,10,3,20,9,5,6,10,14,1,90,1,0.06,20,0
997,10,2,28,15,5,4,10,8,0,90,0,0.16,20,0
1517,15,2,6,22,4,7,10,14,2,120,1,0.92,15,0
860,10,3,2,21,2,5,9,10,6,120,0,0.76,10,0
901,12,2,23,7,0,3,3,20,1,120,1,0.46,20,1
1101,16,2,7,7,5,2,10,18,5,90,1,0.68,30,0
1310,17,3,23,9,5,0,10,14,6,90,1,0.13,30,0
1536,10,3,15,4,5,3,10,20,6,90,0,0.56,10,0
1219,13,3,28,25,5,1,10,8,0,120,1,0.56,20,0
977,15,3,5,18,4,3,10,8,3,120,1,0.13,15,0
1314,8,2,11,16,2,7,10,22,0,60,1,0.52,10,0
801,11,3,11,15,4,1,9,14,6,120,1,0.23,20,0
1187,11,1,20,4,1,4,6,10,2,90,0,0.72,30,0
1508,6,3,24,0,3,3,9,8,5,60,1,0.61,20,0
1044,11,2,17,23,5,4,10,22,2,120,0,0.74,15,0
1507,17,1,4,16,1,1,3,20,0,60,0,0.39,15,0
896,16,3,2,10,2,4,8,22,3,120,0,0.77,30,0
853,13,1,11,27,0,7,7,8,4,90,0,0.64,15,0
1194,16,1,5,14,3,2,8,14,5,120,0,0.13,20,0
1263,8,1,30,24,3,0,6,14,5,90,0,0.48,15,0
1251,15,3,15,15,5,5,10,10,5,120,0,0.62,30,0
999,12,3,25,3,4,4,10,14,2,90,0,0.87,15,0
1319,20,2,14,22,4,2,10,18,1,90,0,0.74,10,0
903,12,2,3,10,4,5,10,10,3,90,1,0.85,30,0
901,11,3,10,23,1,3,5,10,0,120,1,0.57,15,1
872,18,3,6,20,2,7,10,14,3,60,1,0.75,30,0
1188,11,3,1,4,0,0,0,22,0,60,0,0.5,30,0
1115,16,3,24,18,2,7,10,8,6,60,1,0.12,15,0
1133,9,3,28,20,0,6,6,10,0,120,0,0.33,15,0
1307,19,2,19,6,1,7,9,20,4,120,0,0.71,30,0
1093,16,2,24,5,1,6,8,18,5,120,1,0.32,10,0
878,17,2,5,21,2,3,7,18,3,60,0,0.44,30,0
1417,9,3,3,9,5,4,10,14,5,120,1,0.81,10,0
1407,17,3,12,21,2,5,9,20,4,120,1,0.18,20,1
1485,9,3,8,0,4,2,10,22,3,90,0,0.84,30,0
1034,16,3,13,16,2,0,4,20,3,60,1,0.67,15,0
1157,7,3,29,3,0,3,3,8,5,120,1,0.45,10,1
1288,11,3,3,8,2,5,9,16,3,60,1,0.81,30,0
1502,12,1,30,2,5,5,10,8,5,90,0,0.27,10,0
1587,7,1,5,12,5,5,10,14,3,90,1,0.46,30,0
1457,19,2,11,23,3,3,9,20,1,120,1,0.48,20,0
885,18,1,10,0,3,5,10,18,0,120,0,0.24,10,0
1426,18,2,28,27,3,2,8,8,2,120,1,0.64,30,0
900,19,2,30,26,2,3,7,22,6,90,0,0.84,10,0
1129,9,2,5,17,4,0,8,16,5,120,0,0.63,30,0
952,15,1,1,29,4,6,10,8,2,60,1,0.11,10,0
1242,12,1,12,19,0,3,3,16,6,90,0,0.33,10,0
1075,7,1,14,21,4,7,10,16,4,90,0,0.1,20,0
1222,13,1,18,29,4,6,10,20,0,120,1,0.27,30,0
870,19,1,4,19,4,3,10,8,4,120,1,0.54,20,0
1529,13,2,27,18,4,2,10,14,6,60,1,0.35,30,0
1343,17,2,17,21,3,2,8,16,2,120,0,0.94,15,0
812,19,1,18,22,3,1,7,14,2,90,1,0.59,20,0
816,7,1,27,24,1,6,8,16,6,60,0,0.07,20,0
1191,13,3,16,30,0,4,4,8,4,60,0,0.95,30,0
1115,15,3,26,26,0,3,3,16,0,90,1,0.06,20,1
1486,16,1,21,25,1,1,3,14,4,90,0,0.47,10,0
1028,7,3,26,19,0,5,5,8,4,120,0,0.71,30,0
1394,18,1,0,8,3,0,6,14,3,120,1,0.28,20,1
861,18,2,21,25,4,1,9,14,0,120,0,0.62,15,0
1306,14,3,28,2,5,1,10,18,5,60,1,0.79,10,0
821,15,3,27,13,5,0,10,20,3,120,0,0.89,20,0
1115,19,1,13,28,5,6,10,22,5,90,0,0.1,30,0
1501,8,3,8,5,0,6,6,22,3,60,0,0.34,20,0
1367,8,2,21,0,2,7,10,16,5,120,1,0.7,15,0
1091,6,1,7,1,1,1,3,14,0,120,1,0.09,20,1
1403,14,3,13,5,1,4,6,18,2,120,1,0.42,10,1
1424,10,3,30,26,2,3,7,10,2,60,0,0.08,15,0
1213,9,1,8,29,4,2,10,10,3,90,1,0.05,20,0
1391,10,3,5,13,4,2,10,10,4,120,1,0.74,20,0
1003,17,2,8,17,1,1,3,10,4,120,0,0.12,20,0
1463,19,2,15,12,4,4,10,22,0,120,1,0.87,10,0
1015,15,3,24,28,2,5,9,22,1,60,0,0.47,10,0
1316,18,1,19,15,1,1,3,16,2,60,1,0.15,15,1
950,10,1,8,22,1,1,3,20,1,120,1,0.8,30,1
1389,20,2,10,30,3,2,8,18,0,90,0,0.89,20,0
819,6,2,22,8,5,5,10,22,2,120,0,1.0,20,0
1600,14,1,19,28,2,0,4,16,6,120,0,0.52,15,0
1174,17,2,16,14,5,2,10,18,1,120,1,0.02,30,0
1570,8,3,20,11,4,7,10,20,1,90,0,0.52,20,0
1160,14,1,26,21,1,6,8,10,6,60,0,0.97,30,0
1182,19,1,2,2,2,3,7,22,1,120,1,0.75,15,0
1107,18,1,26,28,2,7,10,16,2,90,1,0.21,30,0
891,9,2,18,18,4,7,10,8,4,60,1,0.25,15,0
1352,20,3,17,23,0,2,2,20,1,120,0,0.98,30,0
1138,13,3,23,11,1,7,9,22,6,90,1,0.81,20,0
916,8,3,10,29,3,2,8,10,1,60,0,0.78,30,0
1062,16,2,25,4,4,6,10,8,1,120,0,0.45,30,0
845,20,3,13,18,4,3,10,18,4,90,1,0.07,30,1
1473,19,3,6,16,5,2,10,18,1,60,1,0.15,30,0
815,10,3,5,15,4,5,10,20,3,60,0,0.25,15,0
1449,6,2,12,19,2,6,10,10,2,120,0,0.69,30,0
1428,10,1,4,6,2,2,6,18,4,120,0,0.68,30,0
1580,6,3,2,2,0,7,7,8,2,120,0,0.91,15,0
1520,12,1,7,24,3,0,6,18,5,90,1,0.26,20,1
1014,18,2,4,24,0,3,3,10,3,120,1,0.99,30,0
1017,19,3,25,30,1,1,3,20,4,60,0,0.8,15,0
1324,20,2,22,7,0,7,7,18,3,90,1,0.51,20,1
980,7,3,3,17,0,1,1,22,4,120,1,0.28,15,1
1412,7,3,30,22,1,1,3,8,1,90,1,0.62,30,1
1116,12,1,6,1,1,3,5,8,1,60,1,0.53,30,0
1569,6,2,5,22,1,2,4,16,6,90,0,0.87,20,0
1425,18,1,0,13,1,0,2,22,2,60,1,0.34,30,1
971,20,2,2,17,4,1,9,8,4,90,0,0.1,10,0
819,20,1,14,19,5,2,10,22,2,60,0,0.4,15,0
959,9,3,20,0,0,3,3,20,3,60,0,0.03,10,0
1411,10,1,2,27,2,6,10,18,3,60,0,0.82,10,0
1276,13,1,28,15,1,0,2,20,5,90,1,0.05,10,1
1244,17,1,22,21,2,3,7,10,1,90,0,0.11,30,0
1527,8,2,4,10,0,0,0,14,6,120,1,0.38,10,1
1296,9,1,28,28,2,1,5,22,5,90,0,0.21,15,0
830,15,2,14,6,0,2,2,14,0,90,1,0.09,15,1
1146,15,3,21,13,3,5,10,10,1,120,0,0.22,30,0
1030,16,3,30,30,2,7,10,14,1,60,0,0.59,10,0
1519,6,1,25,17,2,1,5,16,1,120,1,0.49,10,1
894,17,2,13,16,1,1,3,14,3,90,0,0.97,10,0
1030,15,2,24,20,2,5,9,18,5,120,1,0.39,20,0
1458,8,1,3,16,0,0,0,10,1,60,0,0.09,20,0
907,15,3,17,29,4,0,8,16,5,60,0,0.85,20,0
833,13,2,3,29,5,2,10,16,6,90,1,0.63,10,0
1087,12,1,28,12,5,2,10,20,1,120,1,0.99,30,0
1154,12,3,28,23,5,7,10,22,1,60,0,0.89,20,0
1369,13,1,28,0,1,6,8,22,5,90,0,0.28,30,0
1570,10,1,8,9,1,7,9,8,5,120,1,0.94,20,0
1023,7,2,11,18,2,5,9,8,4,60,0,0.15,10,0
1236,17,3,11,9,3,3,9,14,3,90,0,0.81,15,0
1407,10,1,13,20,0,0,0,22,4,60,0,0.26,10,0
1460,14,1,8,22,3,4,10,16,0,60,0,0.42,30,0
1102,7,2,1,25,3,0,6,10,1,90,0,0.34,15,0
1476,16,1,6,8,5,1,10,16,3,60,0,0.55,20,0
1106,20,1,15,11,2,0,4,8,3,60,1,0.61,20,0
1589,14,2,17,5,4,1,9,16,1,120,0,0.21,30,0
1433,16,1,0,24,4,2,10,22,4,90,1,0.43,10,0
939,18,1,25,26,3,4,10,16,2,120,1,0.84,30,0
1185,10,2,17,26,2,6,10,10,2,60,1,0.92,10,0
1562,16,1,20,27,2,3,7,22,6,120,0,0.36,10,0
1394,15,1,16,13,0,0,0,10,4,90,1,0.76,10,0
1056,9,3,21,27,1,5,7,20,2,60,0,0.25,30,0
1145,19,3,3,17,0,0,0,22,2,60,0,0.81,10,0
1146,9,1,13,15,1,0,2,20,5,120,0,0.81,15,0
1375,20,3,9,0,0,6,6,20,3,90,1,0.59,10,1
1395,19,3,3,23,0,5,5,8,6,90,0,0.58,10,0
1416,11,2,9,29,2,5,9,20,2,60,1,0.59,10,0
1116,9,3,14,25,3,7,10,10,4,120,1,0.25,20,0
1562,18,2,13,15,3,5,10,18,3,120,0,0.56,15,0
1554,12,1,5,22,3,3,9,10,2,60,1,0.76,15,0
1492,19,3,19,2,4,0,8,14,3,90,1,0.68,10,0
1071,7,3,7,9,1,0,2,16,3,120,0,0.15,30,0
1193,18,3,17,2,5,6,10,8,2,120,0,0.58,30,0
807,8,3,8,5,1,6,8,20,1,90,1,0.73,15,1
1273,9,3,1,2,1,1,3,18,2,60,1,0.08,20,1
1490,13,3,3,25,3,2,8,16,0,60,0,0.74,20,0
1272,12,1,0,14,1,4,6,16,4,90,0,0.73,20,0
923,10,2,29,11,3,4,10,16,1,60,0,0.78,20,0
1406,8,2,12,7,3,0,6,8,4,120,1,0.22,15,1
846,7,2,17,21,2,7,10,18,5,60,1,0.37,30,0
810,14,3,30,1,5,4,10,8,4,120,0,0.75,15,0
1088,10,2,25,22,1,2,4,16,0,90,0,0.26,30,0
834,20,3,14,6,3,3,9,8,2,120,0,0.69,10,0
994,13,1,24,4,4,3,10,18,5,60,1,0.34,15,0
803,18,3,16,25,5,3,10,14,4,60,0,0.4,30,0
1222,10,3,5,23,3,3,9,18,5,90,0,0.2,15,0
1545,13,3,4,28,5,2,10,20,3,120,0,0.56,20,0
1153,20,1,21,18,1,5,7,20,4,120,0,0.03,15,0
890,9,2,15,2,3,0,6,20,1,60,1,0.07,30,1
1577,14,2,12,0,1,7,9,14,4,60,1,0.16,20,0
1343,14,1,0,10,5,0,10,10,4,60,1,0.48,10,0
977,14,3,21,7,3,3,9,18,5,120,1,0.91,15,0
1574,6,3,28,4,1,7,9,20,4,60,1,0.43,20,0
1055,15,2,7,26,3,2,8,10,6,60,0,0.44,20,0
1323,12,1,27,21,0,5,5,16,6,120,0,0.23,10,0
1511,12,2,17,0,0,4,4,16,3,60,0,0.28,10,0
954,14,1,8,9,3,1,7,22,1,60,0,0.76,15,0
1091,14,2,9,16,2,6,10,10,1,90,1,0.7,30,0
1026,18,1,25,14,3,6,10,8,5,90,0,0.61,20,0
1455,7,3,7,13,4,0,8,16,2,90,1,0.07,30,1
1407,14,2,20,7,3,6,10,20,1,120,0,0.48,20,0
1226,18,1,28,27,4,4,10,14,1,90,1,0.45,30,0
1337,11,3,4,22,4,4,10,14,4,60,1,0.07,15,0
1250,10,2,17,28,4,2,10,10,6,120,1,0.04,15,0
1075,10,2,0,5,2,6,10,16,5,60,0,0.12,30,0
1329,8,3,10,25,4,1,9,16,6,60,0,0.96,30,0
1538,12,1,24,5,4,4,10,8,1,120,0,0.3,30,0
1061,7,3,5,13,4,0,8,18,5,90,1,0.32,10,1
815,14,2,24,27,0,7,7,8,6,90,0,0.62,15,0
1494,7,1,4,19,2,0,4,10,5,90,1,0.59,15,0
1167,20,1,2,28,3,5,10,16,2,90,1,0.47,30,0
1017,16,1,17,2,0,7,7,20,5,60,1,0.39,20,1
1122,13,1,16,22,5,4,10,8,0,120,1,0.01,10,0
1564,12,2,26,3,3,1,7,20,2,60,0,0.44,30,0
821,18,3,5,9,2,5,9,16,4,90,0,0.51,20,0
1018,9,3,28,28,3,7,10,14,3,90,1,0.26,10,0
1193,14,1,8,24,1,6,8,8,2,60,0,0.87,15,0
1444,10,3,22,18,3,6,10,16,5,60,0,0.51,20,0
1329,14,1,9,3,2,0,4,10,3,60,1,0.53,20,0
1141,7,1,25,23,3,1,7,18,1,90,0,0.87,15,0
1470,17,3,6,28,0,4,4,14,1,60,0,0.08,15,0
1081,19,3,10,10,3,0,6,8,3,60,1,0.4,30,0
934,9,1,12,20,1,6,8,14,3,120,0,0.44,10,0
1462,16,2,3,30,0,4,4,8,1,90,1,0.46,30,0
1298,15,2,25,18,5,3,10,20,1,120,0,0.27,30,0
1290,9,2,2,18,3,7,10,14,2,90,0,0.81,10,0
1419,10,2,8,21,0,2,2,18,5,120,1,0.9,15,1
1373,20,3,16,4,3,7,10,16,4,90,0,0.24,30,0
1196,13,2,24,17,4,6,10,22,4,120,1,0.6,10,0
1331,18,2,16,13,1,1,3,14,0,120,0,0.32,10,0
1563,17,3,9,19,0,4,4,22,2,90,1,0.28,30,1
854,13,1,11,9,2,5,9,20,1,90,1,0.06,20,0
1058,13,3,5,17,3,4,10,8,3,90,0,0.87,15,0
1425,7,2,12,25,0,3,3,16,4,60,0,0.23,30,0
1335,15,3,22,3,5,0,10,18,5,120,1,0.53,30,0
1270,6,3,15,11,0,1,1,10,4,120,0,0.84,15,0
1130,12,2,26,19,3,4,10,22,5,90,0,0.09,30,0
1596,13,1,16,12,1,6,8,16,5,90,1,0.07,15,1
1031,18,3,12,6,4,1,9,10,0,60,0,0.74,30,0
932,10,3,26,19,4,6,10,14,0,120,1,0.4,20,0
1083,15,2,14,0,2,3,7,16,2,90,0,0.82,20,0
1094,7,1,3,20,3,6,10,10,0,120,0,0.85,15,0
1343,15,1,28,8,4,2,10,18,0,60,0,0.82,20,0
1052,19,2,10,0,2,5,9,16,4,90,1,0.6,10,0
881,15,1,28,6,1,1,3,22,2,60,1,0.01,20,1
925,20,2,20,14,2,4,8,20,6,60,1,0.42,30,1
895,16,1,15,14,5,3,10,22,1,60,0,0.83,30,0
1430,10,1,0,2,4,4,10,14,6,90,1,0.39,30,0
885,12,3,21,30,1,5,7,8,5,90,1,0.07,15,0
879,14,2,2,20,5,7,10,10,5,60,1,0.37,15,0
1017,10,3,13,11,5,5,10,14,3,120,0,0.13,10,0
1025,18,3,8,23,3,7,10,20,1,90,1,0.3,10,0
877,19,3,30,26,4,2,10,20,4,120,0,0.89,15,0
1141,9,2,28,26,5,4,10,22,1,90,1,0.13,30,0
1565,16,1,15,22,4,1,9,22,6,60,1,0.97,30,0
1141,19,1,7,23,2,0,4,16,5,90,0,0.5,20,0
818,11,3,28,17,1,4,6,8,6,90,1,0.77,30,1
1529,11,1,4,1,3,0,6,20,5,120,1,0.11,20,1
1589,15,2,6,20,3,2,8,14,1,60,0,0.12,20,0
1187,10,1,30,24,4,4,10,14,6,60,0,0.69,20,0
1488,6,1,18,5,5,3,10,8,4,90,0,0.96,30,0
1048,6,2,21,6,4,0,8,22,0,60,1,0.63,15,0
990,17,3,5,28,3,2,8,8,2,120,1,0.77,20,0
1523,11,3,12,26,1,4,6,18,3,90,1,0.8,30,1
1359,17,1,26,25,1,3,5,18,4,90,0,0.07,20,0
881,14,3,16,11,3,7,10,18,1,120,0,0.68,20,0
1293,8,3,27,26,4,3,10,18,3,120,0,0.01,10,0
1374,15,3,13,26,2,4,8,16,6,120,0,0.83,20,0
1149,19,2,5,21,2,6,10,20,3,60,0,0.91,30,0
901,14,3,16,14,2,7,10,22,2,60,0,0.66,10,0
1297,11,3,29,4,0,4,4,16,6,120,0,0.89,20,0
1013,15,1,20,12,2,4,8,16,3,60,0,0.04,20,0
1444,18,2,26,28,2,0,4,20,3,60,0,0.57,10,0
1354,16,3,23,21,0,1,1,8,1,60,0,0.76,30,0
984,15,3,20,2,5,6,10,18,6,120,1,0.93,30,0
884,16,2,13,21,3,4,10,16,0,60,1,0.69,15,0
1154,8,2,10,13,2,2,6,20,5,60,0,0.11,15,0
811,16,1,2,23,3,1,7,20,6,120,0,0.18,20,0
962,15,1,1,26,3,4,10,8,6,120,1,0.88,20,0
1015,6,3,12,0,2,2,6,18,6,120,0,0.1,30,0
943,9,1,27,9,3,4,10,14,3,60,0,0.38,30,0
862,12,2,30,20,1,7,9,16,4,120,0,0.07,10,0
1356,7,1,1,14,1,0,2,18,5,90,1,0.62,10,1
1543,7,3,3,14,0,5,5,22,3,90,1,0.64,30,0
1557,11,3,20,11,3,5,10,16,4,60,0,0.81,15,0
1208,16,2,27,23,2,4,8,22,3,120,0,0.83,10,0
1397,18,3,22,19,4,3,10,20,6,90,1,0.54,30,0
1122,8,1,24,1,4,0,8,14,2,60,0,0.26,15,0
825,10,3,26,17,1,0,2,22,3,60,0,0.02,30,0
1587,13,2,10,8,3,5,10,10,6,120,1,0.8,10,0
1234,9,3,4,10,0,1,1,16,6,60,0,0.05,20,0
1319,8,1,15,25,1,6,8,10,5,60,0,0.54,10,0
1566,20,2,17,29,5,0,10,18,5,120,1,0.88,10,0
909,8,2,16,0,2,4,8,20,1,60,1,0.98,30,0
1295,8,1,3,4,3,1,7,20,3,120,0,0.0,10,0
1475,19,2,13,28,3,3,9,14,1,60,1,0.15,30,0
1295,9,3,14,3,0,0,0,16,6,60,1,0.53,30,1
1080,12,3,26,9,0,4,4,16,1,90,1,0.43,20,1
996,16,2,9,5,2,2,6,14,3,90,1,0.54,30,1
1534,13,1,21,26,4,5,10,8,3,120,1,0.03,15,0
1484,16,1,21,15,5,0,10,8,2,120,0,0.88,20,0
1529,16,1,21,14,5,1,10,14,5,60,1,0.73,15,0
944,9,1,20,9,3,7,10,10,2,120,1,0.08,10,0
1170,16,3,19,22,2,3,7,10,6,120,1,0.09,15,0
1574,16,3,21,29,0,6,6,10,4,120,0,0.32,30,0
1207,6,3,26,25,1,0,2,18,4,60,1,0.94,15,1
1069,20,1,8,26,4,3,10,16,1,90,1,0.53,30,0
1253,15,3,29,24,1,4,6,16,1,90,1,0.09,30,1
1274,12,1,3,25,4,7,10,20,2,60,0,0.62,20,0
1311,10,1,19,20,1,2,4,16,4,60,1,0.52,10,1
1418,17,3,5,18,2,1,5,16,5,60,0,0.56,20,0
1071,14,1,12,4,3,7,10,10,1,60,0,0.34,10,0
933,16,3,29,14,3,6,10,10,2,60,1,0.8,30,0
1560,10,2,29,14,3,5,10,20,1,60,1,0.4,30,0
1328,18,2,30,24,0,6,6,18,1,60,1,0.37,30,1
906,9,2,22,21,1,4,6,14,2,120,1,0.03,20,1
807,16,1,11,25,3,4,10,20,2,120,0,0.48,30,0
1119,14,2,16,9,0,3,3,18,5,60,0,0.18,30,0
847,13,3,24,7,1,5,7,18,2,120,0,0.64,15,0
1062,11,1,9,26,4,1,9,16,6,60,0,0.88,15,0
1116,7,2,13,22,2,4,8,16,0,90,0,0.1,10,0
833,16,1,9,21,3,3,9,18,5,120,0,0.63,15,0
1120,14,2,9,17,5,0,10,20,0,60,1,0.47,15,0
1253,13,3,3,29,2,6,10,20,4,90,0,0.83,10,0
1404,7,3,14,9,2,7,10,18,2,60,0,0.66,10,0
1574,14,3,23,5,1,0,2,22,3,90,0,0.61,30,0
1133,14,3,9,1,1,3,5,16,3,90,1,0.13,30,1
1455,11,3,14,30,1,0,2,10,1,120,1,0.32,15,1
1223,6,1,17,0,2,0,4,20,6,60,0,0.01,15,0
800,6,2,29,6,3,2,8,18,3,120,1,0.63,15,1
852,20,1,0,14,0,0,0,22,4,60,1,0.57,15,0
970,9,3,18,14,3,6,10,10,0,90,1,0.07,10,0
1392,14,1,14,0,5,2,10,16,5,60,0,0.83,20,0
958,16,3,13,6,2,3,7,14,4,60,1,0.2,30,1
1460,16,2,19,10,2,1,5,8,4,60,0,0.94,20,0
1171,19,3,16,11,3,2,8,18,5,60,1,0.4,15,0
1463,14,3,3,28,3,1,7,20,4,60,1,0.32,30,1
1174,9,1,22,20,1,6,8,8,2,120,0,0.98,20,0
866,12,2,18,10,5,2,10,20,0,60,1,0.6,10,0
1081,11,2,29,17,0,1,1,18,4,60,1,0.63,20,1
1145,18,3,9,17,5,7,10,14,4,90,0,0.84,15,0
1230,8,3,29,24,4,6,10,14,5,120,0,0.98,30,0
1472,8,1,26,1,4,0,8,14,3,60,0,0.57,30,0
1092,19,1,30,24,5,5,10,16,2,120,0,0.66,15,0
1138,11,3,24,11,5,6,10,18,0,120,1,0.42,10,0
801,7,2,22,20,4,1,9,10,6,60,1,0.86,20,0
1520,8,2,19,20,5,4,10,22,3,120,0,0.0,20,0
918,15,3,1,12,5,7,10,10,2,120,1,0.78,10,0
1436,11,2,22,15,1,4,6,18,3,90,1,0.46,15,1
855,16,3,6,10,3,2,8,20,4,120,0,0.94,10,0
1490,6,1,22,22,3,3,9,14,5,90,1,0.63,10,0
1317,6,2,28,24,1,0,2,20,1,60,0,0.02,30,0
1152,13,1,6,24,3,2,8,18,6,90,1,0.34,30,1
1168,17,2,11,4,2,6,10,18,2,90,1,0.02,30,0
1580,12,2,30,16,3,2,8,20,3,90,1,0.11,10,0
852,6,1,10,11,2,6,10,20,2,90,0,0.24,30,0
1436,14,2,4,18,2,4,8,14,3,60,1,0.82,20,0
1180,6,2,21,23,3,3,9,22,1,90,0,0.43,20,0
1464,7,1,16,3,4,6,10,20,0,60,1,0.86,20,0
1470,15,2,10,18,2,2,6,10,4,120,0,0.67,15,0
1463,8,2,2,19,5,7,10,22,3,120,0,0.08,10,0
910,17,3,12,14,5,7,10,14,6,60,1,0.05,20,0
1358,15,1,27,18,4,5,10,18,1,90,0,0.99,15,0
1500,12,3,24,8,3,4,10,18,1,120,1,0.78,30,0
1513,14,3,18,6,5,6,10,8,3,120,0,0.7,30,0
1270,12,2,30,23,2,0,4,18,2,60,0,0.79,30,0
1449,11,1,23,2,5,7,10,22,4,120,0,0.64,10,0
1128,9,3,2,4,3,0,6,14,2,120,1,0.3,15,1
1443,18,3,24,29,2,5,9,18,2,120,1,0.42,20,0
1183,15,1,20,5,3,1,7,10,0,90,0,0.45,15,0
911,18,3,22,22,1,5,7,18,2,60,0,0.74,20,0
1135,15,3,5,6,1,5,7,20,4,60,0,0.29,20,0
1311,7,1,24,12,1,7,9,14,6,60,1,0.1,20,0
1411,8,3,26,13,1,2,4,16,5,60,0,0.21,30,0
1062,16,1,4,16,5,1,10,8,3,60,1,0.39,20,0
1080,9,1,8,21,3,0,6,10,5,120,1,0.97,15,0
1051,17,2,12,8,0,6,6,20,1,120,1,0.04,15,1
1138,8,1,11,23,5,1,10,14,5,120,0,0.95,10,0
1286,8,3,6,21,3,5,10,8,2,120,1,0.54,15,0
1197,6,3,28,24,1,3,5,14,2,120,1,0.15,15,1
1062,6,2,29,23,2,3,7,8,6,90,0,0.96,15,0
1427,6,1,8,11,5,2,10,16,2,120,0,0.2,10,0
1318,13,1,24,11,3,3,9,10,2,90,1,0.4,20,0
1404,14,1,16,24,1,4,6,10,4,120,1,0.3,30,1
1393,14,1,1,27,2,5,9,16,5,60,0,0.91,10,0
1271,15,3,4,12,5,6,10,8,4,120,1,0.01,20,0
1266,20,2,0,3,3,5,10,8,2,90,1,0.35,20,0
1328,15,3,20,30,5,0,10,20,3,90,1,0.87,30,0
1566,17,3,4,5,1,2,4,14,1,60,1,0.24,10,0
1208,9,3,2,18,0,0,0,22,3,120,1,0.84,10,0
1556,19,1,12,24,1,5,7,18,0,120,0,0.85,15,0
850,19,1,17,12,0,2,2,22,1,60,0,0.55,10,0
1076,6,3,24,4,5,4,10,14,2,60,0,0.26,15,0
974,10,1,0,4,1,2,4,22,5,60,0,0.03,15,0
932,13,3,30,19,1,2,4,14,5,60,1,0.06,30,1
1380,7,3,29,7,2,3,7,22,1,120,1,0.97,10,0
1451,13,2,5,18,2,4,8,16,5,90,1,0.29,30,1
1269,15,2,6,12,0,4,4,8,4,60,0,0.64,10,0
1411,6,2,7,28,1,6,8,8,1,90,0,0.91,20,0
1233,13,3,5,13,0,7,7,20,6,60,1,0.19,15,1
1098,11,3,21,17,4,7,10,20,3,90,0,0.54,15,0
1507,10,1,30,16,1,1,3,14,3,60,0,0.17,15,0
1342,19,1,6,16,5,1,10,10,4,90,0,0.72,15,0
1145,15,1,12,4,3,0,6,22,4,120,1,0.92,10,0
1536,16,1,8,9,0,2,2,14,2,60,0,0.59,15,0
1057,18,2,12,14,5,0,10,18,5,120,0,0.58,15,0
1514,16,2,1,8,3,2,8,20,4,120,0,0.2,30,0
1085,7,2,29,6,2,3,7,10,5,120,1,0.51,20,0
1439,7,3,28,25,4,0,8,14,1,60,1,0.34,30,1
1170,15,2,1,16,5,2,10,14,6,90,0,0.22,15,0
814,6,2,0,17,3,1,7,18,3,120,1,0.5,20,1
1203,16,2,9,14,5,5,10,10,5,120,0,0.27,15,0
1557,11,3,12,27,2,0,4,18,5,90,0,0.66,15,0
1269,19,3,0,23,1,5,7,22,1,120,1,0.8,20,0
1440,7,1,23,21,0,5,5,14,5,90,0,0.65,10,0
946,12,3,13,14,3,0,6,22,5,120,1,0.95,20,0
1382,12,2,15,1,1,3,5,16,6,90,0,0.84,20,0
1577,9,3,4,0,3,5,10,14,6,120,0,0.14,30,0
1449,7,2,7,9,0,3,3,16,0,90,0,0.89,20,0
994,18,1,1,19,0,5,5,20,6,90,0,0.65,10,0
1433,20,3,11,7,5,1,10,20,1,60,1,0.16,30,0
1082,15,2,9,14,4,7,10,8,3,90,1,0.29,15,0
1318,12,3,29,27,1,0,2,16,5,120,0,0.46,10,0
1552,6,3,2,23,0,1,1,10,2,90,0,0.37,20,0
931,7,1,23,16,3,4,10,20,4,120,0,0.03,20,0
1398,7,1,21,24,5,0,10,16,1,120,0,0.69,20,0
1383,8,1,9,18,4,3,10,8,5,90,1,0.06,20,0
887,8,1,1,14,0,4,4,20,1,60,0,0.8,20,0
809,9,1,11,23,4,7,10,18,2,60,1,0.42,30,0
1255,18,2,20,3,2,1,5,14,4,60,1,0.94,20,0
1212,6,3,11,3,2,2,6,16,3,60,0,0.07,15,0
1352,12,1,3,30,2,1,5,8,0,120,1,0.17,30,1
898,10,1,24,11,4,3,10,14,0,60,1,0.11,30,0
1133,6,3,8,30,5,7,10,10,2,90,0,0.12,10,0
1308,9,2,28,2,1,2,4,8,3,60,1,0.73,20,0
1128,19,3,23,5,2,0,4,18,4,90,0,0.74,30,0
1490,15,1,10,24,1,3,5,16,0,60,0,0.92,15,0
1600,7,3,3,30,5,4,10,22,0,60,0,0.16,30,0
1524,7,3,4,21,5,2,10,18,4,90,1,0.73,20,0
1527,15,2,19,4,2,4,8,20,1,90,1,0.82,15,0
1214,12,2,20,5,3,3,9,18,5,90,1,0.84,20,0
1361,7,1,1,10,0,2,2,18,5,120,0,0.7,30,0
951,19,2,6,0,5,6,10,16,3,90,0,0.66,30,0
1269,14,1,0,15,0,2,2,14,0,120,0,0.63,10,0
1533,17,1,6,23,0,5,5,16,4,60,0,0.56,15,0
1242,12,1,26,22,3,2,8,8,0,90,0,0.59,20,0
1551,7,3,4,12,5,6,10,8,5,120,1,0.95,30,0
1594,7,1,27,30,0,4,4,8,5,60,0,0.74,15,0
1474,16,3,30,15,3,7,10,10,6,90,0,0.77,30,0
1034,20,1,6,26,4,5,10,8,3,90,1,0.64,30,0
1238,6,3,10,11,0,0,0,20,0,90,0,0.68,10,0
1361,9,1,13,20,4,2,10,14,0,120,0,0.35,20,0
1241,20,2,9,25,0,4,4,22,0,60,1,0.21,10,0
1201,6,2,0,22,1,0,2,16,3,60,0,0.76,10,0
1559,20,2,19,28,4,3,10,16,3,120,1,0.61,15,0
937,19,1,14,14,2,1,5,8,6,90,1,0.44,20,0
823,17,3,25,1,2,3,7,22,3,90,0,0.74,10,0
1140,19,2,11,20,5,2,10,10,4,90,0,0.72,15,0
1372,12,1,29,6,4,0,8,10,3,90,1,0.56,30,0
1168,20,2,15,30,2,3,7,22,6,90,0,0.89,15,0
1064,16,3,15,9,1,2,4,16,0,120,0,0.17,30,0
1358,6,3,0,6,3,1,7,22,0,60,0,0.25,15,0
805,14,1,27,7,2,1,5,22,6,90,0,0.6,10,0
1390,13,2,15,22,4,5,10,8,3,90,0,0.56,30,0
1205,10,2,8,28,4,0,8,14,1,120,1,0.74,30,0
1534,7,2,30,20,1,2,4,20,1,90,1,0.13,10,1
819,11,2,24,20,0,2,2,20,3,60,0,0.52,20,0
1222,11,3,10,18,1,1,3,20,4,120,1,0.38,30,1
1056,19,3,18,28,1,3,5,20,4,90,1,0.35,10,1
1345,6,1,7,17,2,7,10,16,0,120,1,0.3,15,0
1549,17,1,21,21,3,3,9,16,6,120,0,0.62,10,0
1324,11,2,10,7,5,7,10,18,2,90,1,0.75,10,0
1341,17,1,20,8,1,0,2,8,1,90,0,0.64,20,0
960,19,1,9,12,5,1,10,14,0,60,0,0.76,30,0
1303,12,3,0,26,4,6,10,8,0,60,1,0.95,30,0
1124,14,3,14,16,5,2,10,20,2,60,1,0.85,20,0
1365,8,3,6,17,2,4,8,20,5,60,1,0.72,20,1
818,17,1,28,18,4,6,10,10,4,60,1,0.38,30,0
1417,18,1,16,3,2,4,8,18,4,90,0,0.14,30,0
1138,9,1,21,17,5,3,10,22,0,90,0,0.02,10,0
1277,20,3,25,3,4,0,8,22,2,120,1,0.52,10,0
877,11,1,16,22,5,3,10,10,2,90,0,0.18,15,0
1417,16,3,8,11,2,1,5,18,1,60,1,0.56,10,0
1111,16,2,24,28,5,4,10,10,2,60,1,0.8,20,0
1027,14,1,1,26,1,5,7,22,5,60,0,0.44,30,0
1257,13,2,10,0,0,5,5,10,5,90,1,0.8,30,0
1530,6,3,7,12,3,3,9,10,3,60,1,0.18,20,0
1283,10,1,11,24,0,6,6,20,1,60,1,0.44,10,1
1456,10,3,28,24,5,2,10,20,2,120,0,0.42,20,0
876,13,3,5,22,3,5,10,20,3,90,0,0.06,30,0
869,10,2,0,2,3,4,10,22,0,120,1,0.31,10,0
862,19,3,18,4,2,6,10,20,4,60,1,0.93,30,0
929,13,3,7,20,4,7,10,16,3,90,1,0.26,15,1
1029,10,2,24,3,2,5,9,8,1,90,1,0.66,10,0
1598,8,3,20,25,1,6,8,22,2,120,1,0.96,15,0
1383,9,3,12,15,2,6,10,10,3,90,1,0.34,20,0
814,9,2,18,20,4,3,10,18,3,90,1,0.33,30,0
1472,10,3,30,5,1,0,2,22,4,90,1,0.03,20,1
1066,13,2,11,16,5,3,10,18,5,120,0,0.07,30,0
1194,18,3,27,19,1,7,9,8,2,60,1,0.9,15,0
1331,13,1,27,28,2,3,7,14,5,120,1,0.22,15,1
1396,15,3,21,14,5,3,10,18,2,90,1,0.87,15,0
1087,6,1,19,28,2,0,4,14,5,90,1,0.7,10,1
1352,17,2,12,6,2,2,6,16,1,90,1,0.81,10,0
914,11,2,17,14,1,7,9,22,4,60,1,0.89,10,0
1213,8,1,23,15,1,6,8,16,6,60,0,0.74,30,0
1002,7,2,0,22,5,3,10,8,4,120,0,0.4,30,0
1593,17,1,13,5,2,6,10,18,5,120,1,0.48,30,0
976,20,3,2,16,1,2,4,14,3,120,0,0.13,30,0
1214,16,3,13,14,0,7,7,8,3,90,0,0.64,20,0
1271,15,1,10,14,4,5,10,20,1,60,1,1.0,10,0
826,18,3,6,9,0,3,3,22,3,60,1,0.34,15,0
1092,13,1,30,2,2,5,9,18,1,60,0,0.56,20,0
886,13,1,25,19,0,7,7,22,0,90,1,0.47,30,0
1483,15,1,26,27,0,3,3,8,6,90,1,0.31,15,1
997,12,2,5,11,2,0,4,22,1,90,0,0.24,15,0
1550,7,1,3,5,2,4,8,20,3,90,1,0.77,10,1
1099,15,3,21,19,2,7,10,16,0,60,0,0.7,30,0
801,11,2,17,21,5,2,10,14,4,60,0,0.04,20,0
1021,11,2,11,12,1,6,8,22,3,120,0,0.44,30,0
1040,12,3,27,26,2,4,8,20,2,120,0,0.03,30,0
998,18,1,25,13,3,3,9,18,1,120,0,0.38,10,0
1081,8,3,9,4,4,2,10,22,0,60,0,0.27,20,0
1017,16,3,10,1,3,7,10,18,1,60,0,0.5,15,0
921,7,1,29,0,1,2,4,20,4,120,0,0.59,10,0
907,11,1,24,21,5,5,10,18,2,90,1,0.98,10,0
1245,14,1,23,20,3,0,6,10,0,90,0,0.01,20,0
1498,17,2,27,13,4,0,8,8,6,120,0,0.12,20,0
1016,20,1,13,0,2,7,10,14,1,60,0,0.74,10,0
922,20,2,8,18,2,2,6,18,0,120,1,0.6,10,0
1410,12,3,25,21,0,1,1,10,3,90,0,0.49,30,0
1124,17,3,4,0,2,4,8,18,5,60,1,0.03,10,0
876,12,3,0,3,0,5,5,22,5,60,1,0.02,30,1
1098,9,3,9,11,5,3,10,20,2,120,1,0.21,10,1
803,19,3,13,1,0,5,5,10,2,60,0,0.36,15,0
1589,11,2,23,5,2,0,4,22,6,90,1,0.04,30,1
1082,14,3,10,10,2,1,5,20,3,120,0,0.16,20,0
832,19,2,28,24,5,7,10,22,6,120,1,0.1,15,0
1178,9,3,3,20,0,3,3,18,5,120,0,0.69,30,0
1309,13,3,0,19,5,5,10,10,0,120,1,0.68,30,0
1343,20,3,1,8,5,3,10,18,2,60,0,0.03,15,0
1134,18,3,26,20,2,7,10,18,6,60,0,0.19,10,0
1019,13,2,6,24,0,2,2,8,2,120,1,0.57,20,1
1331,11,1,22,1,3,4,10,18,3,120,0,0.8,20,0
822,17,3,11,22,5,1,10,14,0,90,0,0.74,10,0
1048,17,3,12,2,3,0,6,8,0,90,1,0.3,10,0
1541,19,3,4,21,1,4,6,18,0,60,1,0.68,15,0
1125,11,1,22,18,3,2,8,14,6,90,1,0.08,20,0
903,20,1,21,30,5,7,10,8,0,60,0,0.66,10,0
1141,8,3,8,3,3,6,10,8,0,60,1,0.52,15,0
961,10,3,1,19,3,5,10,22,1,120,1,0.81,15,0
926,12,2,22,18,2,1,5,20,6,120,0,0.0,10,0
968,17,1,7,22,0,1,1,16,3,120,1,0.34,20,1
1440,12,3,14,28,1,2,4,10,4,120,0,0.39,20,0
901,10,1,9,9,3,2,8,10,6,120,0,0.75,20,0
1478,15,3,1,10,1,0,2,14,5,120,1,0.01,20,1
965,14,3,2,13,4,3,10,16,1,90,1,0.49,10,0
826,17,3,15,5,3,4,10,8,0,90,0,0.92,20,0
1558,13,3,16,23,5,1,10,14,2,90,0,0.55,20,0
1535,18,2,5,19,3,4,10,10,5,90,0,0.14,30,0
1003,8,3,9,4,2,7,10,20,5,60,0,0.66,10,0
958,15,1,20,29,3,2,8,16,2,60,0,0.72,15,0
833,10,3,10,26,3,1,7,10,0,90,1,0.96,30,0
940,17,2,7,1,1,0,2,10,2,60,0,0.02,10,0
915,9,1,9,13,2,4,8,10,0,90,0,0.46,30,0
1314,16,3,0,30,2,5,9,20,4,60,0,0.89,30,0
824,16,1,13,1,5,4,10,18,3,90,1,0.61,30,0
1512,8,2,12,21,4,6,10,20,6,90,0,0.06,20,0
815,19,2,22,13,2,6,10,16,1,120,1,0.71,15,0
1022,15,2,16,0,0,7,7,8,0,120,1,0.5,10,0
1473,18,2,20,5,1,0,2,8,0,60,1,0.81,10,0
1549,10,1,4,30,5,5,10,18,5,60,0,0.65,15,0
1015,18,3,2,25,2,3,7,10,0,90,0,0.43,30,0
1556,19,3,28,21,3,4,10,20,2,90,1,0.04,10,0
914,15,3,25,22,4,5,10,8,6,60,0,0.37,30,0
931,9,3,1,29,1,7,9,8,2,120,1,0.94,30,0
810,8,2,9,4,1,6,8,22,1,120,1,0.34,20,0
1528,12,3,18,27,1,7,9,8,6,90,1,0.65,30,0
1154,19,1,16,21,0,5,5,20,5,90,0,0.07,30,0
1341,10,3,9,8,0,0,0,10,5,90,1,0.77,20,1
974,10,2,29,7,3,3,9,16,3,90,0,0.29,30,0
1552,13,1,3,17,4,1,9,16,0,120,0,0.74,30,0
1460,9,2,26,14,3,4,10,18,3,90,1,0.37,15,0
1273,20,1,22,7,5,1,10,20,4,120,0,0.32,30,0
1134,19,2,3,26,1,5,7,14,5,120,1,0.34,30,1
1411,13,3,25,0,5,7,10,18,6,120,0,0.48,30,0
1457,6,2,20,20,2,5,9,10,0,60,0,0.48,10,0
1594,20,2,3,4,3,2,8,14,4,60,0,0.64,20,0
1191,13,3,4,8,0,5,5,14,2,120,0,0.33,10,0
1310,13,2,20,17,2,6,10,14,1,120,1,0.31,15,0
1577,20,3,8,6,3,4,10,10,4,120,0,0.78,10,0
989,8,1,8,2,0,6,6,14,4,90,0,0.46,30,0
1148,8,3,1,30,5,1,10,20,2,120,1,0.42,30,0
1262,9,2,5,11,0,0,0,18,1,60,0,0.73,20,0
1199,17,3,6,25,1,0,2,14,5,60,1,0.73,10,0
1206,20,3,12,29,5,1,10,20,5,90,1,0.27,20,0
929,9,2,8,18,2,1,5,8,5,60,0,0.79,15,0
833,14,3,12,15,3,0,6,14,0,90,0,0.24,15,0
898,19,2,3,22,3,5,10,8,4,90,1,0.59,15,0
1390,12,1,10,16,3,5,10,10,0,90,0,0.27,15,0
983,6,2,26,1,2,3,7,8,6,120,0,0.93,30,0
972,8,1,17,14,2,5,9,18,4,60,1,0.49,20,0
968,14,3,12,1,0,7,7,22,3,120,1,0.67,30,0
1018,20,3,24,28,4,0,8,8,0,60,0,0.03,20,0
976,16,3,4,30,1,3,5,14,1,60,0,0.47,20,0
845,10,2,25,16,0,6,6,20,1,120,0,0.26,30,0
1362,10,2,1,8,0,2,2,16,0,90,1,0.32,20,1
932,13,3,7,6,5,7,10,8,1,60,1,0.67,10,0
1559,12,3,26,23,0,4,4,16,5,90,0,0.05,30,0
1477,18,3,20,11,2,4,8,8,4,120,0,0.76,20,0
1003,13,2,27,1,1,6,8,16,0,90,0,0.21,30,0
1597,19,1,7,30,3,2,8,22,2,90,1,0.77,30,0
809,10,3,24,28,2,1,5,8,4,120,0,0.91,20,0
1570,12,3,7,5,1,6,8,16,4,60,0,0.08,30,0
1320,11,1,5,11,4,2,10,20,3,60,0,0.41,20,0
942,18,1,4,28,4,2,10,14,1,120,1,0.07,30,0
1138,18,2,30,29,3,1,7,16,3,90,1,0.16,20,1
1172,19,3,28,26,4,3,10,16,3,60,1,0.59,15,0
1040,16,2,1,16,1,3,5,16,4,60,1,0.85,10,0
1160,19,3,18,5,3,6,10,18,3,90,0,0.54,10,0
1292,15,2,13,10,1,0,2,8,0,60,0,0.48,20,0
813,15,1,22,13,5,0,10,14,3,60,0,0.56,15,0
1027,13,1,8,4,5,1,10,10,6,90,1,0.45,15,0
1310,19,3,7,18,1,2,4,20,3,120,1,0.87,20,1
1066,8,2,26,13,5,2,10,18,1,120,0,0.94,15,0
944,18,2,0,21,3,2,8,22,4,60,1,0.61,10,0
1445,20,3,13,29,0,0,0,18,6,120,0,0.6,10,0
1069,6,3,6,7,3,2,8,16,1,90,1,0.33,15,1
990,13,2,19,8,1,6,8,16,1,60,1,0.18,15,1
904,18,2,11,7,1,5,7,8,6,60,1,0.62,15,0
1595,19,1,18,29,3,4,10,14,0,60,1,0.34,10,0
1232,6,3,12,5,2,5,9,8,1,60,1,0.43,10,0
1553,11,2,10,27,1,6,8,16,5,90,1,0.07,10,0
1324,7,1,29,28,1,0,2,16,1,60,0,0.58,10,0
1350,10,2,10,29,2,0,4,22,3,60,1,0.58,20,0
864,12,2,28,23,3,5,10,14,4,120,0,0.94,30,0
1222,15,2,12,1,5,2,10,10,1,90,1,0.98,20,0
1502,7,2,7,14,5,0,10,20,2,60,1,0.97,20,0
1421,7,2,4,13,1,1,3,16,3,90,1,0.71,20,1
951,8,1,3,27,1,4,6,10,5,60,1,0.19,10,1
1484,17,3,18,0,1,4,6,16,1,60,1,0.33,10,1
1477,8,3,29,11,4,3,10,20,4,90,0,0.51,15,0
1040,8,2,3,0,2,5,9,10,5,90,0,0.97,20,0
1465,12,3,6,21,5,4,10,10,0,120,1,0.96,10,0
1189,9,1,24,11,2,7,10,20,0,120,1,0.87,15,0
1048,20,3,20,16,1,5,7,14,0,90,1,0.54,15,0
1505,16,1,1,12,4,2,10,18,5,120,1,0.34,10,0
977,20,3,29,9,2,7,10,8,5,120,1,0.57,10,0
1574,15,3,20,16,0,6,6,20,1,90,1,0.6,15,1
909,20,2,10,7,5,6,10,14,0,60,0,0.92,30,0
913,18,1,13,14,5,4,10,22,3,60,1,0.1,10,0
1126,10,1,7,14,5,0,10,16,6,120,0,0.38,10,0
930,13,3,8,15,0,6,6,18,6,90,0,0.8,15,0
910,13,3,26,24,4,4,10,22,0,120,1,0.62,30,0
943,15,2,14,4,0,4,4,8,4,90,0,0.61,10,0
1430,18,1,20,12,3,7,10,14,5,120,1,0.69,30,0
1064,6,1,19,26,1,5,7,14,1,60,1,0.97,20,0
801,10,2,26,3,3,1,7,14,5,60,1,0.05,30,0
928,19,2,15,10,2,5,9,16,3,120,0,0.58,10,0
1064,8,2,29,21,0,5,5,16,1,90,0,0.22,20,0
1461,11,1,16,24,4,2,10,10,0,60,0,0.62,30,0
1297,14,1,28,26,2,3,7,14,4,120,1,0.62,10,0
1421,13,2,13,7,4,5,10,18,3,120,0,0.14,20,0
1032,13,3,13,6,3,6,10,10,4,90,0,0.08,10,0
1247,11,1,30,20,2,5,9,14,1,120,1,0.93,10,0
1235,16,3,16,19,2,2,6,18,2,120,1,0.24,10,1
1421,15,3,14,22,1,5,7,14,5,120,1,0.12,15,1
1517,19,3,9,29,1,1,3,14,4,120,0,0.26,10,0
1164,10,2,23,27,0,6,6,16,6,90,0,0.31,15,0
1363,11,2,8,1,2,0,4,22,2,60,1,0.64,30,0
820,9,2,8,29,3,6,10,16,6,60,0,0.96,30,0
1384,18,3,15,10,0,0,0,18,0,90,1,0.77,10,1
1436,19,2,0,15,1,3,5,14,6,90,0,0.36,10,0
1078,7,3,23,2,3,0,6,18,1,120,0,0.14,15,0
1125,7,3,6,19,0,0,0,10,4,120,1,0.04,10,1
1111,13,2,28,21,3,2,8,18,4,60,1,1.0,20,0
929,9,2,16,6,5,0,10,14,4,90,1,0.48,20,0
1120,12,3,9,9,1,6,8,10,1,60,0,0.78,20,0
1547,19,2,10,2,4,0,8,10,5,90,0,0.79,15,0
1101,7,1,1,3,3,0,6,16,5,90,1,0.8,10,1
1006,11,3,23,18,1,4,6,8,3,120,1,0.74,15,1
1008,10,3,21,20,1,0,2,22,5,90,0,0.55,15,0
902,16,3,5,2,3,0,6,16,5,60,0,0.96,10,0
1340,20,2,14,20,5,1,10,20,0,120,0,0.54,10,0
957,20,1,29,17,4,3,10,16,4,120,1,0.91,15,0
1486,18,2,14,19,2,3,7,22,2,90,1,0.27,10,0
871,15,3,21,6,2,4,8,22,3,120,0,0.52,15,0
1406,15,3,12,5,2,0,4,20,1,60,1,0.97,15,1
858,9,1,15,20,2,1,5,14,2,60,0,0.6,10,0
1470,9,3,21,11,3,2,8,18,3,120,0,0.61,15,0
1390,16,1,0,12,5,7,10,10,1,60,0,0.44,20,0
1021,18,2,17,21,0,2,2,20,2,120,1,0.39,15,1
1041,14,2,17,11,5,5,10,20,1,60,0,0.0,10,0
1449,17,3,29,25,5,5,10,20,2,90,1,0.55,20,0
1303,15,1,0,14,2,0,4,14,0,120,1,0.01,15,1
1494,8,1,3,23,5,7,10,16,2,120,0,0.13,20,0
1566,20,3,19,30,4,3,10,18,0,60,0,0.18,20,0
908,17,1,7,20,3,2,8,18,6,60,0,0.99,30,0
976,15,2,26,26,3,5,10,14,0,60,1,0.21,10,0
1459,6,2,24,19,3,3,9,10,5,60,0,0.16,10,0
1278,12,2,13,26,4,2,10,8,1,90,1,0.42,10,0
1012,9,2,11,18,5,5,10,18,1,120,1,0.96,20,0
1207,8,1,18,30,1,5,7,22,4,60,1,0.87,10,0
1568,10,2,11,29,1,7,9,16,6,60,1,0.76,15,0
1157,12,2,24,16,2,6,10,14,3,90,1,0.58,20,0
1493,13,2,23,0,2,1,5,18,3,90,0,0.4,30,0
1086,19,2,2,3,2,0,4,14,4,60,1,0.41,30,1
802,10,1,13,8,3,7,10,18,2,60,0,0.79,20,0
1505,12,2,26,0,5,6,10,10,4,120,0,0.5,10,0
1533,10,1,13,4,3,5,10,8,6,120,0,0.03,15,0
984,11,1,3,5,1,0,2,10,4,120,1,0.27,30,1
937,20,2,12,7,2,1,5,22,2,120,1,0.26,30,1
1445,7,2,21,3,1,5,7,14,2,120,0,0.73,20,0
1028,20,3,27,7,2,4,8,18,4,120,0,0.43,20,0
1028,11,3,20,19,5,5,10,10,1,120,1,0.65,20,0
881,8,1,18,22,0,1,1,18,0,90,1,0.75,30,1
1055,18,1,3,2,2,6,10,10,1,90,0,0.56,10,0
855,11,3,0,9,5,5,10,18,6,90,0,0.62,30,0
1464,10,1,0,27,5,5,10,18,3,90,0,0.26,20,0
1166,15,3,8,5,0,0,0,20,2,60,0,0.68,20,0
891,20,3,5,17,5,6,10,14,2,120,0,0.83,30,0
978,11,2,1,22,2,4,8,8,2,60,0,0.57,30,0
1178,19,2,24,14,0,7,7,22,6,120,1,0.66,10,0
1498,12,1,29,21,3,4,10,8,1,90,0,0.17,20,0
1369,9,2,27,19,2,5,9,18,6,90,0,0.48,10,0
1509,12,3,19,27,1,2,4,16,4,120,0,0.82,30,0
1376,16,3,28,8,4,0,8,16,0,120,0,0.5,10,0
819,6,1,22,7,2,1,5,20,1,60,1,0.37,30,1
1397,7,2,30,24,3,3,9,20,2,120,1,0.88,20,0
1450,16,2,6,6,3,5,10,18,6,120,1,0.59,10,0
1048,17,3,23,15,5,7,10,22,0,60,0,0.63,10,0
922,17,1,7,25,3,5,10,20,1,60,0,0.09,15,0
970,10,1,20,28,3,0,6,20,3,60,0,0.49,30,0
1590,15,2,7,7,5,7,10,22,6,120,0,0.84,10,0
996,16,1,5,23,0,2,2,10,0,90,1,0.52,15,0
1125,7,3,15,16,4,1,9,16,2,120,1,0.48,10,0
1097,8,3,27,10,4,0,8,8,5,120,0,0.51,15,0
936,10,1,15,1,5,1,10,18,6,120,0,0.85,10,0
1044,13,2,21,8,1,4,6,8,1,60,1,0.74,30,0
1387,8,2,22,25,5,1,10,16,1,60,0,0.92,10,0
1038,12,3,5,24,1,0,2,8,5,90,0,0.61,30,0
1431,12,3,11,9,3,2,8,8,0,90,1,0.01,10,0
1227,8,1,16,4,0,2,2,14,0,90,1,0.43,20,1
1483,19,1,12,4,4,2,10,8,6,120,0,0.89,20,0
844,16,1,3,7,2,4,8,18,3,120,1,0.03,15,0
1376,7,3,9,16,4,4,10,14,2,120,1,0.74,30,0
944,11,2,14,26,1,0,2,14,3,90,1,0.99,10,0
1258,19,2,13,7,4,4,10,18,0,90,1,0.33,20,0
1108,10,2,13,22,2,7,10,14,4,60,1,0.74,15,0
1124,8,3,28,16,4,6,10,14,3,90,0,0.88,15,0
825,10,1,2,15,4,4,10,10,0,60,0,0.22,30,0
1519,15,3,30,15,2,4,8,18,1,120,0,0.49,30,0
935,17,2,23,3,2,4,8,22,1,60,1,0.12,20,0
1580,18,1,22,6,4,3,10,14,6,60,0,0.29,15,0
984,9,2,29,4,0,7,7,14,0,120,1,0.35,30,1
850,16,1,27,13,1,2,4,10,4,120,1,0.94,15,0
1031,11,1,3,0,4,5,10,18,1,120,1,0.37,15,0
1225,9,1,30,2,4,4,10,22,6,90,0,0.73,20,0
1583,14,3,22,22,4,1,9,18,0,60,1,0.18,10,0
1308,19,3,17,7,2,2,6,22,5,60,1,0.26,15,0
1473,20,3,23,20,2,5,9,10,6,90,0,0.19,30,0
1529,7,3,14,4,5,0,10,14,0,120,0,0.19,15,0
1083,18,1,26,20,0,0,0,18,5,60,1,0.22,30,1
997,9,1,9,20,1,0,2,20,4,120,1,0.76,15,1
1113,10,2,16,7,4,0,8,16,0,60,0,0.91,15,0
1174,13,3,25,17,4,6,10,18,0,60,0,0.3,10,0
1382,14,3,5,15,1,4,6,14,5,120,1,0.18,10,1
1251,12,3,18,20,0,5,5,10,6,120,0,0.09,30,0
1304,14,3,11,3,3,6,10,14,6,60,0,0.88,10,0
853,11,2,9,0,1,7,9,16,3,60,0,0.67,15,0
1027,7,2,4,10,3,5,10,8,0,60,0,0.22,30,0
1568,14,2,15,27,2,3,7,18,6,90,0,0.55,30,0
1454,19,1,23,22,4,4,10,22,2,120,0,0.87,15,0
848,20,1,3,5,4,1,9,18,1,60,1,0.19,30,0
937,11,1,2,4,4,0,8,20,6,60,0,0.05,30,0
956,9,2,0,11,0,6,6,22,3,120,1,0.56,15,0
1492,11,1,27,4,4,2,10,14,2,90,1,0.95,20,0
1306,12,1,25,2,3,1,7,14,2,90,0,0.21,20,0
1030,11,3,29,27,2,2,6,22,1,90,0,0.99,20,0
1247,12,2,27,12,5,2,10,10,3,120,1,0.39,30,0
1111,16,2,18,0,2,5,9,22,2,60,0,0.29,15,0
1508,6,2,19,25,3,4,10,10,2,90,1,0.53,30,0
1078,9,2,2,19,5,6,10,8,5,120,0,0.29,30,0
1027,7,1,13,1,0,5,5,16,6,90,0,0.89,20,0
989,20,1,3,24,5,5,10,14,6,60,1,0.0,20,0
823,16,3,8,6,5,7,10,18,6,60,1,0.84,10,0
1343,18,3,7,10,4,5,10,14,4,120,0,0.43,20,0
1069,16,3,14,11,4,7,10,18,4,120,1,0.26,20,1
1551,10,1,20,18,5,0,10,20,6,90,0,0.38,15,0
1288,11,2,16,8,4,7,10,20,4,90,0,0.81,30,0
1335,19,3,27,13,3,2,8,22,2,60,0,0.76,10,0
1141,14,1,17,27,3,7,10,18,5,120,1,0.37,10,0
1416,20,1,21,28,1,4,6,16,3,60,0,0.46,15,0
1021,13,1,0,28,0,2,2,20,6,120,1,0.87,30,1
995,11,1,25,24,4,7,10,14,3,60,1,0.2,15,0
842,15,3,7,12,0,3,3,20,5,60,0,0.29,30,0
1080,18,1,19,30,3,2,8,20,4,120,1,0.07,10,0
1016,12,2,10,16,0,6,6,18,6,120,0,0.15,20,0
840,7,1,14,2,1,0,2,22,1,120,1,0.03,30,1
903,14,2,13,26,3,0,6,18,3,90,0,0.48,10,0
1226,18,3,25,4,3,5,10,18,1,90,1,0.41,10,0
886,6,1,12,20,4,7,10,16,2,60,0,0.59,30,0
856,7,3,6,4,2,6,10,16,5,60,0,0.38,10,0
1339,20,2,25,7,3,0,6,8,3,60,0,0.1,15,0
1568,8,1,23,3,1,6,8,18,6,60,0,0.32,10,0
924,20,1,24,29,4,1,9,20,3,120,0,0.79,10,0
805,18,2,29,14,3,7,10,22,0,60,0,0.28,20,0
881,7,2,7,26,1,2,4,20,1,90,0,0.57,20,0
1591,8,3,29,10,4,6,10,8,3,90,0,0.11,30,0
820,19,1,26,10,2,4,8,22,6,120,1,0.32,10,0
960,17,2,29,23,1,1,3,22,4,120,0,0.92,20,0
1451,14,1,10,22,3,5,10,18,6,90,0,0.98,15,0
1101,8,2,20,24,1,6,8,10,1,90,0,0.23,30,0
1444,11,2,16,14,3,1,7,22,5,60,0,0.0,10,0
1210,7,3,6,19,5,2,10,8,1,60,1,0.45,30,0
1086,10,3,28,5,1,7,9,18,0,90,0,0.61,10,0
1106,15,2,7,1,5,6,10,16,3,90,1,0.17,30,0
832,16,1,30,25,5,6,10,20,2,120,0,0.91,10,0
1063,18,3,15,3,3,4,10,22,4,90,1,0.99,20,0
1453,14,2,23,9,3,5,10,16,3,120,0,0.25,30,0
913,11,1,8,5,3,3,9,20,6,60,1,0.77,15,0
1595,8,2,24,12,3,5,10,14,6,120,1,0.13,20,0
1586,15,2,13,22,2,5,9,20,2,120,0,0.19,10,0
1537,6,1,20,3,2,3,7,16,3,90,1,0.36,15,1
1367,14,1,6,4,1,4,6,22,2,120,0,0.22,30,0
1227,14,1,4,24,4,6,10,22,2,90,1,0.3,15,0
1480,6,1,26,22,4,0,8,8,1,60,1,0.64,10,0
1426,7,2,21,14,3,0,6,8,2,60,0,0.93,20,0
1566,18,3,3,20,3,2,8,10,0,90,0,0.61,15,0
1361,7,1,11,17,3,6,10,14,0,120,0,0.38,30,0
1452,11,1,11,28,3,2,8,8,6,90,0,0.04,10,0
863,6,3,18,27,2,4,8,10,0,60,0,0.46,15,0
941,18,1,21,12,2,6,10,18,2,60,1,0.64,15,0
1366,6,3,16,5,3,3,9,10,6,90,1,0.42,15,0
1511,16,1,2,9,1,1,3,20,0,90,1,0.23,30,1
880,10,1,8,27,1,6,8,20,2,60,0,0.03,30,0
1486,18,2,23,12,0,4,4,10,4,120,0,0.83,10,0
1222,13,2,22,23,1,5,7,14,6,60,1,0.53,30,0
1065,9,3,25,18,2,7,10,14,1,120,1,0.8,15,0
1467,10,2,26,19,3,2,8,10,6,90,1,0.34,20,0
827,17,3,30,8,1,1,3,8,0,60,1,0.64,30,1
921,7,2,14,16,2,4,8,14,1,120,0,0.72,30,0
1520,15,3,12,12,1,6,8,18,1,60,0,0.57,15,0
1548,19,1,1,23,5,2,10,20,2,120,1,0.94,20,0
1474,8,3,11,12,5,3,10,16,6,90,0,0.11,20,0
961,10,2,16,23,3,0,6,8,1,60,0,0.06,20,0
924,13,1,21,6,2,3,7,16,1,90,0,0.12,10,0
1147,12,3,9,9,1,7,9,18,3,60,1,0.93,15,0
1131,16,3,6,11,5,1,10,8,2,90,0,0.33,15,0
1538,20,2,6,19,3,4,10,10,5,60,0,0.43,15,0
800,16,3,19,4,4,6,10,20,4,120,1,0.56,15,0
1482,17,2,15,10,0,5,5,10,3,120,1,0.79,10,0
1509,15,2,27,30,5,5,10,8,6,90,1,0.62,10,0
1500,20,3,4,23,4,5,10,22,5,90,1,0.57,20,0
1098,7,2,9,26,4,3,10,10,0,60,0,0.32,20,0
1119,6,1,12,23,1,1,3,18,0,90,0,0.72,30,0
1055,8,1,21,11,5,1,10,18,2,60,0,0.59,10,0
1237,19,2,12,2,1,0,2,22,3,120,0,0.8,30,0
880,16,3,9,16,2,5,9,14,2,60,0,0.0,20,0
1145,19,3,24,28,3,7,10,16,2,60,1,0.9,20,0
902,14,1,3,12,1,3,5,22,1,90,0,0.86,15,0
1522,12,1,1,10,3,5,10,16,5,120,1,0.4,10,0
1264,6,1,26,29,2,0,4,16,5,90,1,0.43,30,1
1389,16,3,11,0,4,5,10,20,1,90,0,0.95,30,0
1325,15,2,11,11,5,3,10,10,3,90,1,0.27,10,0
1464,17,2,2,5,5,4,10,8,5,90,0,0.57,20,0
1327,19,1,10,18,3,0,6,8,0,60,0,0.01,30,0
908,12,3,6,16,4,1,9,18,1,120,0,0.48,10,0
1318,15,3,25,7,4,1,9,18,4,90,0,0.1,20,0
802,7,3,30,2,3,5,10,16,3,120,0,0.1,10,0
1332,12,3,14,21,2,2,6,10,3,60,1,0.6,10,0
1141,8,3,16,19,1,2,4,18,0,90,1,0.34,10,1
1299,13,1,2,6,0,7,7,14,4,60,0,0.24,15,0
1530,18,3,15,21,3,2,8,22,6,90,1,0.62,30,0
1233,16,2,2,2,4,2,10,14,3,90,1,0.11,15,0
1410,7,2,5,15,0,5,5,14,4,120,0,0.41,10,0
1555,9,2,3,7,2,0,4,10,1,90,1,0.01,30,1
1118,15,2,27,20,4,7,10,14,3,90,1,0.43,20,0
1111,17,2,17,4,0,7,7,10,4,120,0,0.11,15,0
1137,20,2,16,17,3,7,10,14,6,60,1,0.06,10,0
1148,7,1,9,24,5,6,10,14,0,120,1,0.32,30,0
1434,15,2,22,23,1,7,9,22,2,90,1,0.88,10,0
1033,10,1,5,10,5,3,10,20,6,120,0,0.26,10,0
826,12,2,24,14,1,7,9,16,6,90,1,0.42,15,0
1530,18,1,28,13,3,0,6,22,1,120,0,0.21,30,0
1251,19,3,15,14,2,4,8,22,0,60,1,0.2,30,0
924,17,1,16,5,5,0,10,8,1,120,1,0.04,15,0
1143,17,3,5,15,5,1,10,16,1,120,0,0.82,10,0
1016,7,3,0,13,3,6,10,14,3,120,1,0.1,20,0
1286,14,3,15,22,5,7,10,18,4,120,1,0.35,30,1
1434,17,2,14,22,4,7,10,8,0,90,0,0.46,20,0
1226,7,3,27,19,0,6,6,18,5,60,0,0.64,20,0
898,6,3,27,20,5,3,10,10,6,90,1,0.39,30,0
1355,16,3,18,16,2,2,6,8,0,60,0,0.94,20,0
861,16,1,1,28,2,2,6,14,0,60,1,0.75,10,0
1551,13,2,11,27,0,3,3,10,2,60,1,0.6,30,1
1247,6,1,22,20,4,6,10,22,5,60,0,0.54,15,0
1573,17,3,15,1,2,5,9,10,4,90,1,0.4,15,0
1511,18,3,14,13,3,6,10,10,0,120,0,0.34,20,0
1213,18,1,8,23,1,1,3,14,5,60,0,0.68,20,0
1371,19,3,18,27,4,5,10,10,0,60,0,0.03,20,0
1390,20,1,9,1,0,2,2,14,0,120,1,0.03,30,1
1533,10,1,28,7,3,3,9,10,0,60,1,0.82,15,0
1118,7,2,28,20,3,1,7,22,4,120,1,0.87,30,0
966,19,1,24,15,3,4,10,20,1,120,0,0.1,10,0
1306,8,2,28,8,4,2,10,8,5,90,0,0.9,20,0
820,17,2,21,18,3,3,9,8,1,60,1,0.69,20,0
1400,12,1,19,28,3,5,10,8,4,90,1,0.17,10,0
1082,11,2,1,13,2,6,10,22,4,90,0,0.84,15,0
1252,14,2,22,24,3,7,10,8,5,90,0,0.18,15,0
1510,16,3,25,2,3,6,10,20,5,90,0,0.67,30,0
1452,6,1,4,5,5,7,10,18,6,90,0,0.74,20,0
1144,8,2,16,27,2,3,7,8,5,60,0,0.61,30,0
1312,16,1,13,25,2,6,10,14,6,120,1,0.74,10,0
1474,18,3,13,17,5,4,10,18,5,120,1,0.7,15,0
1515,8,1,6,23,4,2,10,10,3,120,1,0.5,10,0
1463,16,1,15,11,2,7,10,18,2,90,1,0.48,30,0
1132,9,1,18,4,2,6,10,14,1,60,0,0.22,15,0
977,11,2,11,0,2,1,5,10,1,90,1,0.31,15,1
1508,18,2,23,24,0,4,4,22,2,90,1,0.23,20,1
1588,15,1,21,30,3,6,10,10,1,120,1,0.49,30,0
802,9,3,4,25,5,0,10,16,0,60,0,0.14,20,0
1338,18,3,16,21,3,4,10,8,5,90,0,0.6,30,0
1427,13,3,7,21,5,3,10,22,6,120,0,0.25,15,0
1541,9,3,14,26,3,3,9,18,5,90,0,0.35,10,0
1258,9,3,27,23,3,1,7,16,2,60,0,0.25,10,0
1302,18,3,19,26,5,3,10,16,4,90,0,0.73,20,0
936,7,3,19,16,0,6,6,18,2,120,1,0.03,15,1
1013,20,2,5,19,4,5,10,8,4,90,1,0.15,15,0
1218,16,3,13,5,4,1,9,8,3,90,1,0.46,30,0
1592,14,2,30,14,5,3,10,20,4,90,0,0.53,10,0
1423,6,2,20,18,3,4,10,16,4,120,0,0.22,20,0
1020,17,2,8,1,5,6,10,10,2,60,1,0.12,15,0
1047,8,2,17,22,3,7,10,10,3,90,0,0.53,20,0
1598,15,1,19,17,3,6,10,8,1,60,1,0.02,15,0
1173,13,1,8,14,3,3,9,18,4,90,1,0.77,30,0
1476,17,3,10,1,0,7,7,10,4,120,1,0.84,20,0
1337,18,1,0,18,4,6,10,16,5,120,0,0.78,20,0
1460,18,2,22,0,2,1,5,22,2,120,0,0.31,30,0
1565,9,2,23,19,3,5,10,14,1,90,1,0.23,30,0
1100,15,3,12,3,5,0,10,16,3,120,1,0.46,15,0
964,8,3,13,9,3,1,7,22,2,60,0,0.95,10,0
951,13,1,4,14,2,0,4,22,6,90,1,0.8,30,0
1582,20,3,13,22,4,3,10,22,4,120,0,0.9,10,0
1058,11,1,27,17,3,0,6,8,3,120,0,0.15,10,0
1309,11,1,1,0,3,1,7,14,2,120,1,0.93,15,0
1399,20,3,5,27,1,4,6,14,2,90,1,0.34,15,1
985,8,1,9,23,4,4,10,14,6,60,0,0.62,20,0
1471,7,2,12,18,4,3,10,10,0,60,0,0.32,20,0
1401,20,1,15,0,2,6,10,18,2,120,0,0.01,30,0
1013,12,1,20,25,0,2,2,18,6,90,1,0.04,10,1
865,13,1,0,21,3,3,9,22,4,60,0,0.28,15,0
1358,13,3,18,19,4,6,10,10,4,120,0,0.01,15,0
1365,10,1,11,4,0,5,5,8,2,90,0,0.56,15,0
1561,7,3,3,4,5,6,10,8,2,120,1,0.74,30,0
1133,10,3,29,17,0,4,4,14,0,120,0,0.54,30,0
1161,10,2,2,19,1,7,9,20,6,60,1,0.25,30,0
1113,14,2,1,10,3,6,10,10,1,60,0,0.83,30,0
806,15,3,9,8,5,6,10,22,0,90,0,0.86,15,0
1598,16,3,7,29,2,0,4,16,3,120,1,0.86,30,1
856,19,2,0,11,4,0,8,22,4,90,1,0.7,30,0
1137,13,3,28,18,1,7,9,18,5,60,0,0.93,20,0
1299,10,1,14,4,4,0,8,20,1,90,0,0.08,30,0
818,15,1,0,4,3,6,10,22,2,90,0,0.91,20,0
991,10,3,20,7,1,1,3,8,0,120,0,0.13,30,0
1580,16,1,7,15,3,3,9,20,4,60,0,0.95,15,0
807,15,3,7,3,2,5,9,10,1,90,0,0.21,30,0
1022,18,1,23,28,1,7,9,14,5,60,1,0.42,30,0
1365,12,2,24,17,0,5,5,18,0,60,0,0.72,20,0
1516,18,1,17,3,2,7,10,22,2,60,0,0.85,20,0
1026,16,3,22,23,2,7,10,18,0,120,0,0.96,30,0
1435,20,3,25,8,4,1,9,22,2,120,0,0.35,10,0
1102,10,2,13,2,4,5,10,14,0,90,0,0.04,30,0
1172,12,1,29,12,3,6,10,18,4,90,1,0.86,20,0
1483,11,1,24,27,5,6,10,10,3,90,1,0.43,20,0
1433,15,1,5,21,1,4,6,14,6,60,0,0.89,10,0
1238,8,1,12,13,2,4,8,18,5,60,1,0.1,30,1
964,14,3,7,12,1,5,7,18,0,120,1,0.75,15,1
888,16,2,2,20,1,1,3,20,1,90,1,0.11,10,1
1254,20,1,5,15,4,4,10,16,1,90,1,0.46,15,0
1256,8,3,5,7,4,1,9,16,6,90,0,0.61,30,0
1370,8,1,11,16,4,5,10,20,4,90,0,0.12,20,0
1512,16,3,15,9,0,7,7,14,3,90,0,0.87,15,0
1424,13,1,18,20,3,1,7,20,3,90,1,0.34,30,1
1403,15,1,12,3,4,3,10,20,2,90,0,0.33,10,0
1318,6,3,10,8,2,5,9,8,4,120,0,0.29,20,0
932,14,2,7,9,4,4,10,8,0,90,0,0.67,10,0
1465,16,2,8,19,0,4,4,14,2,60,0,0.49,20,0
983,6,1,26,11,3,1,7,14,3,120,0,0.38,20,0
878,11,2,7,6,3,6,10,18,2,60,0,0.2,10,0
1444,13,3,2,0,4,0,8,16,0,120,1,0.48,10,0
1472,10,2,3,9,4,5,10,8,2,120,1,0.33,15,0
1355,13,1,12,17,0,7,7,10,4,90,1,0.73,10,0
1347,10,1,28,16,4,1,9,16,6,120,1,0.53,30,0
1530,8,1,20,28,0,0,0,16,0,90,1,0.28,20,1
803,9,1,21,0,3,0,6,14,2,120,0,0.67,10,0
1323,7,3,15,7,1,0,2,8,1,90,1,0.24,15,1
1267,8,1,6,25,3,3,9,22,3,120,1,0.06,15,0
949,20,3,12,28,0,5,5,18,0,90,1,0.23,15,1
1135,19,1,5,13,5,5,10,14,4,60,0,0.97,20,0
1014,15,2,28,6,2,5,9,8,1,120,1,0.81,30,0
1103,8,2,1,20,3,0,6,20,0,120,1,0.16,20,1
811,17,2,2,8,5,3,10,8,6,90,1,0.09,10,0
1422,15,1,22,6,3,5,10,16,2,120,0,0.97,15,0
1514,11,2,28,26,1,6,8,8,0,90,0,0.54,15,0
971,9,3,8,6,2,7,10,18,4,60,1,0.92,20,0
1176,20,3,18,5,1,5,7,8,5,90,1,0.87,20,0
980,15,2,19,14,3,5,10,16,2,90,0,0.16,20,0
1246,9,3,6,13,3,6,10,16,2,90,0,0.21,10,0
880,8,1,20,2,1,3,5,20,6,120,1,0.36,15,1
1456,18,3,25,8,1,1,3,14,2,120,0,0.82,20,0
1095,16,2,24,25,3,4,10,18,4,120,0,0.62,15,0
1375,17,1,11,4,2,4,8,10,0,120,0,0.94,15,0
1573,11,1,30,2,2,1,5,16,1,120,1,0.79,30,1
821,18,2,30,17,5,2,10,20,2,90,0,0.96,30,0
1598,11,2,28,3,0,0,0,20,0,60,0,0.82,15,0
983,20,1,22,4,1,5,7,14,0,60,0,0.86,30,0
1410,14,1,4,6,1,5,7,14,0,90,0,0.94,30,0
1036,16,1,13,23,5,2,10,8,2,90,1,0.2,30,0
908,11,3,1,8,2,1,5,22,4,90,1,0.54,30,0
1305,14,3,25,1,0,1,1,20,2,120,0,0.21,30,0
1349,10,1,6,29,1,6,8,10,2,90,1,0.41,10,0
1012,9,3,12,26,5,3,10,8,0,90,1,0.08,30,0
1053,8,1,22,17,0,5,5,14,2,90,0,0.45,30,0
1247,16,1,20,12,0,2,2,10,2,90,1,0.02,15,0
814,15,3,24,19,4,6,10,18,4,60,1,0.01,30,0
1307,15,2,18,18,4,3,10,20,4,60,0,0.89,20,0
1375,19,3,14,8,3,1,7,10,1,120,0,0.6,10,0
836,8,2,2,11,2,1,5,16,6,90,1,0.91,30,1
1015,11,1,6,5,3,0,6,10,4,120,1,0.41,30,0
1313,12,3,11,26,4,4,10,10,0,60,1,0.16,10,0
860,17,3,22,12,2,1,5,14,5,120,1,0.84,15,0
1428,20,2,23,11,5,4,10,20,1,60,0,0.34,30,0
1307,7,3,1,29,1,0,2,20,6,60,1,0.33,30,1
842,14,3,17,18,2,6,10,18,3,120,0,0.99,20,0
1008,10,1,6,3,2,4,8,22,2,60,0,0.17,30,0
846,12,1,20,24,0,1,1,18,0,120,1,0.05,10,1
1124,7,2,23,3,2,0,4,14,6,60,1,0.01,10,1
1520,9,3,8,15,5,4,10,20,1,120,1,0.91,30,0
1060,7,1,5,25,3,4,10,16,1,90,1,0.69,15,0
1092,11,1,19,29,5,6,10,8,6,90,0,0.25,10,0
1264,10,3,20,8,1,5,7,20,1,120,1,0.53,20,1
1569,16,1,14,25,3,2,8,8,4,60,0,0.17,20,0
1587,12,2,3,29,2,2,6,22,6,120,0,0.61,30,0
801,8,1,19,24,3,0,6,18,3,120,0,0.36,10,0
1502,11,3,2,2,3,5,10,20,1,60,0,0.44,15,0
1486,19,2,28,6,1,7,9,18,3,60,1,0.05,15,0
1278,18,2,29,11,4,7,10,10,6,90,0,0.47,30,0
941,6,3,3,10,1,3,5,10,0,60,0,0.92,15,0
1144,12,3,29,25,3,4,10,16,6,90,0,0.19,15,0
871,20,1,11,2,4,6,10,18,1,120,1,0.99,20,0
961,8,2,20,13,1,1,3,14,2,60,0,0.59,10,0
1011,16,3,30,9,5,1,10,10,0,90,1,0.64,15,0
1526,12,2,15,2,1,6,8,14,3,120,0,0.33,20,0
1132,8,1,16,24,5,2,10,10,1,90,0,0.83,20,0
1542,8,3,19,14,4,3,10,20,2,120,1,0.36,30,1
1267,11,3,7,20,1,5,7,10,0,120,1,0.0,30,0
1101,6,2,9,2,1,3,5,20,6,120,0,0.32,10,0
959,10,2,14,16,1,0,2,16,2,60,0,0.4,15,0
1309,16,1,30,6,5,4,10,18,0,90,0,0.87,20,0
928,12,3,20,12,1,6,8,14,1,90,0,0.73,15,0
1215,10,3,10,30,2,3,7,16,3,90,1,0.61,30,1
1290,16,2,12,15,5,2,10,16,4,120,1,0.71,10,0
891,17,1,6,7,1,7,9,18,6,120,0,0.81,30,0
801,8,3,30,13,5,7,10,8,4,120,1,0.07,20,0
1438,7,3,11,3,2,7,10,14,3,60,1,0.74,15,0
1357,10,3,30,10,5,2,10,16,0,90,0,0.84,30,0
1379,11,3,12,2,2,1,5,22,0,120,1,0.38,20,1
1429,8,3,28,6,1,5,7,16,4,120,0,0.91,20,0
844,12,3,0,6,0,3,3,14,5,120,1,0.74,10,1
880,8,1,4,15,1,0,2,22,6,120,0,0.9,20,0
1453,15,2,22,27,0,2,2,18,5,60,0,0.46,15,0
1001,6,1,7,11,5,2,10,10,1,120,1,0.07,10,0
1046,16,3,18,15,5,7,10,22,1,120,1,0.6,30,0
1364,13,2,14,30,4,2,10,10,3,60,1,0.18,30,0
1576,19,2,10,3,2,4,8,20,2,120,1,0.34,20,1
1002,6,2,4,26,0,6,6,18,0,90,1,0.81,10,1
1401,14,3,14,4,0,2,2,22,4,120,0,0.06,10,0
1577,6,3,8,7,5,3,10,18,0,90,0,0.58,10,0
1572,7,3,30,20,3,6,10,10,1,60,1,1.0,30,0
1571,10,3,30,10,0,4,4,14,1,60,1,0.1,15,1
1384,14,3,30,0,1,4,6,20,2,60,1,0.09,30,1
1406,9,3,30,13,1,4,6,22,0,120,1,0.98,10,0
1470,16,2,7,4,1,1,3,10,3,60,1,0.48,20,1
878,6,1,15,13,1,2,4,16,6,120,1,0.6,10,1
1535,11,1,11,29,4,3,10,18,2,60,1,0.23,30,0
1329,7,1,13,9,2,6,10,16,6,120,1,0.81,10,0
994,8,3,29,19,0,1,1,22,0,60,0,0.94,20,0
1501,7,1,17,11,4,1,9,8,6,60,0,0.29,10,0
934,9,3,11,7,2,6,10,18,1,120,0,0.1,20,0
849,14,1,27,4,5,3,10,14,3,60,0,0.4,30,0
1204,6,1,14,3,3,2,8,16,4,120,1,0.87,30,0
891,14,1,27,19,1,3,5,14,3,120,1,0.75,20,1
890,6,3,26,24,5,4,10,16,1,60,0,0.18,15,0
896,9,1,22,2,5,4,10,22,4,60,1,0.63,10,0
1557,10,3,7,0,2,4,8,14,3,120,1,0.53,20,0
950,18,2,18,13,1,4,6,18,6,60,0,0.93,30,0
1229,14,3,23,19,1,3,5,14,2,60,0,0.26,20,0
891,16,1,6,20,0,3,3,8,3,90,1,0.07,10,0
1196,17,1,12,21,5,6,10,18,5,90,1,0.31,15,0
1456,6,3,16,15,1,4,6,22,4,60,0,0.53,30,0
1418,8,1,24,8,2,4,8,8,2,90,1,0.14,20,0
1310,18,2,5,2,1,6,8,22,1,120,1,0.15,10,0
1217,6,3,30,8,4,4,10,8,3,120,0,0.86,10,0
1439,6,1,14,1,5,6,10,16,6,120,1,0.24,30,0
937,7,3,17,25,2,3,7,22,2,120,1,0.73,10,0
1112,13,1,24,27,2,7,10,8,6,60,1,0.32,20,0
1193,19,3,8,3,5,6,10,14,3,90,1,0.46,20,0
1269,18,1,2,26,0,2,2,8,3,60,0,0.52,10,0
1509,11,3,16,24,4,3,10,22,2,120,1,0.49,15,0
1219,8,2,23,27,2,2,6,14,3,90,0,0.35,15,0
992,11,3,25,20,4,4,10,18,0,120,1,0.07,30,1
1488,18,3,22,20,4,3,10,22,0,90,0,0.28,15,0
964,15,3,27,21,3,5,10,10,1,60,0,0.06,15,0
1024,20,3,17,18,1,0,2,18,0,90,0,0.05,30,0
1230,11,3,9,26,5,0,10,8,2,60,1,0.43,10,0
951,19,2,14,17,3,0,6,20,5,120,0,0.61,10,0
946,16,2,23,19,4,0,8,14,3,60,1,0.6,10,0
1596,15,3,29,3,4,3,10,22,4,90,1,0.53,15,0
1189,8,2,18,29,3,1,7,16,5,60,1,0.95,30,0
868,13,3,14,10,1,6,8,20,5,120,1,0.93,15,0
1505,12,3,3,11,2,7,10,18,4,120,0,0.67,20,0
898,17,1,8,10,1,7,9,22,6,90,0,0.36,30,0
1145,20,2,1,10,3,2,8,14,2,120,0,0.54,30,0
1252,14,3,22,11,0,1,1,10,4,60,0,0.53,10,0
1248,20,2,26,22,0,4,4,10,0,60,0,0.28,20,0
1016,14,3,5,17,5,1,10,14,0,90,1,0.18,30,0
1345,12,3,23,6,2,7,10,22,1,60,1,0.66,30,0
1032,9,1,16,21,4,0,8,10,2,90,1,0.31,20,0
1054,18,1,26,2,5,0,10,22,4,90,1,0.96,30,0
1375,12,1,15,14,5,3,10,8,6,90,0,0.57,10,0
1511,19,3,18,19,5,4,10,16,3,90,0,0.47,20,0
920,7,1,6,22,2,6,10,20,1,90,1,0.69,15,0
870,6,3,20,19,0,2,2,18,0,90,1,0.76,20,1
1182,6,1,25,1,2,4,8,14,0,90,1,0.85,30,0
1496,9,1,30,29,2,7,10,10,3,90,1,0.15,15,0
822,8,1,14,10,4,2,10,22,4,60,0,0.32,30,0
829,7,3,7,20,3,6,10,20,5,60,1,0.18,15,0
956,20,3,8,16,4,3,10,22,6,60,0,0.65,30,0
1174,12,2,15,19,2,6,10,16,6,120,1,0.2,15,0
1083,7,2,16,9,1,6,8,20,4,120,0,0.89,30,0
1167,13,3,29,9,3,5,10,18,2,120,1,0.55,30,0
1106,11,1,24,22,4,2,10,14,1,90,0,0.27,15,0
1468,15,3,17,30,2,1,5,16,2,60,0,0.67,30,0
1012,11,1,2,17,3,7,10,18,3,60,1,0.99,10,0
1080,10,3,28,15,5,7,10,16,2,90,1,0.78,30,0
1474,17,1,30,0,1,1,3,18,4,90,0,0.5,30,0
856,19,2,21,17,4,6,10,16,5,120,1,0.73,15,0
809,11,3,22,0,5,5,10,16,4,90,1,0.18,10,0
1214,9,2,24,13,2,1,5,18,5,90,1,0.77,20,1
1038,7,1,2,9,0,3,3,20,4,60,1,0.62,30,1
1476,14,2,10,25,0,4,4,16,6,90,0,0.78,10,0
1306,6,3,11,18,1,6,8,16,0,60,1,0.37,15,1
988,12,2,2,23,1,4,6,16,2,90,0,0.69,20,0
1535,13,3,14,30,1,5,7,8,3,120,0,0.14,15,0
962,18,2,22,3,0,3,3,20,0,120,0,0.06,10,0
1564,10,3,16,1,0,4,4,16,5,90,1,0.36,30,1
1052,10,3,20,6,1,2,4,10,4,60,0,0.13,10,0
1362,18,3,7,13,3,4,10,18,4,60,1,0.59,10,0
1336,10,2,19,16,3,3,9,10,4,90,1,0.51,20,0
1237,8,2,3,28,5,3,10,16,0,120,0,0.26,20,0
1201,19,3,16,8,2,0,4,18,0,90,1,0.93,10,0
1387,10,2,16,6,0,6,6,10,6,90,1,0.41,20,0
1314,20,3,29,18,4,7,10,10,2,90,1,0.39,15,0
884,8,3,16,21,2,2,6,20,0,120,0,0.46,15,0
1501,15,1,18,16,0,1,1,10,1,60,0,0.96,10,0
1149,16,1,4,20,5,5,10,8,1,90,1,0.03,20,0
910,17,2,21,10,1,3,5,16,0,60,1,0.5,20,1
879,15,1,24,1,1,2,4,10,5,90,0,0.48,20,0
1578,19,2,16,23,2,3,7,10,3,90,1,0.88,20,0
1232,10,3,7,2,0,3,3,10,1,60,1,0.81,15,0
1257,17,2,30,28,3,3,9,8,5,90,1,0.54,10,0
1435,12,3,8,24,2,6,10,18,1,60,1,0.21,15,0
1496,16,1,4,11,2,3,7,20,4,60,0,0.02,10,0
1073,7,1,29,24,2,7,10,8,5,90,1,0.9,30,0
1310,19,3,22,21,5,2,10,22,6,90,1,0.9,20,0
1107,17,2,10,20,4,7,10,8,0,60,0,0.37,30,0
1339,19,2,6,3,5,0,10,10,2,60,1,0.8,20,0
1415,17,2,28,7,4,4,10,16,4,90,1,0.51,10,0
812,18,3,0,6,2,5,9,18,5,90,0,0.38,15,0
1511,18,2,11,1,1,7,9,20,0,120,0,0.39,15,0
913,17,1,5,7,4,7,10,22,1,120,0,0.49,30,0
1224,20,3,28,24,5,4,10,18,3,60,1,0.65,20,0
1392,17,3,0,23,5,1,10,18,6,90,1,0.22,15,0
1153,12,1,6,18,2,0,4,10,0,60,0,0.88,30,0
805,16,1,30,0,0,2,2,10,1,60,1,0.24,15,0
843,14,3,7,18,5,5,10,16,6,60,0,0.29,30,0
872,19,2,3,26,0,1,1,14,3,120,0,0.26,30,0
1160,20,3,19,23,0,1,1,16,1,120,0,0.79,30,0
1131,6,3,12,16,4,5,10,16,5,90,0,0.18,15,0
924,12,1,7,26,2,0,4,10,5,90,1,0.02,15,1
929,17,2,25,26,0,5,5,10,6,90,0,0.66,30,0
1423,19,2,24,24,5,5,10,16,2,90,1,0.38,30,0
1591,16,3,23,22,2,6,10,18,6,60,1,0.17,20,0
808,6,1,29,28,0,1,1,10,6,90,1,0.19,20,1
1300,17,1,0,24,3,3,9,18,6,60,0,0.96,15,0
1132,19,3,30,21,5,3,10,10,3,90,0,0.64,15,0
1014,17,1,8,10,0,1,1,14,2,60,1,0.49,20,1
1272,14,2,26,13,0,0,0,20,5,60,0,0.02,20,0
1412,7,1,16,28,3,2,8,20,5,90,1,0.61,15,0
1438,9,3,30,6,2,1,5,14,0,60,1,0.97,30,0
1030,7,2,22,11,5,5,10,20,4,60,0,0.5,20,0
1310,18,2,14,10,0,3,3,8,4,60,0,0.94,30,0
855,16,3,17,8,2,4,8,16,4,120,1,0.02,15,0
1446,14,1,7,16,2,4,8,22,0,120,1,0.18,15,0
964,12,3,8,10,3,0,6,8,3,90,0,0.23,30,0
1476,6,1,1,13,2,3,7,16,0,90,1,0.79,30,1
884,8,2,18,7,0,0,0,18,1,90,0,0.65,30,0
1279,11,2,27,24,5,0,10,16,5,60,1,0.12,30,0
1431,19,2,0,19,2,6,10,16,6,60,0,0.82,15,0
1363,15,1,27,2,5,0,10,16,2,120,1,0.3,20,0
1375,18,1,0,18,3,5,10,10,1,120,1,0.2,20,0
1392,19,1,16,20,4,6,10,18,0,120,1,0.12,30,0
1127,16,2,17,13,1,4,6,14,5,90,1,0.94,15,0
976,6,2,25,26,4,2,10,14,6,90,0,0.05,15,0
1158,14,1,21,22,5,7,10,14,3,120,0,0.25,20,0
1431,7,3,27,27,0,5,5,22,1,90,0,0.92,15,0
1251,17,1,29,14,3,3,9,14,0,90,0,0.14,10,0
1370,7,2,21,15,0,7,7,16,5,60,0,0.01,20,0
844,8,1,30,29,3,3,9,16,0,90,1,0.32,20,0
908,13,3,19,2,4,4,10,20,4,60,0,0.79,10,0
1569,6,1,7,7,0,2,2,20,0,90,0,0.26,10,0
881,7,3,26,28,1,2,4,8,2,120,0,0.58,30,0
1586,13,1,8,9,1,7,9,20,3,90,1,0.38,20,0
1236,14,3,28,3,2,3,7,10,3,90,1,0.31,10,0
1444,15,1,9,16,3,1,7,18,1,120,0,0.87,15,0
1028,14,1,26,23,3,5,10,16,0,120,1,0.53,30,0
1356,20,1,4,12,3,6,10,20,4,120,0,0.39,15,0
1546,17,2,27,14,5,0,10,20,6,120,1,0.7,30,0
1163,13,2,29,17,5,6,10,14,6,120,1,0.44,20,0
1414,20,2,15,13,3,3,9,20,5,120,0,0.04,30,0
1125,6,3,26,13,4,2,10,10,5,120,0,0.78,15,0
1029,15,1,8,14,2,1,5,20,5,60,1,0.5,30,1
1145,13,1,14,7,5,5,10,14,6,90,0,0.74,20,0
959,7,2,28,30,1,2,4,8,1,60,0,0.64,30,0
1496,14,3,5,25,5,0,10,10,5,120,0,0.59,20,0
1141,18,2,12,19,1,0,2,18,4,120,0,0.5,10,0
1249,15,3,18,23,0,0,0,16,1,60,0,0.35,20,0
1030,18,2,9,19,0,7,7,14,6,90,0,0.64,20,0
1354,17,2,15,3,0,7,7,22,6,60,1,0.61,20,0
1399,12,1,8,6,3,5,10,22,6,120,0,0.97,20,0
906,12,1,20,22,5,6,10,16,1,90,0,0.51,30,0
967,14,3,15,1,0,3,3,10,6,60,1,0.87,30,0
1234,13,1,2,21,4,1,9,18,3,60,1,0.11,20,0
1141,17,3,18,25,4,2,10,20,0,90,0,0.91,10,0
953,8,1,7,3,4,6,10,8,2,60,0,0.92,30,0
911,19,3,2,15,1,4,6,8,3,120,1,0.91,20,0
1217,19,2,11,9,2,1,5,22,1,60,0,0.93,20,0
1172,15,1,13,25,2,1,5,14,5,90,1,0.19,15,1
1191,9,1,16,13,5,4,10,18,3,90,0,0.05,20,0
1068,9,2,5,28,2,0,4,8,4,60,1,0.37,30,1
1065,13,1,25,12,5,6,10,18,3,120,1,0.49,10,0
1012,10,1,9,25,2,2,6,14,6,90,1,0.27,10,1
1501,19,2,6,11,0,0,0,20,2,60,1,0.73,10,1
1333,10,1,30,28,3,3,9,18,1,120,1,0.64,30,0
1172,7,1,4,29,3,1,7,8,0,90,0,0.87,30,0
1584,20,2,24,7,4,4,10,22,3,120,0,0.73,10,0
1389,18,1,20,0,2,0,4,18,0,90,0,0.24,15,0
1474,9,2,4,10,4,3,10,10,6,120,1,0.36,10,0
913,17,3,5,22,2,1,5,10,4,120,0,0.0,10,0
1237,8,1,24,17,0,3,3,20,4,60,1,0.36,30,1
1305,15,1,15,14,3,1,7,20,5,120,1,0.01,10,0
897,13,1,19,30,1,3,5,10,5,90,0,0.25,15,0
1170,9,1,28,11,1,5,7,16,1,120,1,0.72,20,1
1162,17,3,0,24,2,0,4,18,2,60,1,0.79,30,1
892,18,2,17,5,4,2,10,8,4,120,0,0.29,30,0
1360,8,1,12,6,3,2,8,18,3,60,0,0.52,20,0
1459,19,3,30,28,5,7,10,10,1,120,0,0.22,15,0
941,10,1,27,13,1,7,9,22,4,120,0,0.39,10,0
962,11,2,3,9,2,2,6,18,6,90,1,0.48,10,0
1084,10,2,9,22,0,7,7,16,2,60,1,0.27,10,1
1152,13,3,9,21,5,0,10,16,5,90,0,0.76,15,0
980,15,1,20,4,2,4,8,22,2,120,0,0.28,20,0
921,15,3,11,10,0,7,7,16,2,90,1,0.14,10,0
1561,11,3,14,0,3,6,10,10,2,120,0,0.1,30,0
977,8,1,9,6,5,7,10,16,0,90,1,0.55,30,0
968,10,3,8,18,1,6,8,8,2,60,0,0.01,30,0
1362,8,3,1,27,4,0,8,18,1,60,1,0.64,10,1
1408,14,3,28,5,1,0,2,18,6,60,1,0.18,10,1
804,16,3,25,18,2,2,6,10,5,90,1,0.49,10,0
1016,6,3,5,15,4,2,10,18,6,120,0,0.17,10,0
823,6,3,29,5,1,7,9,18,4,60,1,0.84,15,0
1140,18,3,22,25,5,4,10,10,1,90,0,0.23,15,0
1106,6,3,0,27,5,7,10,16,5,60,0,0.23,10,0
1302,7,2,1,28,3,5,10,10,2,90,0,0.51,20,0
1389,8,3,1,17,2,1,5,14,0,60,0,0.65,30,0
1192,6,1,30,18,4,7,10,20,2,120,1,0.92,10,0
1597,13,1,11,18,0,3,3,16,2,120,1,0.25,15,1
1513,11,3,21,25,5,0,10,22,0,60,1,0.6,30,0
1318,10,3,22,6,2,3,7,20,1,120,1,0.54,30,1
1443,13,1,10,9,5,2,10,22,6,120,1,0.67,20,0
1296,7,3,9,14,5,7,10,8,0,90,0,0.6,10,0
1559,16,3,23,29,0,3,3,14,1,60,1,0.81,20,1
1439,8,1,20,29,3,2,8,10,2,60,1,0.75,10,0
1181,11,3,30,23,4,6,10,16,1,60,1,0.67,30,0
857,12,1,2,10,2,2,6,22,0,60,1,0.61,10,0
1438,8,3,22,12,2,5,9,8,3,60,0,0.39,30,0
1233,10,3,3,8,1,1,3,10,6,90,1,0.02,10,1
1516,7,3,17,1,0,1,1,8,3,60,0,0.18,20,0
1040,8,2,11,24,2,5,9,8,5,120,0,0.64,30,0
1312,16,3,10,27,2,1,5,16,4,60,1,0.28,15,1
1210,15,3,28,25,0,3,3,14,2,120,1,0.53,15,1
829,10,3,8,1,4,0,8,18,0,60,0,0.42,20,0
1210,15,3,2,19,4,3,10,10,1,60,1,0.47,15,0
1198,18,2,9,0,5,3,10,20,0,90,1,0.0,10,0
1471,12,2,0,16,0,0,0,16,3,60,0,0.58,30,0
1438,12,2,3,0,2,2,6,22,6,60,1,0.33,30,1
1096,15,2,11,22,2,3,7,18,1,60,1,0.87,30,0
1194,17,3,10,8,4,3,10,14,3,120,0,0.79,30,0
1329,14,3,23,3,0,7,7,20,6,120,1,0.99,15,0
980,6,1,19,14,0,3,3,8,3,120,0,0.46,30,0
931,9,3,5,10,2,1,5,8,5,120,0,0.17,30,0
1274,12,1,28,11,0,0,0,16,4,90,1,0.13,30,1
1279,12,3,25,0,0,4,4,22,5,60,1,0.61,30,0
1123,13,1,5,10,2,4,8,22,2,120,1,0.8,30,0
1381,16,2,2,19,3,1,7,14,4,120,0,0.97,10,0
1475,17,2,0,22,4,0,8,14,2,120,1,0.31,30,1
974,16,3,29,11,1,1,3,16,2,60,1,0.82,15,0
1396,20,3,1,14,3,6,10,20,3,90,1,0.7,20,0
1459,10,1,0,30,1,1,3,22,6,90,1,0.59,30,1
809,12,2,25,17,0,1,1,10,2,90,0,0.8,30,0
1363,9,2,7,10,0,6,6,20,4,60,0,0.57,15,0
1270,7,2,13,5,1,3,5,14,1,90,0,0.08,30,0
977,19,2,10,10,4,1,9,22,1,60,1,0.1,20,0
1471,18,2,30,4,3,0,6,8,5,120,0,0.21,15,0
1459,16,1,1,5,2,3,7,8,2,120,1,0.47,20,0
817,18,2,3,17,5,5,10,10,1,60,0,0.34,20,0
1513,14,1,10,27,3,2,8,22,5,120,1,0.34,10,0
1595,14,2,17,29,1,3,5,16,2,120,0,0.11,15,0
1520,19,3,13,8,2,7,10,22,0,90,1,0.19,15,0
1535,6,1,4,5,0,6,6,22,4,120,0,0.47,10,0
1324,8,1,26,22,2,5,9,16,2,120,0,0.9,20,0
902,8,1,17,17,1,3,5,14,0,120,0,0.47,10,0
1407,20,2,8,22,5,5,10,20,2,90,1,0.74,30,0
954,11,1,13,14,0,1,1,16,0,120,0,0.04,20,0
1175,17,2,22,8,0,7,7,14,3,90,0,0.21,10,0
848,20,1,5,9,1,2,4,10,3,60,1,0.99,20,0
1033,9,3,23,6,5,5,10,8,6,120,1,0.63,15,0
867,7,1,10,4,4,2,10,16,6,60,0,0.73,30,0
1282,12,3,8,4,0,1,1,20,6,60,1,0.92,15,1
876,6,1,1,19,0,0,0,20,6,90,1,0.04,20,1
990,16,1,9,18,2,6,10,16,4,90,1,0.09,15,0
1361,19,3,11,6,3,2,8,10,3,120,0,0.83,15,0
1555,15,1,5,10,1,2,4,14,2,120,0,0.49,30,0
1412,19,3,22,13,2,7,10,16,6,90,1,0.31,20,1
1410,8,3,18,3,2,6,10,10,6,60,0,0.87,20,0
1150,16,1,8,14,2,1,5,8,3,60,1,0.68,30,0
1357,16,1,17,5,1,2,4,10,5,120,1,0.68,20,0
1085,13,3,25,9,4,4,10,18,2,120,1,0.78,20,0
1108,11,1,22,8,1,1,3,20,2,90,0,0.62,10,0
1062,8,2,22,1,3,1,7,10,1,120,0,0.27,15,0
1251,12,2,21,12,0,2,2,10,5,120,1,0.32,20,1
1557,20,3,29,4,2,1,5,22,1,90,0,0.84,10,0
1223,18,2,14,20,5,3,10,8,4,120,1,0.56,15,0
1426,15,3,6,8,3,6,10,10,0,120,1,0.34,15,0
1376,7,3,2,24,5,3,10,18,1,120,0,0.51,15,0
1540,11,1,14,7,4,4,10,18,5,90,1,0.01,10,0
1200,14,1,11,3,5,1,10,14,3,60,1,0.97,20,0
1204,18,3,13,5,0,7,7,20,6,90,0,0.67,15,0
1117,9,3,26,3,2,4,8,22,2,90,1,0.08,20,0
1406,15,2,10,6,5,0,10,8,2,90,1,0.75,15,0
1357,10,2,10,9,2,0,4,8,1,120,0,0.14,20,0
1373,7,1,2,4,0,5,5,18,1,60,0,0.02,15,0
1469,20,1,4,22,0,2,2,20,2,60,1,0.43,30,1
846,19,3,12,27,4,3,10,20,4,60,0,0.38,30,0
1259,10,1,21,29,0,0,0,18,5,90,1,0.22,20,1
1394,16,2,5,11,5,5,10,18,0,120,0,0.14,15,0
1172,11,1,1,3,1,5,7,10,2,120,0,0.43,20,0
1198,12,3,7,14,0,6,6,16,5,90,1,0.3,10,1
1015,16,1,8,16,1,2,4,8,0,120,1,0.91,20,0
1572,17,2,5,0,2,5,9,14,1,60,0,0.4,20,0
1160,11,1,4,12,4,4,10,22,2,60,1,0.97,15,0
1544,12,1,14,5,1,4,6,22,4,120,0,0.96,15,0
1546,19,3,20,30,4,6,10,16,4,120,0,0.1,30,0
1447,16,2,30,24,5,2,10,18,2,90,1,0.73,10,0
1121,8,3,6,23,3,1,7,14,6,60,1,0.83,15,0
1468,13,1,14,20,1,7,9,14,5,60,0,0.05,20,0
854,8,3,19,9,0,7,7,18,4,60,1,0.47,10,1
848,20,2,16,11,4,1,9,14,6,120,0,0.74,20,0
974,20,2,17,24,3,4,10,20,0,90,0,0.77,30,0
906,10,1,21,16,4,7,10,16,6,120,1,0.85,10,0
1131,17,2,19,18,1,2,4,18,0,120,0,0.46,10,0
1443,7,2,17,16,2,0,4,14,5,90,1,0.69,15,1
811,18,3,22,29,4,4,10,16,6,120,0,0.3,20,0
1470,18,3,5,24,4,4,10,10,3,90,1,0.82,30,0
1084,7,2,10,7,3,4,10,16,5,90,1,0.56,30,0
1010,16,2,3,12,2,3,7,16,0,120,0,0.09,30,0
1330,11,3,25,11,1,4,6,8,3,60,1,0.52,20,0
1302,14,1,10,13,5,3,10,14,5,120,0,0.17,10,0
810,7,1,0,5,5,3,10,20,0,90,0,0.27,10,0
886,7,3,4,1,0,7,7,22,2,90,1,0.7,10,0
1120,16,2,18,13,0,4,4,10,1,120,0,0.19,10,0
976,10,2,25,22,4,2,10,14,6,90,0,0.51,10,0
1567,13,1,18,5,3,5,10,16,2,120,0,0.41,20,0
967,11,2,5,21,2,7,10,8,1,90,0,0.63,20,0
1208,12,2,19,20,1,0,2,16,6,120,0,0.57,15,0
934,18,1,22,3,5,7,10,8,4,90,0,0.21,20,0
1573,17,2,11,7,4,7,10,14,6,60,0,0.57,10,0
1504,9,3,23,10,3,0,6,10,4,90,1,0.0,15,1
1261,14,1,13,22,1,6,8,18,5,90,1,0.11,20,1
1268,15,1,8,9,3,5,10,8,2,60,1,0.63,15,0
1210,20,3,0,26,3,0,6,18,6,60,0,0.68,15,0
811,16,1,0,21,5,2,10,18,3,120,0,0.42,30,0
1548,18,3,4,20,2,6,10,14,5,90,0,0.0,15,0
952,8,1,3,4,4,1,9,16,4,60,0,0.79,20,0
1349,19,1,24,28,1,2,4,10,1,90,0,0.23,20,0
941,10,1,28,24,3,0,6,18,1,120,0,0.25,20,0
1354,16,1,21,5,1,3,5,10,1,120,1,0.42,30,0
922,15,3,18,14,0,0,0,18,5,60,1,0.2,10,1
1045,16,1,14,29,5,5,10,20,5,60,0,0.78,20,0
1477,11,2,8,14,1,2,4,16,0,120,0,0.87,30,0
1069,18,2,5,29,1,5,7,18,5,90,0,0.03,30,0
1059,14,2,20,1,4,3,10,22,3,90,0,0.15,10,0
1569,20,1,12,21,0,3,3,8,5,90,1,0.24,30,1
1564,16,2,15,24,2,5,9,18,4,90,1,0.95,20,0
1279,19,1,7,7,2,3,7,18,1,90,0,0.18,20,0
1600,16,1,10,13,4,4,10,20,6,90,1,0.76,15,0
1274,17,3,3,4,5,0,10,16,4,120,1,0.15,10,0
1388,18,3,11,5,1,4,6,20,1,90,1,0.43,30,1
1533,9,2,4,1,0,7,7,22,5,120,0,0.06,30,0
1128,16,2,10,22,3,7,10,16,6,90,1,0.25,10,0
844,20,2,14,22,2,4,8,14,5,120,0,0.79,30,0
927,17,2,15,20,3,0,6,10,0,60,1,0.98,15,0
1024,16,3,23,0,0,3,3,10,2,60,1,0.81,10,0
1598,11,3,10,25,5,0,10,22,1,120,0,0.05,15,0
1321,19,1,6,24,2,4,8,10,0,60,1,0.74,10,0
954,20,3,18,11,5,0,10,22,6,90,0,0.77,30,0
1518,11,3,27,18,3,3,9,10,5,60,0,0.87,30,0
1337,6,3,18,4,4,3,10,22,5,120,1,0.21,10,0
1444,6,2,5,0,2,6,10,22,3,120,1,0.91,10,0
1586,9,3,2,27,3,1,7,18,6,90,1,0.48,30,0
1464,12,3,19,30,4,6,10,22,6,90,1,0.83,10,0
922,14,2,2,1,0,5,5,14,5,60,1,0.78,15,1
1130,11,2,7,0,5,1,10,18,5,60,1,0.14,20,0
979,19,1,0,4,1,7,9,22,1,90,1,0.16,20,0
972,13,3,29,28,5,2,10,10,0,60,1,0.22,10,0
1545,12,2,30,27,1,2,4,16,3,90,1,0.79,30,1
935,13,2,14,3,5,4,10,16,0,90,0,0.7,20,0
1203,20,3,10,20,3,4,10,22,6,60,1,0.79,15,0
1065,17,3,17,30,3,7,10,8,3,120,1,0.76,30,0
962,15,1,18,2,3,7,10,22,1,90,0,0.33,10,0
1356,20,1,2,25,0,0,0,8,3,120,1,0.54,10,0
1330,19,1,23,13,1,7,9,20,2,60,1,0.68,10,0
1012,20,1,5,10,0,1,1,18,1,60,0,0.16,20,0
1464,10,2,8,21,5,5,10,20,2,90,1,0.95,30,0
1331,20,2,22,19,1,4,6,14,6,90,1,0.92,10,0
1266,10,1,13,29,3,6,10,16,4,120,1,0.13,10,0
1497,18,2,3,6,3,6,10,18,4,60,0,0.45,10,0
1374,8,2,23,19,1,0,2,18,3,120,1,0.56,10,1
981,14,1,5,30,0,2,2,16,1,90,0,0.37,30,0
876,6,1,30,28,3,2,8,10,5,90,0,0.61,15,0
1124,12,1,25,30,4,4,10,14,1,90,0,0.8,15,0
1312,10,1,23,28,0,2,2,14,5,60,0,0.04,15,0
990,6,3,2,17,1,1,3,10,2,90,1,0.66,30,1
1476,13,3,6,0,1,1,3,16,1,120,1,0.05,15,1
1286,11,1,6,15,3,4,10,18,0,90,0,0.71,30,0
1306,15,3,27,3,4,4,10,22,2,60,0,0.0,20,0
1436,17,2,11,7,4,5,10,8,4,90,0,0.37,30,0
1352,10,3,11,20,4,3,10,20,2,60,0,0.05,30,0
1172,19,1,17,14,5,7,10,10,1,90,1,0.79,20,0
848,8,1,10,19,1,1,3,20,1,60,1,0.17,20,1
1092,16,3,25,11,2,0,4,10,5,60,1,0.58,15,0
1138,10,2,15,30,3,2,8,10,4,90,1,0.67,15,0
1377,6,2,10,28,0,6,6,10,4,60,1,0.43,30,0
1572,13,3,29,9,0,0,0,16,1,90,0,0.17,10,0
1311,12,2,17,0,1,6,8,8,2,120,1,0.3,10,0
1495,17,1,19,2,4,5,10,16,2,60,1,0.75,20,0
1373,10,1,20,8,4,2,10,22,1,120,0,0.84,30,0
834,17,1,4,26,4,3,10,14,0,60,1,0.77,30,0
993,12,3,7,29,4,0,8,14,4,90,1,0.96,30,0
806,16,2,7,10,5,1,10,16,2,120,0,0.08,15,0
1232,20,1,28,30,0,4,4,14,3,60,0,0.76,20,0
1257,16,3,12,3,1,6,8,14,0,120,1,0.36,20,1
1317,19,2,6,28,3,7,10,18,4,60,1,0.71,10,0
1438,12,2,2,3,4,7,10,14,5,90,1,0.19,15,0
885,13,3,14,16,2,4,8,14,3,90,1,0.92,30,0
823,12,1,16,24,5,5,10,20,2,120,0,0.31,20,0
1224,10,3,7,29,1,7,9,20,2,90,0,0.97,10,0
1543,19,2,13,11,1,7,9,16,0,60,1,0.82,30,0
965,12,2,28,24,4,1,9,18,0,90,0,0.45,15,0
827,6,3,10,8,3,3,9,22,0,90,1,0.93,30,0
840,12,3,12,20,2,3,7,22,1,60,1,0.33,15,0
1327,14,1,23,25,1,3,5,20,0,90,0,0.65,20,0
1092,14,2,29,18,5,2,10,18,6,120,0,0.75,30,0
1239,12,2,6,8,3,7,10,20,6,60,0,0.57,10,0
955,19,3,29,2,0,0,0,8,1,60,1,0.4,10,0
1277,14,1,16,22,4,6,10,22,2,90,0,0.39,15,0
1306,17,2,24,13,2,0,4,10,6,120,1,0.93,15,0
1162,6,1,4,4,4,1,9,14,1,90,0,0.46,15,0
1292,7,3,14,27,3,6,10,8,3,60,1,0.14,15,0
1017,14,1,3,26,5,0,10,22,6,90,0,0.12,30,0
1572,20,2,9,12,0,3,3,14,4,90,1,0.57,30,1
1561,11,1,14,17,1,1,3,10,1,60,0,0.86,15,0
1079,15,2,12,5,0,7,7,14,0,120,0,0.84,15,0
1263,11,1,9,3,3,4,10,18,5,120,1,0.69,15,0
994,15,3,14,21,1,2,4,16,4,90,0,0.16,20,0
1512,15,2,6,28,2,5,9,14,5,120,0,0.07,10,0
1473,15,3,25,18,0,4,4,20,4,120,1,0.13,15,1
1144,15,2,7,30,0,1,1,22,4,90,1,0.27,30,1
859,11,3,27,9,2,5,9,20,5,120,0,0.26,15,0
1589,20,1,0,4,0,3,3,18,4,120,1,0.0,30,1
874,9,3,20,13,0,4,4,10,0,60,0,0.8,10,0
834,10,2,17,15,4,7,10,14,1,60,0,0.9,20,0
1364,12,2,9,5,2,5,9,20,3,120,1,0.81,15,0
969,15,1,30,23,5,5,10,22,2,90,0,0.46,10,0
1155,19,2,15,6,4,2,10,18,1,120,1,0.75,10,0
1276,6,2,8,21,4,7,10,10,5,60,1,0.76,15,0
1375,16,3,21,28,5,5,10,8,3,90,0,0.05,30,0
1294,6,1,9,16,1,0,2,20,3,90,0,0.46,15,0
974,11,2,6,17,1,7,9,22,5,90,0,0.56,15,0
1513,19,2,24,25,1,2,4,14,0,90,0,0.3,15,0
1266,9,3,21,23,1,3,5,22,0,60,1,0.9,30,0
1062,12,2,11,29,0,3,3,18,0,120,1,0.74,10,1
1354,11,3,5,1,1,7,9,8,6,60,0,0.69,10,0
1082,18,2,6,6,0,5,5,22,0,120,0,0.82,15,0
1060,6,3,18,26,3,0,6,8,5,120,1,0.88,30,0
1315,10,3,16,12,2,5,9,18,5,90,0,0.16,15,0
1275,13,2,16,11,3,5,10,14,5,90,1,0.31,15,0
1395,8,2,15,10,0,1,1,18,1,60,1,0.13,30,1
1251,10,3,8,4,1,2,4,8,3,90,0,0.61,20,0
978,9,3,25,3,2,7,10,8,5,90,0,0.75,15,0
1480,11,2,28,15,3,3,9,8,1,90,0,0.29,15,0
1329,12,3,30,6,3,2,8,22,1,60,1,0.34,20,0
1008,9,3,14,6,5,4,10,16,3,120,1,0.22,30,1
1127,14,2,16,4,3,6,10,14,2,120,1,0.86,10,0
1153,16,3,28,17,4,7,10,10,5,60,0,0.71,20,0
1340,20,1,29,8,5,4,10,20,6,60,0,0.41,30,0
1219,7,3,0,14,2,0,4,14,3,60,0,0.93,20,0
1590,11,2,25,3,0,7,7,14,6,120,0,0.56,30,0
1573,15,2,28,3,0,5,5,18,4,120,0,0.06,10,0
1551,14,2,26,4,4,7,10,8,6,60,0,0.88,15,0
1457,7,2,24,12,1,4,6,10,0,90,0,0.37,10,0
1596,7,2,19,24,3,6,10,18,0,90,1,0.25,15,0
1215,20,3,25,4,5,1,10,18,6,90,1,0.08,10,0
1509,8,3,7,5,3,1,7,8,6,120,1,0.78,15,0
1148,13,2,19,26,1,1,3,10,1,60,0,0.86,10,0
1132,12,3,8,30,1,1,3,16,1,60,0,0.65,20,0
1204,9,1,25,2,4,6,10,22,5,90,0,0.65,30,0
1347,19,1,11,0,5,5,10,14,2,90,0,0.11,10,0
1027,7,1,11,9,3,0,6,18,4,90,0,0.26,10,0
1041,11,3,27,25,0,5,5,14,5,60,1,0.9,30,0
1060,18,2,3,20,4,6,10,20,1,120,1,0.19,10,0
994,7,2,28,10,1,4,6,18,5,60,1,0.83,10,1
1251,18,3,27,8,5,5,10,20,4,90,1,0.54,10,0
981,8,1,14,23,3,6,10,20,0,60,0,0.55,10,0
1233,18,2,27,15,1,5,7,10,3,120,0,0.75,20,0
1060,20,2,11,28,0,0,0,16,3,90,1,0.64,10,1
1550,19,1,27,24,4,3,10,8,3,60,1,0.3,30,0
905,6,3,21,16,2,2,6,14,3,120,1,1.0,15,1
1034,13,1,10,6,5,4,10,18,6,90,0,0.98,30,0
1332,15,3,26,30,5,3,10,10,1,90,0,0.34,15,0
986,13,2,8,20,3,0,6,10,1,120,1,0.49,10,0
1024,20,2,28,0,2,7,10,20,5,90,1,0.14,15,0
884,19,3,28,20,5,2,10,20,0,60,1,0.01,15,0
1019,16,2,4,30,0,3,3,10,5,120,1,0.64,20,1
1181,20,1,11,26,0,0,0,10,0,90,1,0.24,15,0
1212,12,2,18,8,5,3,10,16,6,90,1,0.73,20,0
1431,7,3,18,15,4,5,10,22,5,60,0,0.71,20,0
1100,18,2,23,10,1,2,4,18,3,90,1,0.19,20,1
1395,10,1,17,6,0,6,6,8,3,90,1,0.23,20,1
989,18,3,25,1,4,1,9,8,2,90,0,0.38,15,0
1102,15,2,14,0,2,4,8,20,4,60,0,0.92,20,0
832,19,2,11,20,2,7,10,16,2,60,0,0.93,30,0
1294,16,3,25,20,5,4,10,18,0,90,1,0.8,20,0
903,9,3,7,8,2,6,10,10,6,120,0,0.22,20,0
1232,19,2,3,10,5,2,10,10,5,60,0,0.59,20,0
1298,12,1,10,18,3,7,10,16,5,90,1,0.08,20,0
1378,20,3,21,6,1,4,6,14,0,90,1,0.49,30,1
1395,17,3,24,6,4,2,10,14,5,60,0,0.81,15,0
1284,9,2,20,20,5,2,10,18,0,120,0,0.08,10,0
1518,12,3,21,16,3,7,10,20,2,90,1,0.52,30,0
1338,20,2,6,4,0,7,7,8,4,60,0,0.4,20,0
1057,19,1,21,17,1,6,8,22,4,90,0,0.5,30,0
1502,6,3,3,10,1,7,9,14,6,60,1,0.75,10,0
1391,7,3,25,27,4,4,10,20,5,120,1,0.66,10,0
925,20,2,9,5,3,1,7,14,1,60,1,0.31,20,1
1166,7,1,26,5,4,5,10,22,6,120,0,0.65,10,0
1373,7,1,23,7,2,7,10,20,2,60,0,0.56,10,0
837,6,2,20,27,4,2,10,14,3,60,0,0.89,15,0
1355,16,2,8,21,5,7,10,10,3,60,0,0.65,10,0
1324,7,1,17,13,3,7,10,22,0,90,0,0.74,20,0
1503,13,3,0,6,2,4,8,20,0,90,1,0.15,15,1
1027,19,2,18,27,4,4,10,22,4,120,1,0.4,10,0
1350,17,2,9,30,4,4,10,8,1,60,0,0.24,30,0
835,11,3,28,20,1,7,9,8,5,90,0,0.46,15,0
1142,8,2,8,22,1,6,8,8,0,60,1,0.06,20,0
1280,7,2,5,26,4,4,10,16,5,90,1,0.5,10,0
1556,18,1,18,13,2,6,10,8,2,90,1,0.51,20,0
1214,17,1,3,13,3,5,10,18,6,90,1,0.98,30,0
1339,15,2,7,23,1,4,6,18,3,90,0,0.61,10,0
1032,16,2,29,2,4,3,10,10,3,120,0,0.25,30,0
914,16,2,23,14,5,4,10,10,6,120,0,0.87,15,0
1260,17,3,0,21,1,7,9,8,3,60,1,0.32,10,0
1267,10,2,25,3,5,2,10,8,2,90,1,0.3,30,0
1125,12,2,7,22,3,3,9,16,1,120,0,0.21,15,0
1475,18,1,28,5,1,0,2,14,6,60,0,0.06,30,0
1408,17,3,17,26,1,0,2,14,5,120,1,0.56,15,1
1310,17,1,29,24,0,2,2,10,1,90,1,0.83,15,0
1557,13,3,15,22,5,5,10,18,0,60,0,0.6,15,0
1433,8,1,2,7,1,7,9,8,5,90,1,0.88,20,0
1530,6,3,17,28,2,0,4,20,3,120,1,0.6,10,1
882,9,3,4,17,1,3,5,22,3,120,1,0.75,15,0
1359,19,1,24,13,4,3,10,8,1,120,0,0.69,15,0
1055,14,1,26,7,3,7,10,20,6,60,1,0.07,10,0
1090,13,3,13,2,4,4,10,14,3,60,1,0.54,10,0
1460,7,1,12,22,4,4,10,20,1,120,0,0.16,15,0
865,17,3,15,23,4,5,10,20,5,120,0,0.64,15,0
842,7,1,21,17,4,1,9,8,3,60,0,0.15,15,0
1469,20,3,29,26,3,4,10,20,3,120,0,0.8,10,0
1439,20,2,8,3,0,3,3,14,6,90,1,0.15,15,1
1297,10,1,8,19,2,1,5,22,3,120,1,0.55,30,0
1566,13,1,4,6,4,2,10,18,5,120,0,0.08,10,0
1183,13,1,19,27,0,0,0,14,5,60,1,0.77,15,1
1045,10,1,0,21,5,2,10,22,2,60,1,0.05,30,0
1008,7,1,29,12,1,6,8,22,4,90,1,0.9,30,0
1279,18,2,26,21,4,6,10,8,5,90,1,0.63,30,0
1518,8,3,30,13,1,0,2,14,1,120,1,0.37,10,1
859,7,3,30,28,2,1,5,8,5,60,0,0.34,15,0
1016,6,2,11,3,0,7,7,16,4,60,1,0.9,20,0
955,20,3,16,0,0,4,4,18,3,60,1,0.27,10,1
1182,19,1,16,9,5,5,10,20,0,90,0,0.91,15,0
850,18,2,15,6,0,7,7,18,4,90,1,0.93,30,0
1029,8,1,27,23,4,4,10,14,0,60,0,0.68,20,0
1365,16,1,27,5,5,1,10,8,1,90,1,0.02,15,0
1044,19,1,10,17,1,3,5,14,6,60,1,0.17,20,1
1485,7,3,25,26,2,7,10,8,4,120,0,0.17,30,0
836,10,1,12,3,2,3,7,14,6,90,0,0.81,20,0
1398,20,1,22,24,5,2,10,22,2,90,1,0.45,20,0
1466,12,3,9,23,1,3,5,10,0,90,0,0.22,10,0
1482,16,3,10,17,0,1,1,14,5,120,1,0.24,10,1
1240,8,3,4,11,4,0,8,20,5,120,1,0.61,20,0
1592,9,2,29,6,1,3,5,8,1,120,0,0.7,30,0
1558,19,2,10,12,4,5,10,22,5,60,0,0.89,10,0
1453,14,1,11,6,4,4,10,22,3,120,0,0.45,20,0
866,9,1,30,24,5,4,10,16,2,60,0,0.68,10,0
1061,12,1,20,5,0,1,1,20,2,60,1,0.59,15,1
1081,6,1,14,26,3,1,7,22,5,120,1,0.63,10,0
1553,6,3,23,25,5,3,10,22,0,90,0,0.31,30,0
1007,8,1,11,11,1,3,5,22,4,90,1,0.2,30,1
1135,8,3,12,3,1,2,4,14,0,120,0,0.03,20,0
1387,9,2,26,22,2,1,5,18,1,90,0,0.64,15,0
948,14,2,30,23,2,0,4,20,4,120,1,0.37,30,1
1520,14,3,8,27,1,3,5,14,0,120,0,0.71,15,0
1244,10,1,3,20,2,2,6,22,4,120,1,0.07,15,1
1526,10,2,15,14,5,2,10,16,5,120,1,0.61,15,0
1432,16,1,0,11,2,1,5,22,6,90,1,0.01,20,1
1163,19,3,6,23,5,3,10,8,2,60,1,0.62,10,0
1170,20,3,17,29,4,2,10,20,3,120,1,0.29,15,0
1044,16,2,29,30,1,1,3,14,5,60,0,0.61,15,0
820,6,3,3,25,5,0,10,10,4,60,0,0.12,20,0
812,13,2,11,18,3,6,10,10,0,90,0,0.25,20,0
1557,17,2,7,30,0,5,5,10,2,90,1,0.97,20,0
821,18,3,4,28,1,2,4,18,5,120,0,0.92,10,0
1038,13,3,2,18,2,0,4,16,1,60,1,0.12,30,1
1028,11,2,9,4,4,4,10,16,6,120,1,0.21,30,0
981,6,1,30,27,1,3,5,18,1,60,0,0.48,20,0
1424,10,1,28,28,1,7,9,20,2,60,0,0.38,20,0
1362,11,3,5,8,2,0,4,10,1,120,0,0.12,10,0
1316,11,3,8,23,4,0,8,22,2,120,0,0.25,15,0
1285,9,2,20,24,2,0,4,18,4,90,1,0.5,10,1
1346,19,3,24,28,0,3,3,22,6,60,1,0.76,30,1
953,20,1,23,9,3,1,7,10,1,90,1,0.44,15,0
1283,6,1,27,24,2,5,9,14,6,120,1,0.19,10,0
1071,7,3,11,14,3,1,7,18,0,120,1,0.92,15,0
947,18,3,20,29,1,6,8,16,2,60,1,0.7,20,1
908,15,1,16,24,1,7,9,14,2,120,1,0.28,30,0
1157,19,3,20,24,4,2,10,14,0,90,1,0.87,15,0
1286,19,3,25,7,3,4,10,22,6,60,1,0.76,15,0
1307,7,1,3,9,3,3,9,8,3,60,0,0.61,20,0
1343,9,1,8,5,4,6,10,10,1,60,0,0.05,30,0
1167,17,2,30,15,2,7,10,14,5,90,0,0.4,30,0
1033,11,1,3,12,0,3,3,14,0,60,1,0.8,10,0
1432,9,3,18,6,2,6,10,14,3,120,0,0.36,20,0
1198,8,1,23,10,2,2,6,20,6,90,0,0.83,30,0
883,14,3,19,26,5,2,10,16,5,90,0,0.09,30,0
866,15,1,13,12,3,3,9,10,6,60,0,0.7,30,0
1464,18,2,11,18,2,1,5,14,2,90,1,0.74,10,0
1586,10,2,7,28,1,7,9,20,6,90,1,0.6,30,0
940,13,2,4,25,2,3,7,18,3,120,0,0.75,15,0
839,6,2,18,16,1,3,5,20,1,120,0,0.47,30,0
1572,9,3,20,11,3,3,9,18,1,60,0,0.5,30,0
1367,20,1,23,12,1,6,8,20,6,120,1,0.44,20,1
1557,16,1,29,1,2,7,10,10,2,90,1,0.52,10,0
837,15,2,14,19,5,4,10,16,6,120,0,0.59,30,0
1594,20,3,3,12,3,2,8,20,5,120,0,0.54,15,0
1383,12,3,28,12,1,6,8,20,5,90,1,0.83,15,0
1438,12,2,7,27,2,2,6,16,1,90,0,0.02,30,0
1169,11,1,8,0,5,4,10,8,5,60,0,0.78,10,0
900,7,2,10,29,1,2,4,8,6,120,1,0.6,30,0
1294,19,3,29,18,5,6,10,8,4,60,1,0.41,10,0
1224,12,2,1,28,1,0,2,10,4,60,0,0.17,15,0
1495,10,2,26,12,3,1,7,20,3,90,0,0.47,20,0
1375,12,2,13,5,3,5,10,16,6,60,1,0.91,15,0
1001,18,3,5,6,5,4,10,8,4,120,0,0.19,30,0
1413,7,2,12,24,2,5,9,16,3,90,0,0.44,20,0
1381,14,2,30,1,5,7,10,8,5,90,1,0.47,10,0
1570,15,1,13,8,3,5,10,22,1,120,1,0.46,20,0
1282,7,3,19,26,0,6,6,16,4,60,1,0.23,10,1
1543,6,1,29,2,3,7,10,16,3,90,0,0.05,15,0
814,6,3,29,7,5,6,10,14,6,60,0,0.51,15,0
1054,11,2,5,4,0,4,4,8,1,90,1,0.65,30,0
990,16,3,3,4,5,0,10,10,2,90,0,0.58,10,0
881,20,1,18,25,3,5,10,14,2,60,1,0.69,10,0
1255,18,2,10,13,5,3,10,16,2,120,1,0.03,15,0
1217,8,3,29,19,3,5,10,20,3,60,0,0.97,15,0
1528,20,1,9,22,1,0,2,16,0,90,0,0.81,20,0
1341,15,3,9,14,0,0,0,16,4,120,0,0.55,15,0
1028,18,2,2,1,2,4,8,18,0,90,0,0.66,15,0
1475,12,2,13,17,4,0,8,16,5,120,1,0.51,10,0
993,15,1,4,20,3,7,10,18,6,60,1,0.19,30,0
1140,7,3,22,16,5,5,10,10,5,90,0,0.99,30,0
1456,6,1,18,23,3,7,10,10,1,120,0,0.87,20,0
892,10,3,30,26,1,2,4,20,6,120,1,0.73,20,1
1450,10,1,25,0,2,2,6,10,6,60,0,0.03,30,0
1173,14,2,5,22,5,3,10,10,2,120,1,0.52,15,0
1105,19,1,28,2,0,4,4,16,5,90,1,0.47,30,1
1024,8,3,10,2,5,4,10,8,2,90,0,0.46,15,0
888,8,2,7,4,0,7,7,18,1,90,1,0.81,30,0
916,13,2,1,7,2,3,7,20,0,60,1,0.91,20,0
926,19,2,4,15,1,4,6,8,3,120,1,0.81,20,0
919,9,1,12,6,5,0,10,22,6,120,0,0.8,20,0
856,20,3,30,20,4,2,10,10,4,120,0,0.04,15,0
948,7,1,6,28,3,0,6,14,5,90,0,0.22,30,0
816,13,1,19,9,1,0,2,16,1,120,1,0.19,20,1
1143,7,1,18,11,0,7,7,20,5,60,1,0.33,30,1
1311,15,3,7,3,3,0,6,20,1,90,1,0.2,20,1
1347,20,2,26,13,2,6,10,20,0,60,0,0.99,30,0
1420,19,2,29,10,1,1,3,8,0,120,1,0.21,30,1
912,11,2,25,12,3,5,10,18,3,60,0,0.27,10,0
933,15,1,20,17,5,1,10,8,2,60,0,0.55,20,0
1441,8,2,14,19,3,5,10,20,6,90,1,0.96,10,0
1313,11,2,8,17,4,5,10,18,4,120,0,0.39,10,0
1113,9,3,25,17,3,4,10,18,5,120,1,0.77,10,0
1205,6,1,25,12,4,0,8,18,5,90,1,0.05,15,1
907,15,3,18,19,0,2,2,8,6,90,1,0.5,10,0
1345,20,3,28,2,2,3,7,8,1,120,0,0.21,30,0
1276,13,1,11,4,4,7,10,18,1,90,0,0.54,10,0
1522,18,1,29,26,5,7,10,18,5,60,0,0.14,15,0
1054,8,3,11,16,4,4,10,22,5,120,0,0.3,10,0
1232,8,2,8,5,1,1,3,10,5,60,0,0.74,20,0
1108,16,2,9,20,4,5,10,8,1,120,1,0.76,10,0
818,16,3,2,12,4,1,9,8,3,60,0,0.89,30,0
1494,15,3,15,7,0,5,5,8,5,90,1,0.01,15,1
1305,8,1,9,1,1,2,4,20,6,90,0,0.28,10,0
905,8,1,14,17,2,6,10,20,5,60,1,0.2,10,0
1080,11,2,26,1,0,2,2,18,0,90,0,0.08,15,0
1341,12,3,27,13,3,7,10,16,2,90,1,0.4,15,0
1191,9,1,24,4,0,4,4,18,5,60,1,0.51,20,1
995,7,3,28,18,5,0,10,20,4,90,0,0.07,20,0
1189,7,3,15,28,0,2,2,16,5,60,0,0.27,30,0
1272,14,1,2,9,5,6,10,14,1,90,0,0.51,15,0
1043,8,2,20,6,4,6,10,22,4,90,1,0.97,30,0
1494,19,2,6,30,1,3,5,16,1,90,0,0.6,10,0
1052,9,1,9,30,0,6,6,8,4,90,1,0.4,20,0
1205,15,1,29,14,2,5,9,8,2,120,1,0.62,15,0
1191,7,2,23,18,0,3,3,14,1,120,0,0.16,20,0
1373,20,1,5,10,3,2,8,8,4,90,1,0.48,10,0
1106,17,2,1,9,1,4,6,8,2,60,1,0.32,15,0
1232,7,2,1,8,3,4,10,10,0,120,0,0.44,20,0
1274,20,2,28,12,5,0,10,14,6,120,0,0.07,15,0
1431,17,2,24,16,1,7,9,14,3,90,1,0.79,15,0
1304,13,3,15,29,1,4,6,22,5,60,1,0.17,20,1
1508,7,1,27,17,5,7,10,20,3,60,0,0.75,15,0
1236,7,1,8,26,5,7,10,16,4,120,1,0.66,10,0
1396,10,3,27,1,3,1,7,10,6,90,1,0.4,10,0
1540,6,2,29,1,4,6,10,16,6,60,0,0.32,30,0
1315,10,3,2,0,3,2,8,14,3,60,1,0.35,30,1
1430,9,3,27,24,5,6,10,14,0,60,0,0.34,10,0
1163,18,1,16,0,5,7,10,18,3,90,1,0.77,10,0
916,12,3,12,4,0,2,2,20,1,60,1,0.13,10,1
1209,11,1,21,17,0,3,3,22,3,120,1,0.95,15,0
1006,11,2,27,7,2,1,5,10,4,60,1,0.36,30,1
1024,17,3,11,26,4,5,10,10,2,60,1,0.85,10,0
1084,19,2,25,2,5,0,10,20,3,120,1,0.76,10,0
1182,14,3,1,18,2,2,6,20,2,60,0,0.34,15,0
966,8,2,26,15,0,2,2,8,0,90,1,0.4,10,1
964,19,3,19,21,5,2,10,18,6,60,1,0.61,30,0
1158,20,2,27,21,4,1,9,22,5,90,0,0.95,20,0
1064,16,3,22,6,3,1,7,20,6,60,1,0.24,15,0
1027,12,2,24,20,2,4,8,18,1,90,1,0.7,15,1
853,9,2,20,4,3,7,10,18,5,90,1,0.8,30,0
1549,19,1,3,24,2,5,9,16,4,120,0,0.89,10,0
1410,12,2,21,1,2,7,10,18,3,90,1,0.03,10,0
1282,20,3,5,21,4,6,10,22,0,90,1,0.23,30,0
1099,20,3,23,0,1,7,9,18,3,120,0,0.94,30,0
1007,6,1,26,18,4,6,10,18,6,120,1,0.4,20,0
956,7,2,9,27,2,6,10,14,4,120,1,0.2,30,0
1375,10,2,26,7,5,0,10,20,3,120,1,0.11,20,0
1182,13,3,11,11,5,7,10,10,4,60,1,0.63,30,0
1391,15,2,20,4,4,1,9,14,3,60,0,0.65,15,0
1442,9,1,25,15,3,3,9,18,0,90,1,0.78,30,0
1011,18,3,14,12,4,7,10,20,5,90,1,0.58,30,0
1102,19,2,3,17,0,7,7,14,1,90,0,0.58,10,0
1448,15,3,19,14,5,5,10,8,0,90,1,0.42,15,0
1089,19,2,1,13,0,2,2,8,0,120,0,0.89,15,0
1243,15,2,19,30,3,7,10,10,6,90,0,0.21,15,0
1188,20,1,15,6,0,6,6,22,4,60,1,0.19,10,0
1572,8,1,1,13,3,7,10,10,3,90,0,0.99,30,0
1398,7,3,9,23,5,7,10,22,0,60,0,0.62,15,0
1491,18,3,23,24,2,5,9,14,0,90,1,0.39,30,0
1502,7,2,1,0,3,6,10,14,1,120,1,0.9,10,0
832,10,2,11,15,5,6,10,18,6,90,0,0.15,15,0
1556,6,1,24,12,2,7,10,20,3,90,0,0.3,15,0
1453,6,1,16,21,0,3,3,14,1,60,1,1.0,30,1
977,7,2,0,8,5,6,10,16,4,90,0,0.96,10,0
1300,15,2,4,3,0,6,6,16,0,60,0,0.04,30,0
1513,11,3,7,28,3,5,10,18,4,120,0,0.75,10,0
1216,16,2,11,17,5,1,10,22,1,90,1,0.7,15,0
1579,8,1,17,12,0,0,0,10,0,60,0,0.71,20,0
825,19,3,29,12,1,4,6,16,4,60,1,0.53,10,0
1511,10,2,0,24,5,2,10,14,5,90,1,0.02,30,0
1380,17,2,29,6,2,4,8,14,6,60,1,0.82,30,0
1239,19,2,2,26,4,6,10,10,0,60,0,0.99,15,0
1397,20,1,19,11,0,1,1,20,6,120,1,0.81,10,0
840,18,1,4,25,0,6,6,14,6,120,0,0.97,30,0
953,12,3,15,21,0,5,5,20,0,120,0,0.62,15,0
1495,6,3,0,8,2,1,5,16,5,90,0,0.6,10,0
1415,9,1,8,4,0,1,1,18,2,120,0,0.77,15,0
1289,9,1,2,24,4,7,10,16,2,90,1,0.92,15,0
1081,7,1,16,12,2,0,4,20,1,120,1,0.12,10,1
1492,15,2,25,28,4,2,10,10,1,90,0,0.69,20,0
1060,18,2,0,22,5,6,10,16,0,90,0,0.69,15,0
853,20,3,15,26,3,4,10,22,4,90,0,0.55,15,0
1156,18,2,22,18,0,4,4,10,1,60,0,0.71,15,0
1086,11,2,23,1,2,1,5,18,1,60,0,0.55,10,0
1262,14,1,16,15,0,3,3,14,1,120,1,0.44,15,1
953,10,1,28,1,5,5,10,16,0,120,0,0.43,20,0
1394,8,2,15,0,3,2,8,22,3,120,0,0.6,20,0
1525,12,3,18,30,5,1,10,22,0,120,1,0.14,10,0
1465,9,2,1,5,5,6,10,20,0,90,1,0.09,30,0
985,19,2,1,4,1,4,6,8,0,60,1,0.16,10,0
1347,9,1,17,6,1,0,2,22,6,120,0,0.3,15,0
1452,7,3,7,17,2,1,5,22,2,60,0,0.68,15,0
1035,6,2,26,7,0,3,3,18,3,60,1,0.82,30,1
1272,7,1,29,30,5,0,10,14,1,60,1,0.67,10,0
1559,15,1,0,23,3,7,10,18,3,90,0,0.72,30,0
1554,6,3,28,14,4,5,10,10,2,60,0,0.19,20,0
1115,7,1,3,27,5,7,10,20,5,90,1,0.54,20,0
1515,7,3,11,8,2,2,6,20,1,60,1,0.26,15,1
1181,17,3,20,16,2,5,9,8,0,120,0,0.63,10,0
1254,7,1,28,16,5,7,10,14,4,90,0,0.08,30,0
1094,16,2,22,0,4,7,10,20,1,90,1,0.5,30,0
1310,11,1,30,16,4,1,9,20,3,90,0,0.37,15,0
1081,13,3,2,25,5,1,10,8,6,120,0,0.79,15,0
916,15,3,18,27,3,4,10,22,2,90,0,0.09,10,0
1512,11,3,21,2,3,4,10,18,0,120,0,0.49,20,0
1084,11,1,19,22,3,4,10,22,4,60,0,0.75,30,0
1511,12,1,27,25,4,0,8,8,3,120,1,0.78,20,0
967,11,1,8,27,3,7,10,8,4,60,0,0.38,20,0
1299,20,1,22,18,0,7,7,14,1,90,0,0.16,20,0
1013,11,3,19,29,5,5,10,8,1,60,0,0.07,30,0
1560,15,2,29,8,1,2,4,10,1,90,1,0.57,20,0
1164,7,2,19,15,4,3,10,20,3,90,1,0.8,10,0
1115,9,3,15,27,0,4,4,10,3,60,1,0.72,30,0
1123,12,2,29,11,2,3,7,22,4,60,1,0.02,15,0
1072,13,2,29,19,3,4,10,20,2,120,1,0.93,20,0
800,12,2,16,30,4,4,10,10,2,60,0,0.52,30,0
1395,9,1,27,20,4,0,8,8,0,120,1,0.17,15,0
1381,14,3,6,23,0,2,2,8,5,60,1,0.97,20,0
1258,20,1,21,6,4,6,10,20,0,90,0,0.08,30,0
871,15,1,28,27,1,6,8,20,2,60,1,0.59,10,0
1600,11,3,29,2,4,4,10,8,2,120,1,0.91,15,0
1162,6,1,25,3,4,4,10,18,3,90,0,0.39,15,0
968,14,2,11,13,1,3,5,16,3,120,0,0.95,15,0
1028,11,1,27,28,5,1,10,16,5,120,0,1.0,10,0
920,19,3,5,30,4,1,9,10,0,120,1,0.07,15,0
1264,7,3,0,11,5,1,10,14,3,120,1,0.67,20,0
1186,8,1,28,6,0,4,4,16,4,120,1,0.4,20,1
1543,10,1,8,25,5,6,10,22,6,90,1,0.51,20,0
1064,12,1,30,27,3,3,9,10,1,60,0,0.22,10,0
1078,13,1,12,21,3,2,8,10,2,120,0,0.37,10,0
923,20,1,20,16,5,1,10,18,2,60,0,0.11,15,0
1401,11,1,1,15,5,1,10,18,3,120,1,0.1,30,0
1156,12,2,20,7,3,0,6,16,0,120,1,0.77,15,1
1455,16,2,6,24,3,5,10,8,2,60,1,0.96,20,0
1159,17,2,13,23,1,2,4,10,5,120,1,0.46,30,0
1196,6,1,19,15,2,0,4,18,0,120,0,0.38,15,0
1182,14,1,11,3,2,1,5,18,6,90,1,0.06,20,1
1321,15,2,10,13,0,4,4,16,4,90,1,0.67,20,1
1186,17,3,28,18,3,7,10,14,2,90,0,0.16,20,0
817,6,1,24,22,2,2,6,10,4,60,1,0.03,10,1
1165,6,2,13,5,4,4,10,10,0,60,0,0.75,30,0
939,18,1,1,18,2,3,7,14,1,60,0,0.52,15,0
1104,19,1,21,19,4,5,10,16,3,120,1,0.21,10,0
1485,17,1,30,14,1,3,5,8,5,120,1,0.23,30,1
901,16,1,12,23,0,7,7,16,2,120,1,0.51,20,1
1013,17,3,11,29,1,5,7,18,2,60,1,0.32,20,1
922,11,2,3,9,1,6,8,8,2,60,1,0.13,20,0
1040,6,3,16,9,4,6,10,20,0,90,1,0.65,20,0
1107,17,1,11,23,5,0,10,18,6,120,1,0.58,15,0
1599,13,2,22,15,4,0,8,8,2,90,0,0.53,10,0
1238,9,3,10,16,2,5,9,14,2,60,1,0.9,15,0
1417,12,2,7,15,0,4,4,16,3,120,0,0.61,20,0
1205,14,1,29,10,0,5,5,8,6,120,0,0.28,10,0
986,13,2,11,8,5,7,10,20,0,60,1,0.18,20,0
821,9,3,6,13,4,3,10,16,4,60,1,0.04,10,0
926,6,2,11,9,4,0,8,20,5,120,1,0.39,30,1
1168,9,2,20,18,1,0,2,18,3,90,1,0.91,15,1
1117,15,1,13,12,0,5,5,20,2,90,1,0.96,10,0
1067,11,2,20,9,1,6,8,10,6,60,0,0.08,15,0
875,17,1,21,2,5,0,10,18,0,60,0,0.22,30,0
1282,9,3,30,30,4,0,8,8,3,120,1,0.78,10,0
1385,17,2,17,24,3,0,6,20,3,90,1,0.51,20,1
1004,19,1,30,2,3,5,10,8,4,120,0,0.23,10,0
1479,8,2,4,25,2,0,4,8,6,90,0,0.36,15,0
1410,9,2,12,30,4,4,10,16,5,60,1,0.25,20,0
1019,19,2,5,11,5,0,10,8,6,90,0,0.67,20,0
1333,10,3,13,4,0,0,0,10,1,60,0,0.16,10,0
1537,15,1,12,21,4,6,10,8,6,60,1,0.23,20,0
1131,17,2,11,11,0,5,5,8,5,120,0,0.83,30,0
1492,20,2,29,27,0,4,4,10,3,90,0,0.3,15,0
1221,13,2,24,22,0,4,4,20,6,120,0,0.09,10,0
854,16,1,20,27,3,4,10,18,0,60,1,0.66,30,0
1064,19,3,18,11,3,4,10,10,2,60,1,0.34,15,0
892,13,2,24,18,0,0,0,14,6,60,1,0.17,20,1
1219,11,2,7,28,1,7,9,10,2,60,1,0.55,10,0
1432,6,1,24,26,0,0,0,10,2,60,0,0.91,10,0
935,13,2,12,25,0,6,6,16,1,90,1,0.98,30,1
1357,13,2,9,3,0,2,2,20,4,90,1,0.17,30,1
1552,8,2,8,24,5,2,10,8,5,120,1,0.05,20,0
1284,14,3,18,27,5,1,10,10,3,90,0,0.44,30,0
1337,10,3,21,27,4,1,9,20,1,90,0,0.69,15,0
1262,20,3,9,2,2,5,9,20,6,90,0,0.59,15,0
1583,9,1,28,1,4,7,10,8,1,120,0,0.7,15,0
1406,14,2,23,4,3,0,6,14,4,90,0,0.28,20,0
1199,20,1,25,21,2,6,10,14,3,90,1,0.85,10,0
1055,7,1,0,2,2,2,6,22,1,120,0,0.98,10,0
1159,20,3,11,30,4,1,9,10,1,90,1,0.38,15,0
1037,8,1,30,11,0,1,1,10,5,120,1,0.71,15,1
1130,17,2,18,21,2,5,9,16,0,60,0,0.47,10,0
857,19,1,24,20,1,2,4,14,3,60,1,0.19,10,0
1099,7,2,5,30,1,7,9,14,3,90,1,0.68,20,0
1465,7,2,24,30,1,3,5,8,0,90,1,0.7,20,0
1319,13,2,11,14,4,1,9,22,2,120,0,0.42,20,0
1143,16,3,29,2,3,2,8,22,4,90,1,0.15,15,0
1244,6,1,15,27,0,4,4,16,6,60,0,0.82,15,0
1421,18,3,25,9,2,3,7,8,4,90,1,0.08,20,0
1097,20,1,17,21,0,5,5,14,6,60,0,0.52,15,0
1330,17,1,21,21,4,4,10,22,1,60,1,0.76,30,0
1509,7,3,19,18,0,7,7,18,4,120,1,0.33,10,1
1031,7,1,17,28,3,0,6,22,5,120,1,0.52,10,0
1141,13,2,22,18,5,1,10,16,6,90,0,0.42,20,0
1243,13,1,21,18,4,6,10,16,3,120,1,0.12,30,0
1363,8,1,6,30,4,5,10,10,5,120,1,0.47,20,0
861,7,2,30,29,2,1,5,20,2,60,1,0.51,20,1
891,7,3,17,20,0,1,1,16,5,90,1,0.2,10,1
1372,18,2,3,22,2,6,10,22,3,90,1,0.46,10,0
1512,12,3,10,9,0,2,2,10,0,60,1,0.96,30,0
1373,9,3,20,24,5,6,10,18,4,90,1,0.1,15,1
1450,16,3,26,11,3,0,6,8,0,90,1,0.35,15,0
972,17,2,28,20,0,2,2,10,4,90,0,0.04,10,0
1102,17,2,12,30,0,4,4,8,4,90,0,0.74,30,0
947,20,3,30,5,1,5,7,22,4,120,1,0.2,30,0
972,7,1,23,18,4,5,10,10,1,120,1,0.13,15,0
841,12,2,14,11,2,0,4,14,4,90,0,0.96,15,0
1267,11,3,7,15,2,5,9,22,6,120,0,0.95,15,0
804,17,2,17,26,1,4,6,18,0,90,0,0.28,30,0
1299,8,3,9,4,3,1,7,18,0,90,0,0.45,10,0
836,10,2,4,0,1,2,4,10,4,90,1,0.0,30,1
1287,6,1,10,21,1,4,6,20,1,90,1,0.25,10,1
929,15,3,6,25,1,1,3,8,1,90,1,0.65,20,1
836,6,3,5,23,2,4,8,10,3,60,0,0.11,10,0
1358,6,1,24,8,1,0,2,16,0,90,0,0.88,20,0
1564,10,2,0,25,4,2,10,16,5,90,1,0.52,10,0
1409,13,2,16,17,5,4,10,16,5,90,1,0.55,15,0
974,9,1,25,17,3,4,10,10,6,90,0,0.3,20,0
1272,7,3,26,23,5,7,10,14,1,90,1,0.81,20,0
854,12,2,25,2,1,4,6,14,0,60,0,0.43,10,0
902,8,3,8,22,0,1,1,8,5,90,0,0.46,15,0
1557,7,1,18,30,3,2,8,16,5,60,0,0.38,20,0
1280,8,3,0,5,0,6,6,10,0,90,0,0.81,15,0
1087,10,1,5,18,2,4,8,8,5,90,1,0.86,30,0
1092,8,3,25,12,5,1,10,20,3,60,1,0.79,30,0
1600,8,2,21,6,0,7,7,8,3,60,1,0.27,15,0
817,9,2,9,29,2,5,9,16,0,120,0,0.67,30,0
1004,10,3,4,27,5,1,10,14,1,60,0,0.28,30,0
1471,14,1,27,7,3,6,10,22,2,120,0,0.83,10,0
1306,6,1,16,25,1,4,6,10,3,60,0,0.73,15,0
1104,13,1,13,21,2,2,6,10,6,60,1,0.7,10,0
1231,17,2,1,25,0,4,4,22,4,120,1,0.82,20,0
920,10,1,20,8,5,5,10,16,2,90,1,0.22,30,0
881,19,3,1,26,0,2,2,20,0,90,0,0.24,30,0
1165,16,3,19,22,3,4,10,18,3,90,1,0.46,30,0
1087,12,3,13,15,3,6,10,16,6,90,0,0.22,10,0
1202,20,3,24,25,5,4,10,8,1,60,1,0.78,15,0
913,12,3,8,23,2,3,7,20,1,120,1,0.72,20,1
1507,16,1,3,9,3,1,7,8,0,90,0,0.32,10,0
854,11,3,3,24,4,3,10,16,2,60,1,0.4,10,0
1130,15,3,2,17,1,7,9,16,2,60,1,0.58,10,0
837,11,2,17,6,2,1,5,8,4,60,1,0.36,20,1
860,16,1,10,8,2,1,5,10,3,90,0,0.13,20,0
979,17,1,22,26,0,5,5,18,2,60,0,0.99,10,0
948,18,3,26,3,2,5,9,18,2,120,1,0.57,15,0
1074,7,3,22,14,0,6,6,16,2,90,0,0.38,10,0
920,14,1,3,20,3,0,6,10,1,120,0,0.67,15,0
1510,11,1,17,6,3,1,7,14,2,120,0,0.47,15,0
872,16,2,10,2,2,1,5,22,0,60,1,0.9,30,0
1366,13,1,12,3,0,7,7,10,3,60,0,0.12,15,0
1358,19,2,11,1,1,5,7,14,5,120,1,0.93,15,0
890,9,3,3,4,0,3,3,22,6,60,0,0.31,20,0
1525,16,2,12,22,3,2,8,22,4,60,0,0.92,30,0
982,7,2,7,18,2,4,8,8,6,90,0,0.08,20,0
1229,17,1,22,4,0,5,5,20,4,90,1,0.26,30,1
1181,9,3,6,13,0,0,0,16,2,120,0,0.92,15,0
1178,9,1,30,22,1,6,8,18,2,60,1,0.35,10,1
1489,6,2,21,11,3,5,10,18,1,90,1,0.26,15,0
1318,12,3,23,29,3,1,7,10,1,120,1,0.77,30,0
1424,6,2,0,15,1,0,2,20,5,120,0,0.48,15,0
1379,10,3,21,16,2,6,10,22,1,90,1,0.4,15,0
900,20,1,24,19,5,6,10,20,1,120,1,0.25,30,0
1142,10,2,0,3,5,1,10,10,0,90,0,0.85,20,0
1422,19,3,6,28,4,3,10,18,2,60,1,0.99,15,0
1345,20,3,3,24,2,6,10,14,5,120,1,0.01,10,0
979,14,3,14,9,2,7,10,16,0,90,1,0.54,15,0
1045,11,2,16,29,1,2,4,14,6,120,1,0.93,15,0
1132,18,1,12,17,4,4,10,10,6,120,0,0.59,15,0
1482,19,3,12,0,3,2,8,22,3,60,0,0.23,10,0
1413,8,3,9,15,5,7,10,14,2,90,1,0.42,10,0
996,16,1,20,20,4,6,10,18,6,90,1,0.58,30,0
1411,19,3,28,9,4,1,9,22,5,60,1,0.29,20,0
1332,19,1,14,15,0,5,5,18,0,120,0,0.62,20,0
913,19,3,7,12,2,4,8,20,3,90,0,0.58,10,0
1355,14,2,27,9,0,1,1,22,2,90,0,0.56,15,0
890,16,3,25,12,0,7,7,20,1,90,0,0.68,20,0
1504,10,3,5,30,3,1,7,20,6,120,0,0.26,20,0
1426,20,1,5,29,4,5,10,8,1,60,1,0.9,20,0
1254,20,2,30,13,5,3,10,16,2,60,0,0.78,30,0
824,10,2,1,22,1,3,5,22,3,60,0,0.36,30,0
1321,8,1,23,30,1,0,2,10,6,90,0,0.78,30,0
1434,16,2,2,19,5,6,10,20,1,120,1,0.37,20,0
832,11,2,16,18,3,2,8,10,6,90,0,0.79,20,0
1594,20,2,5,27,1,2,4,18,3,90,0,0.18,20,0
1163,14,2,29,10,2,2,6,10,6,60,1,0.29,30,1
982,19,3,3,5,4,6,10,16,1,60,1,0.68,15,0
1266,6,3,13,23,1,2,4,10,0,60,0,0.44,20,0
1164,20,2,25,13,1,2,4,18,2,120,0,0.39,30,0
929,7,2,22,13,5,7,10,14,6,120,1,0.21,20,0
1303,6,1,20,0,1,6,8,16,1,120,1,0.67,10,1
930,12,3,16,14,0,7,7,14,4,90,0,0.33,10,0
1344,16,3,13,10,4,5,10,10,1,120,1,0.39,10,0
1256,8,2,8,28,3,0,6,8,1,90,0,0.0,20,0
1374,18,3,5,25,4,7,10,8,6,60,1,0.09,10,0
1403,15,2,21,23,5,7,10,14,2,60,0,0.6,10,0
1237,10,3,8,1,5,7,10,20,0,120,0,0.68,15,0
1094,12,1,3,10,2,5,9,10,6,90,0,0.79,30,0
1373,18,3,23,5,0,1,1,14,4,60,0,0.23,10,0
1326,16,1,19,11,1,1,3,8,6,90,1,0.64,10,0
1160,18,1,4,28,1,4,6,14,6,60,1,0.03,30,1
876,20,3,27,6,3,6,10,16,6,90,0,0.66,10,0
1193,18,1,13,1,2,0,4,20,3,90,0,0.35,10,0
1353,9,1,17,23,2,0,4,22,5,120,0,0.66,20,0
841,13,3,0,8,1,3,5,14,1,60,1,0.19,15,1
1097,12,1,11,28,5,5,10,10,1,90,0,0.07,20,0
880,10,3,26,29,0,2,2,16,5,120,0,0.87,30,0
1178,14,3,7,10,5,2,10,16,1,120,0,0.85,30,0
1312,14,2,13,0,5,6,10,18,2,90,1,0.51,20,0
1249,6,3,27,6,0,5,5,16,4,120,1,0.33,10,1
984,16,1,19,23,2,4,8,22,6,120,1,0.62,10,0
1274,16,3,17,9,2,7,10,22,6,120,1,0.25,10,0
1552,18,1,25,24,1,0,2,16,6,90,0,0.88,20,0
1471,12,2,29,21,0,2,2,18,3,60,0,1.0,15,0
1255,12,3,2,1,4,1,9,22,4,120,0,0.7,15,0
1284,14,1,3,3,0,4,4,16,0,120,1,0.28,20,1
1061,11,1,24,26,5,2,10,14,3,90,0,0.09,10,0
1376,16,2,2,30,0,0,0,18,2,90,0,0.4,15,0
872,12,2,11,2,2,6,10,10,5,60,0,0.01,30,0
1457,12,2,23,25,0,4,4,10,3,90,0,0.16,20,0
1133,12,3,30,23,5,3,10,8,6,90,0,0.36,10,0
1539,6,3,29,15,1,2,4,16,3,120,0,0.59,10,0
1042,13,2,14,7,0,1,1,8,6,60,1,0.69,15,1
1265,16,2,27,29,4,3,10,10,2,120,1,0.11,20,0
1483,7,3,9,18,2,0,4,20,0,90,1,0.92,30,1
1284,8,1,18,14,4,1,9,8,4,120,0,0.1,10,0
1249,12,3,1,10,5,5,10,14,4,120,1,0.99,10,0
1057,8,2,7,22,3,7,10,16,4,120,1,0.48,15,0
934,19,2,28,8,4,6,10,16,0,90,0,0.18,30,0
1019,18,2,26,4,1,0,2,14,3,60,0,0.12,30,0
984,15,2,21,28,3,2,8,16,1,90,0,0.52,10,0
1469,18,2,5,12,4,5,10,20,5,90,1,0.39,10,0
1445,16,3,22,30,5,6,10,18,4,120,1,0.94,15,0
949,7,3,2,21,5,3,10,10,5,60,1,0.3,10,0
1289,15,2,6,9,5,5,10,16,2,90,0,0.28,30,0
972,10,1,27,24,2,4,8,8,3,60,0,0.42,30,0
1586,18,2,26,3,3,0,6,8,0,60,0,0.44,10,0
1063,19,2,8,25,1,1,3,10,5,60,1,0.8,30,1
821,11,3,24,16,0,5,5,16,4,60,0,0.72,10,0
1442,13,1,16,28,4,0,8,16,6,60,1,0.15,10,0
1288,11,1,0,30,4,7,10,22,3,60,0,0.38,30,0
1593,20,2,29,14,1,4,6,18,2,120,1,0.97,10,0
1554,11,3,1,1,4,5,10,22,4,90,1,0.58,20,0
1506,12,2,2,13,3,2,8,8,1,90,0,0.72,20,0
945,12,1,15,3,4,6,10,16,0,120,1,0.51,30,0
943,20,1,2,24,3,4,10,18,5,90,1,0.46,15,0
1024,8,3,10,17,0,6,6,10,2,120,0,0.23,10,0
1110,16,1,28,12,1,5,7,20,3,120,0,0.67,15,0
1565,16,3,19,27,5,3,10,8,2,120,0,0.94,30,0
1509,12,1,29,9,0,4,4,16,3,60,0,0.84,10,0
1245,16,3,2,18,2,1,5,22,3,60,0,0.72,30,0
1132,9,2,12,24,0,4,4,14,0,120,0,0.55,30,0
1372,11,1,30,7,3,4,10,22,5,60,1,0.65,15,0
1147,7,2,5,24,5,6,10,8,4,120,0,0.13,10,0
1135,19,3,5,2,1,1,3,22,5,120,0,0.79,15,0
1359,13,1,0,1,5,6,10,8,6,60,0,0.82,30,0
1416,18,3,11,30,3,3,9,16,5,90,1,0.44,20,0
1458,7,1,17,18,2,5,9,10,0,90,0,0.97,20,0
1423,10,3,0,6,3,6,10,14,4,90,0,0.19,15,0
823,20,3,16,27,2,5,9,14,1,120,0,0.82,20,0
1097,19,3,22,8,1,2,4,18,2,60,1,0.09,15,1
1570,12,3,6,4,2,5,9,18,6,90,0,0.24,15,0
1468,9,1,11,13,0,3,3,8,0,60,0,0.49,15,0
1513,19,2,15,22,5,0,10,18,1,120,0,0.95,20,0
1543,16,1,23,29,1,1,3,22,0,60,0,0.52,10,0
1386,14,1,21,23,0,7,7,18,4,60,0,0.21,10,0
992,14,3,19,2,5,6,10,22,0,60,0,0.86,15,0
1375,15,2,21,29,5,1,10,18,0,90,0,0.2,20,0
1459,18,3,13,5,4,3,10,14,4,120,0,0.36,30,0
1297,16,3,13,16,0,7,7,16,4,90,0,0.18,20,0
1228,10,2,5,29,1,5,7,18,4,120,1,0.27,20,1
828,17,3,30,24,4,2,10,20,6,90,0,0.88,10,0
1296,20,2,8,4,1,4,6,18,4,120,0,0.09,30,0
1196,14,3,17,24,1,6,8,10,5,120,0,0.34,30,0
1165,18,3,12,13,5,1,10,14,0,60,1,0.54,20,0
1148,10,2,7,13,3,3,9,20,6,60,1,0.19,20,0
1152,16,2,1,16,5,1,10,8,3,90,1,0.41,10,0
1520,10,2,21,13,3,5,10,18,5,90,0,0.52,20,0
1281,7,1,15,1,3,1,7,8,2,60,0,0.17,15,0
1455,11,3,13,0,3,5,10,18,2,90,0,0.18,20,0
823,15,3,9,9,1,6,8,8,6,120,1,0.53,20,0
1346,16,3,22,21,3,1,7,18,0,90,1,0.32,20,1
1251,12,3,30,4,3,3,9,22,3,120,0,0.64,30,0
1039,16,1,7,13,2,0,4,16,3,90,1,0.44,20,1
1020,9,2,29,0,4,7,10,8,2,90,1,0.79,10,0
1511,16,1,6,6,2,3,7,20,0,90,0,0.98,30,0
1516,10,3,30,13,5,3,10,8,4,120,1,0.23,20,0
820,18,1,12,28,0,0,0,8,2,120,1,0.97,15,0
1190,9,1,6,29,0,0,0,16,5,120,1,0.47,20,1
1228,8,1,11,26,2,2,6,8,5,120,0,0.09,30,0
1201,19,3,5,15,1,6,8,10,5,90,0,0.08,10,0
1089,15,2,25,22,3,4,10,8,4,60,0,0.46,20,0
1566,20,1,24,6,0,4,4,18,1,120,0,0.47,15,0
1076,9,3,8,13,1,5,7,16,5,60,1,0.64,15,1
1124,10,2,30,7,3,4,10,14,3,60,1,0.83,30,0
989,13,2,30,21,5,7,10,18,1,60,0,0.44,15,0
1053,9,2,14,16,0,2,2,20,0,90,1,0.27,15,1
1024,13,1,18,21,4,7,10,16,5,120,0,0.27,10,0
1056,19,3,10,29,4,6,10,8,1,90,1,0.19,15,0
1176,15,1,12,7,1,7,9,16,2,90,1,0.72,20,0
838,19,1,9,4,0,0,0,22,5,120,1,0.59,20,1
1270,12,3,0,2,5,6,10,20,3,120,1,0.69,15,0
1395,15,3,5,15,4,3,10,16,5,120,0,0.87,30,0
1395,14,3,1,22,4,7,10,20,5,120,0,0.81,30,0
1474,20,3,18,16,1,3,5,18,0,60,0,0.91,15,0
1213,20,1,8,0,4,3,10,8,4,90,0,0.72,30,0
1067,18,2,15,9,2,5,9,16,5,60,0,0.14,20,0
823,11,2,20,12,3,4,10,18,6,120,0,0.75,20,0
1391,11,2,15,9,1,0,2,8,1,120,0,0.22,15,0
1477,13,1,30,9,1,4,6,10,5,120,0,0.79,15,0
1537,13,1,21,8,4,2,10,18,4,90,0,0.78,30,0
1421,18,2,10,15,1,5,7,10,5,90,1,0.84,10,0
980,20,1,0,15,1,1,3,22,6,90,0,0.33,10,0
981,20,1,4,8,3,0,6,10,1,120,0,0.24,15,0
1275,14,1,1,12,4,4,10,8,4,120,1,0.28,15,0
1386,19,1,17,30,2,5,9,14,0,90,0,0.18,10,0
838,17,3,23,16,1,2,4,22,2,90,0,0.22,30,0
903,6,3,11,10,5,7,10,8,2,60,0,0.41,10,0
1571,20,2,8,3,2,1,5,8,4,60,0,0.17,10,0
1029,16,3,27,5,5,5,10,8,0,60,0,0.24,15,0
1557,8,3,24,25,0,3,3,18,4,120,0,0.93,20,0
1319,20,1,9,5,3,3,9,14,0,60,0,0.1,20,0
1600,20,3,2,12,0,0,0,20,6,60,1,0.22,15,1
894,6,2,19,15,4,4,10,20,6,60,0,0.8,15,0
1451,11,1,22,20,4,4,10,20,5,60,1,0.94,10,0
1297,12,1,0,21,0,1,1,8,2,90,0,0.73,30,0
1507,13,1,2,21,2,1,5,8,2,120,0,0.82,30,0
1068,16,2,12,30,1,0,2,20,0,120,0,0.63,30,0
995,12,2,4,20,5,3,10,18,3,60,1,0.99,15,0
852,17,3,10,12,2,6,10,20,5,90,0,0.88,30,0
1255,19,1,28,4,3,4,10,22,2,120,0,0.1,10,0
1156,15,2,4,10,1,3,5,20,5,60,1,0.77,30,1
844,13,3,6,0,3,6,10,22,4,120,1,0.96,30,0
918,15,1,30,29,0,2,2,22,5,60,1,0.29,20,1
814,8,2,24,2,3,6,10,22,4,120,1,0.32,10,0
902,11,2,23,20,1,2,4,14,6,120,1,0.52,10,0
1217,6,2,10,26,5,2,10,20,3,120,0,0.28,30,0
836,11,3,23,13,2,7,10,20,0,90,0,0.58,15,0
1209,15,3,3,10,1,3,5,14,2,60,0,0.54,15,0
821,15,3,4,13,4,7,10,18,4,120,0,0.21,10,0
1529,8,1,16,10,5,2,10,8,5,90,1,0.26,10,0
993,10,2,1,10,4,5,10,16,2,120,1,0.08,30,0
1564,10,3,7,24,4,5,10,8,2,90,1,0.87,15,0
1573,16,1,18,11,2,5,9,14,2,120,0,0.18,15,0
874,19,1,25,14,5,4,10,18,2,90,0,0.18,15,0
944,15,3,18,10,5,7,10,22,2,60,1,0.95,30,0
1559,9,1,27,8,4,5,10,22,5,90,0,0.57,20,0
1252,14,3,21,12,5,4,10,8,3,60,0,0.51,10,0
813,17,2,23,26,4,2,10,14,0,60,0,0.12,20,0
1190,8,1,3,30,0,6,6,16,2,90,1,0.22,30,1
1027,6,1,29,21,2,3,7,10,2,120,0,0.08,30,0
1102,6,2,21,28,5,5,10,22,6,90,1,0.57,10,0
1070,20,2,23,29,3,3,9,14,4,60,0,0.72,30,0
952,11,2,27,14,2,1,5,20,3,60,1,0.92,20,1
1226,16,2,24,10,3,6,10,14,0,90,0,0.24,20,0
1148,14,2,3,14,0,1,1,8,3,120,1,0.46,30,1
1413,9,3,28,5,2,6,10,10,1,90,1,0.2,15,0
1315,20,2,2,11,3,2,8,20,4,60,1,0.6,20,1
1254,13,3,9,2,3,3,9,10,5,60,1,0.74,10,0
918,6,2,30,17,3,7,10,16,6,120,0,0.37,20,0
1564,11,1,6,10,4,1,9,16,5,120,1,0.92,10,0
1442,16,2,3,16,2,6,10,14,4,90,1,0.01,20,0
1262,20,2,9,13,0,3,3,22,3,60,0,0.88,15,0
1350,18,2,12,5,1,7,9,8,4,120,0,0.09,15,0
1219,12,3,30,10,3,6,10,16,1,120,0,0.38,10,0
1300,20,1,15,21,3,2,8,22,5,60,1,0.37,30,0
1222,7,2,14,22,3,6,10,14,5,120,1,0.63,30,0
1061,6,1,5,12,0,2,2,22,1,90,1,0.81,20,0
1544,13,1,8,22,2,1,5,16,3,90,0,0.42,20,0
1337,16,1,0,18,4,5,10,20,3,120,0,0.96,15,0
1008,14,3,24,0,3,0,6,10,5,60,0,0.35,30,0
1294,6,2,6,26,1,0,2,18,6,90,0,0.6,15,0
1356,16,2,1,12,4,6,10,20,1,90,1,0.42,10,0
865,6,1,0,30,4,7,10,22,2,120,1,0.21,10,0
1064,6,2,24,8,0,6,6,8,3,90,0,0.2,10,0
1206,9,2,9,16,2,3,7,18,3,60,0,0.29,10,0
1327,14,1,10,27,5,7,10,14,6,120,1,0.36,20,0
1600,17,1,5,9,4,3,10,18,3,60,0,0.54,15,0
1269,15,3,7,10,5,4,10,22,6,90,1,0.34,10,0
1150,19,3,14,29,1,0,2,8,4,120,1,0.13,10,1
1584,10,3,11,25,5,7,10,20,4,60,1,0.37,30,0
1234,9,2,6,1,2,1,5,10,4,60,1,0.2,30,1
1432,15,2,7,28,0,7,7,10,1,60,1,0.4,15,0
1203,15,3,10,14,0,0,0,22,0,90,0,0.84,15,0
1076,9,1,27,13,1,2,4,10,5,90,1,0.18,15,1
1068,19,1,7,11,3,1,7,22,6,60,0,0.89,20,0
1299,10,3,4,26,0,3,3,20,4,90,0,0.38,15,0
1343,15,2,24,4,5,7,10,8,1,90,1,0.4,20,0
1581,9,1,21,26,0,7,7,16,5,120,0,0.48,10,0
1584,16,3,12,1,4,6,10,16,2,90,0,0.64,20,0
1400,18,1,8,11,5,7,10,8,3,120,0,0.94,20,0
1465,16,2,6,7,3,0,6,16,5,60,0,0.75,10,0
1048,16,1,6,2,1,3,5,8,1,90,1,0.16,20,1
1251,9,1,17,2,3,0,6,10,2,60,0,0.72,20,0
931,6,2,4,16,5,5,10,20,4,120,0,0.27,20,0
1367,11,1,20,2,5,6,10,18,5,120,0,0.58,10,0
866,20,2,25,7,5,6,10,16,4,90,1,0.23,20,0
1195,12,2,13,29,5,6,10,18,1,120,0,0.05,10,0
1557,13,1,15,0,1,7,9,22,3,90,1,0.85,20,0
1037,14,3,10,0,4,2,10,14,5,90,0,0.28,20,0
1599,11,2,5,17,1,5,7,20,4,120,1,0.63,15,1
899,6,3,8,7,4,0,8,14,6,90,1,0.84,20,0
1562,14,3,16,7,0,1,1,18,6,90,0,0.91,10,0
1590,17,2,11,25,5,3,10,18,1,120,1,0.77,30,0
1580,18,2,25,0,0,4,4,10,3,60,0,0.6,30,0
1568,11,2,23,26,4,4,10,20,1,120,0,0.78,10,0
1548,11,1,29,28,3,3,9,14,3,120,0,0.94,30,0
1307,14,1,8,24,3,0,6,14,5,120,1,0.25,15,1
1399,8,2,16,5,2,1,5,14,4,60,1,0.26,15,1
899,16,3,18,6,0,0,0,14,4,90,1,0.77,30,1
1415,17,2,25,12,0,4,4,22,0,90,1,0.73,10,0
1066,7,3,15,28,4,7,10,22,2,120,0,0.03,30,0
1221,9,1,13,28,1,4,6,16,1,60,0,0.94,20,0
1571,17,3,20,30,3,6,10,14,6,60,1,0.48,30,0
1229,12,2,28,6,3,0,6,10,1,60,0,0.64,15,0
1083,11,3,13,2,2,4,8,16,4,120,1,0.9,10,0
1357,16,2,2,19,4,6,10,18,1,120,0,0.48,30,0
944,18,3,18,20,0,2,2,10,3,60,0,0.37,30,0
811,8,1,7,22,4,0,8,14,3,120,0,0.15,30,0
987,8,2,6,22,3,5,10,18,5,120,0,0.1,15,0
1152,15,2,29,23,4,7,10,8,4,90,0,0.12,30,0
1252,13,1,12,6,0,5,5,18,1,120,0,0.59,30,0
945,16,3,28,14,4,6,10,22,0,60,0,0.57,15,0
1502,17,2,24,24,5,4,10,8,6,60,1,0.64,10,0
1484,14,1,10,21,4,7,10,14,5,120,0,0.37,20,0
862,19,3,25,10,4,4,10,10,6,60,1,0.61,20,0
1443,10,3,5,16,3,6,10,16,5,90,1,0.45,15,0
1568,14,2,13,17,4,1,9,14,2,120,0,0.75,15,0
1488,10,1,27,25,1,3,5,16,1,60,0,0.96,20,0
853,14,1,19,20,2,4,8,14,4,120,0,0.77,15,0
824,14,2,4,25,3,3,9,14,4,120,0,0.57,15,0
895,11,2,21,16,3,4,10,20,2,120,0,0.56,30,0
881,18,1,0,25,2,2,6,20,4,90,0,0.04,10,0
1185,8,2,13,24,2,2,6,8,5,120,0,0.87,20,0
1215,8,2,9,7,3,6,10,22,1,120,0,0.72,10,0
1234,12,2,8,11,3,6,10,22,3,60,0,0.44,10,0
1250,6,1,26,1,4,5,10,20,2,90,1,0.23,15,0
1150,18,3,14,17,2,3,7,16,0,60,1,0.65,10,0
1492,17,3,11,27,5,6,10,18,0,120,0,0.72,30,0
1359,7,3,17,15,2,1,5,14,4,120,0,0.53,30,0
942,9,3,6,14,4,4,10,8,4,120,1,0.07,20,0
1288,7,2,27,12,1,1,3,8,0,60,1,0.9,10,0
1384,18,2,1,13,5,5,10,16,4,90,0,0.81,15,0
1254,20,1,28,17,3,1,7,14,3,60,0,0.05,30,0
1448,10,1,6,15,4,3,10,16,5,90,0,0.9,10,0
1541,19,2,15,0,0,2,2,16,5,60,1,0.88,15,0
1439,8,2,12,18,1,3,5,16,1,60,0,0.99,15,0
1096,8,1,8,22,4,7,10,16,1,60,0,0.7,30,0
934,14,1,2,17,0,3,3,8,4,90,1,0.19,10,0
996,17,2,29,16,1,6,8,10,3,120,1,0.45,15,0
1104,11,3,19,28,0,7,7,18,0,120,0,0.21,10,0
1303,8,1,24,4,4,2,10,20,6,60,0,0.7,30,0
1127,10,1,24,6,4,7,10,8,2,90,1,0.81,10,0
1143,17,2,15,10,2,3,7,10,2,60,0,0.42,10,0
1288,6,1,23,20,2,1,5,14,5,60,0,0.69,10,0
1283,19,3,14,16,4,6,10,16,6,90,0,0.69,10,0
800,10,2,24,9,2,7,10,18,2,60,1,0.86,15,0
1277,9,2,6,5,3,5,10,10,3,60,1,0.31,30,0
1540,7,1,29,5,3,5,10,8,2,120,0,0.42,15,0
847,6,3,3,24,1,5,7,20,6,120,1,0.24,20,1
1562,20,1,4,19,3,0,6,18,4,90,0,0.51,30,0
822,12,3,8,1,0,3,3,22,3,90,1,0.83,15,0
1238,19,1,28,15,3,2,8,14,3,60,0,0.33,15,0
914,14,1,9,21,2,7,10,18,2,60,1,0.04,20,0
905,11,3,8,19,0,6,6,22,0,60,1,0.42,15,0
1272,6,2,2,0,5,5,10,8,0,120,0,0.49,10,0
1434,16,2,7,14,1,1,3,16,3,120,1,0.01,20,1
1284,15,2,11,21,1,1,3,22,5,120,0,0.36,20,0
1130,17,1,13,9,1,3,5,20,5,120,0,0.52,15,0
1195,19,2,30,0,0,7,7,14,6,60,1,0.55,15,0
1587,14,3,28,22,3,5,10,16,0,120,1,0.82,15,0
853,16,2,10,22,2,7,10,22,4,90,0,0.38,20,0
902,17,1,26,0,0,3,3,10,1,60,1,0.29,15,0
822,12,3,13,15,1,3,5,16,6,60,1,0.71,10,0
985,19,3,22,21,5,2,10,18,3,60,0,0.18,20,0
1575,15,3,23,4,4,0,8,10,0,90,0,0.63,15,0
973,17,2,10,20,4,1,9,20,6,90,1,0.17,15,0
1153,13,3,6,13,1,6,8,18,0,60,0,0.02,15,0
952,19,2,4,13,0,0,0,8,5,60,0,0.89,15,0
816,13,1,16,16,4,0,8,22,0,120,0,0.17,15,0
1070,16,1,23,24,5,6,10,14,1,60,0,0.08,30,0
1454,10,2,5,29,0,5,5,20,0,60,0,0.07,30,0
919,11,3,0,16,2,1,5,8,5,60,1,0.02,20,1
909,8,1,23,27,2,0,4,22,0,60,0,0.91,30,0
1596,18,2,1,16,1,6,8,16,6,60,0,0.57,30,0
1052,14,1,14,19,4,1,9,14,4,60,1,0.91,10,0
1414,7,1,8,11,0,4,4,8,2,90,0,0.79,20,0
1569,12,1,1,18,2,3,7,22,2,120,0,0.34,10,0
963,13,2,28,7,3,2,8,14,6,90,0,0.35,15,0
1499,9,3,21,23,2,7,10,14,0,120,0,0.89,15,0
1164,17,2,6,29,5,6,10,22,2,60,1,0.53,20,0
1318,14,1,3,17,2,5,9,16,3,60,1,0.98,30,0
1262,11,2,13,28,3,2,8,16,0,60,1,0.1,10,0
1091,8,1,7,0,3,3,9,20,5,90,0,0.56,15,0
1312,7,2,19,26,3,0,6,8,5,90,1,0.89,30,0
1419,6,1,26,16,2,3,7,14,5,90,1,0.31,30,1
1104,14,1,8,9,2,3,7,22,4,90,1,0.41,15,0
1209,12,1,13,24,1,5,7,8,4,120,0,0.71,15,0
1347,20,1,6,8,5,4,10,8,2,90,0,0.57,15,0
1273,13,2,21,14,0,3,3,14,4,120,1,0.12,30,1
823,6,1,6,3,0,3,3,22,6,120,1,0.5,10,1
1353,13,3,19,25,3,2,8,18,6,60,0,0.57,30,0
1283,8,2,17,9,0,0,0,18,5,60,1,0.94,20,1
826,15,2,13,22,3,6,10,8,2,60,1,0.52,10,0
986,19,2,23,11,5,2,10,22,4,120,1,0.2,20,0
826,13,3,0,8,0,0,0,10,2,60,1,0.97,10,0
1307,13,1,6,30,3,7,10,22,1,60,0,0.33,15,0
999,18,1,3,21,4,2,10,14,0,120,1,0.28,10,0
1064,14,2,23,24,2,0,4,10,1,60,0,0.78,20,0
1526,10,2,3,27,2,6,10,14,0,60,1,0.1,10,0
810,13,2,17,16,1,2,4,16,4,60,0,0.08,10,0
947,17,1,29,10,1,6,8,22,1,60,1,0.66,30,0
1501,13,3,11,22,3,5,10,20,3,60,1,0.89,30,0
944,11,1,25,0,3,7,10,10,3,90,1,0.8,20,0
1403,17,1,27,28,5,3,10,8,5,90,0,0.11,10,0
1305,14,1,2,7,2,7,10,8,4,60,0,0.69,30,0
1235,17,1,15,13,2,1,5,18,6,120,0,0.8,30,0
822,12,1,20,22,3,1,7,10,2,90,0,0.89,20,0
1353,10,3,6,19,0,7,7,18,1,90,1,0.95,15,0
1076,20,3,8,9,1,4,6,8,1,120,1,0.69,20,1
1407,15,1,1,16,3,7,10,8,3,90,1,0.38,15,0
1120,13,3,0,26,1,1,3,18,3,120,0,0.16,10,0
1278,17,1,17,23,5,6,10,14,2,60,1,0.0,10,0
935,12,3,18,5,4,7,10,20,1,60,1,0.57,30,0
1217,7,3,24,21,1,4,6,22,4,90,1,0.64,30,0
844,7,1,3,0,5,6,10,10,2,90,0,0.08,10,0
1121,18,2,3,17,1,6,8,14,1,60,1,0.12,10,0
1212,14,2,13,13,3,5,10,22,3,90,1,0.03,15,0
1451,17,3,2,20,0,3,3,22,3,90,1,0.19,20,1
1171,12,2,2,5,0,2,2,14,4,120,1,0.43,20,1
876,11,2,15,26,5,2,10,8,5,60,0,0.7,10,0
1053,15,2,16,29,1,0,2,10,6,120,0,0.58,30,0
1297,17,1,5,24,0,7,7,22,0,120,0,0.22,20,0
828,19,3,22,7,1,6,8,16,4,120,1,0.82,20,0
1419,8,2,17,6,3,7,10,16,2,90,1,0.19,20,0
1139,13,1,30,29,4,5,10,22,2,90,1,0.54,30,0
961,13,3,12,1,2,1,5,20,1,120,0,0.48,10,0
1297,7,2,18,18,2,4,8,14,1,120,0,0.58,15,0
977,10,2,1,28,0,4,4,10,4,120,1,0.97,20,0
1280,7,1,1,1,3,3,9,8,3,120,0,0.54,30,0
1374,8,2,4,7,4,7,10,20,3,90,1,0.97,15,0
930,15,3,18,17,1,1,3,18,3,120,1,0.61,10,1
1171,14,3,9,30,0,4,4,18,1,90,1,0.83,10,0
868,19,3,16,0,1,4,6,16,3,60,0,0.42,30,0
1416,9,3,25,8,3,3,9,18,0,60,1,0.25,10,0
1501,13,1,2,17,2,0,4,18,1,60,1,0.06,15,1
1114,6,2,9,12,2,5,9,18,0,60,1,0.35,15,0
1116,6,3,0,2,3,5,10,14,0,90,0,0.33,10,0
1095,7,1,30,15,3,0,6,8,6,120,1,0.24,30,0
1411,20,1,21,17,1,2,4,18,0,60,0,0.5,10,0
1551,20,1,20,17,3,4,10,20,6,60,0,0.78,20,0
1028,18,1,12,5,4,4,10,10,1,60,1,0.38,15,0
1127,12,2,30,4,4,4,10,14,1,90,1,0.17,15,0
961,20,2,9,29,3,2,8,18,6,60,0,0.22,15,0
962,16,2,1,24,5,3,10,10,1,60,1,0.33,10,0
1310,16,2,16,6,2,4,8,20,0,90,0,0.03,10,0
1548,18,3,24,2,5,2,10,14,5,120,0,0.28,15,0
1413,12,1,11,25,4,7,10,14,1,60,0,0.15,15,0
1402,13,2,19,17,0,0,0,22,6,120,0,0.61,30,0
1253,13,3,11,26,0,4,4,14,2,90,1,0.28,20,1
944,18,3,28,20,3,3,9,16,1,90,0,0.16,15,0
1009,18,2,17,6,1,7,9,20,2,90,1,0.64,15,0
1304,14,2,2,7,4,3,10,8,0,90,1,0.22,15,0
1230,10,2,30,12,5,6,10,16,2,90,0,0.35,10,0
1290,7,2,19,20,0,3,3,10,6,60,0,0.37,15,0
1590,16,3,25,11,2,0,4,8,1,90,1,0.11,10,0
1523,17,1,23,8,0,1,1,10,3,60,0,0.02,15,0
935,6,1,30,14,1,2,4,22,1,120,1,0.77,10,0
1206,14,2,20,27,4,6,10,16,1,60,1,0.02,30,0
1090,14,3,13,25,1,7,9,14,3,120,0,0.58,20,0
1387,18,1,2,0,1,4,6,18,5,60,0,0.32,15,0
949,20,2,11,6,1,6,8,18,2,120,1,0.19,15,0
856,17,1,27,7,5,0,10,22,3,90,0,0.2,15,0
1414,17,2,29,26,4,1,9,22,0,120,1,0.38,10,0
875,11,1,23,12,2,4,8,16,6,90,0,0.19,30,0
1595,11,3,15,17,1,6,8,18,0,60,0,0.0,30,0
803,9,1,5,13,0,0,0,22,4,120,1,0.86,15,0
1376,7,1,22,8,4,7,10,10,0,60,1,0.21,15,0
903,18,1,19,22,0,4,4,22,5,90,0,0.5,15,0
1043,17,2,3,13,0,1,1,8,5,120,1,0.15,15,0
1529,14,1,2,4,5,1,10,8,0,90,0,0.01,30,0
848,19,3,19,15,4,4,10,18,3,120,0,0.28,15,0
1516,6,3,14,21,3,6,10,22,3,120,0,0.1,10,0
851,15,2,10,6,0,4,4,10,1,60,1,0.33,15,1
968,13,1,8,28,3,2,8,20,5,90,0,0.48,30,0
956,9,1,26,4,3,5,10,8,4,120,1,0.91,20,0
1326,9,1,15,29,5,4,10,20,4,60,1,0.01,10,0
1207,7,2,22,16,3,6,10,10,5,60,1,0.2,15,0
955,19,3,10,15,2,4,8,18,1,90,0,0.6,30,0
833,7,1,25,16,4,1,9,8,1,120,1,0.82,15,0
977,16,1,29,7,5,5,10,18,3,60,0,0.27,15,0
1472,8,1,26,9,1,2,4,16,2,60,0,0.12,20,0
944,9,1,11,12,3,5,10,22,3,90,1,0.01,30,0
910,16,3,4,11,0,7,7,14,1,90,0,0.12,20,0
1040,15,3,26,16,4,3,10,20,4,60,0,0.71,30,0
1419,12,2,12,13,4,0,8,22,1,90,1,0.29,20,0
913,16,3,3,14,3,6,10,8,1,90,1,0.96,30,0
1457,14,2,25,22,4,7,10,16,3,90,1,0.56,30,0
1176,15,3,28,20,0,2,2,18,1,90,1,0.7,30,1
1429,18,2,22,17,1,5,7,20,2,90,1,0.38,20,1
1101,18,2,21,17,1,0,2,8,0,60,1,0.66,15,0
1170,20,1,23,23,5,1,10,10,3,60,1,0.17,10,0
1094,12,3,11,7,2,2,6,8,5,90,0,0.98,30,0
937,12,2,14,18,4,3,10,8,6,60,0,0.72,10,0
996,6,2,6,6,0,7,7,16,4,60,0,0.64,15,0
891,19,2,28,6,1,3,5,18,4,90,0,0.86,20,0
1179,11,1,29,25,3,2,8,16,0,120,0,0.05,15,0
872,15,3,11,9,2,0,4,16,3,90,1,0.27,30,1
943,16,3,25,21,0,6,6,14,0,90,1,0.09,30,1
1126,19,2,29,15,1,7,9,8,2,60,0,0.79,10,0
1172,8,1,17,14,3,7,10,22,0,60,0,0.57,20,0
1077,20,2,1,13,5,3,10,22,2,120,1,0.4,15,0
1327,19,3,3,5,1,5,7,22,2,120,0,0.97,15,0
1240,6,2,4,0,1,7,9,16,0,60,0,0.63,10,0
1256,9,2,7,28,3,6,10,22,4,60,0,0.09,30,0
1245,6,2,22,19,0,4,4,16,5,90,0,0.04,20,0
1405,18,1,23,2,4,4,10,18,1,90,1,0.61,10,0
1468,16,2,2,11,4,0,8,10,6,120,1,0.61,15,0
1226,16,1,4,30,2,5,9,14,3,90,0,0.62,20,0
1536,11,3,30,27,0,0,0,16,3,60,0,0.42,20,0
813,15,3,2,22,3,1,7,16,4,60,0,0.25,15,0
1054,12,1,9,10,1,0,2,14,5,60,0,0.18,30,0
1063,10,2,26,11,4,1,9,16,2,120,1,0.42,10,0
1136,20,1,20,16,3,1,7,14,4,60,1,0.41,20,0
1467,18,1,20,15,5,4,10,18,0,90,0,0.42,10,0
942,11,2,27,1,3,0,6,10,5,120,0,0.95,20,0
1363,15,3,14,2,2,7,10,8,3,90,1,0.61,20,0
833,18,1,24,21,5,0,10,10,6,60,1,0.62,30,0
1110,18,3,14,0,5,4,10,20,4,90,0,0.08,20,0
1207,7,1,9,13,3,2,8,14,3,120,1,0.06,20,1
868,12,1,16,23,5,0,10,10,3,60,1,0.18,15,0
1338,20,3,9,15,2,6,10,18,3,120,1,0.89,15,0
1232,14,1,19,8,4,0,8,20,2,90,1,0.23,20,1
1502,14,1,26,1,5,2,10,22,3,60,0,0.45,20,0
927,7,1,3,5,4,0,8,14,4,120,1,0.07,15,1
1200,16,3,23,29,1,6,8,20,6,120,0,0.09,15,0
1504,10,3,8,13,0,7,7,18,0,120,0,0.62,15,0
911,15,3,7,17,2,2,6,10,1,120,0,0.12,10,0
1118,20,1,27,7,0,1,1,14,6,90,1,0.82,30,1
1445,17,1,8,27,4,3,10,8,6,120,0,0.02,10,0
1121,19,1,18,10,2,3,7,22,5,60,1,0.35,10,0
933,19,3,21,24,4,3,10,18,3,120,1,0.2,10,0
1248,10,3,28,2,2,7,10,16,6,90,0,0.44,10,0
806,15,1,1,26,0,7,7,8,6,90,0,0.15,15,0
1078,6,1,3,12,1,0,2,8,6,90,0,0.94,30,0
1047,8,3,3,26,4,7,10,14,5,120,0,0.45,15,0
875,14,3,19,0,3,6,10,14,5,60,1,0.43,20,0
1038,10,1,1,25,1,6,8,20,3,60,1,0.07,15,1
1268,13,2,7,21,4,5,10,14,1,120,0,0.7,30,0
896,19,1,17,13,4,1,9,14,6,120,0,0.65,10,0
1319,11,3,5,18,1,0,2,8,2,120,1,0.61,15,1
1395,10,2,25,27,4,7,10,16,5,60,1,0.82,10,0
919,14,2,14,1,5,0,10,8,6,60,0,0.06,30,0
1036,13,3,29,22,3,6,10,14,2,120,1,0.89,20,0
1139,13,1,18,1,1,4,6,8,5,60,1,0.81,10,0
1275,12,2,21,29,5,3,10,20,3,60,1,0.17,10,0
1207,9,2,19,22,1,1,3,10,6,60,1,0.07,10,1
831,15,3,19,3,1,2,4,20,6,90,1,0.09,10,1
899,6,1,28,10,4,0,8,16,3,120,0,0.06,10,0
970,6,3,8,22,2,3,7,18,3,120,1,0.61,30,1
1031,14,3,9,10,1,5,7,20,2,90,0,0.62,30,0
977,19,1,28,26,5,0,10,8,1,90,0,0.39,30,0
1598,19,3,26,11,3,0,6,18,0,90,0,0.69,10,0
1548,18,2,15,28,4,3,10,10,6,90,0,0.41,20,0
1509,19,3,9,12,2,5,9,14,3,90,0,0.07,10,0
939,12,2,30,17,4,7,10,14,6,60,1,0.32,10,0
1079,14,3,30,2,1,5,7,14,1,120,0,0.68,20,0
1007,18,3,26,15,4,4,10,14,3,90,0,0.07,20,0
1364,16,2,26,29,3,4,10,18,6,60,1,0.8,20,0
1062,11,1,27,16,1,2,4,14,0,60,0,0.03,10,0
939,8,3,18,9,1,7,9,8,5,90,0,0.11,15,0
1487,9,3,9,3,2,2,6,20,5,120,0,0.06,20,0
841,7,2,26,15,5,4,10,18,5,60,0,0.93,15,0
943,10,3,11,26,0,1,1,8,4,120,1,0.89,30,1
831,16,1,28,9,4,1,9,8,6,90,0,0.79,30,0
1459,14,2,14,13,1,7,9,14,5,90,1,0.61,10,0
1511,20,2,4,3,5,7,10,22,4,60,0,0.65,15,0
1295,15,1,22,25,0,6,6,20,4,120,1,0.95,30,1
1097,8,3,15,30,1,4,6,14,5,90,1,0.19,20,1
1325,19,3,14,6,0,1,1,8,6,60,1,0.29,15,0
1121,14,2,15,8,2,6,10,22,2,90,0,0.12,15,0
1349,7,3,11,29,3,1,7,10,3,120,0,0.22,15,0
1477,17,1,19,22,0,4,4,16,0,120,1,0.39,30,1
1104,6,2,4,9,4,0,8,22,5,60,1,0.62,30,0
904,18,2,29,19,0,4,4,18,0,90,0,0.49,10,0
874,11,3,29,5,3,5,10,20,0,90,0,0.97,30,0
884,19,1,5,1,2,0,4,22,6,90,0,0.77,15,0
998,12,1,20,16,0,7,7,18,4,60,0,0.79,15,0
826,13,1,13,12,0,6,6,16,0,120,1,0.59,30,1
1408,13,3,2,12,1,6,8,16,3,60,1,0.06,15,1
1216,16,3,11,18,3,0,6,8,3,60,0,0.99,10,0
941,13,1,21,23,1,1,3,22,2,60,1,0.89,10,0
1421,19,2,24,4,3,3,9,8,6,90,1,0.2,20,0
1381,15,1,17,26,2,2,6,16,3,120,1,0.73,30,1
1312,19,2,0,10,2,5,9,20,0,60,0,0.41,15,0
1554,12,3,26,15,1,7,9,8,0,90,1,0.62,30,0
1295,7,3,22,11,4,2,10,22,3,120,0,0.97,15,0
1503,11,3,16,7,1,1,3,18,3,120,0,0.42,30,0
1072,8,1,10,2,0,2,2,20,6,90,0,0.99,10,0
1541,8,3,22,4,3,7,10,14,3,120,1,0.19,15,0
1302,12,3,20,20,3,3,9,22,1,90,1,1.0,15,0
1246,16,2,24,14,3,3,9,8,0,90,0,0.82,20,0
1474,8,2,21,19,5,4,10,10,2,60,1,0.07,30,0
945,18,3,15,12,3,4,10,16,4,120,1,0.52,10,0
1456,11,2,8,3,1,1,3,20,0,90,1,0.39,10,1
1541,8,3,22,27,3,2,8,18,2,90,0,0.2,20,0
1220,6,3,18,1,0,4,4,22,4,60,1,0.55,10,0
1239,16,2,27,18,5,5,10,20,0,60,1,0.84,15,0
1240,8,1,15,10,0,5,5,20,6,120,1,0.21,15,1
1537,12,1,5,15,4,4,10,16,5,60,1,0.86,30,0
1504,14,1,30,14,2,4,8,20,2,120,1,0.85,10,0
947,9,1,15,20,0,0,0,20,2,90,1,0.04,10,1
1222,13,2,3,11,4,6,10,16,4,90,0,0.29,10,0
1448,14,2,22,8,0,5,5,22,6,120,1,0.99,10,0
1264,11,2,13,8,2,6,10,20,1,120,0,0.1,10,0
1383,12,2,5,27,2,0,4,22,2,60,1,0.37,20,1
881,15,1,22,30,3,0,6,8,5,60,0,0.15,20,0
1528,12,2,28,19,4,2,10,16,3,60,1,0.23,20,0
1534,17,3,3,28,3,1,7,22,2,120,0,0.54,30,0
1169,17,3,29,17,3,1,7,14,3,120,0,0.66,10,0
1508,7,3,7,26,5,6,10,18,3,90,1,0.28,10,1
974,20,1,22,16,3,6,10,16,0,120,1,0.27,30,0
872,14,2,18,9,5,1,10,10,4,60,1,0.04,10,0
1319,20,2,4,22,5,3,10,14,5,120,1,0.63,10,0
1088,8,2,1,18,1,1,3,18,0,120,0,0.93,10,0
954,11,3,18,26,2,3,7,14,1,120,0,0.72,20,0
922,8,2,13,12,5,2,10,20,0,90,1,0.39,10,0
1570,15,1,22,4,4,5,10,22,2,60,0,0.83,10,0
1451,8,1,2,11,0,2,2,22,3,60,1,0.37,20,1
1537,8,2,29,22,3,1,7,20,2,60,0,0.31,20,0
939,19,3,17,15,3,4,10,20,3,120,0,0.81,10,0
1524,16,2,29,19,5,5,10,10,3,60,1,0.7,10,0
1557,17,3,30,11,2,6,10,14,0,60,1,0.15,10,0
908,8,1,6,2,2,4,8,18,4,90,0,0.42,10,0
979,15,2,11,8,4,5,10,22,4,120,1,0.33,15,0
1221,11,2,1,26,0,5,5,16,1,120,1,0.28,15,1
1600,18,1,19,20,0,1,1,20,0,90,0,0.71,30,0
982,15,3,7,18,5,5,10,20,6,120,1,0.09,30,0
895,11,1,0,28,0,3,3,16,2,120,0,0.12,15,0
809,15,2,29,19,4,6,10,8,0,120,1,0.47,20,0
1257,20,1,11,11,2,6,10,10,5,60,1,0.5,20,0
1218,19,3,19,2,5,4,10,22,2,90,1,0.62,10,0
1393,11,1,19,23,4,0,8,18,2,120,0,0.36,10,0
1020,19,1,12,26,3,2,8,20,5,90,0,0.05,10,0
1172,19,1,0,16,3,0,6,10,1,60,0,0.28,30,0
1291,12,3,19,23,3,7,10,20,0,90,1,0.09,10,0
1437,16,1,0,15,5,2,10,18,4,120,1,0.5,15,0
1090,18,3,10,11,0,5,5,22,5,90,0,0.94,20,0
1007,10,3,2,14,0,0,0,8,1,120,1,0.82,10,1
1142,20,3,7,20,1,4,6,22,4,90,0,0.63,20,0
1302,11,1,13,6,3,5,10,10,4,120,0,0.51,15,0
1184,20,3,20,21,1,4,6,20,0,60,1,0.14,30,1
1075,18,1,20,12,2,0,4,16,6,90,0,0.71,10,0
1153,10,1,24,23,3,6,10,14,0,90,0,0.39,15,0
1267,8,2,13,24,1,3,5,8,0,120,0,0.89,15,0
1085,19,1,2,15,3,1,7,14,2,120,0,0.43,30,0
1047,7,3,15,25,2,2,6,22,0,60,1,0.13,15,1
1243,17,3,28,7,3,0,6,18,4,90,0,0.47,20,0
1172,7,1,2,0,1,6,8,22,4,120,1,0.19,20,0
902,8,1,0,21,3,5,10,16,6,90,1,0.31,30,0
1539,13,1,19,12,2,2,6,10,2,90,0,0.51,20,0
869,12,1,30,6,0,2,2,8,6,120,0,0.3,15,0
1555,9,3,29,2,2,5,9,22,2,60,0,0.14,20,0
905,11,2,13,8,1,2,4,14,2,120,0,0.87,30,0
875,20,3,5,20,0,7,7,14,2,60,0,0.29,30,0
967,15,3,22,15,4,3,10,10,5,120,1,0.32,10,0
1575,8,3,23,3,5,6,10,16,6,60,1,0.7,10,0
1555,15,3,18,29,1,6,8,18,5,90,0,0.07,15,0
877,11,3,2,17,2,7,10,22,2,90,0,0.06,20,0
1059,16,1,20,2,5,2,10,10,1,120,1,0.3,15,0
1026,8,2,5,9,5,4,10,22,5,120,1,0.87,15,0
1315,15,1,9,15,3,4,10,18,4,90,0,0.71,15,0
954,19,2,6,23,3,7,10,20,2,60,0,0.64,30,0
864,12,2,17,8,1,5,7,8,2,90,1,0.73,30,0
937,12,1,10,10,1,5,7,14,2,120,1,0.98,10,0
1551,20,3,16,18,0,3,3,14,3,90,1,0.27,20,1
1368,11,1,22,19,0,1,1,22,6,60,0,0.88,15,0
948,17,1,28,5,0,6,6,8,6,120,1,0.42,20,0
893,18,3,14,6,5,1,10,20,0,60,0,0.22,10,0
946,12,2,29,25,1,1,3,8,0,90,1,0.8,30,1
877,20,1,11,8,4,4,10,8,2,60,0,0.06,30,0
1218,12,2,16,30,5,1,10,14,6,60,0,0.95,30,0
959,8,1,24,7,4,3,10,16,2,90,1,0.27,20,0
1241,20,2,22,29,4,2,10,8,2,90,1,0.05,15,0
953,11,2,19,2,3,2,8,20,5,120,0,0.87,30,0
969,12,3,4,11,1,3,5,10,0,120,1,0.42,30,1
936,11,1,15,0,0,2,2,22,0,60,1,0.05,20,1
1331,14,1,4,4,3,2,8,20,2,120,1,0.59,15,1
864,13,3,28,10,4,7,10,18,6,120,1,0.21,10,0
1159,9,3,12,29,3,6,10,16,3,60,0,0.87,15,0
1252,15,2,29,15,1,0,2,10,3,90,0,0.71,20,0
1500,12,3,11,26,0,1,1,10,1,90,1,0.53,15,1
1001,16,3,8,28,4,7,10,8,4,60,1,0.05,15,0
1185,8,3,11,21,1,6,8,14,2,60,1,0.54,30,0
1301,13,3,9,10,4,4,10,8,4,120,0,0.38,10,0
1354,15,3,29,16,5,0,10,18,6,60,0,0.02,30,0
1091,10,3,16,24,0,7,7,22,2,90,0,0.81,15,0
1415,7,3,5,24,2,5,9,10,2,60,0,0.76,15,0
852,14,3,22,25,3,3,9,20,3,90,0,0.66,30,0
1330,13,1,30,6,1,2,4,22,0,120,1,0.87,15,0
1444,12,1,1,6,5,2,10,18,6,90,1,0.47,20,0
1029,16,2,0,9,4,3,10,10,3,60,0,0.93,30,0
1549,20,2,0,13,0,4,4,20,3,60,0,0.67,30,0
1489,15,3,22,11,0,3,3,8,4,60,1,0.16,30,1
1258,9,1,14,8,3,6,10,20,1,120,1,0.3,10,0
862,20,3,14,17,5,1,10,10,3,90,1,0.62,30,0
1234,11,2,30,16,4,2,10,10,4,60,1,0.72,30,0
835,10,3,3,9,5,1,10,18,6,90,1,0.85,15,0
1042,20,1,17,26,5,3,10,8,3,90,0,0.58,10,0
1040,13,1,29,26,5,4,10,20,3,60,1,0.12,20,0
888,9,1,15,9,2,5,9,10,4,60,0,0.2,15,0
1455,6,2,29,15,5,0,10,22,4,60,0,0.83,15,0
1225,9,3,0,30,1,0,2,16,4,60,1,0.07,30,1
1066,8,3,19,8,5,6,10,8,1,120,1,0.65,30,0
1424,20,3,21,21,0,2,2,10,1,60,1,0.98,15,0
852,14,3,19,19,1,5,7,16,1,120,0,0.99,20,0
822,19,1,23,3,2,3,7,8,4,60,1,0.06,30,0
1222,7,2,28,15,4,1,9,10,6,120,0,0.25,15,0
1082,20,2,8,4,5,2,10,22,5,60,0,0.75,30,0
1329,7,2,5,25,0,4,4,10,3,90,1,0.65,20,0
1248,19,1,15,13,1,1,3,20,2,60,1,0.22,20,1
856,16,1,2,9,1,1,3,8,3,120,0,0.12,20,0
870,6,3,12,30,2,5,9,14,4,60,0,0.02,20,0
1574,7,3,4,25,2,4,8,14,0,90,0,0.99,20,0
1217,11,1,25,14,0,2,2,10,5,120,1,0.61,15,1
987,16,1,5,24,5,3,10,20,3,90,1,0.84,20,0
1008,19,2,4,11,5,1,10,16,0,60,0,0.81,20,0
1312,14,1,21,5,0,5,5,14,6,90,0,0.26,15,0
801,20,3,15,3,1,0,2,22,0,90,0,0.87,10,0
1116,18,1,3,22,1,1,3,20,1,90,0,0.05,10,0
1235,17,1,1,22,1,6,8,16,2,90,1,0.44,10,0
998,10,3,25,6,0,6,6,22,1,120,0,0.7,20,0
1356,9,2,11,14,2,0,4,18,2,90,1,0.99,30,1
885,13,2,3,10,2,6,10,14,4,120,1,0.25,15,0
954,17,2,24,12,4,6,10,10,0,120,0,0.33,30,0
801,15,3,6,22,5,2,10,16,1,90,0,0.05,15,0
1241,8,1,26,9,4,2,10,14,0,60,1,0.15,30,0
1585,9,3,3,1,0,7,7,10,5,60,0,0.28,30,0
900,11,3,5,10,4,6,10,22,3,60,0,0.19,30,0
1382,13,1,26,16,0,5,5,20,6,120,1,0.04,15,1
1096,9,1,18,0,5,5,10,20,3,120,0,0.28,30,0
1524,13,2,21,17,4,7,10,8,0,90,1,0.92,15,0
1477,16,2,1,19,5,5,10,14,3,90,0,0.03,10,0
1537,11,3,7,13,4,0,8,18,4,90,1,0.22,15,1
1357,8,1,3,17,3,7,10,16,3,120,0,0.16,20,0
1467,10,3,2,28,0,5,5,10,5,60,0,0.15,30,0
1542,6,2,6,28,3,6,10,10,0,90,0,0.5,20,0
1085,13,1,26,18,4,6,10,16,2,90,0,0.45,30,0
948,9,3,4,28,2,2,6,16,5,90,1,0.33,30,1
1146,20,2,13,28,5,1,10,8,1,60,0,0.87,30,0
1128,16,2,11,29,1,0,2,20,5,90,0,0.48,20,0
1003,16,3,6,16,3,2,8,20,3,60,1,0.65,20,1
1420,17,1,7,11,4,2,10,14,1,60,1,0.25,15,0
1052,17,1,17,18,0,1,1,20,3,60,0,0.4,30,0
1337,7,3,25,30,0,6,6,18,6,120,0,0.54,20,0
1587,10,1,8,20,2,7,10,20,5,60,0,0.83,20,0
856,18,1,24,16,2,0,4,22,2,120,1,0.78,20,0
1428,17,1,18,6,0,7,7,10,1,60,0,0.33,20,0
853,15,2,30,4,1,3,5,14,2,60,1,0.97,15,0
1366,17,3,17,7,1,3,5,10,3,120,1,0.2,15,0
1134,17,3,1,10,4,2,10,18,5,120,1,0.57,10,0
1089,14,3,0,10,4,5,10,8,2,90,1,0.49,30,0
1108,8,1,14,6,0,0,0,16,1,90,1,0.46,20,1
1336,13,1,9,26,1,0,2,14,5,120,0,0.6,20,0
1444,10,2,13,6,1,7,9,16,6,120,0,0.51,20,0
1598,13,1,3,7,0,3,3,16,3,60,1,0.59,10,1
1555,13,3,18,14,0,5,5,16,4,120,1,0.22,10,1
1316,6,3,5,15,5,1,10,10,3,60,0,0.91,20,0
1297,14,2,2,18,0,3,3,10,1,60,0,0.12,30,0
1431,16,3,2,17,3,6,10,22,0,90,0,0.62,20,0
881,17,3,10,15,1,4,6,8,3,120,1,0.74,20,1
1158,17,1,23,12,4,1,9,20,0,90,0,0.73,20,0
809,11,1,9,15,2,2,6,22,5,60,0,0.69,10,0
1587,6,2,23,19,4,3,10,14,2,90,1,0.07,15,0
1403,16,1,26,15,5,2,10,16,3,90,1,0.85,15,0
1429,12,1,10,23,4,1,9,16,6,120,0,0.65,15,0
1292,7,2,5,27,1,7,9,10,3,120,0,0.73,30,0
1004,20,3,30,13,0,7,7,8,3,120,0,0.19,15,0
1147,14,1,25,15,4,1,9,8,6,90,0,0.3,20,0
812,9,2,14,30,5,3,10,14,2,60,0,0.75,15,0
1467,18,3,10,15,4,6,10,8,2,90,1,0.02,20,0
1268,15,3,15,19,4,4,10,10,0,90,0,0.16,10,0
912,6,3,14,9,3,5,10,14,0,90,1,0.76,15,0
809,8,3,30,27,0,0,0,16,4,120,1,0.79,15,1
993,8,1,9,4,0,4,4,10,1,90,1,0.9,10,0
1067,8,3,30,9,4,5,10,8,0,60,1,0.48,20,0
1144,6,3,19,7,1,0,2,22,0,120,1,0.89,30,0
1130,8,1,28,18,1,2,4,16,4,90,1,0.66,20,1
1024,7,1,4,18,0,2,2,8,4,90,1,0.65,15,1
1445,11,2,3,20,5,7,10,18,6,90,0,0.01,15,0
1268,15,3,15,19,1,4,6,18,1,60,1,0.52,30,1
1071,8,2,16,19,0,1,1,16,2,60,0,0.47,20,0
1084,13,2,1,7,5,1,10,16,5,120,0,0.36,15,0
1237,12,2,23,0,5,6,10,18,0,60,0,0.03,15,0
1379,6,3,20,30,0,7,7,20,0,120,1,0.44,20,1
1437,11,2,27,30,2,0,4,18,4,120,1,0.88,15,1
1302,8,1,29,25,4,3,10,8,2,60,0,0.52,20,0
1370,8,3,24,13,0,4,4,16,1,60,1,0.23,20,1
1025,8,1,3,11,3,3,9,22,2,60,1,0.42,15,0
1443,11,1,26,7,4,1,9,14,6,90,1,0.31,15,0
1520,8,3,19,19,2,5,9,22,3,90,1,0.24,15,0
1171,6,2,29,11,5,4,10,8,1,120,0,1.0,30,0
1455,19,2,27,8,1,2,4,18,3,120,0,0.69,10,0
990,20,1,29,5,0,2,2,10,5,120,1,0.89,10,0
1473,9,1,20,26,5,2,10,18,4,120,1,0.8,15,0
1491,17,2,0,1,5,5,10,10,0,90,0,0.03,20,0
911,20,1,25,25,3,7,10,16,5,120,1,0.34,15,0
1048,14,2,6,21,5,7,10,16,1,90,1,0.15,30,0
1359,11,3,27,27,5,7,10,10,6,60,0,0.81,20,0
1521,17,1,12,19,0,7,7,20,2,60,0,0.55,10,0
1576,16,3,13,19,0,1,1,18,0,120,0,0.91,20,0
1126,11,3,4,22,3,5,10,20,1,90,0,0.89,20,0
913,20,1,5,23,1,3,5,22,3,60,1,0.29,10,0
870,12,3,4,15,3,0,6,10,4,120,0,0.68,10,0
1486,9,3,21,29,3,4,10,18,0,60,1,0.71,30,0
877,12,3,16,19,3,2,8,18,5,60,0,0.6,10,0
839,20,1,17,11,2,4,8,8,2,90,1,0.29,30,0
823,20,1,28,17,0,7,7,8,3,90,1,0.29,10,0
1588,13,3,5,7,1,5,7,10,1,90,0,0.4,15,0
825,17,2,24,14,3,2,8,22,5,60,1,0.17,30,0
1417,9,1,28,17,5,5,10,22,4,90,0,0.95,10,0
1333,12,1,11,7,4,5,10,16,1,120,1,0.94,30,0
1088,8,1,8,6,5,4,10,18,0,120,0,0.8,15,0
1195,18,3,24,5,3,3,9,14,2,90,0,0.01,10,0
818,19,2,9,10,5,6,10,8,0,120,0,0.64,30,0
973,14,2,15,10,5,6,10,16,5,120,0,0.79,15,0
1117,11,3,22,23,3,1,7,8,3,60,1,0.51,30,0
1160,11,1,5,13,2,7,10,10,1,60,0,0.26,30,0
1497,10,1,1,4,0,7,7,16,2,90,1,0.96,30,0
1157,14,1,22,6,2,3,7,22,2,120,1,0.46,30,0
1558,12,3,5,7,3,6,10,16,5,60,1,0.55,30,0
922,8,1,26,8,2,7,10,16,6,90,1,0.85,20,0
858,10,3,11,29,0,6,6,22,5,120,0,0.35,10,0
1567,15,3,29,3,0,5,5,20,2,90,1,0.97,15,1
1431,19,1,14,21,4,1,9,20,1,90,0,0.26,10,0
1590,17,2,13,15,3,3,9,10,4,60,1,0.79,10,0
954,16,2,17,12,5,2,10,20,3,60,0,0.26,10,0
1033,11,3,1,6,5,7,10,18,6,90,0,0.3,10,0
980,6,1,2,24,4,0,8,16,3,90,0,0.87,20,0
979,16,1,14,29,5,4,10,16,3,60,0,0.33,20,0
1398,16,2,24,6,4,4,10,8,0,120,0,0.07,10,0
1165,19,1,2,5,2,0,4,20,3,90,1,0.48,30,1
1518,18,1,19,17,3,6,10,14,2,60,0,0.52,30,0
1032,9,1,1,25,3,4,10,16,3,60,0,0.09,30,0
1254,13,1,20,11,1,3,5,18,3,90,0,0.27,20,0
892,8,2,25,24,2,7,10,22,6,120,0,0.18,15,0
858,15,3,27,21,1,5,7,10,2,60,0,0.0,30,0
1166,11,2,29,23,3,7,10,22,5,60,0,0.29,20,0
1499,14,2,1,26,0,2,2,22,5,120,0,0.98,30,0
833,9,2,3,29,0,6,6,10,4,90,0,0.04,10,0
1342,9,1,3,11,1,5,7,22,5,120,0,0.86,30,0
1369,6,1,25,23,2,6,10,8,4,120,1,0.19,20,0
887,15,2,4,27,4,4,10,22,0,120,1,0.26,20,0
1198,15,1,23,11,3,2,8,10,1,120,0,0.77,15,0
1385,11,2,13,22,4,5,10,10,4,120,0,0.19,30,0
929,17,2,3,19,2,1,5,16,6,120,1,0.23,15,1
1274,14,2,19,24,4,5,10,16,4,90,1,0.89,30,0
1518,9,2,22,19,5,5,10,16,4,120,0,0.73,20,0
1556,17,3,21,13,3,5,10,10,0,90,0,0.99,20,0
1338,13,3,26,12,5,4,10,22,6,120,0,0.12,20,0
919,16,1,16,9,1,6,8,14,0,120,0,0.16,10,0
1174,14,1,10,18,2,7,10,22,4,120,0,0.7,15,0
1154,8,2,27,5,5,7,10,10,5,120,0,0.44,10,0
1246,17,3,14,1,3,2,8,14,0,120,0,0.87,30,0
1547,16,3,5,27,3,1,7,8,4,120,0,0.61,20,0
1247,17,1,25,12,5,3,10,20,1,60,0,0.74,30,0
1302,17,1,12,22,2,4,8,20,0,60,1,0.21,10,0
891,18,1,0,27,5,2,10,22,3,60,0,0.11,15,0
868,13,2,21,21,5,1,10,18,4,60,0,0.66,15,0
1029,10,1,19,22,2,6,10,10,2,90,1,0.59,15,0
1600,8,2,24,25,3,2,8,14,1,120,1,0.98,30,0
1028,15,1,27,27,3,4,10,10,5,90,1,0.2,10,0
978,8,3,28,0,0,2,2,22,1,120,1,0.06,30,1
821,15,3,6,2,2,1,5,16,5,60,0,0.39,15,0
1039,15,1,6,17,0,4,4,14,5,90,1,0.35,10,0
1504,18,3,28,10,1,3,5,22,4,120,1,0.56,30,0
954,11,1,30,25,3,7,10,20,0,60,0,0.13,15,0
1261,19,3,23,30,0,0,0,10,0,60,1,0.93,20,0
1098,20,1,19,0,5,1,10,14,5,60,0,0.58,20,0
1373,9,1,22,4,5,6,10,14,0,120,0,0.12,10,0
1317,10,3,25,17,4,3,10,20,3,90,1,0.6,10,0
1052,19,3,1,24,0,6,6,16,6,120,0,0.65,15,0
1090,12,3,23,1,3,0,6,16,2,90,0,0.14,30,0
1118,13,1,13,15,1,3,5,14,6,60,1,0.54,30,1
1308,8,2,24,28,2,3,7,18,3,90,1,0.71,30,1
1013,19,3,9,20,1,1,3,18,0,120,0,0.11,15,0
1004,17,2,18,30,4,5,10,10,5,90,0,0.68,10,0
1137,12,2,16,0,3,3,9,14,6,60,1,0.45,30,0
1161,20,1,19,28,5,0,10,14,1,120,0,0.8,30,0
921,6,1,28,8,5,6,10,20,0,120,1,0.11,10,0
899,20,3,22,19,2,0,4,8,4,120,1,0.17,20,1
1228,8,2,3,13,3,5,10,22,1,60,1,0.57,20,0
1069,7,2,26,15,5,2,10,10,4,90,1,0.19,30,0
1089,8,3,10,17,4,1,9,18,6,120,1,0.61,30,0
1572,10,2,10,2,4,4,10,16,5,90,1,0.21,10,0
1205,6,1,5,20,4,4,10,20,4,120,1,0.56,20,0
907,17,2,4,13,1,5,7,10,4,120,0,0.88,10,0
1495,16,3,5,27,1,1,3,14,1,120,0,0.66,15,0
1157,8,1,0,20,1,0,2,14,1,120,1,0.57,10,1
1355,13,3,5,28,2,3,7,14,3,90,0,0.59,30,0
1476,14,3,10,20,0,6,6,8,3,60,0,0.12,15,0
924,13,3,17,21,5,1,10,16,5,60,1,0.42,30,0
1426,14,2,8,24,1,2,4,10,6,60,1,0.3,20,1
1209,7,1,14,18,5,5,10,14,4,120,1,0.92,30,0
868,16,1,14,24,0,4,4,18,2,120,1,0.65,10,0
1172,20,1,12,3,2,5,9,22,0,120,0,0.07,15,0
954,7,3,16,3,5,6,10,22,3,60,1,0.83,10,0
1168,12,1,0,1,3,2,8,16,0,90,1,0.51,20,1
872,12,2,23,28,0,6,6,14,0,60,1,0.55,20,1
1101,11,1,23,25,1,2,4,16,6,60,1,0.79,10,0
912,19,2,30,29,3,4,10,22,6,120,1,0.16,20,0
1337,17,1,25,4,2,5,9,16,2,120,1,0.62,15,0
1011,20,2,11,18,4,3,10,10,2,90,0,0.78,15,0
1361,14,1,16,15,0,6,6,18,2,90,1,0.77,30,1
1375,20,3,21,24,1,2,4,14,5,90,1,0.52,30,1
939,11,2,21,18,3,5,10,22,5,60,0,0.09,20,0
1228,9,2,15,20,3,2,8,8,1,120,1,0.82,30,0
951,15,2,26,22,4,4,10,14,3,120,0,0.79,15,0
1118,11,2,21,15,3,7,10,14,0,60,1,0.53,15,0
1490,9,3,7,12,1,6,8,8,0,90,1,0.49,20,0
1501,17,3,18,21,3,7,10,20,6,60,1,0.93,20,0
1136,15,2,22,19,3,1,7,14,0,120,1,0.45,20,0
886,20,3,9,3,1,6,8,14,6,60,1,0.85,15,0
1170,8,3,7,26,1,2,4,16,3,120,1,0.19,10,1
1133,18,2,5,3,4,6,10,14,2,120,0,0.13,30,0
894,19,2,19,2,3,4,10,18,4,60,1,0.35,15,0
970,13,3,30,18,0,0,0,14,2,90,1,0.05,30,1
1573,14,3,15,30,1,0,2,20,1,120,1,0.65,10,1
1153,17,2,20,7,1,6,8,22,2,60,1,0.41,15,0
1253,7,3,5,23,4,2,10,22,6,90,0,0.12,30,0
1571,14,2,29,5,2,4,8,8,3,90,1,0.54,10,0
1225,19,3,4,29,0,4,4,10,1,120,0,0.14,30,0
1296,9,1,24,14,3,4,10,20,6,60,1,0.54,20,0
993,13,3,21,17,3,2,8,14,1,90,1,0.5,10,0
1079,6,3,12,10,0,5,5,18,0,120,1,0.21,30,1
1104,13,1,11,19,5,4,10,18,6,120,1,0.34,20,0
836,13,3,20,20,1,2,4,18,5,90,1,0.38,15,1
947,8,3,2,20,3,1,7,22,0,120,0,0.14,10,0
1379,10,1,6,6,2,7,10,16,2,120,0,0.21,30,0
1597,14,1,11,16,4,4,10,14,2,120,0,0.67,30,0
1299,16,3,3,6,4,2,10,22,1,120,0,0.87,10,0
1426,12,3,15,24,5,6,10,20,2,90,1,0.67,15,0
1049,11,2,12,7,4,2,10,18,1,60,1,0.01,30,0
1494,20,3,18,28,3,7,10,16,3,60,0,0.53,20,0
984,15,3,10,29,0,7,7,22,3,60,0,0.21,10,0
1488,6,3,21,8,3,3,9,16,5,60,0,0.74,10,0
1152,19,2,12,2,1,1,3,14,5,120,0,0.73,15,0
1349,16,3,13,21,3,3,9,8,5,120,1,0.73,20,0
1387,8,3,13,29,5,5,10,20,0,60,1,0.7,10,0
981,6,1,20,6,0,5,5,20,6,120,0,0.1,10,0
1383,20,2,2,4,2,2,6,8,0,120,1,0.74,20,0
1551,17,3,15,25,1,0,2,22,4,120,0,0.41,30,0
949,13,1,16,1,0,6,6,20,2,120,1,0.85,30,1
998,8,3,8,26,2,4,8,20,0,120,1,0.23,10,1
1209,11,2,16,3,2,4,8,20,0,120,1,0.68,10,0
1261,17,2,5,20,4,6,10,10,1,120,0,0.23,20,0
1564,18,2,15,3,4,4,10,14,3,60,1,0.19,30,0
1104,9,1,21,14,3,6,10,16,6,120,1,0.63,10,0
901,16,3,23,29,5,4,10,16,6,120,1,0.91,20,0
995,11,3,12,0,3,1,7,10,2,60,1,0.67,30,0
1167,17,1,28,0,5,5,10,16,1,60,1,0.76,10,0
1345,6,1,20,25,4,1,9,22,5,90,0,0.46,10,0
1093,17,2,20,16,1,6,8,8,4,90,0,0.88,10,0
1545,13,2,1,14,5,7,10,14,6,60,0,0.81,30,0
1318,6,2,13,15,3,4,10,22,4,60,0,0.01,10,0
1208,9,3,21,25,3,4,10,10,6,90,0,0.93,30,0
883,14,3,3,7,2,5,9,18,6,120,1,0.36,15,1
1276,8,3,15,26,4,1,9,20,5,120,1,0.67,20,0
1275,12,1,25,25,5,3,10,18,0,60,1,0.81,30,0
859,18,3,9,13,0,6,6,16,5,90,0,0.88,30,0
1583,10,1,16,3,2,6,10,8,2,120,0,0.15,15,0
1239,20,1,24,4,1,0,2,20,5,60,1,0.6,10,1
874,9,2,15,4,5,0,10,18,3,90,0,0.54,30,0
1196,13,2,2,19,3,5,10,10,3,90,1,0.99,15,0
1439,19,3,29,5,3,4,10,18,4,60,1,0.23,15,0
1431,13,3,10,26,0,5,5,10,0,120,0,0.21,30,0
1579,19,1,28,3,2,6,10,22,6,90,0,0.35,10,0
1451,14,3,17,16,4,2,10,16,0,60,0,0.74,15,0
1103,17,3,19,2,1,6,8,8,2,60,1,0.27,20,0
1259,16,2,13,24,5,3,10,18,6,90,0,0.54,15,0
1308,11,3,25,27,2,2,6,16,3,90,1,0.9,30,1
1418,8,1,14,21,0,1,1,18,1,90,1,0.46,20,1
1295,19,3,20,12,1,3,5,16,0,120,0,0.6,20,0
921,19,2,0,17,3,1,7,16,2,60,0,0.47,15,0
1496,13,2,2,6,2,2,6,14,1,120,0,0.43,20,0
1137,9,3,22,17,2,5,9,14,2,60,1,0.13,20,0
1454,19,2,11,24,1,7,9,20,5,120,0,0.66,10,0
1089,20,3,4,28,4,2,10,10,3,120,0,0.37,30,0
1346,12,3,10,0,3,6,10,8,0,60,1,0.35,30,0
1162,7,1,11,29,0,3,3,14,2,90,0,0.8,10,0
1489,16,3,24,1,3,6,10,20,0,90,1,0.85,30,0
1291,16,1,20,3,1,6,8,8,0,120,1,0.73,15,0
1352,6,1,28,23,3,3,9,20,4,120,0,0.49,15,0
1597,19,1,13,18,5,1,10,8,4,120,1,0.66,30,0
972,19,1,18,3,3,3,9,20,0,120,0,0.43,10,0
1229,14,1,0,8,3,2,8,8,2,60,1,0.47,10,0
820,15,1,10,16,3,1,7,16,0,60,0,0.05,20,0
1135,16,2,0,20,0,7,7,18,4,60,0,0.65,15,0
1403,15,2,4,7,1,5,7,14,5,90,0,0.65,20,0
1423,8,3,24,6,1,1,3,10,5,90,0,0.8,15,0
1138,14,3,20,29,1,3,5,20,0,60,1,0.63,15,1
938,8,2,28,13,5,0,10,14,6,120,1,0.95,20,0
1105,13,3,27,7,0,1,1,8,6,60,1,0.91,10,0
1545,19,3,15,13,3,7,10,18,2,90,0,0.99,15,0
1097,16,3,6,23,1,5,7,20,6,90,1,0.22,10,0
1599,7,3,2,16,5,0,10,10,1,120,1,0.87,15,0
1201,9,2,22,10,0,6,6,8,2,60,0,0.24,20,0
899,20,1,12,7,5,7,10,18,6,90,1,0.68,30,0
1440,9,2,25,27,1,5,7,22,1,60,0,0.27,15,0
1243,18,1,5,14,1,2,4,10,3,120,0,0.94,30,0
938,16,3,14,0,1,2,4,18,2,120,0,0.02,30,0
1138,7,1,0,24,1,3,5,18,5,120,1,0.98,30,1
1160,12,2,27,26,4,5,10,20,3,90,1,0.61,10,0
1576,19,2,2,6,0,3,3,10,4,60,1,0.3,15,0
909,9,3,9,23,1,3,5,10,0,60,0,0.77,10,0
1462,6,2,23,29,1,5,7,16,0,60,0,0.75,15,0
1498,6,3,10,27,4,7,10,20,1,60,0,0.02,30,0
1164,8,1,0,26,5,2,10,14,2,90,0,0.08,30,0
807,12,3,5,7,5,1,10,14,1,120,1,0.28,15,0
1305,19,1,0,11,1,5,7,18,3,60,1,0.41,10,0
835,17,3,30,15,3,3,9,22,5,60,1,0.14,15,0
1421,13,2,15,24,2,1,5,10,4,60,1,0.15,10,0
1036,13,2,24,12,4,4,10,8,6,90,0,0.07,20,0
829,7,1,18,16,4,7,10,20,4,90,0,0.97,20,0
1046,17,1,23,29,3,1,7,18,4,90,0,0.54,20,0
812,18,3,22,20,4,5,10,16,5,60,0,0.18,20,0
952,7,1,24,1,0,4,4,20,0,90,1,0.93,20,1
1526,7,2,11,18,3,4,10,18,3,60,0,0.87,15,0
923,14,2,0,7,4,5,10,20,0,120,1,0.16,15,0
1483,19,2,19,8,0,2,2,20,6,60,1,0.58,10,1
1235,14,1,7,10,5,6,10,10,5,120,1,0.86,15,0
1076,16,2,13,24,1,6,8,14,2,90,0,0.36,30,0
1472,13,1,26,25,1,5,7,20,2,60,1,0.13,20,1
1505,14,2,14,29,4,2,10,16,0,90,1,0.92,20,0
1186,7,2,7,10,1,6,8,8,3,120,1,0.94,30,0
1551,16,1,13,23,5,7,10,14,0,120,0,0.68,30,0
830,8,3,16,14,5,0,10,8,5,90,0,0.11,30,0
1103,14,1,28,24,1,3,5,10,2,120,1,0.56,10,0
863,18,3,17,29,0,4,4,18,2,120,1,0.39,20,1
1068,7,3,2,5,2,2,6,10,4,90,0,0.42,10,0
1055,18,3,5,25,5,1,10,16,5,60,1,0.82,10,0
1371,12,2,14,16,1,3,5,22,5,120,1,0.48,30,0
1536,13,2,22,11,4,4,10,20,4,90,0,0.45,30,0
1456,16,3,11,10,4,7,10,8,6,60,1,0.7,20,0
1533,14,1,16,23,3,0,6,16,1,60,1,0.63,30,1
1067,13,1,22,13,3,3,9,10,6,90,0,0.23,10,0
1144,16,3,19,7,3,4,10,8,3,120,1,0.13,15,0
1488,14,1,30,26,5,0,10,16,2,120,1,0.71,30,0
985,17,2,2,20,1,2,4,14,2,120,0,0.73,15,0
1493,19,1,9,21,5,1,10,14,1,60,1,0.52,20,0
1061,18,2,23,24,5,1,10,14,1,90,0,0.54,15,0
1153,6,1,16,29,5,6,10,20,4,120,0,0.98,20,0
870,6,1,8,22,0,5,5,18,2,120,0,0.72,15,0
1089,15,2,4,16,1,5,7,22,6,60,1,0.06,10,0
1256,13,3,23,20,0,4,4,18,6,90,1,0.29,15,1
1205,15,1,15,28,5,0,10,10,6,60,1,0.17,15,0
1089,7,2,30,20,3,2,8,22,5,120,0,0.96,10,0
1268,6,1,11,5,2,5,9,22,4,90,0,0.62,10,0
963,18,2,27,3,3,2,8,22,0,120,1,0.91,15,0
1255,18,1,20,28,4,4,10,10,0,90,0,0.12,30,0
925,13,3,26,13,5,2,10,14,5,90,0,0.37,15,0
1232,14,3,30,12,2,6,10,20,5,90,0,0.28,20,0
1184,15,2,0,24,5,6,10,10,4,90,0,0.39,30,0
1116,15,1,17,20,0,7,7,8,6,60,0,0.92,30,0
1039,11,2,6,3,1,3,5,8,0,120,0,0.69,30,0
1563,6,2,23,25,2,5,9,14,3,120,0,0.9,10,0
1085,19,3,15,19,5,1,10,8,1,60,0,0.23,30,0
1401,15,1,12,2,4,5,10,20,0,60,1,0.4,10,0
1599,12,2,9,27,0,3,3,22,0,120,1,0.48,30,1
1532,16,1,9,30,0,6,6,18,5,60,1,0.02,20,1
1091,8,3,13,6,2,7,10,14,0,120,1,0.11,20,0
1071,10,2,30,2,1,2,4,14,4,120,0,0.72,20,0
1151,8,2,7,14,1,3,5,18,6,60,1,0.76,30,1
1290,15,3,16,18,0,4,4,22,6,60,0,0.91,10,0
1206,9,1,0,10,4,5,10,8,3,90,0,0.26,20,0
1326,12,3,14,3,5,6,10,18,0,90,0,0.99,15,0
1369,8,1,1,19,1,0,2,8,4,60,0,0.28,15,0
919,16,2,17,11,0,4,4,16,4,60,0,0.67,20,0
1200,15,1,20,13,5,1,10,8,4,90,0,0.22,15,0
1332,17,1,29,24,1,3,5,18,5,120,0,0.18,20,0
1016,13,2,10,21,3,2,8,16,5,60,1,0.61,20,0
828,16,1,30,17,5,7,10,10,0,90,1,0.36,30,0
1308,12,2,30,23,3,7,10,8,1,60,1,0.82,15,0
1417,13,1,0,29,0,6,6,20,3,60,0,0.62,30,0
1320,15,3,12,11,3,4,10,18,6,120,0,0.4,10,0
1241,17,1,18,22,5,7,10,14,0,60,0,0.52,20,0
1463,6,2,6,28,4,0,8,8,2,60,0,0.35,10,0
810,18,2,22,17,1,5,7,20,1,90,1,0.65,20,1
988,11,2,12,2,2,1,5,20,3,120,1,0.22,30,1
1199,6,1,24,16,5,3,10,10,6,90,1,0.68,10,0
1517,12,3,11,22,5,3,10,20,6,90,0,0.26,30,0
1578,19,3,6,24,5,6,10,8,2,120,0,0.33,10,0
1064,17,3,21,22,0,1,1,18,1,120,1,0.73,10,1
1523,17,3,23,9,1,2,4,14,6,90,1,0.5,20,1
1039,10,3,5,10,4,5,10,20,0,60,0,0.56,20,0
945,15,3,7,27,5,2,10,8,0,90,0,0.54,20,0
938,7,3,1,1,5,7,10,10,2,120,0,0.08,15,0
1550,19,3,11,27,3,0,6,20,6,90,1,0.8,10,0
1065,14,1,4,8,1,0,2,10,2,120,1,0.5,20,1
1133,20,2,6,19,1,7,9,14,1,120,1,0.01,20,0
1163,6,1,21,12,1,5,7,22,6,120,0,0.27,15,0
1591,11,1,25,18,2,5,9,16,4,60,1,0.98,10,0
1282,6,1,13,22,3,3,9,16,1,90,0,0.9,10,0
898,11,3,5,15,3,3,9,16,2,120,0,0.12,20,0
1081,14,2,17,18,0,5,5,10,4,60,1,0.29,10,0
862,19,1,10,25,2,7,10,18,1,90,1,0.2,10,0
1016,6,1,5,27,0,3,3,16,6,60,1,0.3,20,1
1455,9,1,21,21,2,0,4,22,0,90,1,0.97,30,0
1356,17,2,21,1,5,6,10,8,4,120,0,0.2,10,0
1435,14,2,11,16,2,1,5,8,1,120,0,0.81,20,0
1210,11,2,17,28,0,3,3,10,6,60,0,0.79,30,0
868,11,1,21,10,0,1,1,18,6,60,1,0.48,30,1
1377,11,1,27,30,2,7,10,20,5,60,0,0.86,30,0
987,8,2,26,26,0,1,1,16,6,90,1,0.61,30,1
1502,10,3,20,18,0,2,2,10,6,120,0,0.41,10,0
1517,10,3,8,15,0,7,7,20,6,120,0,0.42,10,0
1544,11,2,19,12,2,2,6,16,1,120,0,0.97,10,0
963,17,2,18,16,1,2,4,22,0,120,1,0.79,10,0
1242,8,3,9,21,2,4,8,14,0,90,1,0.08,30,1
814,9,2,0,26,4,4,10,18,3,120,1,0.22,20,0
1530,6,1,30,20,3,4,10,10,4,60,0,0.86,10,0
1500,17,2,11,8,2,4,8,18,0,90,0,0.05,20,0
934,17,2,19,10,4,6,10,8,3,60,1,0.06,15,0
994,16,3,22,7,0,2,2,8,6,90,0,0.8,10,0
1128,9,3,9,10,1,1,3,10,2,120,1,0.51,30,1
1126,19,1,26,27,1,2,4,16,3,60,0,0.21,15,0
915,7,3,13,5,0,5,5,22,6,60,0,0.37,20,0
867,9,1,28,18,5,6,10,22,1,120,1,0.18,30,0
1097,16,3,15,24,3,0,6,16,0,60,1,0.34,15,1
873,11,2,10,4,3,4,10,10,6,60,1,0.57,10,0
1398,20,2,24,15,2,4,8,8,5,120,0,0.25,20,0
1388,6,2,10,9,5,7,10,18,5,60,0,0.3,30,0
1237,12,1,29,27,5,1,10,22,4,90,0,0.84,30,0
1075,15,3,19,25,0,0,0,16,0,120,0,0.15,10,0
994,7,2,11,13,3,7,10,22,6,90,0,0.12,30,0
1000,11,3,25,29,1,4,6,20,2,90,1,0.9,10,0
1261,12,2,9,14,4,1,9,22,2,90,0,0.62,30,0
1302,11,3,28,21,0,4,4,10,2,120,0,0.5,20,0
948,8,1,5,0,1,7,9,20,1,90,0,0.01,20,0
1129,8,1,5,7,1,1,3,22,2,60,0,0.26,10,0
1299,15,1,22,18,2,3,7,18,2,60,0,0.88,10,0
1506,14,2,13,13,0,0,0,10,5,90,0,0.65,10,0
1469,9,1,29,7,0,3,3,18,1,90,0,0.91,20,0
1514,13,1,23,24,0,7,7,10,0,60,1,0.84,30,0
1301,19,2,21,5,1,6,8,14,4,60,1,0.23,10,0
898,17,2,27,2,4,0,8,10,0,120,0,0.52,20,0
961,12,1,21,29,2,0,4,20,2,90,1,0.36,10,1
1140,19,3,12,19,4,3,10,10,1,120,0,0.7,10,0
966,14,3,0,19,0,1,1,16,3,120,0,0.08,15,0
1299,13,3,30,25,0,7,7,18,2,90,1,0.52,30,1
1206,12,1,4,2,5,7,10,16,5,120,1,0.99,20,0
1118,7,2,26,12,2,7,10,14,1,90,1,0.99,15,0
1100,14,1,6,4,4,1,9,18,0,60,0,0.62,20,0
1160,14,2,21,8,2,7,10,10,2,60,1,0.26,30,0
910,17,3,30,9,5,1,10,10,0,60,1,0.43,20,0
946,13,2,1,23,2,5,9,16,2,90,1,0.79,10,0
1448,8,3,1,7,4,2,10,16,2,60,0,0.76,20,0
1261,8,3,18,4,3,3,9,10,3,60,0,0.6,10,0
871,9,3,19,27,0,2,2,22,1,60,1,0.72,30,1
901,11,3,8,24,1,5,7,20,0,60,1,0.69,15,1
961,9,1,17,10,4,3,10,8,5,60,0,0.62,20,0
1302,6,1,9,29,0,7,7,22,0,120,0,0.27,20,0
1115,9,2,4,20,3,4,10,18,6,120,0,0.56,15,0
918,13,3,17,27,2,2,6,18,3,90,1,0.16,20,1
1470,19,2,17,10,0,2,2,16,0,90,1,0.69,30,1
1414,8,2,22,22,2,2,6,20,4,60,0,0.22,10,0
1201,7,1,4,16,0,1,1,8,0,90,0,0.3,20,0
1528,20,2,17,20,5,7,10,10,3,90,0,0.37,10,0
1542,16,2,23,0,1,0,2,16,1,120,1,0.77,10,1
1443,7,2,21,7,0,6,6,10,4,90,0,0.92,30,0
1290,7,3,12,21,3,6,10,16,6,120,1,0.07,30,0
1193,19,1,12,8,4,5,10,22,4,120,1,0.79,20,0
1072,16,1,9,10,0,4,4,20,4,120,1,0.29,20,1
1027,14,2,17,23,2,5,9,8,1,90,1,0.88,30,0
1225,12,2,30,7,0,5,5,14,1,90,1,0.09,30,1
1352,9,1,2,2,1,6,8,18,0,120,1,0.52,10,1
1200,9,2,10,30,4,5,10,16,5,120,1,0.92,10,0
801,10,2,20,12,4,2,10,16,5,60,1,0.18,20,0
987,9,2,19,5,4,7,10,8,0,90,0,0.35,15,0
1203,8,2,29,30,1,5,7,18,6,90,0,0.51,10,0
866,16,2,0,22,4,4,10,20,4,90,1,0.15,10,0
1155,16,2,14,3,1,1,3,22,5,90,0,0.47,30,0
1445,9,1,28,22,1,0,2,8,3,60,0,0.87,15,0
1245,14,3,11,29,1,7,9,22,2,120,0,0.17,15,0
1036,16,2,5,7,2,4,8,20,2,120,1,0.24,15,0
1481,16,3,9,12,0,7,7,14,4,60,1,0.75,10,0
1124,11,2,13,3,1,6,8,22,5,60,1,0.47,20,0
1583,7,3,0,9,1,4,6,22,1,90,1,0.39,15,1
1004,9,2,15,2,3,6,10,18,6,120,1,0.19,20,0
1404,15,2,0,16,5,4,10,20,3,90,0,0.47,30,0
957,14,1,19,27,1,7,9,16,5,60,1,0.0,10,0
1500,10,2,29,8,0,7,7,18,4,60,1,0.24,10,1
1321,14,2,14,23,2,2,6,14,2,60,0,0.39,15,0
1464,6,3,30,2,0,0,0,18,1,120,1,0.25,20,1
936,7,3,30,29,0,2,2,8,6,120,1,0.58,20,1
1232,9,1,7,17,0,7,7,18,5,120,1,0.15,30,1
1407,20,1,3,14,3,0,6,16,4,120,0,0.69,20,0
1034,20,1,14,1,5,1,10,18,5,60,1,0.23,30,0
1552,11,1,28,8,5,3,10,16,2,90,0,0.57,10,0
1153,10,3,10,5,0,0,0,22,4,60,1,0.47,15,1
1126,14,2,0,9,3,6,10,22,0,120,0,0.81,10,0
1248,9,2,28,8,3,0,6,8,5,90,1,0.71,10,0
1449,19,2,25,26,3,5,10,22,3,90,1,0.84,15,0
1120,18,2,30,18,1,3,5,14,4,120,1,0.57,20,1
1216,14,1,0,4,1,0,2,20,4,90,1,0.27,20,1
1006,7,3,23,15,5,5,10,20,4,90,1,0.13,30,1
1070,8,1,7,9,5,1,10,22,1,120,0,0.29,15,0
1452,19,2,0,7,3,5,10,10,3,120,1,0.51,30,0
1164,9,3,2,12,5,1,10,10,4,90,1,0.55,15,0
1040,8,2,12,12,0,6,6,10,4,120,1,0.52,10,0
1269,8,1,10,3,1,5,7,16,2,120,0,0.86,15,0
983,10,2,20,1,5,6,10,22,1,120,0,0.63,10,0
1339,11,2,8,5,0,6,6,8,4,120,0,0.61,30,0
854,6,3,15,17,4,4,10,18,6,60,1,0.77,10,0
1210,7,2,14,5,1,2,4,8,3,90,0,0.11,20,0
1372,18,2,10,14,4,6,10,20,4,60,0,0.24,10,0
940,8,2,0,3,3,3,9,20,1,120,0,0.32,20,0
1576,17,2,6,30,0,2,2,14,5,90,1,0.25,10,1
1432,10,1,9,7,3,1,7,22,2,60,0,0.58,30,0
1535,20,1,13,28,0,6,6,20,6,60,1,0.04,10,1
1006,6,1,11,14,1,3,5,18,2,60,0,0.45,10,0
1319,8,1,7,26,0,6,6,16,0,90,0,0.6,30,0
1552,20,3,17,2,5,7,10,22,2,90,0,0.29,15,0
1465,17,1,7,11,1,1,3,14,3,60,0,0.22,15,0
1108,20,2,9,29,3,7,10,18,1,90,0,0.55,20,0
1554,7,1,14,1,1,5,7,20,6,120,1,0.89,30,0
1355,17,1,17,15,4,4,10,8,3,120,1,1.0,30,0
1432,16,1,19,24,1,6,8,18,1,120,1,0.74,20,1
1303,8,1,4,1,1,5,7,10,0,60,1,0.54,10,0
921,19,2,29,13,4,1,9,10,4,120,0,0.24,15,0
1336,12,1,21,30,5,4,10,18,1,60,1,0.7,15,0
1562,10,3,6,15,5,1,10,8,2,60,1,0.4,20,0
1518,20,1,27,0,1,0,2,22,6,60,1,0.27,10,0
1556,10,1,7,19,5,7,10,22,5,90,0,0.12,10,0
1247,15,1,8,7,4,1,9,8,2,120,0,0.07,10,0
973,6,2,4,26,2,4,8,8,4,90,0,0.07,30,0
1598,12,3,9,21,0,5,5,22,0,120,1,0.94,20,0
1195,14,1,2,20,1,4,6,10,0,90,0,0.83,15,0
896,10,3,7,19,1,2,4,22,1,60,1,0.7,30,0
1048,10,3,15,26,1,6,8,10,5,90,1,0.1,15,0
1385,7,2,10,28,1,7,9,20,3,120,0,0.01,30,0
1518,8,3,8,28,0,3,3,16,2,120,0,0.01,15,0
1480,11,3,9,0,3,4,10,22,5,120,1,0.67,30,0
1232,11,1,15,4,3,7,10,20,2,60,0,0.58,15,0
1008,16,2,10,23,2,6,10,14,2,60,1,0.59,10,0
831,7,3,26,11,4,0,8,10,4,60,1,0.95,15,0
848,15,1,4,30,5,3,10,22,2,60,1,0.27,20,0
1178,12,2,6,0,4,0,8,16,3,120,1,0.55,20,1
1591,15,2,0,29,3,6,10,22,2,90,1,0.85,10,0
1139,13,1,15,21,4,2,10,20,1,60,0,0.99,15,0
1084,15,3,4,29,4,4,10,22,2,90,1,0.75,10,0
1286,10,3,26,5,4,2,10,22,4,60,0,0.71,20,0
1074,6,1,0,2,0,5,5,16,4,120,1,0.47,10,1
1029,17,2,26,8,4,6,10,14,2,60,0,0.84,10,0
1212,15,2,26,21,4,2,10,20,4,90,1,0.58,30,0
1394,9,2,16,27,2,6,10,10,6,90,1,0.13,15,0
1542,7,2,4,24,5,6,10,8,2,120,1,0.59,10,0
1120,13,2,16,3,0,0,0,8,5,90,1,0.31,20,1
865,8,2,11,15,1,7,9,20,4,120,1,0.51,10,0
1520,6,1,25,0,5,3,10,10,6,120,1,0.85,10,0
1252,14,3,27,12,5,1,10,16,4,120,0,0.8,15,0
1182,16,1,19,22,0,5,5,20,6,90,1,0.23,15,1
948,8,1,22,4,3,0,6,8,3,90,1,0.14,15,1
971,6,3,18,26,5,1,10,10,2,60,0,0.31,15,0
1469,15,3,24,26,0,6,6,8,5,120,1,0.77,30,1
1512,17,2,4,14,4,5,10,16,1,60,0,0.71,15,0
1477,17,3,26,9,4,4,10,16,5,90,0,0.27,30,0
1039,9,3,18,23,5,0,10,18,1,60,0,0.75,10,0
915,14,1,26,5,3,4,10,8,6,60,0,0.44,20,0
1454,19,3,15,25,2,3,7,14,0,120,0,0.96,20,0
1447,13,3,13,26,5,5,10,8,2,60,0,0.1,30,0
1066,20,2,19,17,1,1,3,18,2,60,1,0.08,30,1
1577,9,3,13,2,4,0,8,18,2,90,0,0.63,15,0
863,9,1,11,7,2,5,9,14,4,120,1,0.2,30,0
985,6,3,24,22,2,6,10,8,0,120,1,0.71,20,0
943,6,3,5,27,1,5,7,18,3,60,1,0.46,10,1
1256,18,1,1,12,5,0,10,8,5,60,0,0.63,10,0
1029,8,1,6,21,1,3,5,14,5,90,0,0.2,30,0
1538,20,2,10,6,3,5,10,16,0,60,1,0.48,20,0
902,19,1,2,27,3,3,9,18,1,90,1,0.58,30,0
991,8,1,29,19,5,7,10,10,2,120,1,0.22,30,0
1540,17,3,23,1,4,6,10,20,0,90,0,0.58,10,0
804,11,1,11,20,0,7,7,8,5,60,0,0.41,20,0
1004,17,2,18,22,5,5,10,20,5,60,1,0.64,15,0
1440,19,1,1,22,4,2,10,18,1,120,1,0.24,15,0
1466,10,3,19,10,0,1,1,14,1,120,0,0.05,30,0
1069,19,3,29,13,0,5,5,16,5,90,0,0.91,15,0
1074,12,3,19,20,3,4,10,18,6,60,1,0.2,30,0
1321,6,1,5,22,3,6,10,18,5,120,0,0.83,10,0
1127,10,2,12,8,1,4,6,18,2,90,0,0.74,15,0
1353,7,3,28,6,1,5,7,14,0,60,1,0.4,10,0
1295,16,3,5,26,3,2,8,18,3,60,0,0.24,10,0
1370,12,2,0,5,1,6,8,10,0,90,1,0.85,10,0
1528,8,2,26,1,2,0,4,20,5,60,1,0.98,10,1
1291,12,1,21,21,4,7,10,8,1,90,1,0.48,15,0
1332,12,2,0,8,3,0,6,14,6,60,0,0.66,30,0
1213,17,2,15,23,4,6,10,10,2,120,1,0.25,10,0
952,8,2,19,9,0,5,5,10,5,90,1,0.81,10,0
1316,13,1,20,30,5,5,10,22,0,120,0,0.91,10,0
1572,12,1,23,11,4,3,10,10,6,60,1,0.01,20,0
1449,6,3,15,9,4,3,10,18,1,90,0,0.41,15,0
1575,8,2,20,24,1,7,9,14,2,60,0,0.57,15,0
1015,8,1,15,13,0,3,3,18,1,60,0,0.99,30,0
1134,14,1,12,8,1,5,7,22,2,120,0,0.14,30,0
1213,17,1,27,3,4,0,8,14,4,60,0,0.61,30,0
1398,6,3,9,30,3,3,9,22,2,60,1,0.47,10,0
1360,19,3,10,28,4,3,10,22,3,90,1,0.24,20,0
1409,16,3,8,20,0,5,5,20,5,60,0,0.91,20,0
1495,16,3,7,6,5,5,10,22,0,90,1,0.86,15,0
1023,17,3,19,0,1,5,7,14,3,120,0,0.66,15,0
1284,14,1,26,25,3,6,10,14,6,90,1,0.99,30,0
1294,18,3,22,29,3,2,8,16,5,120,1,0.72,10,0
950,13,1,23,3,0,3,3,16,0,90,0,0.8,30,0
812,18,3,20,29,5,5,10,14,2,90,1,0.71,10,0
1142,10,3,2,26,2,2,6,10,5,120,1,0.08,20,1
1122,6,3,9,3,1,2,4,10,6,90,0,0.27,10,0
886,16,1,3,21,0,0,0,14,0,120,1,0.73,15,0
1484,14,1,13,9,2,0,4,20,5,120,0,0.03,30,0
1517,9,2,11,3,4,7,10,22,1,90,0,0.29,20,0
1165,11,2,11,26,4,2,10,14,3,90,0,0.69,20,0
1347,19,2,11,18,3,2,8,10,0,90,0,0.12,10,0
1192,6,1,4,13,4,4,10,20,4,90,1,0.46,30,0
1243,17,1,18,5,0,2,2,18,6,90,1,0.25,30,1
1149,11,2,21,24,3,4,10,20,1,60,0,0.85,30,0
1255,20,1,2,12,1,5,7,10,2,60,0,0.98,15,0
1581,14,2,5,27,4,1,9,18,3,120,0,0.88,30,0
1148,15,1,20,14,5,2,10,16,2,60,0,0.08,20,0
1332,17,2,4,27,0,7,7,8,1,120,1,0.48,30,0
1485,14,2,9,20,5,0,10,16,4,90,1,0.25,15,0
1080,7,1,5,30,1,6,8,14,6,90,0,0.65,20,0
850,12,3,12,14,5,2,10,20,6,60,1,0.96,20,0
1271,10,1,22,10,2,0,4,10,3,90,0,0.12,30,0
800,11,2,15,23,0,4,4,22,3,120,1,0.67,15,0
1037,13,3,23,5,4,7,10,20,1,90,1,0.4,20,0
1244,10,1,19,13,2,3,7,22,6,120,0,0.62,20,0
1282,7,2,22,14,2,1,5,16,4,90,1,0.28,20,1
1338,15,3,12,3,5,5,10,22,0,120,1,0.01,10,0
1060,10,1,11,23,4,3,10,22,2,120,0,0.0,30,0
1485,19,2,1,25,5,7,10,20,3,60,0,0.9,20,0
1576,11,1,0,1,5,7,10,20,1,90,0,0.36,30,0
1082,18,3,4,23,0,2,2,18,0,60,0,0.96,20,0
1046,18,3,1,3,4,0,8,18,3,120,1,0.77,30,1
1104,7,1,23,13,0,0,0,10,3,120,1,0.27,30,1
875,19,3,18,20,5,4,10,10,6,60,1,0.15,20,0
1348,14,2,16,4,5,0,10,22,1,120,0,0.35,15,0
1596,18,2,11,25,2,2,6,10,0,90,0,0.81,20,0
1336,6,1,0,5,2,1,5,14,3,60,1,0.83,10,0
1416,11,3,9,13,3,2,8,10,4,60,1,0.96,10,0
1359,11,3,1,14,0,1,1,10,4,60,1,0.07,30,1
1052,11,2,14,12,2,4,8,18,5,120,1,0.89,30,0
1218,8,1,13,18,1,4,6,22,4,90,1,0.21,10,1
1495,8,1,22,19,3,6,10,22,0,90,1,0.2,30,0
1110,17,1,15,5,5,2,10,14,2,60,1,0.35,20,0
822,7,3,5,18,4,0,8,18,0,60,0,0.06,30,0
1051,19,3,21,1,0,1,1,18,4,60,1,0.72,20,1
1374,18,3,7,9,0,3,3,18,0,90,0,0.45,30,0
867,20,3,29,26,3,2,8,22,4,90,0,0.19,20,0
856,16,2,17,30,5,2,10,20,0,60,1,0.25,30,0
1486,18,3,9,20,1,7,9,14,1,60,1,0.49,15,0
809,10,3,4,3,2,5,9,10,4,60,0,0.24,10,0
1021,17,1,2,27,4,3,10,18,6,90,0,0.14,30,0
977,9,2,13,3,0,4,4,10,3,60,1,0.49,20,0
1197,8,3,14,17,4,2,10,10,2,90,0,0.96,20,0
1099,19,2,22,25,3,0,6,14,4,120,0,0.34,15,0
1091,13,1,26,29,3,0,6,8,6,90,1,0.09,30,0
1408,12,2,8,1,3,5,10,8,0,60,0,0.37,20,0
1599,7,2,24,1,3,7,10,8,6,90,0,0.08,10,0
1125,10,1,10,23,0,3,3,16,0,120,0,0.71,30,0
1517,15,3,4,25,1,1,3,8,5,120,0,0.44,20,0
1487,14,2,19,25,5,1,10,20,4,60,0,0.12,30,0
1244,19,3,26,13,0,3,3,18,6,60,1,0.49,30,1
952,12,2,13,25,0,6,6,8,2,120,0,0.07,30,0
822,11,1,7,10,0,0,0,20,3,120,1,0.07,10,1
1514,19,2,0,21,3,6,10,16,0,60,1,0.96,30,0
821,6,3,4,12,1,7,9,14,5,90,1,0.38,15,0
1478,11,1,20,14,2,7,10,16,1,60,0,0.94,15,0
1561,16,2,18,7,0,1,1,16,4,90,1,0.06,10,1
1404,15,1,11,15,2,1,5,8,3,60,1,0.3,10,0
996,10,1,17,26,3,5,10,22,5,90,1,0.2,10,0
1548,7,1,3,14,3,6,10,8,6,60,1,0.61,15,0
1224,7,2,8,1,4,5,10,16,4,60,0,0.23,15,0
1105,14,1,1,1,1,3,5,14,5,90,0,0.77,15,0
913,16,2,9,23,1,2,4,8,3,90,0,0.08,30,0
1594,18,3,24,2,1,6,8,22,5,90,1,0.25,30,0
1421,8,3,1,12,1,6,8,20,4,60,1,0.52,30,1
1572,16,1,19,15,0,3,3,8,0,120,1,0.74,15,0
1135,6,3,9,25,1,4,6,20,1,60,0,0.97,10,0
1509,14,3,5,17,4,2,10,18,0,90,1,0.31,30,1
844,16,3,10,29,2,3,7,10,1,60,0,0.32,20,0
1469,18,2,6,4,5,4,10,14,5,60,0,0.17,30,0
1326,16,3,3,26,0,5,5,20,0,120,1,0.73,10,1
1562,14,3,23,2,3,7,10,10,1,60,1,0.58,20,0
902,17,1,14,6,4,5,10,8,2,60,1,0.63,20,0
1234,13,3,9,2,2,4,8,20,0,120,1,0.42,30,1
1083,11,2,13,6,3,0,6,8,4,90,0,0.72,10,0
1032,18,1,0,12,1,4,6,8,4,90,0,0.17,15,0
1186,18,1,21,29,1,6,8,8,4,60,1,0.44,30,0
1253,12,2,29,4,1,7,9,18,5,120,1,0.04,10,0
1456,16,2,14,11,2,2,6,10,6,60,0,0.84,20,0
1447,20,1,3,5,1,2,4,18,0,60,0,0.75,15,0
1072,15,1,8,3,5,5,10,20,4,60,0,0.08,15,0
885,18,2,2,3,0,0,0,20,4,120,1,0.93,30,1
1216,18,2,19,25,5,3,10,14,3,60,1,0.87,10,0
1361,17,1,9,21,2,2,6,20,6,120,1,0.01,15,1
889,13,3,9,8,3,0,6,16,2,120,1,0.17,20,1
1421,20,3,8,21,4,7,10,16,1,120,0,0.38,10,0
1259,12,3,9,2,5,6,10,14,5,120,1,0.03,10,0
1156,8,3,11,1,3,3,9,22,6,90,1,0.11,30,0
1254,14,3,10,7,0,4,4,14,2,90,1,0.78,20,1
1460,15,3,29,29,5,1,10,18,5,90,0,0.84,20,0
1575,17,1,6,10,0,5,5,8,6,60,0,0.9,20,0
1324,20,3,22,3,3,2,8,16,5,120,1,0.17,10,0
1147,12,3,13,0,2,3,7,10,5,60,1,0.77,30,0
1183,12,1,20,16,1,5,7,16,4,60,0,0.77,30,0
1453,12,1,25,22,4,7,10,20,3,120,0,0.22,10,0
822,8,3,1,17,3,4,10,8,1,120,0,0.84,20,0
1460,17,1,1,23,5,3,10,8,4,60,1,0.46,15,0
1124,14,2,27,4,1,0,2,18,5,90,1,0.13,10,1
1264,13,2,26,16,3,0,6,10,2,90,0,0.48,10,0
891,19,3,21,20,3,0,6,20,4,90,0,0.85,15,0
976,16,3,11,11,3,7,10,18,3,90,1,0.75,10,0
1334,11,1,24,26,1,6,8,8,4,120,0,0.44,30,0
1600,19,1,12,10,3,6,10,18,1,120,1,0.47,15,0
1114,7,3,22,29,4,7,10,18,5,90,0,0.26,30,0
1323,16,3,5,10,4,6,10,16,5,60,1,0.12,20,0
1095,20,1,20,11,3,1,7,16,3,60,1,0.57,30,1
979,18,3,18,4,2,7,10,16,6,90,1,0.85,10,0
1069,12,2,19,18,4,3,10,8,2,60,0,0.59,20,0
1034,8,1,17,18,1,1,3,22,5,90,0,0.05,30,0
1584,18,2,8,17,1,3,5,20,4,120,0,0.43,10,0
1418,7,2,9,5,2,1,5,18,6,120,1,0.62,20,1
1482,12,2,21,29,3,1,7,22,6,90,1,0.87,15,0
1107,19,3,1,19,3,5,10,18,3,60,0,0.65,15,0
1080,20,2,8,21,5,5,10,22,0,60,1,0.31,10,0
1352,19,2,20,1,0,6,6,8,1,60,1,0.94,20,0
1044,18,2,7,26,2,6,10,8,2,120,1,0.32,30,0
1416,18,1,9,26,0,4,4,18,3,120,0,0.54,20,0
873,9,2,0,14,4,7,10,8,1,120,0,0.82,10,0
1086,7,1,16,4,3,0,6,16,5,60,1,0.53,10,1
1285,15,2,28,13,2,6,10,16,0,90,1,0.8,15,0
800,11,1,20,1,4,0,8,8,0,60,0,0.42,10,0
1505,12,1,1,30,0,1,1,18,4,60,1,0.83,30,1
804,17,3,19,1,4,0,8,22,2,60,0,0.15,30,0
1553,16,2,7,22,2,5,9,16,2,90,0,0.63,20,0
1592,6,3,15,18,5,4,10,22,1,120,1,0.85,15,0
928,6,1,2,30,1,5,7,22,1,60,1,0.82,20,0
1497,19,1,10,18,1,2,4,14,3,60,0,0.69,30,0
840,7,2,14,26,3,4,10,14,0,120,1,0.92,30,0
955,7,2,22,10,5,4,10,20,5,120,1,0.48,10,0
1236,16,3,18,22,1,6,8,20,0,90,1,0.38,15,0
1488,19,3,12,17,0,4,4,20,0,90,1,0.66,10,1
1450,10,2,27,14,0,0,0,14,5,60,0,0.49,15,0
1456,9,2,10,18,0,1,1,20,1,120,1,0.7,15,1
922,18,3,16,6,4,5,10,14,3,60,0,0.42,10,0
1237,7,3,19,19,5,5,10,22,4,90,0,0.35,15,0
1132,18,1,27,11,1,7,9,8,4,90,0,0.03,30,0
1166,15,3,18,28,2,4,8,14,0,120,0,0.73,20,0
1373,15,1,20,21,4,2,10,22,0,120,1,0.8,30,0
993,6,3,7,19,5,7,10,16,1,120,1,0.11,15,1
998,14,3,18,10,1,4,6,22,4,60,0,0.18,30,0
1030,15,3,23,13,2,3,7,14,2,90,1,0.01,20,1
1126,10,2,6,17,4,2,10,10,1,120,1,0.03,10,0
1256,6,3,22,18,2,7,10,22,2,60,0,0.43,15,0
1372,8,2,11,18,4,7,10,16,4,60,1,0.58,10,0
846,19,2,3,22,1,1,3,14,3,120,0,0.58,15,0
1008,16,3,12,23,5,3,10,14,2,120,1,0.17,30,0
1054,16,2,4,16,2,4,8,20,6,120,0,0.11,20,0
1181,13,2,16,23,3,3,9,18,3,120,0,0.37,30,0
1108,11,1,3,10,1,4,6,16,6,60,1,0.75,10,0
1469,6,1,24,6,0,0,0,10,2,120,0,0.86,30,0
1132,7,2,20,5,4,6,10,10,1,90,1,0.8,30,0
1597,17,3,28,7,3,0,6,20,5,60,0,0.61,20,0
1537,16,3,11,20,2,2,6,22,4,60,1,0.75,10,0
1276,19,3,5,26,3,0,6,8,4,120,0,0.21,30,0
1599,8,1,15,21,1,3,5,16,0,90,1,0.42,20,1
1599,10,3,15,18,2,3,7,8,3,60,0,0.93,15,0
829,12,1,8,22,4,0,8,16,1,90,1,0.22,20,1
1193,15,1,27,25,1,7,9,20,2,120,0,0.89,20,0
940,19,1,30,25,2,0,4,10,2,60,0,0.35,15,0
1527,19,3,9,11,0,3,3,22,6,90,0,0.37,15,0
1467,12,3,5,10,5,2,10,16,0,90,1,0.08,20,1
888,14,3,20,4,5,2,10,20,4,90,0,0.06,10,0
1022,12,3,2,6,4,2,10,10,1,60,1,0.83,20,0
1493,16,2,10,3,1,2,4,16,3,120,0,0.96,30,0
1347,12,2,0,30,3,6,10,14,2,120,0,0.76,30,0
838,13,2,3,7,5,5,10,20,4,120,0,0.72,15,0
890,8,3,19,18,4,5,10,8,0,120,1,0.73,10,0
1155,10,1,6,2,0,2,2,16,1,90,1,0.27,20,1
1204,12,3,15,9,3,5,10,14,0,90,1,0.31,10,0
1382,10,1,8,4,2,4,8,18,1,120,1,0.67,20,1
1559,18,1,2,11,2,4,8,16,5,90,0,0.69,30,0
1179,9,2,26,5,2,4,8,20,1,60,0,0.65,15,0
1231,6,1,18,15,5,4,10,22,4,60,1,0.46,30,0
1508,19,3,17,14,5,3,10,10,6,90,0,0.04,30,0
1204,19,1,2,1,5,7,10,22,3,60,0,0.16,30,0
1234,19,3,26,20,5,5,10,10,2,120,0,0.55,20,0
1275,15,1,21,14,1,1,3,14,4,90,0,0.64,20,0
1153,7,3,11,3,0,3,3,14,3,90,1,0.24,10,1
1066,14,3,0,16,0,2,2,20,3,60,1,0.7,30,1
814,6,1,24,3,0,5,5,16,6,90,0,0.94,10,0
1554,18,1,0,23,4,4,10,18,2,90,1,0.7,15,0
1417,16,1,26,26,4,1,9,10,2,60,0,0.8,30,0
1215,12,3,12,8,4,4,10,16,0,90,0,0.03,20,0
1127,8,3,29,14,5,1,10,16,5,60,0,0.27,10,0
1585,20,1,6,16,3,5,10,8,4,60,0,0.64,30,0
1531,20,1,15,7,2,5,9,20,4,120,1,0.12,30,0
1288,13,1,27,3,3,6,10,14,0,60,1,0.97,20,0
1377,11,1,30,8,2,4,8,16,4,90,0,0.53,10,0
1313,19,3,24,29,1,7,9,10,2,120,1,0.98,30,0
909,12,3,17,19,4,3,10,22,3,120,1,0.02,20,0
1366,20,1,24,21,0,2,2,16,0,120,0,0.4,20,0
1532,12,2,22,15,3,1,7,20,5,60,1,0.98,30,0
977,9,3,28,15,2,4,8,10,2,90,1,0.48,10,0
921,11,1,13,26,5,0,10,16,2,120,1,0.57,15,0
1144,14,3,6,18,3,4,10,16,4,60,1,0.9,20,0
1384,16,1,9,9,2,5,9,8,6,60,0,0.71,10,0
952,10,3,16,20,5,1,10,22,2,60,1,0.26,20,0
1317,15,1,11,25,4,6,10,14,2,90,0,0.8,15,0
1269,17,1,0,8,0,6,6,18,6,120,0,0.61,20,0
971,10,1,16,27,2,0,4,14,4,120,0,0.01,10,0
1204,13,1,27,16,5,7,10,16,1,90,0,0.51,15,0
1372,9,1,20,29,0,0,0,20,4,60,1,0.22,20,1
956,14,3,26,5,2,7,10,8,6,60,1,0.68,15,0
868,14,1,11,15,0,5,5,16,3,60,0,0.95,20,0
1046,18,2,7,19,3,6,10,20,4,60,0,0.39,20,0
1045,15,3,13,17,1,2,4,22,4,120,0,0.97,30,0
1397,7,3,10,14,0,7,7,18,1,60,0,0.69,10,0
1444,11,2,9,8,0,5,5,18,4,90,1,0.85,15,1
1472,19,3,14,10,5,3,10,20,5,60,0,1.0,15,0
1487,15,1,23,23,1,1,3,14,5,90,0,0.81,15,0
806,14,1,22,13,0,6,6,20,1,60,1,0.59,30,1
1038,7,1,27,0,4,2,10,8,6,90,0,0.41,10,0
993,9,2,5,17,4,5,10,16,6,120,0,0.1,30,0
1283,7,3,13,11,1,6,8,20,1,120,0,0.17,30,0
1230,15,3,1,25,1,2,4,20,5,90,0,0.56,30,0
1244,12,1,18,0,4,1,9,10,3,90,0,0.84,15,0
1537,15,3,2,21,3,5,10,20,6,90,1,0.21,20,0
847,16,3,5,4,5,0,10,22,5,90,1,0.66,15,0
822,7,3,4,8,4,0,8,22,3,90,0,0.28,15,0
1456,19,1,11,13,3,2,8,8,3,120,0,0.81,10,0
911,10,3,15,7,5,4,10,20,1,90,0,0.93,15,0
850,14,3,25,11,4,0,8,18,0,120,0,0.36,10,0
1274,19,2,21,17,4,6,10,10,1,60,1,0.54,30,0
1292,9,2,8,7,5,4,10,8,6,90,0,0.25,15,0
1460,20,1,27,4,4,0,8,8,3,120,1,0.37,10,0
1171,7,2,8,15,3,2,8,10,5,90,0,0.99,30,0
1202,16,2,9,14,4,4,10,20,3,90,0,0.22,20,0
819,10,2,16,24,5,0,10,20,6,60,1,0.69,30,0
1215,11,1,19,25,3,0,6,10,0,90,1,0.88,20,0
1218,15,3,25,6,5,6,10,10,1,60,0,0.61,20,0
1508,13,2,7,20,2,3,7,22,1,120,1,0.07,15,0
1223,9,1,13,3,4,3,10,22,3,120,1,0.65,10,0
1205,7,3,16,26,3,0,6,20,0,120,1,0.8,10,1
1221,20,2,20,18,4,3,10,14,5,60,0,0.33,20,0
1191,13,3,5,8,1,7,9,22,2,60,0,0.94,30,0
1568,14,2,5,20,3,1,7,22,3,120,0,0.19,20,0
1209,18,2,17,13,3,1,7,14,6,60,1,0.28,15,0
1184,7,2,10,28,4,0,8,18,4,120,1,0.69,10,1
860,19,1,11,3,4,2,10,18,0,90,0,0.17,20,0
1055,9,2,9,2,0,0,0,10,1,60,0,0.22,15,0
873,12,1,20,28,4,2,10,10,4,120,0,0.46,30,0
978,20,2,7,7,1,3,5,10,5,60,0,0.15,15,0
974,14,3,10,5,0,2,2,14,0,60,1,0.84,15,1
1077,7,2,30,9,5,6,10,8,0,90,1,0.8,15,0
1056,13,3,13,19,0,2,2,18,0,120,0,0.46,10,0
1074,20,2,1,21,4,2,10,8,6,120,0,0.77,30,0
1539,19,3,4,14,4,2,10,22,5,120,1,0.16,20,0
1018,15,3,6,22,3,4,10,14,1,90,1,0.05,15,0
1193,14,2,24,19,0,5,5,16,2,60,0,0.65,30,0
1139,15,1,3,4,2,3,7,22,6,120,0,0.97,10,0
1199,16,2,24,26,2,5,9,16,1,90,1,0.27,15,0
938,9,2,12,29,0,6,6,10,6,90,0,0.22,10,0
1411,16,2,6,21,5,3,10,20,5,90,1,0.33,10,0
1057,11,1,8,4,5,0,10,14,1,90,1,0.2,10,0
1460,13,2,23,3,1,1,3,20,5,120,1,0.7,15,1
1475,18,3,26,19,2,4,8,20,0,60,0,0.82,10,0
1523,8,3,27,13,3,6,10,18,2,60,0,0.48,10,0
1121,13,1,22,5,3,3,9,20,0,120,0,0.52,15,0
860,6,1,21,1,1,0,2,22,0,60,0,0.56,10,0
1380,8,3,28,5,0,0,0,10,6,120,1,0.51,20,1
917,20,2,3,14,4,2,10,16,2,90,0,0.8,30,0
980,17,2,27,4,4,5,10,20,2,90,0,0.51,10,0
1384,13,3,2,10,5,4,10,10,1,120,0,0.36,15,0
941,17,3,7,15,0,5,5,18,3,90,1,0.25,30,1
1019,8,2,27,4,2,6,10,16,0,90,1,0.18,20,0
1322,10,1,5,28,0,0,0,8,0,120,1,0.22,10,1
840,7,2,20,1,4,7,10,20,0,120,1,0.46,10,0
1060,17,1,0,5,2,1,5,18,1,90,0,0.5,10,0
1179,10,1,6,7,2,7,10,14,0,90,0,0.96,10,0
1568,9,2,30,5,5,1,10,14,0,120,1,0.44,15,0
1380,17,3,0,10,1,7,9,18,5,120,0,0.72,20,0
1306,8,3,22,15,3,4,10,20,6,60,0,0.42,15,0
1197,7,3,6,27,3,2,8,14,1,120,1,0.66,10,0
1274,16,3,6,22,4,5,10,18,1,60,1,0.88,20,0
1542,20,3,0,10,5,5,10,14,6,120,1,0.24,15,0
888,14,1,14,0,0,6,6,22,6,120,0,0.43,30,0
897,19,1,17,29,2,4,8,22,3,90,0,0.64,30,0
1415,14,3,16,18,3,2,8,18,3,90,1,0.22,15,1
1531,15,3,29,17,5,5,10,22,6,60,1,0.76,10,0
1114,15,3,12,22,1,5,7,10,2,120,1,0.88,10,0
1053,17,1,25,10,1,5,7,22,1,60,0,0.07,20,0
932,7,2,23,16,2,7,10,14,0,90,1,0.23,10,0
1421,19,1,29,29,5,6,10,10,0,120,1,0.77,15,0
907,10,2,14,5,3,5,10,14,1,90,1,0.74,10,0
920,15,3,29,29,5,4,10,16,5,60,0,0.42,10,0
818,13,2,21,10,1,5,7,14,5,120,1,0.12,20,1
842,20,3,11,10,0,1,1,8,6,120,0,0.86,15,0
815,12,3,3,11,2,7,10,8,0,90,1,0.54,10,0
1053,16,2,3,6,0,1,1,22,4,90,0,0.91,30,0
878,6,1,6,13,3,6,10,8,3,60,0,0.56,30,0
1434,14,3,2,24,2,4,8,20,5,90,1,0.97,10,0
1203,15,3,27,10,2,1,5,14,1,90,0,0.47,20,0
1481,6,3,0,3,3,1,7,14,1,120,1,0.26,15,1
1582,7,2,5,7,0,0,0,22,1,60,0,0.31,20,0
1594,16,1,27,1,4,2,10,10,2,60,1,0.51,15,0
868,7,2,18,12,1,6,8,16,3,120,1,0.91,20,0
1080,7,3,24,29,1,1,3,22,4,60,1,0.76,30,1
951,19,1,20,3,3,4,10,10,6,90,0,0.2,10,0
807,18,3,28,6,5,0,10,10,4,60,1,0.31,20,0
1423,10,3,4,16,1,1,3,8,1,60,0,0.34,30,0
813,20,1,5,21,2,4,8,10,5,60,1,0.01,15,0
1126,12,2,7,28,1,2,4,18,0,90,0,0.16,15,0
853,20,3,23,30,2,5,9,14,0,120,0,0.28,30,0
1533,14,3,24,17,3,1,7,14,4,60,0,0.03,30,0
1181,19,2,21,18,1,0,2,20,0,120,0,0.25,30,0
1127,16,2,13,25,3,6,10,8,1,90,0,0.56,15,0
997,10,2,7,26,0,4,4,16,0,90,0,0.49,10,0
1155,7,3,26,6,4,5,10,14,6,60,1,0.57,10,0
1575,12,1,20,23,0,1,1,10,4,90,0,0.32,30,0
1457,7,3,12,26,1,3,5,22,1,120,1,0.74,30,0
945,11,1,26,6,3,7,10,10,3,90,0,0.36,20,0
1415,6,3,9,21,4,3,10,8,0,60,1,0.31,20,0
1020,6,2,9,29,4,2,10,8,4,90,1,0.5,15,0
1279,14,3,16,22,4,0,8,22,0,120,0,0.15,20,0
890,20,3,1,27,3,2,8,18,6,90,1,0.14,20,1
977,20,1,26,6,0,6,6,20,2,90,0,0.79,30,0
1162,17,1,6,21,2,0,4,20,6,120,0,0.07,30,0
857,19,2,26,18,2,7,10,14,5,60,0,0.28,20,0
1068,17,3,26,23,4,2,10,16,0,120,0,0.29,30,0
1203,15,1,5,18,3,2,8,14,6,120,1,0.76,10,0
1292,16,1,3,15,3,5,10,18,0,90,0,0.05,20,0
1027,18,1,20,28,4,7,10,14,6,60,1,0.25,20,0
1435,6,2,0,28,0,7,7,14,0,90,0,0.24,30,0
1022,11,1,24,0,4,0,8,22,4,60,0,0.99,30,0
1508,14,1,21,18,4,5,10,18,0,90,1,0.62,30,0
1185,17,3,12,7,4,1,9,20,4,120,0,0.04,10,0
1312,17,1,28,15,1,2,4,22,0,120,1,0.12,10,0
1428,13,3,6,8,4,6,10,8,3,120,0,0.45,30,0
1120,10,2,24,25,0,7,7,20,5,90,1,0.5,30,1
1361,6,2,24,15,3,0,6,22,5,60,0,0.81,15,0
1373,18,3,17,11,4,7,10,20,4,90,0,0.58,10,0
1055,15,1,2,3,3,0,6,20,2,120,1,0.39,30,1
909,19,2,30,21,3,7,10,20,4,60,0,0.39,20,0
1337,7,1,21,7,5,5,10,10,4,120,1,0.74,20,0
1446,6,3,21,0,2,4,8,14,1,60,1,0.13,10,1
1092,17,3,7,26,0,6,6,20,3,90,0,0.56,20,0
825,9,2,21,28,5,4,10,8,1,120,0,0.43,30,0
1371,16,1,6,5,3,2,8,8,0,60,0,0.67,20,0
1320,15,2,15,4,4,1,9,22,2,90,0,0.32,15,0
907,15,3,24,6,3,2,8,10,5,60,0,0.77,30,0
944,17,2,0,30,3,6,10,8,1,90,0,0.99,20,0
1064,7,2,12,17,5,2,10,22,5,120,0,0.8,15,0
1295,16,3,18,19,5,4,10,18,5,120,1,0.86,10,0
1572,7,3,16,19,4,2,10,16,3,60,0,0.76,30,0
1260,10,1,16,20,3,5,10,16,5,60,0,0.79,15,0
1396,11,3,29,30,3,0,6,10,2,120,0,0.35,20,0
1017,10,1,15,12,0,7,7,18,5,120,1,0.39,15,1
1228,17,3,24,19,0,5,5,10,0,120,1,0.38,15,0
1091,13,2,14,8,0,5,5,22,2,90,0,0.63,15,0
1109,16,2,29,22,0,0,0,8,1,120,0,0.99,10,0
1110,9,3,8,30,1,0,2,16,2,120,0,0.07,20,0
1416,13,1,1,11,3,5,10,10,1,90,0,0.6,30,0
1444,14,1,14,11,0,0,0,18,3,90,0,0.51,15,0
1333,14,3,30,16,0,6,6,18,6,90,0,0.77,15,0
1342,8,3,15,16,5,1,10,20,3,60,0,0.94,20,0
986,14,3,17,3,2,1,5,10,3,120,0,0.51,10,0
1521,6,1,5,6,4,7,10,22,3,60,1,0.22,15,0
1098,11,3,11,2,3,3,9,18,4,120,0,0.18,30,0
1495,18,3,3,1,2,7,10,14,2,120,0,0.12,10,0
1430,14,1,13,13,5,0,10,20,6,120,0,0.72,15,0
1320,7,2,30,15,0,4,4,10,4,120,1,0.97,10,0
892,11,3,9,0,5,3,10,10,2,120,1,0.84,10,0
862,20,2,1,10,2,3,7,8,4,90,0,0.73,30,0
884,14,2,18,16,3,3,9,8,0,90,1,0.42,30,0
854,15,3,8,23,4,2,10,20,3,120,1,0.37,30,1
1414,11,3,12,19,3,2,8,16,6,120,0,0.71,15,0
1374,19,1,9,3,3,5,10,18,4,120,0,0.04,15,0
1149,6,1,30,6,3,6,10,16,0,60,0,0.83,20,0
1135,6,1,17,27,2,7,10,22,6,60,0,0.98,30,0
998,18,1,30,14,1,6,8,16,6,60,0,0.7,10,0
1489,7,3,0,19,2,5,9,22,4,90,1,0.66,15,0
831,7,1,0,26,3,3,9,8,6,120,0,0.38,20,0
1312,7,1,0,24,2,0,4,10,6,90,0,0.95,20,0
1462,13,2,30,24,1,6,8,8,6,120,1,0.53,20,0
1598,9,2,3,22,1,7,9,10,2,120,1,0.8,15,0
1097,9,2,16,27,1,2,4,18,6,60,1,0.45,15,1
1477,19,1,12,5,1,1,3,16,5,60,0,1.0,20,0
802,8,2,17,27,5,5,10,22,2,60,1,0.99,30,0
1508,18,3,1,16,4,0,8,16,5,60,1,0.85,30,0
945,18,3,16,26,5,2,10,8,6,90,1,0.09,30,0
1554,19,1,17,5,4,1,9,10,3,60,1,0.93,15,0
913,16,2,19,10,5,0,10,8,6,90,1,0.07,10,0
1237,6,1,20,1,5,1,10,10,1,60,0,0.36,20,0
1302,18,1,7,16,3,4,10,18,6,90,0,0.76,30,0
1384,20,3,0,22,1,2,4,14,0,120,0,0.22,30,0
1523,16,3,24,2,1,7,9,20,2,60,0,0.3,10,0
1124,18,2,0,18,4,5,10,10,6,60,0,0.76,30,0
804,11,3,17,18,4,2,10,16,0,60,0,0.67,20,0
1546,20,2,23,21,3,1,7,20,6,90,1,0.2,10,0
1155,6,1,7,26,3,1,7,22,4,90,1,0.45,20,0
1063,17,3,11,5,1,5,7,14,6,120,1,0.13,20,1
1173,6,2,26,11,1,4,6,8,0,60,1,0.64,10,0
1132,10,1,25,26,4,2,10,10,4,120,0,0.29,30,0
971,15,2,5,11,5,4,10,18,1,90,1,0.79,20,0
1265,8,2,6,9,4,5,10,22,6,90,0,0.05,15,0
1500,18,1,19,23,5,7,10,10,4,90,1,0.78,15,0
1354,12,2,2,18,4,2,10,18,2,120,0,0.27,30,0
930,6,3,20,9,1,4,6,8,0,60,0,0.72,10,0
908,18,3,6,1,5,1,10,22,0,60,0,0.39,15,0
1052,15,3,17,13,4,4,10,18,3,90,1,0.53,30,0
1005,10,3,16,3,2,3,7,18,6,60,0,0.17,10,0
1414,6,2,6,22,5,6,10,8,2,90,0,0.27,15,0
1222,18,3,9,22,5,4,10,14,5,120,1,0.75,20,0
1109,8,3,2,22,0,0,0,16,3,60,0,0.95,15,0
1448,19,1,7,5,3,1,7,22,2,60,1,0.1,20,0
820,16,2,8,29,3,4,10,22,6,90,0,0.53,15,0
944,14,2,1,2,2,4,8,20,5,120,1,0.57,20,1
1449,13,3,7,10,4,0,8,14,2,60,1,0.24,15,1
1254,20,2,1,24,0,6,6,20,5,120,0,0.1,15,0
1425,16,1,21,29,0,5,5,8,5,90,1,0.71,20,0
1585,14,3,30,24,0,7,7,18,6,120,0,0.2,15,0
833,20,1,28,18,1,7,9,14,6,120,0,0.78,10,0
1506,7,1,2,14,0,4,4,14,4,90,1,0.07,10,1
1011,10,1,1,5,4,0,8,16,0,90,0,0.83,20,0
1017,12,1,1,13,3,0,6,16,3,120,1,0.48,10,0
989,11,3,16,19,0,2,2,16,6,60,1,0.48,15,1
1207,14,3,10,22,5,7,10,18,6,60,0,0.79,15,0
1314,15,2,2,13,5,6,10,22,1,60,1,0.37,20,0
1225,13,2,22,15,4,7,10,18,5,60,1,0.9,20,0
925,20,1,13,21,5,6,10,18,0,60,1,0.21,10,0
1453,20,2,4,24,2,2,6,16,6,120,1,0.66,30,1
1383,20,2,13,16,3,0,6,8,3,120,0,0.5,10,0
1209,19,1,8,3,1,7,9,18,6,120,1,0.27,10,0
1097,20,3,30,28,3,0,6,10,4,60,1,0.09,15,0
871,20,1,2,11,2,7,10,22,5,90,0,0.07,15,0
812,20,3,21,15,4,4,10,18,0,120,0,0.75,20,0
1186,6,3,26,22,4,4,10,10,1,60,0,0.94,10,0
954,18,1,6,18,5,3,10,20,2,90,0,0.25,30,0
883,9,1,24,17,2,4,8,16,1,120,1,0.55,15,1
913,15,2,29,20,5,5,10,20,6,120,1,0.23,20,0
887,11,3,30,9,4,6,10,8,5,90,1,0.06,30,0
1219,10,2,2,4,2,3,7,14,5,120,1,0.64,15,0
1068,14,2,9,18,3,5,10,8,5,90,1,0.6,10,0
825,11,3,7,4,3,7,10,20,1,90,0,0.43,15,0
1558,20,1,2,14,4,2,10,22,5,60,0,0.61,15,0
1311,14,1,28,22,5,3,10,10,4,90,1,0.82,15,0
1068,11,1,2,13,5,1,10,20,0,90,1,0.09,10,0
1021,14,1,29,24,1,2,4,16,1,120,0,0.38,20,0
1323,14,1,26,8,5,6,10,22,0,90,0,0.98,20,0
1359,14,1,28,10,1,6,8,22,5,90,0,0.74,20,0
893,11,3,12,18,2,0,4,18,2,120,1,0.88,15,1
1409,15,1,20,14,4,0,8,22,3,90,1,0.1,20,0
1060,11,3,16,23,0,6,6,8,4,90,0,0.03,10,0
1020,12,2,2,4,1,0,2,8,3,60,1,0.45,10,0
1045,12,2,20,14,1,5,7,18,4,90,1,0.54,15,1
903,17,1,4,16,4,5,10,10,6,90,1,0.82,20,0
1050,6,1,20,29,4,4,10,10,3,90,0,0.4,15,0
1133,20,1,11,7,0,0,0,20,2,120,0,0.02,10,0
1098,11,1,2,1,0,2,2,14,4,60,1,0.45,20,1
1517,18,2,13,19,0,7,7,8,1,90,1,0.07,20,0
1222,19,3,22,3,3,2,8,18,2,90,0,0.14,10,0
1424,15,1,15,5,2,1,5,18,6,120,1,0.54,15,1
1045,9,1,1,13,2,5,9,20,4,90,1,0.07,20,0
1151,8,3,4,0,5,2,10,10,6,90,1,0.1,30,0
1267,16,1,1,2,1,0,2,18,2,120,1,0.69,30,1
986,16,3,8,17,4,3,10,10,5,120,0,0.09,30,0
1363,9,2,9,1,2,2,6,20,2,120,1,0.79,10,1
1559,20,2,0,20,2,6,10,14,1,60,0,0.05,20,0
810,18,3,2,10,3,2,8,16,2,60,1,0.7,30,1
974,8,3,17,28,1,2,4,14,0,90,0,0.51,20,0
995,7,1,6,10,4,4,10,18,5,90,0,0.99,20,0
895,14,2,9,8,3,2,8,22,0,90,0,0.31,30,0
1450,20,3,14,5,3,3,9,22,0,60,0,0.83,10,0
910,16,3,1,16,5,2,10,20,4,60,0,0.46,15,0
1341,20,2,24,20,3,2,8,18,0,60,0,0.99,30,0
1142,20,1,30,26,2,5,9,16,5,90,0,0.74,30,0
1184,7,1,14,4,3,7,10,20,5,120,1,0.73,20,0
1457,17,3,15,7,1,4,6,16,0,90,1,0.75,10,1
1157,6,1,22,2,0,2,2,14,0,120,1,0.51,15,1
1205,17,3,27,5,2,1,5,16,6,60,0,0.28,20,0
1471,17,2,20,26,1,6,8,16,2,90,0,0.96,20,0
994,8,1,5,17,1,7,9,22,1,60,0,0.01,30,0
1015,8,1,25,0,2,4,8,18,2,60,0,0.01,20,0
1021,10,2,8,12,1,2,4,16,5,120,0,0.5,30,0
957,13,1,8,24,1,3,5,14,3,90,0,0.68,20,0
1345,18,3,8,9,1,7,9,16,6,60,0,0.34,20,0
1384,15,2,25,17,2,2,6,20,6,90,1,0.58,20,1
1177,15,3,15,13,5,4,10,8,1,60,0,0.51,30,0
895,6,2,4,7,2,1,5,16,4,60,0,0.5,20,0
1562,19,2,26,24,3,4,10,18,2,90,1,0.67,20,0
1211,17,2,0,5,5,0,10,16,3,120,0,0.28,20,0
881,20,1,23,1,4,6,10,8,6,60,1,0.73,20,0
1523,14,2,26,15,4,4,10,18,2,60,1,0.69,15,0
1246,11,3,8,18,5,5,10,10,3,60,1,0.47,20,0
1078,15,2,2,10,4,7,10,14,2,120,0,0.34,10,0
977,8,1,23,19,2,1,5,20,4,120,1,0.66,30,1
1185,14,1,2,12,5,5,10,14,0,120,0,0.31,10,0
1336,13,2,19,18,0,5,5,16,2,120,0,0.06,30,0
1590,15,1,16,21,0,2,2,16,6,90,0,0.16,10,0
1551,18,3,24,7,2,2,6,22,6,90,1,0.9,30,0
1316,10,2,10,5,1,1,3,14,2,60,1,0.41,20,1
1428,15,1,23,15,1,5,7,22,5,120,0,0.03,15,0
834,7,2,1,9,1,6,8,22,1,120,1,0.37,30,0
1507,17,1,18,30,4,4,10,16,5,120,1,0.51,20,0
1268,12,1,11,0,5,5,10,16,2,120,1,0.36,15,0
1553,15,1,26,18,5,1,10,18,4,120,0,0.62,10,0
1152,10,3,26,8,3,5,10,10,4,60,0,0.36,10,0
1174,14,1,1,14,3,2,8,20,6,60,1,0.25,15,1
1208,6,1,24,8,2,2,6,20,0,60,1,0.72,20,1
1429,12,1,23,14,2,3,7,20,6,120,1,0.56,20,1
1354,11,1,14,0,0,3,3,20,2,60,0,0.23,20,0
1563,6,2,9,22,5,0,10,14,3,120,0,0.96,30,0
932,6,3,28,20,0,2,2,8,0,120,0,0.89,20,0
890,8,2,16,30,4,6,10,20,0,90,1,0.0,15,0
1120,6,3,5,30,5,0,10,8,0,120,1,0.34,30,0
887,13,1,16,24,5,2,10,16,0,60,1,0.94,15,0
1182,15,1,24,14,4,7,10,16,0,90,0,0.18,10,0
1345,19,3,28,6,0,1,1,8,0,120,1,0.98,20,1
950,11,2,1,27,0,3,3,14,5,60,0,0.28,20,0
1304,12,2,18,9,3,7,10,18,1,90,0,0.08,10,0
1220,17,3,8,12,3,6,10,20,5,60,0,0.44,15,0
1482,17,3,2,16,4,2,10,18,3,120,1,0.38,15,0
1099,11,3,20,9,4,5,10,8,3,90,0,0.94,30,0
1028,11,2,25,10,2,4,8,14,1,90,0,0.83,20,0
915,12,3,6,24,1,1,3,14,1,60,1,0.47,15,1
1330,6,1,5,14,0,5,5,14,2,90,0,0.17,20,0
895,20,1,8,7,1,0,2,22,5,90,0,0.03,30,0
1424,19,1,20,8,5,2,10,16,6,120,1,0.1,15,0
1188,16,2,13,6,2,5,9,10,4,90,0,0.61,20,0
1325,6,1,22,21,0,2,2,8,0,60,0,0.74,30,0
1324,11,2,24,18,3,5,10,20,1,60,0,0.48,30,0
1537,14,1,0,5,4,1,9,22,0,90,0,0.6,15,0
855,12,2,25,22,0,6,6,16,5,60,0,0.75,20,0
1379,8,3,24,19,0,7,7,18,1,90,0,0.1,30,0
1270,16,1,11,21,0,2,2,8,6,60,1,0.58,10,0
1448,12,3,0,27,4,4,10,10,4,120,0,0.83,10,0
1049,11,1,25,18,2,1,5,20,5,60,1,0.14,20,1
978,15,1,7,25,0,7,7,14,3,60,0,0.43,15,0
918,7,2,18,29,3,5,10,20,2,90,0,0.73,30,0
1363,6,3,17,10,2,7,10,16,1,90,0,0.75,30,0
988,11,1,3,28,3,4,10,8,5,60,0,0.45,15,0
855,17,2,11,22,5,7,10,14,0,120,0,0.62,30,0
821,17,3,22,7,3,7,10,18,6,60,1,0.26,20,0
1024,7,2,20,0,1,7,9,16,3,60,0,0.94,30,0
1482,14,3,20,28,3,2,8,18,6,90,0,0.77,20,0
809,6,3,6,2,5,2,10,10,2,90,0,0.43,15,0
1126,9,3,12,15,0,3,3,10,6,60,1,0.2,15,1
872,11,2,18,11,1,2,4,10,6,120,0,0.94,20,0
1411,17,3,21,2,0,5,5,20,0,120,1,0.04,30,1
1380,13,1,5,16,0,0,0,20,4,120,0,0.56,30,0
808,20,3,19,17,2,0,4,8,0,60,0,0.1,15,0
931,20,1,7,12,0,6,6,8,1,60,1,0.28,30,1
873,8,2,18,26,0,7,7,10,6,120,0,0.93,15,0
1511,10,2,25,26,3,6,10,18,0,120,0,0.05,15,0
881,15,1,14,18,5,0,10,14,2,90,0,0.01,10,0
1419,20,2,18,5,1,5,7,18,5,120,0,0.06,30,0
1015,16,1,25,9,4,7,10,18,6,60,1,0.32,10,0
909,10,2,7,0,0,1,1,8,5,90,1,0.03,20,1
907,8,3,2,1,3,5,10,10,2,60,1,0.76,20,0
1498,20,1,23,7,3,5,10,20,1,90,1,0.37,20,0
1421,7,1,20,17,1,6,8,22,6,90,0,0.31,10,0
1075,18,3,10,27,4,6,10,8,4,120,1,0.83,20,0
1470,18,3,10,8,5,7,10,10,6,120,0,0.65,10,0
1236,7,1,30,15,4,2,10,14,1,90,0,0.91,10,0
867,19,2,26,27,0,7,7,8,3,120,0,0.96,15,0
1592,18,1,28,15,0,1,1,14,3,90,1,0.21,10,1
893,11,2,1,10,2,7,10,20,0,60,1,0.24,10,0
949,18,2,26,22,3,7,10,20,4,120,0,0.67,15,0
1080,18,2,0,8,1,3,5,10,2,60,0,0.04,20,0
1072,7,1,29,16,2,2,6,22,4,90,1,0.47,20,0
942,12,1,23,7,5,3,10,8,1,60,1,0.42,15,0
887,20,1,20,14,2,1,5,20,5,90,0,0.71,20,0
903,12,3,24,4,5,7,10,16,6,60,0,0.4,30,0
1402,9,2,18,26,3,1,7,16,2,90,1,0.55,15,1
857,13,3,18,27,2,2,6,8,3,90,1,0.02,30,1
1081,14,3,6,28,5,7,10,8,2,60,0,0.19,30,0
994,16,1,15,8,4,1,9,20,3,90,1,0.23,15,0
924,17,3,5,14,1,5,7,18,6,90,1,0.22,20,1
1480,13,2,27,6,5,1,10,16,6,120,1,1.0,10,0
1235,16,2,14,28,5,5,10,20,3,60,0,0.33,20,0
1083,7,2,14,19,3,1,7,20,2,60,0,0.23,15,0
1516,14,1,1,19,3,6,10,10,1,60,1,0.85,20,0
1543,8,1,3,7,5,2,10,20,4,90,1,0.69,30,0
1023,8,2,18,29,4,6,10,8,4,120,0,0.87,20,0
1306,11,3,11,19,4,3,10,14,2,60,0,0.74,10,0
1587,20,1,19,8,5,0,10,18,2,90,0,0.44,10,0
1516,7,2,2,11,2,4,8,18,6,120,1,0.05,15,1
1500,20,2,4,29,1,6,8,20,0,90,1,0.56,30,1
1033,13,2,30,22,0,6,6,18,6,120,1,0.57,20,1
1223,11,1,25,2,2,7,10,10,2,120,1,0.38,30,0
1133,10,2,9,6,4,7,10,20,4,60,0,0.74,10,0
800,10,2,13,13,0,5,5,20,1,60,1,0.73,15,1
1107,13,1,6,28,0,5,5,10,0,90,1,0.71,10,0
1434,16,1,23,24,3,0,6,16,3,120,0,0.32,10,0
1521,16,1,27,5,5,1,10,22,0,90,0,0.88,10,0
1121,11,3,3,12,3,3,9,18,1,60,1,0.0,20,0
1428,19,3,6,10,3,3,9,10,3,90,0,0.21,10,0
1398,9,1,16,16,5,7,10,14,1,90,1,0.43,30,0
1156,20,3,5,12,2,3,7,16,4,120,1,0.92,30,0
1551,11,1,10,9,1,1,3,16,0,120,0,0.42,20,0
1528,15,3,10,18,4,2,10,22,5,90,0,0.92,20,0
1509,15,2,20,10,4,0,8,14,5,60,1,0.37,20,0
1376,15,1,8,19,5,5,10,20,0,60,1,0.11,10,0
880,6,3,19,23,4,7,10,22,5,60,1,0.57,10,0
1159,20,3,25,9,3,1,7,10,3,60,0,0.87,30,0
1235,15,2,24,30,5,1,10,20,4,60,1,0.72,15,0
1393,10,2,23,7,5,1,10,22,1,120,1,0.83,30,0
846,13,2,3,9,4,7,10,16,3,90,0,0.06,15,0
1345,12,2,8,23,0,6,6,22,0,90,0,0.76,20,0
846,19,2,28,29,3,2,8,22,2,90,1,0.69,10,0
989,20,3,20,29,1,4,6,8,6,120,0,0.55,30,0
1549,18,1,14,20,2,0,4,16,2,90,0,0.53,30,0
834,10,2,18,2,5,6,10,20,0,90,0,0.95,15,0
1290,17,2,20,17,3,4,10,10,1,120,0,0.36,10,0
839,18,3,25,21,2,3,7,16,2,120,1,0.74,30,1
1145,10,2,8,22,5,2,10,10,1,60,1,0.01,20,0
997,18,2,14,4,4,6,10,18,5,120,0,0.16,10,0
1137,8,3,22,18,2,6,10,8,5,90,0,0.94,20,0
1074,14,3,22,3,4,2,10,16,2,120,0,0.92,20,0
886,17,1,11,28,2,7,10,10,2,90,0,0.21,15,0
1109,11,3,22,23,2,0,4,18,5,120,1,0.19,20,1
1052,16,3,13,27,3,6,10,20,2,90,0,0.33,30,0
899,18,3,18,12,0,3,3,22,5,120,0,0.44,20,0
1292,17,1,15,3,1,0,2,20,4,60,0,0.66,30,0
1343,11,1,15,22,1,4,6,14,0,90,1,0.19,20,1
1527,7,2,2,14,0,1,1,18,4,60,0,0.08,15,0
922,13,1,7,12,5,1,10,10,1,120,0,0.02,10,0
1414,11,3,28,30,2,0,4,18,5,120,1,0.25,20,1
831,9,1,8,13,3,0,6,14,3,90,0,0.39,20,0
915,10,1,30,5,1,6,8,18,2,90,0,0.74,20,0
1321,19,2,22,20,3,1,7,22,5,120,0,0.15,15,0
1022,15,3,17,24,2,3,7,16,3,60,0,0.07,15,0
1447,20,3,2,17,5,5,10,8,5,90,1,0.65,10,0
1436,16,2,5,30,5,0,10,14,4,120,1,0.79,10,0
1361,8,1,24,8,0,2,2,22,4,120,0,0.33,30,0
1400,14,3,27,7,1,1,3,22,2,120,1,0.37,30,1
1445,14,3,24,13,1,1,3,14,3,120,1,1.0,10,0
1082,17,1,25,3,2,1,5,16,5,90,1,0.31,15,1
1587,7,3,3,27,5,1,10,20,1,90,1,0.25,10,1
1260,14,3,19,19,0,7,7,8,6,90,1,0.23,15,0
1433,8,1,5,16,1,1,3,20,0,60,0,0.86,20,0
953,9,2,21,26,4,4,10,8,3,120,0,0.57,15,0
966,11,2,2,14,3,1,7,18,2,60,1,0.31,30,1
1512,13,1,4,0,1,6,8,8,3,60,1,0.58,30,0
838,19,1,14,26,4,4,10,22,2,90,1,0.64,30,0
1480,13,2,21,6,0,4,4,8,5,60,0,0.71,15,0
1432,15,1,5,5,5,3,10,18,2,120,1,0.78,10,0
842,6,2,0,29,3,7,10,8,2,90,1,0.21,20,0
1240,14,3,21,1,0,0,0,18,5,120,1,0.78,20,1
1347,16,1,19,1,2,5,9,8,2,90,0,0.13,30,0
1448,12,1,1,11,3,2,8,20,2,120,1,0.15,15,1
1288,6,3,24,3,2,4,8,10,5,120,1,0.97,15,0
895,16,2,0,9,4,6,10,22,5,60,0,0.19,10,0
1306,13,1,28,12,5,2,10,18,1,120,1,0.35,20,0
1166,9,3,25,21,1,2,4,22,6,90,1,0.81,10,0
942,17,2,14,12,4,5,10,18,4,60,1,0.15,10,0
1576,6,3,19,13,3,4,10,8,3,60,1,0.69,10,0
1346,15,2,20,10,1,4,6,14,1,90,1,0.17,20,1
973,7,2,13,27,0,1,1,20,0,60,1,0.35,30,1
1553,15,3,22,8,1,2,4,20,1,90,0,0.25,20,0
965,12,3,29,5,4,3,10,16,2,60,1,0.41,20,0
1165,17,2,30,0,1,5,7,16,3,60,1,0.19,30,1
1067,7,2,29,27,3,5,10,16,0,90,1,0.96,20,0
1395,7,1,0,1,1,2,4,14,4,120,1,0.38,30,1
831,8,1,13,24,4,7,10,8,4,60,0,0.99,30,0
1227,17,2,3,29,3,3,9,18,1,60,0,0.47,30,0
898,9,1,25,29,1,7,9,8,5,90,0,0.22,15,0
949,12,3,1,2,4,7,10,20,1,90,0,0.5,15,0
1293,18,2,5,1,4,6,10,8,0,60,0,0.62,15,0
1498,10,1,12,20,2,4,8,20,3,120,1,0.87,15,0
1062,14,3,7,4,1,1,3,16,5,90,1,0.68,30,1
1538,10,1,11,4,0,3,3,8,2,90,1,0.97,10,0
1188,7,2,9,15,1,3,5,20,3,90,1,0.49,15,1
1091,10,3,19,16,2,6,10,14,3,60,1,0.37,30,0
1123,16,3,25,27,5,5,10,14,3,60,1,0.99,15,0
994,9,3,18,23,1,5,7,8,3,120,0,0.87,10,0
1226,14,1,3,22,5,2,10,18,1,120,1,0.03,20,0
887,9,2,19,1,3,0,6,22,3,90,0,0.36,20,0
961,19,2,25,26,5,6,10,10,0,90,0,0.01,30,0
1589,14,1,6,23,1,1,3,8,6,60,0,0.78,15,0
1457,18,2,19,17,5,4,10,8,2,120,0,0.49,20,0
1579,11,3,19,30,4,6,10,14,5,120,0,0.67,20,0
1336,18,1,8,24,2,5,9,22,0,60,0,0.43,15,0
845,13,3,26,7,1,5,7,18,5,120,1,0.45,20,1
874,8,3,23,5,5,5,10,22,1,90,1,0.64,20,0
1334,8,3,17,4,5,4,10,22,0,60,1,0.86,10,0
1475,13,1,26,20,0,1,1,20,5,90,1,0.22,10,1
1335,17,1,20,24,3,5,10,20,5,90,1,0.64,20,0
1435,9,3,5,4,4,3,10,10,0,120,1,0.83,15,0
995,8,3,19,7,0,0,0,14,4,120,0,0.42,20,0
1077,6,2,30,6,3,2,8,8,5,60,1,0.43,10,0
1555,11,3,5,23,4,2,10,10,2,120,1,0.25,15,0
1175,18,2,19,14,0,6,6,18,4,60,1,0.89,20,1
1486,10,1,7,6,0,1,1,14,5,60,0,0.65,10,0
839,7,1,29,23,2,1,5,8,6,90,1,0.79,20,0
1574,18,3,23,30,1,4,6,18,5,90,0,0.94,30,0
926,9,2,27,9,3,6,10,10,4,60,1,0.2,30,0
1144,12,2,21,13,0,1,1,22,0,60,1,0.65,10,0
1103,17,1,2,4,3,2,8,22,2,120,0,0.61,30,0
1161,6,1,16,17,5,7,10,10,1,120,0,0.44,20,0
1111,15,3,22,11,3,2,8,16,2,90,1,0.97,30,0
1366,18,1,5,2,5,6,10,16,1,60,1,0.15,20,0
1242,16,3,6,14,1,0,2,8,2,90,0,0.8,20,0
1165,19,3,2,10,0,7,7,20,4,120,0,0.44,15,0
1507,18,2,1,5,0,4,4,10,0,90,0,0.09,15,0
1025,17,2,4,4,2,2,6,18,1,60,1,0.26,15,1
1436,16,1,29,14,0,2,2,10,5,60,0,0.16,20,0
1019,16,1,29,0,3,2,8,10,6,60,1,0.85,20,0
1075,20,2,8,1,2,1,5,10,5,90,1,0.63,30,0
857,11,2,8,25,4,0,8,8,2,90,0,0.87,15,0
1388,16,2,9,19,1,0,2,18,5,120,0,0.8,15,0
1547,8,1,11,6,5,2,10,18,6,60,0,0.24,10,0
886,14,2,22,3,3,2,8,16,5,90,1,0.99,10,0
1400,14,1,14,16,3,2,8,20,0,60,0,0.66,20,0
1297,16,1,9,1,1,2,4,16,2,120,0,0.01,10,0
1566,17,1,16,21,1,5,7,14,1,90,0,0.08,30,0
1457,20,1,14,30,0,3,3,18,5,120,1,0.45,15,1
1471,12,1,24,6,1,3,5,22,3,60,1,0.19,10,0
1192,13,3,27,0,1,3,5,20,0,90,1,0.04,10,1
816,11,1,10,4,0,6,6,10,1,120,1,0.36,15,1
906,18,1,30,18,4,6,10,14,5,90,1,0.08,15,0
1084,7,3,3,5,4,1,9,20,6,120,1,0.76,30,0
852,12,1,10,27,1,6,8,22,5,60,0,0.66,10,0
1331,10,3,14,16,3,7,10,22,3,90,0,0.07,10,0
1496,15,1,30,6,5,2,10,8,3,120,1,0.99,20,0
1293,9,1,12,19,2,6,10,10,4,90,0,0.9,10,0
1167,14,3,4,25,0,1,1,8,0,60,1,0.43,20,1
1349,6,3,17,5,3,3,9,10,3,90,1,0.78,15,0
872,17,2,28,16,4,3,10,16,2,90,1,0.64,20,0
1324,12,3,10,17,3,3,9,20,1,90,1,0.3,20,1
1035,9,3,25,14,5,2,10,10,2,60,1,0.15,15,0
1390,15,3,29,25,0,1,1,18,5,90,1,0.19,10,1
898,19,1,15,11,4,6,10,14,4,120,1,0.75,10,0
1186,13,3,28,14,5,2,10,10,4,90,0,0.51,10,0
1325,8,2,30,21,4,5,10,20,2,120,0,0.06,10,0
1030,20,3,28,0,0,2,2,8,6,120,0,0.9,20,0
1213,17,1,6,1,1,7,9,10,6,120,1,0.59,15,0
1301,17,2,1,29,1,3,5,22,4,60,0,0.23,15,0
1422,19,3,28,27,0,6,6,20,5,120,1,0.82,10,0
1568,11,1,10,12,1,3,5,14,0,60,0,0.23,20,0
1383,8,3,1,22,0,3,3,22,6,60,0,0.2,20,0
953,8,3,18,18,2,1,5,18,5,120,0,0.82,15,0
928,11,2,10,0,5,4,10,20,4,90,1,0.7,20,0
1585,20,2,11,13,4,0,8,10,1,90,1,0.28,15,0
927,16,2,15,9,1,4,6,16,4,90,1,0.42,15,0
958,13,1,6,4,4,6,10,8,2,60,0,0.06,30,0
920,18,1,4,3,3,0,6,14,6,60,1,0.57,20,0
826,20,3,9,6,1,7,9,10,2,60,1,0.31,10,0
1428,19,2,17,5,3,6,10,18,4,60,1,0.69,10,0
1472,12,2,4,1,5,7,10,14,1,90,1,0.68,30,0
1286,13,3,9,30,1,5,7,8,0,120,0,0.43,30,0
1372,13,1,2,18,3,7,10,14,5,90,1,0.34,15,0
880,12,1,21,29,3,7,10,8,3,120,1,0.86,20,0
1159,7,2,25,9,0,3,3,22,1,120,0,0.88,15,0
1098,13,2,7,25,3,6,10,22,3,120,0,0.16,20,0
1219,7,3,9,25,2,5,9,14,2,60,0,0.81,30,0
1586,11,2,24,18,2,3,7,18,5,120,0,0.09,20,0
1250,6,3,28,11,5,6,10,14,3,60,1,0.97,30,0
988,9,1,16,10,2,4,8,20,2,60,1,0.77,20,1
1087,15,1,15,9,3,0,6,20,4,120,1,0.74,30,1
1353,14,1,16,24,5,4,10,22,4,60,1,0.58,10,0
1560,11,2,22,27,3,2,8,18,4,90,0,0.4,15,0
1534,9,2,23,28,5,1,10,22,6,120,1,0.14,30,0
1064,13,2,26,17,4,0,8,18,1,120,1,0.8,30,1
1227,7,2,14,5,0,0,0,10,1,120,0,0.62,10,0
964,6,1,30,2,2,5,9,8,0,90,0,0.28,20,0
1115,6,1,19,1,1,7,9,10,1,90,1,0.16,15,0
1110,9,1,11,12,4,6,10,20,5,60,1,0.65,10,0
1374,8,1,29,1,0,6,6,16,4,120,0,0.68,20,0
1202,9,3,28,10,2,5,9,16,2,60,0,0.39,10,0
1258,18,2,19,14,5,0,10,8,6,120,0,0.95,10,0
1317,6,2,14,19,5,4,10,18,6,120,0,0.35,20,0
1332,10,3,29,16,4,2,10,14,4,120,0,0.89,10,0
1573,16,3,20,5,3,2,8,14,6,120,0,0.64,20,0
908,12,3,18,10,0,6,6,14,3,60,0,0.23,20,0
890,11,2,4,18,3,4,10,20,1,120,1,0.41,30,0
919,16,3,27,1,1,3,5,10,6,120,1,0.56,30,1
1343,17,1,17,22,4,7,10,8,3,120,1,0.49,10,0
1151,20,1,18,2,5,7,10,16,2,120,0,0.54,15,0
1434,8,2,14,22,3,4,10,22,5,60,0,0.11,20,0
1447,6,3,21,22,4,6,10,22,6,120,0,0.65,15,0
1208,12,3,19,18,2,7,10,8,2,60,0,0.52,15,0
1134,12,2,4,7,0,6,6,22,2,60,0,0.62,30,0
1048,18,2,12,21,5,1,10,22,0,120,1,0.32,30,0
824,13,3,25,29,3,3,9,18,6,60,0,0.28,20,0
1291,17,3,29,18,1,6,8,18,1,120,1,0.51,30,1
1142,7,2,1,12,5,1,10,22,5,120,1,0.05,15,0
1135,7,3,21,11,3,3,9,8,0,120,1,0.29,20,0
935,10,3,7,9,4,3,10,20,0,60,1,0.37,30,0
1117,11,1,6,9,5,5,10,16,4,60,1,0.01,15,0
1329,19,3,10,19,4,6,10,22,6,90,1,0.53,20,0
1333,20,1,22,16,5,5,10,20,1,60,0,0.3,30,0
1100,16,1,4,7,3,2,8,20,4,120,0,0.31,20,0
1460,11,1,3,30,2,0,4,16,4,120,1,0.75,10,0
814,18,3,0,12,3,4,10,16,5,60,0,0.95,15,0
835,19,3,3,2,0,6,6,20,5,60,0,0.87,10,0
1553,11,2,23,12,2,1,5,22,4,120,0,0.65,15,0
1395,16,3,21,14,0,7,7,20,6,60,1,0.61,15,0
896,6,2,13,2,5,2,10,8,4,120,1,0.69,15,0
1171,19,2,15,21,0,7,7,18,4,60,1,0.62,20,1
1078,13,1,21,11,0,2,2,20,0,60,0,0.55,30,0
1442,18,2,22,28,2,0,4,18,4,60,1,0.04,20,1
1016,6,2,20,30,4,4,10,16,0,90,0,0.89,20,0
923,11,1,27,7,3,1,7,22,5,60,1,0.82,15,0
1235,20,1,3,30,1,7,9,20,6,120,0,0.46,10,0
1302,12,1,5,29,5,4,10,8,1,120,1,0.24,20,0
1587,12,3,17,14,4,5,10,14,1,120,0,0.03,30,0
939,18,3,2,13,4,6,10,16,0,120,0,0.14,15,0
1355,13,3,30,4,2,0,4,18,1,120,1,0.03,10,1
886,19,2,1,9,3,6,10,14,0,60,0,0.86,10,0
1184,6,2,0,6,1,6,8,8,6,60,1,0.26,15,0
1260,10,3,29,30,2,6,10,18,4,120,1,0.94,15,0
1292,19,1,30,30,2,7,10,8,3,60,1,0.43,20,0
1436,15,3,15,18,4,6,10,18,6,90,0,0.86,20,0
1476,11,1,12,15,1,2,4,10,3,60,0,1.0,15,0
994,20,1,18,2,4,6,10,10,5,120,1,0.71,10,0
941,14,2,8,29,4,2,10,18,5,60,0,0.77,15,0
881,16,3,29,14,4,1,9,10,1,60,1,0.63,20,0
997,9,2,3,14,2,6,10,20,2,90,1,0.63,30,0
907,17,3,9,14,0,4,4,10,5,120,1,0.09,30,1
918,16,2,5,8,0,5,5,10,4,90,1,0.45,15,0
864,9,1,30,22,1,6,8,8,2,60,1,0.64,30,0
1108,14,3,29,12,3,1,7,20,0,90,0,0.59,30,0
1030,17,1,30,6,1,4,6,8,3,60,1,0.86,30,0
971,15,1,20,15,0,5,5,22,0,60,1,0.14,20,1
1172,16,3,26,5,3,3,9,14,2,60,1,0.5,10,0
884,17,3,27,24,1,6,8,10,1,90,0,0.91,20,0
1518,19,2,14,2,2,6,10,22,3,120,0,0.83,15,0
1149,6,2,13,2,3,1,7,16,0,60,0,0.49,10,0
1083,18,2,3,2,4,5,10,16,1,120,0,0.42,10,0
1217,16,3,13,20,0,3,3,8,1,60,0,0.86,30,0
1060,12,3,12,27,4,3,10,14,0,120,1,0.08,15,0
1089,19,2,22,3,0,2,2,16,1,60,0,0.04,10,0
1243,20,3,11,16,5,2,10,10,4,60,0,0.01,20,0
1195,9,2,29,16,0,6,6,18,2,90,1,0.93,10,1
1247,16,3,21,18,5,1,10,14,5,120,0,0.69,15,0
864,8,1,6,23,5,0,10,18,5,60,1,0.22,30,0
1005,16,2,10,13,3,5,10,16,4,90,1,0.77,15,0
832,15,2,17,26,1,2,4,16,5,90,0,0.9,20,0
1094,12,2,25,23,3,7,10,8,0,120,1,0.77,20,0
1357,10,3,30,21,0,6,6,22,2,120,1,0.59,20,0
1097,7,2,16,26,3,0,6,14,1,90,1,0.22,20,1
1419,15,3,16,30,2,0,4,10,0,120,0,0.5,15,0
1066,10,3,18,23,0,0,0,18,6,60,1,0.87,20,1
960,8,1,30,17,2,3,7,20,6,60,0,0.67,10,0
1282,10,3,14,9,5,5,10,10,2,120,0,0.12,30,0
1464,10,3,20,26,0,2,2,20,5,90,1,0.19,20,1
1395,13,3,5,17,0,4,4,16,3,90,1,0.42,20,1
1419,20,1,4,11,0,6,6,14,6,120,1,0.26,30,1
1464,20,1,28,2,5,7,10,20,1,60,1,0.52,10,0
1210,12,2,11,10,1,4,6,18,4,90,0,0.03,20,0
1237,14,2,26,22,3,3,9,8,2,60,0,0.05,20,0
1016,12,2,26,20,3,7,10,10,3,60,0,0.41,30,0
1194,7,3,30,4,4,4,10,14,0,90,0,0.37,15,0
1230,6,1,29,17,3,0,6,20,4,120,1,0.48,30,1
1344,13,1,30,11,4,4,10,22,6,90,1,0.81,20,0
978,14,3,11,29,1,5,7,16,2,90,0,0.94,30,0
1217,11,1,15,7,2,6,10,14,2,60,0,0.76,10,0
1310,17,2,18,25,3,6,10,22,3,120,1,0.71,10,0
1128,12,3,20,6,0,7,7,20,2,120,0,0.34,30,0
1439,13,2,20,29,3,6,10,22,4,60,0,0.8,10,0
974,13,1,24,24,0,3,3,16,1,90,1,0.99,15,1
1131,11,3,10,15,4,2,10,14,1,60,1,0.95,10,0
985,19,3,2,3,4,0,8,16,2,60,1,0.62,30,1
1268,17,3,9,8,3,7,10,14,6,120,0,0.67,10,0
1157,6,1,3,17,1,7,9,22,1,90,0,0.11,10,0
1506,12,3,24,15,5,7,10,8,6,60,1,0.39,20,0
1258,15,1,29,17,5,0,10,10,4,60,0,0.89,10,0
1529,13,3,18,25,2,2,6,16,6,120,1,0.9,10,0
1453,9,1,20,0,2,5,9,8,1,120,1,0.81,10,0
1554,12,3,30,14,0,6,6,8,1,90,0,0.1,10,0
899,6,3,14,6,2,5,9,22,1,90,1,0.37,10,0
946,13,3,22,2,0,5,5,20,5,60,0,0.31,30,0
1488,13,3,20,27,4,4,10,8,2,90,1,0.59,10,0
1318,12,3,9,14,3,2,8,14,5,120,1,0.45,15,0
1001,10,2,27,20,0,7,7,18,4,60,1,0.48,10,1
1495,16,1,1,6,3,6,10,14,0,60,1,0.45,30,0
879,13,3,18,6,4,6,10,18,2,120,1,0.96,30,0
1572,9,3,5,8,3,7,10,8,5,90,1,0.77,10,0
1029,7,1,15,20,5,7,10,10,0,90,0,0.8,10,0
1166,15,1,8,26,1,6,8,20,0,120,0,0.59,10,0
1527,11,3,3,21,3,3,9,18,5,90,1,0.09,15,0
1358,11,3,16,18,0,3,3,22,0,120,0,0.75,10,0
922,19,3,10,19,5,7,10,10,6,90,0,0.29,10,0
1532,16,2,15,27,2,1,5,16,3,60,0,0.24,10,0
1019,17,3,20,30,4,7,10,18,3,120,1,0.51,30,0
981,18,2,6,26,3,2,8,14,5,120,0,0.43,30,0
1144,8,1,23,23,2,6,10,10,3,60,0,0.66,30,0
995,9,2,23,13,0,3,3,20,5,60,1,0.14,30,1
878,15,2,26,7,2,3,7,8,5,90,1,0.77,10,0
1326,13,1,12,21,1,4,6,14,6,120,1,0.82,20,0
1325,9,3,18,25,5,7,10,14,0,60,1,0.23,15,0
993,16,2,13,20,4,2,10,20,4,90,0,0.44,10,0
873,8,2,15,3,0,1,1,8,1,120,0,0.65,15,0
1025,7,1,5,18,3,7,10,20,2,90,1,0.17,30,0
1483,15,2,29,12,5,2,10,20,2,60,0,0.2,30,0
1211,9,2,16,17,5,3,10,8,1,60,1,0.42,10,0
945,16,1,22,15,4,6,10,18,4,90,0,0.2,15,0
1579,17,2,23,22,2,5,9,20,2,120,0,0.44,20,0
1064,14,3,20,3,3,6,10,8,2,120,1,0.83,10,0
827,14,3,24,24,1,6,8,18,5,60,0,0.31,20,0
1411,6,3,8,15,1,1,3,14,6,120,1,0.38,15,1
1513,11,1,11,27,4,5,10,20,4,60,0,0.91,20,0
860,8,1,16,3,2,0,4,22,5,90,0,0.6,30,0
1040,7,1,6,3,5,2,10,20,2,90,0,0.59,15,0
1470,18,2,16,19,1,6,8,14,4,90,1,0.63,20,0
1281,6,1,30,22,5,7,10,10,3,120,1,0.21,30,0
1068,17,2,22,25,3,3,9,22,3,90,0,0.25,15,0
1347,12,2,21,0,0,1,1,8,0,120,0,0.58,10,0
989,17,3,23,30,0,0,0,16,4,90,0,0.93,30,0
1421,6,1,0,10,0,0,0,18,6,120,0,0.18,15,0
906,8,3,11,4,4,5,10,14,1,120,0,0.92,15,0
1599,15,3,2,25,1,5,7,10,4,120,0,0.25,15,0
1355,17,2,10,21,5,7,10,18,6,90,1,0.62,15,0
1546,6,1,30,7,2,6,10,8,0,60,0,0.02,30,0
1328,9,2,4,22,2,1,5,20,2,60,1,0.42,15,1
1514,20,3,25,23,1,3,5,14,3,60,0,0.58,30,0
1127,6,3,4,19,4,0,8,16,6,120,1,0.93,10,0
1158,8,2,29,1,0,2,2,20,3,90,0,0.73,15,0
1408,20,2,20,24,3,6,10,14,1,90,1,0.3,30,0
1222,13,1,18,4,1,4,6,16,4,60,0,0.12,15,0
1502,8,2,17,16,0,7,7,16,0,120,0,0.59,15,0
1289,6,2,21,11,1,6,8,16,0,60,0,0.12,15,0
1021,19,2,30,28,4,2,10,18,6,60,1,0.69,10,0
958,8,3,16,6,5,5,10,20,4,90,1,0.45,20,0
925,16,1,26,9,0,4,4,10,4,90,0,0.71,15,0
1045,19,2,23,23,5,1,10,8,2,120,0,0.48,10,0
960,10,3,28,22,5,5,10,10,4,90,0,0.22,20,0
1230,18,1,22,29,1,2,4,8,0,60,1,0.48,10,0
872,13,1,21,28,1,6,8,10,6,120,0,0.71,10,0
1497,16,1,22,27,5,0,10,16,5,90,0,0.23,20,0
1154,12,2,3,5,1,0,2,8,3,90,1,0.93,15,0
834,8,1,24,4,0,6,6,16,1,60,1,0.45,15,1
1401,11,3,19,9,4,3,10,10,4,120,1,0.3,30,0
1077,7,1,12,13,1,0,2,14,4,90,0,0.78,15,0
1337,8,1,7,2,3,7,10,16,6,60,1,0.74,15,0
1015,11,3,25,8,3,1,7,16,5,120,1,0.83,20,0
1286,20,3,10,17,3,0,6,16,3,120,1,0.38,10,1
1408,19,2,20,30,4,5,10,22,0,90,1,0.39,30,0
1014,14,2,23,5,1,3,5,18,4,90,0,0.77,10,0
1478,7,2,18,29,2,0,4,20,2,120,1,0.42,30,1
854,9,2,13,22,1,3,5,20,4,60,0,0.34,20,0
1180,13,3,2,15,4,4,10,16,1,60,1,0.12,20,0
1476,12,2,9,14,0,2,2,10,3,90,1,0.88,10,0
1434,20,1,8,5,2,4,8,20,5,90,0,0.74,20,0
1564,19,1,13,27,5,7,10,14,4,90,1,0.53,20,0
1600,18,3,7,18,3,0,6,22,2,120,0,0.8,10,0
1325,8,1,26,3,4,1,9,14,4,90,0,0.97,10,0
1375,13,3,18,13,1,4,6,20,6,90,0,0.41,10,0
1552,19,3,17,5,2,7,10,20,4,60,0,0.16,30,0
1345,18,1,24,0,5,1,10,16,4,60,0,0.72,15,0
1544,18,3,18,17,4,0,8,20,4,90,1,0.85,15,0
1290,13,3,14,15,0,5,5,14,5,60,0,0.92,10,0
1348,7,3,20,19,3,2,8,14,5,90,1,0.41,20,0
1524,15,1,10,27,1,4,6,22,4,120,1,0.36,30,1
1057,10,2,2,1,0,5,5,18,4,90,1,0.36,20,1
1142,20,2,4,6,1,1,3,16,4,60,1,0.69,10,1
906,19,3,20,12,2,3,7,20,2,120,1,0.07,10,0
1310,6,1,19,15,1,7,9,10,0,60,1,0.36,20,0
1498,10,2,18,23,3,2,8,16,0,90,0,0.27,15,0
1432,10,1,23,14,2,7,10,10,1,60,1,0.07,15,0
1456,12,3,9,8,3,5,10,22,2,60,1,0.75,30,0
937,9,2,4,21,1,2,4,10,4,120,0,0.33,20,0
1366,10,2,12,26,5,3,10,16,5,90,0,0.53,20,0
1461,8,3,10,29,4,4,10,10,3,60,1,0.57,10,0
1344,7,2,16,0,4,4,10,18,5,120,1,0.49,30,0
1442,8,2,7,17,3,2,8,14,4,120,1,0.19,15,1
985,7,2,27,28,4,3,10,10,3,90,0,0.41,10,0
1072,9,1,26,12,4,5,10,10,3,90,0,0.29,10,0
1417,19,2,20,25,0,2,2,22,1,120,1,0.74,30,1
821,9,2,20,17,4,3,10,22,6,60,0,0.4,20,0
1431,19,3,30,22,1,2,4,8,3,90,1,0.62,20,1
1425,16,3,30,26,3,7,10,10,6,120,0,0.74,10,0
943,7,3,12,2,4,7,10,10,5,60,0,0.07,15,0
1413,8,2,3,17,1,2,4,20,4,60,1,0.26,30,1
1152,6,2,11,0,2,6,10,22,0,120,0,0.93,15,0
1058,13,1,8,2,0,6,6,16,1,120,1,0.71,20,1
844,12,2,26,13,0,4,4,16,6,120,0,0.98,30,0
1596,13,2,29,23,4,6,10,18,1,120,0,0.11,15,0
1507,16,3,27,14,5,3,10,18,2,60,1,0.22,30,0
1292,10,1,6,1,5,4,10,22,2,60,1,0.45,20,0
940,19,2,6,16,1,7,9,22,6,60,0,0.8,10,0
1301,7,3,6,13,5,5,10,22,6,120,0,0.63,10,0
1242,7,3,6,10,2,4,8,18,3,120,1,0.28,10,1
803,13,3,19,22,5,2,10,22,1,90,1,0.32,10,0
1264,8,2,22,8,5,5,10,16,6,60,0,0.49,15,0
1504,16,3,4,30,0,4,4,16,3,60,0,0.52,15,0
1504,10,1,17,0,1,1,3,20,6,60,1,0.79,10,1
1254,11,3,29,5,3,5,10,18,4,60,1,0.64,20,0
1373,14,3,22,22,1,1,3,18,4,120,1,0.38,15,1
1249,7,3,30,30,2,0,4,20,4,120,0,0.31,15,0
1155,18,3,1,17,0,5,5,20,3,120,0,0.44,15,0
1461,15,1,20,20,4,2,10,18,4,60,0,0.53,15,0
1074,17,1,17,0,5,1,10,8,5,120,0,0.71,15,0
1538,14,3,12,10,0,3,3,22,0,90,1,0.4,20,1
1468,11,2,10,3,4,4,10,20,6,60,0,0.53,10,0
1114,15,1,0,12,3,6,10,10,6,120,0,0.13,10,0
1246,6,1,30,4,1,7,9,20,3,120,1,0.35,10,0
1171,18,2,28,22,4,5,10,10,5,60,0,0.25,30,0
1273,20,3,20,9,1,2,4,8,2,120,1,1.0,15,0
1303,13,2,28,24,0,3,3,8,5,120,0,0.67,15,0
955,19,3,15,25,1,1,3,20,2,60,0,0.67,30,0
1319,6,3,3,9,3,3,9,14,2,60,1,0.65,30,0
1235,16,3,10,9,0,7,7,18,0,60,1,0.95,10,0
1142,13,3,3,3,1,2,4,22,3,120,0,0.87,20,0
1234,20,2,5,20,2,7,10,18,1,60,0,0.76,30,0
1340,10,2,11,25,3,5,10,14,1,60,0,0.2,15,0
802,11,2,24,25,5,3,10,16,0,120,1,0.04,10,0
1303,7,1,15,26,3,7,10,8,4,60,0,0.1,20,0
1466,12,1,16,4,5,2,10,22,0,120,0,0.44,30,0
1161,16,2,10,25,2,2,6,18,1,120,0,0.49,30,0
1043,9,3,1,5,1,3,5,22,0,120,1,0.94,20,0
1572,7,3,2,2,3,0,6,18,5,120,1,0.65,15,1
1589,19,1,13,9,4,4,10,22,1,60,0,0.45,10,0
1322,17,1,5,10,1,4,6,14,4,90,0,0.97,30,0
983,12,3,4,30,0,5,5,20,5,120,1,0.41,10,1
1393,8,1,2,5,2,4,8,22,2,60,1,0.06,20,0
1093,10,1,27,18,3,1,7,18,4,60,1,0.7,15,1
868,11,1,7,8,4,3,10,20,5,120,1,0.72,30,0
1403,15,2,3,27,4,1,9,10,1,60,1,0.52,15,0
1581,19,2,8,25,4,5,10,18,0,90,0,0.76,30,0
1206,16,2,4,30,1,3,5,16,4,60,0,0.84,10,0
1106,17,2,5,0,0,0,0,18,0,60,1,0.46,30,1
1450,14,1,3,1,2,6,10,16,5,120,0,0.21,10,0
1229,12,2,4,11,3,7,10,8,2,120,1,0.95,20,0
998,11,1,11,12,2,0,4,10,6,90,1,0.08,15,1
1565,10,3,10,10,3,4,10,8,2,90,0,0.48,10,0
845,16,3,25,6,3,0,6,18,3,120,0,0.26,10,0
1478,18,3,13,11,3,7,10,10,4,90,1,0.84,20,0
1481,14,3,1,23,0,1,1,20,1,90,0,0.61,10,0
1150,20,1,5,28,0,5,5,20,6,120,1,0.2,30,1
829,18,2,0,22,5,2,10,14,2,120,0,1.0,30,0
886,15,2,18,8,2,2,6,18,1,120,0,0.33,15,0
1314,15,2,0,3,5,0,10,14,1,120,0,0.19,20,0
1005,10,3,22,24,2,7,10,14,3,90,1,0.71,20,0
1453,9,2,30,6,1,2,4,22,2,120,0,0.22,20,0
1206,13,2,16,29,5,1,10,16,5,120,0,0.71,15,0
1207,11,2,2,2,2,1,5,18,3,60,1,0.75,30,1
1266,13,3,9,4,3,5,10,18,3,120,1,0.23,15,1
835,7,2,28,26,0,1,1,8,2,60,0,0.06,10,0
1370,9,3,24,24,5,7,10,10,6,90,0,0.75,15,0
1538,10,2,25,6,0,7,7,18,4,60,0,0.25,30,0
1048,16,3,26,29,3,3,9,16,4,120,1,0.61,30,0
1364,13,3,1,0,0,7,7,20,2,90,0,0.54,15,0
935,8,1,19,15,2,0,4,10,4,60,0,0.08,20,0
1053,6,1,11,30,5,0,10,8,4,60,0,0.97,15,0
927,16,1,11,1,1,5,7,10,4,60,0,0.68,10,0
1114,10,2,20,18,3,5,10,22,6,120,1,0.62,30,0
1513,16,2,10,8,2,5,9,22,1,60,0,0.55,20,0
1393,11,2,26,8,4,6,10,10,2,120,1,0.06,15,0
985,15,2,25,1,3,0,6,18,5,60,0,0.97,20,0
1133,8,3,15,13,0,0,0,10,2,60,1,0.27,20,1
880,17,3,27,8,1,4,6,10,2,120,0,0.79,10,0
1599,19,2,17,11,1,6,8,18,1,60,1,0.59,20,1
1432,16,1,8,14,1,7,9,10,2,90,1,0.2,30,0
1038,14,2,11,20,5,6,10,8,5,120,0,0.54,30,0
1040,16,2,5,22,2,7,10,22,4,90,1,0.16,15,0
1151,16,2,13,4,1,7,9,18,1,90,0,0.55,20,0
1130,11,1,22,26,3,2,8,14,6,60,0,0.94,15,0
1500,17,3,19,29,3,5,10,10,4,60,1,0.95,30,0
1544,16,2,2,16,4,1,9,14,4,90,0,0.15,30,0
1401,17,1,11,12,1,5,7,14,4,60,1,0.33,20,1
996,10,3,23,28,3,7,10,8,4,120,1,0.23,15,0
1447,15,1,21,2,1,1,3,8,0,60,0,0.81,15,0
1489,14,3,20,1,2,2,6,8,3,60,1,0.5,20,0
1053,10,2,1,8,5,0,10,10,0,90,1,0.18,30,0
1089,19,2,15,4,5,2,10,16,3,120,1,0.25,10,0
914,13,1,5,17,1,7,9,14,0,120,0,0.83,30,0
808,18,2,16,10,4,5,10,18,1,120,1,0.55,30,0
954,20,2,3,19,3,7,10,20,0,120,1,0.53,30,0
1519,13,2,8,30,5,1,10,8,4,90,1,0.4,30,0
1471,10,3,26,8,4,7,10,20,4,60,1,0.72,30,0
881,18,1,5,22,3,6,10,22,5,60,0,0.59,10,0
914,18,3,24,11,3,3,9,20,0,90,1,0.15,10,0
1403,7,1,8,21,1,7,9,14,6,90,1,0.41,30,0
1184,12,2,29,25,2,2,6,8,4,120,1,0.38,20,1
1152,19,1,14,1,3,3,9,8,4,60,1,0.27,15,0
873,6,1,21,0,4,0,8,20,0,90,1,0.29,20,1
1014,12,3,2,19,1,5,7,10,4,90,0,0.3,30,0
1332,11,3,17,18,5,3,10,20,6,120,0,0.68,20,0
1593,8,2,12,5,5,4,10,16,0,60,0,0.68,30,0
859,8,2,28,28,1,3,5,20,3,120,1,0.77,10,1
817,15,3,29,5,5,2,10,22,0,120,1,0.57,15,0
1444,11,1,15,22,2,1,5,14,2,90,0,0.36,20,0
1226,6,2,17,23,5,1,10,8,4,90,0,0.22,30,0
910,9,2,24,14,2,3,7,14,1,90,1,0.83,10,0
951,20,2,25,29,1,6,8,18,2,120,1,0.68,15,0
997,7,1,8,26,2,3,7,18,5,60,0,0.77,30,0
1289,6,3,25,6,4,5,10,22,5,90,0,0.43,20,0
899,12,1,19,16,2,1,5,20,6,90,1,0.69,15,1
853,17,1,17,13,0,6,6,14,5,90,0,0.14,10,0
934,7,3,8,1,3,6,10,16,3,60,0,0.29,10,0
1258,14,1,9,7,1,6,8,22,0,90,0,0.74,15,0
863,8,2,17,26,1,6,8,22,5,120,1,0.79,15,0
1488,10,1,12,30,1,3,5,22,2,120,1,0.96,10,0
910,13,2,29,19,2,3,7,18,3,90,1,0.57,30,1
1445,12,2,9,6,1,1,3,20,1,90,1,0.49,20,1
1189,6,3,0,0,3,3,9,20,3,90,0,0.18,10,0
1114,20,3,2,19,4,1,9,20,0,60,1,0.02,20,0
992,13,1,22,24,5,3,10,14,0,60,0,0.43,15,0
1006,16,3,25,4,3,1,7,14,3,120,1,0.77,30,0
1280,7,2,18,16,1,6,8,14,4,120,1,0.52,30,0
1523,18,1,16,2,1,4,6,16,2,90,1,0.93,10,0
1460,19,1,8,18,0,2,2,14,3,120,0,0.16,30,0
1585,14,1,13,13,2,0,4,8,3,90,0,0.92,10,0
918,17,1,0,21,1,7,9,20,4,60,0,0.16,10,0
1236,19,3,30,21,3,1,7,14,3,120,1,0.63,10,0
996,18,1,4,16,3,1,7,20,1,120,0,0.12,30,0
1551,11,1,11,5,5,4,10,22,1,120,1,0.2,15,0
946,20,1,30,2,3,0,6,20,2,60,1,0.95,30,1
1548,14,1,8,15,4,4,10,8,1,90,1,0.13,30,0
1380,13,1,11,23,1,2,4,16,6,120,1,0.41,10,0
912,12,3,29,22,3,1,7,18,0,120,1,0.47,30,1
941,8,1,2,8,3,1,7,8,5,120,1,0.13,30,0
1156,9,1,0,12,3,7,10,22,1,120,1,0.9,20,0
1287,17,2,11,30,3,2,8,14,6,90,0,0.47,30,0
927,20,3,24,10,5,5,10,8,3,120,1,1.0,10,0
816,7,3,8,17,2,5,9,16,2,120,0,0.22,30,0
1248,17,2,3,2,2,6,10,14,0,90,1,0.21,15,0
966,17,1,11,29,1,6,8,8,5,120,0,0.96,15,0
924,10,1,1,19,0,2,2,8,3,120,0,0.55,30,0
1417,7,1,8,16,4,7,10,22,0,120,0,0.76,15,0
1374,14,3,15,22,1,4,6,20,0,120,0,0.79,20,0
1047,8,2,0,28,2,0,4,20,6,90,0,0.1,10,0
1567,20,3,30,2,5,1,10,10,3,120,1,0.68,15,0
1087,19,3,25,28,0,7,7,14,1,60,1,0.95,20,0
1058,14,3,10,3,0,1,1,8,1,60,0,0.79,15,0
1075,6,2,16,2,2,2,6,16,5,90,0,0.17,30,0
1121,15,1,28,29,2,7,10,14,2,120,0,0.95,20,0
1432,20,2,17,24,3,6,10,10,1,60,1,0.43,20,0
976,15,2,21,28,2,2,6,10,2,90,0,0.86,30,0
1158,9,3,30,27,5,6,10,22,3,90,1,0.22,15,0
922,18,1,4,29,3,3,9,20,2,120,0,0.06,10,0
953,10,2,27,11,3,7,10,22,6,120,0,0.92,30,0
1479,13,1,5,24,0,4,4,16,6,90,1,0.85,10,0
882,16,2,23,17,5,2,10,10,6,90,1,0.76,15,0
925,14,2,10,21,5,7,10,14,2,60,0,0.45,30,0
1307,18,3,6,12,3,6,10,8,5,90,1,0.52,30,0
1388,15,3,24,25,1,6,8,10,5,60,0,0.32,15,0
1462,15,1,0,11,2,3,7,8,3,120,1,0.69,10,0
1075,6,2,27,18,1,2,4,22,1,90,0,0.86,30,0
1245,17,2,0,24,3,4,10,8,3,90,1,0.16,30,0
1216,9,3,0,0,1,3,5,8,1,90,1,0.53,30,1
1316,6,2,14,12,3,7,10,20,2,120,0,0.98,15,0
1489,16,3,2,4,4,7,10,18,2,90,0,0.58,20,0
1337,16,3,20,6,4,6,10,8,6,120,0,0.95,20,0
1130,10,1,9,1,2,4,8,20,5,60,1,0.83,15,0
1132,11,3,17,1,4,1,9,22,3,120,1,0.6,30,0
1491,8,3,17,30,3,3,9,16,0,90,0,0.77,10,0
1490,9,2,6,11,4,3,10,18,4,90,0,0.32,10,0
853,6,3,13,6,0,0,0,22,6,60,1,0.24,10,1
1214,12,2,19,7,3,3,9,22,2,60,0,0.03,15,0
1331,6,1,12,3,5,5,10,18,6,120,1,0.2,10,0
1416,8,2,21,8,0,2,2,10,2,120,0,0.15,20,0
1272,7,2,20,10,5,1,10,14,0,90,0,0.98,20,0
1090,14,3,11,19,4,7,10,20,0,60,1,0.63,10,0
929,7,1,16,13,4,6,10,22,0,120,0,0.97,15,0
1378,10,3,19,15,2,2,6,20,3,120,0,0.14,10,0
1087,8,2,0,16,1,7,9,14,3,60,0,0.42,20,0
1104,9,1,20,15,1,0,2,18,0,60,0,0.4,10,0
1549,9,3,1,8,0,0,0,20,2,60,1,0.23,10,1
1087,13,2,15,6,0,0,0,20,4,60,1,0.29,30,1
876,19,3,23,24,0,5,5,18,5,90,0,0.89,30,0
1276,10,2,7,2,5,4,10,14,6,60,0,0.73,15,0
907,15,1,6,30,3,1,7,20,3,90,1,0.22,20,1
1059,7,3,4,13,1,2,4,20,6,120,1,0.18,30,1
1441,18,3,13,6,2,5,9,18,3,60,1,0.2,20,0
1442,17,3,6,10,1,2,4,16,5,90,1,0.87,10,0
1296,12,2,13,29,0,6,6,14,2,90,0,0.64,20,0
1073,10,3,10,23,0,7,7,16,2,60,1,0.75,15,1
987,13,1,17,8,4,7,10,16,0,60,0,0.66,20,0
1437,10,3,26,4,3,0,6,22,3,120,0,0.88,30,0
1468,7,1,2,23,4,7,10,10,4,90,0,0.15,10,0
1332,8,1,29,24,5,6,10,14,3,60,0,0.53,15,0
1218,14,2,15,17,3,0,6,20,0,90,0,0.26,15,0
1568,15,3,29,17,5,1,10,20,4,90,1,0.47,10,0
1105,10,2,8,20,5,3,10,20,0,90,1,0.18,10,0
1278,16,3,1,29,1,2,4,20,3,120,0,0.57,10,0
1392,18,3,28,24,4,5,10,10,3,90,1,0.45,30,0
1439,9,1,9,28,5,5,10,22,0,60,1,0.54,15,0
1298,14,2,19,30,4,6,10,8,0,90,1,0.14,10,0
1343,14,2,20,16,4,0,8,22,5,90,1,0.02,30,0
1322,14,2,7,18,4,5,10,20,6,120,0,0.98,10,0
1345,7,2,19,23,5,3,10,14,0,60,1,0.77,15,0
1342,19,2,18,29,0,5,5,18,3,60,0,0.74,30,0
1567,13,2,30,17,0,0,0,18,5,120,0,0.24,20,0
1249,11,2,3,0,0,3,3,8,3,120,1,1.0,10,0
1546,18,3,6,18,1,3,5,18,0,90,1,0.08,15,1
1446,10,1,4,19,2,2,6,20,4,60,1,0.97,30,1
1100,11,1,7,17,2,5,9,10,2,90,1,0.11,30,0
1007,11,2,3,17,4,2,10,18,2,60,0,0.82,15,0
1583,18,1,30,19,2,1,5,10,0,120,1,0.27,30,1
1354,16,3,15,1,4,7,10,14,6,90,1,1.0,10,0
1434,6,3,12,3,2,3,7,14,6,90,0,0.84,10,0
1350,8,1,5,20,0,1,1,8,2,60,0,0.77,20,0
1497,16,3,13,20,0,1,1,14,0,90,0,0.36,20,0
1295,14,3,8,30,0,4,4,14,6,120,1,0.29,15,1
1152,11,3,29,14,4,5,10,16,3,90,0,0.39,15,0
1110,20,2,15,14,4,7,10,10,1,60,0,0.57,20,0
1259,20,2,7,1,5,4,10,22,2,60,1,0.83,30,0
1077,20,3,15,27,0,3,3,8,2,60,1,0.57,30,1
886,15,3,4,16,1,7,9,20,4,120,0,0.04,20,0
846,10,2,10,14,5,0,10,22,4,120,1,0.3,10,0
1068,19,1,15,9,2,0,4,8,5,120,0,0.69,20,0
1414,11,3,27,7,0,5,5,16,6,120,0,0.6,30,0
1127,19,1,12,8,2,7,10,18,2,120,1,0.73,15,0
1427,13,2,5,27,0,0,0,18,4,120,1,0.89,20,1
1554,17,2,28,30,1,0,2,18,5,90,0,0.23,20,0
911,20,3,0,8,3,7,10,8,4,90,1,0.23,20,0
1562,16,2,5,12,1,3,5,18,5,60,1,0.09,20,1
890,9,2,21,1,0,7,7,14,4,120,1,0.1,30,1
1065,7,1,10,23,2,1,5,18,4,90,0,0.52,10,0
1495,17,2,8,17,3,7,10,10,4,90,1,0.31,30,0
1388,9,3,20,11,5,2,10,14,1,120,1,0.82,30,0
810,10,2,10,14,0,7,7,10,6,120,1,0.95,10,0
1168,18,2,24,17,5,7,10,10,4,120,0,0.0,10,0
1351,18,3,22,17,0,2,2,8,4,60,0,0.58,15,0
1183,11,3,28,7,1,5,7,18,3,120,1,0.01,15,1
936,7,1,28,20,2,4,8,22,3,90,0,0.73,10,0
1473,12,2,19,20,5,4,10,14,4,90,0,0.76,10,0
1288,10,1,6,18,4,1,9,20,2,120,1,0.26,15,0
949,14,3,15,8,1,4,6,16,3,60,1,0.1,30,1
922,19,3,7,19,3,0,6,18,1,120,0,0.07,30,0
1546,8,3,25,23,1,4,6,8,3,90,1,0.91,15,0
1320,20,3,21,13,4,0,8,14,3,60,0,0.95,15,0
927,13,3,28,10,3,2,8,16,4,60,0,0.22,15,0
1548,18,1,2,4,2,6,10,20,3,90,1,0.95,15,0
1248,15,3,17,18,0,0,0,20,4,90,0,0.51,20,0
1374,11,1,11,22,4,6,10,18,6,120,0,0.21,15,0
970,16,1,5,9,4,5,10,14,1,120,0,0.58,10,0
992,8,2,6,13,0,4,4,14,1,120,0,0.34,20,0
1316,15,2,24,21,5,2,10,16,3,120,0,0.76,10,0
1094,19,3,13,30,3,5,10,8,2,90,0,0.51,15,0
1035,8,2,13,17,0,6,6,16,1,120,0,0.36,30,0
900,19,2,14,13,3,4,10,16,3,60,0,0.88,20,0
1220,17,2,1,18,2,4,8,16,4,90,1,0.8,10,0
851,10,2,19,13,1,6,8,10,2,90,1,0.41,30,0
1460,14,1,18,12,4,1,9,18,1,120,0,0.0,30,0
909,13,3,12,21,4,2,10,8,2,90,1,0.51,30,0
1363,6,1,5,29,3,3,9,14,3,60,1,0.66,10,0
1474,9,2,7,2,5,7,10,16,3,60,1,0.0,15,0
1168,18,2,30,25,4,4,10,8,6,90,0,0.73,30,0
863,7,2,11,0,3,5,10,18,0,90,1,0.83,20,0
1284,11,2,10,29,1,6,8,20,3,90,1,0.25,10,0
1135,19,2,14,0,4,1,9,18,0,90,1,0.35,10,0
1273,10,3,6,29,4,1,9,22,4,120,0,0.25,10,0
812,15,2,12,24,1,4,6,22,2,120,1,0.22,15,1
888,13,3,16,8,0,5,5,8,5,90,1,0.87,10,0
1572,18,2,26,11,4,6,10,10,6,60,0,0.41,20,0
1005,17,3,18,28,3,2,8,8,5,120,1,0.38,10,0
999,15,1,4,14,5,2,10,16,5,120,1,0.78,20,0
1537,17,1,3,27,2,5,9,14,3,120,0,0.43,30,0
1498,11,2,4,1,4,6,10,10,0,90,1,0.43,20,0
937,20,1,14,0,0,0,0,8,6,120,1,0.46,20,1
1261,20,3,12,5,0,0,0,18,0,120,1,0.24,30,1
838,8,1,18,23,3,2,8,18,3,120,1,0.05,20,1
1080,6,3,24,27,4,7,10,14,6,90,0,0.43,20,0
898,12,3,16,20,3,2,8,8,2,60,1,0.51,10,0
1475,18,2,16,3,2,1,5,8,4,120,0,0.95,20,0
945,17,2,14,11,5,6,10,18,0,90,0,0.2,20,0
1107,17,3,21,1,5,4,10,18,3,60,1,0.01,30,0
868,13,3,22,16,2,7,10,14,5,60,1,0.4,20,0
1000,7,2,5,0,4,2,10,14,6,120,0,0.64,15,0
1404,14,1,10,2,3,2,8,18,0,90,1,0.73,15,1
1559,16,2,19,30,3,6,10,22,6,90,0,0.82,10,0
873,8,3,7,22,2,4,8,18,1,60,1,0.63,10,1
823,14,1,22,15,0,0,0,14,1,90,1,0.62,20,1
866,15,2,11,4,4,4,10,14,2,90,0,0.38,30,0
1279,12,3,19,15,4,0,8,10,1,120,0,0.93,20,0
1372,7,3,10,27,0,0,0,8,0,90,1,0.6,15,1
1493,11,2,2,18,4,3,10,10,0,120,0,0.43,20,0
1405,11,2,5,7,3,6,10,10,3,120,1,0.95,30,0
1516,13,1,10,30,3,3,9,16,5,60,0,0.85,30,0
943,19,2,4,23,0,7,7,18,4,60,0,0.67,10,0
1075,10,3,29,14,5,4,10,16,3,120,0,0.84,20,0
1556,13,1,12,1,2,4,8,22,4,60,0,0.35,15,0
1599,16,1,16,1,1,0,2,18,4,120,0,0.16,15,0
1176,8,1,9,29,4,4,10,16,6,120,0,0.15,20,0
1395,13,2,17,15,5,2,10,16,4,90,1,0.32,20,0
1555,19,1,30,11,5,2,10,18,2,60,0,0.3,20,0
1049,16,2,4,8,3,4,10,22,2,60,0,0.04,20,0
1374,6,2,29,7,5,3,10,8,5,120,1,0.29,15,0
1302,14,1,26,20,3,2,8,14,6,120,1,0.79,15,0
1351,18,3,20,30,2,2,6,8,2,120,1,0.46,20,1
1288,19,2,15,12,0,2,2,22,6,90,1,0.05,10,0
909,20,2,6,5,0,5,5,20,2,120,0,0.94,30,0
968,7,2,25,17,4,7,10,18,2,90,0,0.75,10,0
1174,12,3,23,24,1,6,8,20,0,90,1,0.53,15,1
1380,14,2,14,24,2,5,9,14,1,60,0,0.85,15,0
1116,13,3,5,30,5,0,10,20,4,60,1,0.16,20,0
1483,11,1,11,16,4,3,10,18,2,60,1,0.57,15,0
1587,9,2,9,3,5,1,10,20,0,60,0,0.25,20,0
919,7,2,15,6,3,4,10,20,6,120,1,0.43,15,0
1444,16,1,1,5,0,5,5,14,6,90,0,0.24,15,0
1457,10,3,14,10,4,4,10,22,1,90,1,0.0,30,0
1470,18,3,27,0,3,2,8,20,5,60,0,0.16,20,0
903,11,3,19,10,5,5,10,10,6,60,0,0.26,10,0
1512,10,1,9,12,4,6,10,10,3,60,0,0.58,30,0
1078,18,1,5,8,4,5,10,16,6,120,0,0.6,10,0
925,7,1,18,2,4,7,10,22,6,90,0,0.43,20,0
917,20,1,24,2,3,2,8,10,6,90,1,0.39,15,0
1333,6,3,0,3,1,1,3,16,0,120,1,0.09,10,1
1036,12,1,25,2,1,4,6,16,4,60,0,0.77,10,0
1026,17,1,23,16,5,7,10,22,5,60,1,0.85,10,0
1324,11,2,1,12,5,7,10,8,2,120,0,0.36,15,0
988,6,3,3,0,5,7,10,20,1,120,1,0.88,15,0
1576,7,1,13,4,0,2,2,18,6,120,0,0.41,20,0
837,10,3,12,7,5,6,10,14,6,120,0,0.54,15,0
1435,6,1,3,3,4,6,10,8,6,120,0,0.58,10,0
1213,12,2,13,10,5,0,10,22,4,90,1,0.88,20,0
1135,11,2,6,16,0,0,0,18,0,90,0,0.57,20,0
1206,11,3,11,3,1,7,9,22,4,90,0,0.49,20,0
1163,14,1,9,7,0,2,2,10,6,120,1,0.35,15,1
1296,10,2,21,27,5,6,10,10,5,60,1,0.8,30,0
1346,11,2,10,24,3,6,10,8,2,120,1,0.55,10,0
1263,12,1,27,19,0,2,2,18,3,90,0,0.92,15,0
896,14,2,18,11,5,0,10,16,2,90,1,0.23,30,0
1454,7,3,16,29,3,2,8,10,2,60,1,0.97,10,0
1382,11,3,12,28,0,5,5,22,5,60,1,0.98,10,0
1106,16,2,18,20,5,1,10,10,1,90,0,0.33,20,0
1022,14,1,28,18,0,5,5,18,5,120,1,0.57,15,1
1340,15,1,23,1,2,1,5,20,6,60,0,0.6,15,0
1401,9,3,12,29,1,5,7,18,2,60,1,0.02,15,1
1054,19,2,6,27,1,6,8,8,4,120,0,0.51,30,0
985,18,1,17,17,2,6,10,22,5,120,1,0.4,20,0
1103,16,3,13,23,1,0,2,10,5,120,1,0.22,30,1
1570,15,2,16,1,0,0,0,20,6,90,0,0.41,20,0
1364,16,3,9,2,3,5,10,20,0,60,1,0.93,15,0
1436,17,3,6,3,4,7,10,10,5,60,0,0.87,30,0
1321,15,1,19,15,3,7,10,20,0,90,0,0.35,10,0
1381,15,2,5,18,0,3,3,8,3,120,1,0.42,20,1
1514,11,3,15,9,5,1,10,14,2,60,1,0.22,20,0
909,19,2,27,16,2,4,8,10,2,90,0,0.01,10,0
1051,10,3,4,1,1,4,6,16,1,60,0,0.18,10,0
987,14,3,14,21,1,5,7,10,5,120,1,0.12,30,0
1040,18,2,26,2,3,4,10,14,4,90,1,0.55,15,0
1369,11,2,30,8,1,3,5,8,6,60,1,0.28,30,1
869,6,2,6,23,3,0,6,22,5,90,1,0.71,15,0
1391,14,3,23,18,4,0,8,18,0,90,1,0.05,15,1
1545,9,1,11,23,4,7,10,8,2,90,0,0.89,10,0
1137,15,1,30,6,3,3,9,8,0,120,0,0.99,30,0
1560,6,2,8,2,3,6,10,18,6,60,0,0.34,30,0
1490,12,1,25,2,0,7,7,22,4,60,0,0.5,10,0
1513,12,1,16,17,3,4,10,14,6,60,1,0.08,30,0
1366,12,1,16,10,4,4,10,22,3,90,0,0.77,30,0
1263,15,2,27,1,1,5,7,14,4,120,0,0.64,15,0
999,8,2,10,15,2,7,10,20,2,120,1,0.82,30,0
844,10,1,5,25,0,2,2,14,2,90,0,0.17,15,0
1531,13,1,22,28,1,4,6,8,1,90,0,0.86,30,0
1387,14,2,16,10,4,2,10,18,5,120,1,0.56,30,0
1305,18,3,3,8,4,1,9,16,4,90,0,0.09,20,0
902,6,1,20,3,4,4,10,20,1,90,0,0.42,10,0
1122,19,1,15,19,2,2,6,8,4,60,1,0.37,20,1
951,20,1,9,29,3,2,8,22,0,120,1,0.84,10,0
1255,19,2,13,26,3,4,10,20,0,60,1,0.13,15,0
971,17,1,10,25,4,5,10,22,6,90,0,0.71,15,0
1326,11,3,19,15,0,2,2,8,2,90,1,0.37,20,1
1340,12,3,1,9,4,7,10,22,6,120,1,0.02,20,0
934,17,1,12,22,4,2,10,8,3,90,1,0.45,30,0
1302,7,2,10,19,1,0,2,22,5,60,1,0.12,30,1
1309,14,3,19,26,2,4,8,14,2,60,1,0.77,10,0
1024,6,1,12,23,5,7,10,10,6,60,0,0.11,20,0
1008,19,3,1,3,1,1,3,10,2,120,1,0.88,15,0
933,13,2,24,18,4,3,10,14,1,90,0,0.29,20,0
819,7,1,9,29,5,0,10,16,2,90,0,0.11,15,0
1271,12,1,14,22,5,6,10,10,4,120,0,0.76,10,0
1450,15,3,19,28,2,2,6,14,5,120,0,0.31,15,0
1397,20,3,18,21,5,1,10,14,1,60,0,0.27,10,0
1217,9,3,22,17,3,4,10,16,2,120,1,0.09,30,1
1147,18,2,3,8,0,3,3,22,2,90,1,0.03,30,1
828,6,2,6,5,2,7,10,22,2,120,1,0.97,30,0
870,8,1,0,13,4,3,10,14,3,90,0,0.59,30,0
1368,9,3,8,2,1,7,9,8,4,120,0,0.29,30,0
1017,6,2,3,3,0,2,2,14,5,120,0,0.67,30,0
1151,13,3,7,17,3,3,9,20,1,90,0,0.8,15,0
1560,20,3,0,11,0,4,4,20,3,90,1,0.55,30,1
1201,19,3,29,12,1,7,9,8,1,60,0,0.7,10,0
910,9,3,5,12,2,3,7,16,1,60,1,0.53,10,1
1054,13,2,5,7,1,5,7,14,6,120,1,0.62,15,0
842,14,2,14,22,2,0,4,8,4,60,0,0.64,20,0
1111,9,3,13,11,5,1,10,22,2,60,0,0.5,15,0
1447,15,2,13,21,4,5,10,8,2,120,0,0.93,30,0
1598,6,2,23,16,2,5,9,8,1,60,0,0.88,20,0
1026,20,3,29,13,3,1,7,22,6,60,0,0.36,20,0
1166,13,2,21,21,2,0,4,10,5,120,1,0.83,10,0
1596,20,1,2,3,0,1,1,18,2,60,1,0.17,20,1
1372,20,3,7,23,0,2,2,8,0,90,0,0.68,30,0
1305,15,3,29,1,4,7,10,14,2,90,0,0.27,15,0
1255,8,3,30,17,1,0,2,8,4,60,0,0.42,15,0
1371,12,3,3,13,0,2,2,10,1,90,1,0.67,10,0
1284,14,3,5,22,3,7,10,8,6,60,1,0.7,10,0
1521,16,3,24,7,1,5,7,20,2,60,0,0.08,15,0
848,14,1,7,19,1,3,5,14,3,60,0,0.41,20,0
945,10,1,26,1,5,1,10,22,3,90,0,0.36,10,0
1088,17,2,15,7,4,3,10,22,1,60,1,0.48,10,0
1256,12,1,23,30,5,0,10,20,6,120,1,0.79,10,0
1149,8,2,30,20,2,0,4,18,5,90,1,0.83,30,1
1592,17,1,0,1,1,7,9,14,5,90,1,0.92,30,0
1491,13,3,3,30,0,6,6,14,4,60,0,0.96,20,0
1354,9,3,16,29,4,6,10,22,3,90,0,0.64,30,0
1209,9,1,14,5,5,7,10,10,3,90,1,0.63,10,0
1370,19,1,21,23,4,1,9,22,6,60,0,0.79,15,0
1371,12,1,14,18,1,7,9,14,3,120,0,0.16,15,0
938,11,2,9,12,5,3,10,18,3,120,0,0.76,15,0
1188,12,3,3,19,3,6,10,22,4,90,0,0.97,10,0
986,18,2,2,10,5,4,10,22,2,120,1,0.46,20,0
1347,16,2,14,3,5,6,10,16,2,120,1,0.57,20,0
1582,14,2,20,13,2,3,7,22,5,60,0,0.55,20,0
1126,6,3,12,23,2,0,4,22,1,60,1,0.65,15,0
1237,20,2,21,20,0,5,5,20,4,90,1,0.09,20,1
1265,8,3,21,5,4,1,9,16,0,120,1,0.62,30,0
846,11,1,12,14,0,6,6,18,3,90,0,0.6,30,0
1266,17,3,24,7,0,4,4,18,0,60,1,0.79,20,1
1236,6,2,21,27,0,2,2,22,0,90,1,0.06,30,1
942,18,1,5,8,5,1,10,22,6,120,0,0.35,30,0
954,12,1,18,25,3,3,9,18,2,120,1,0.6,20,0
1460,9,2,4,11,3,6,10,14,2,120,0,0.59,10,0
911,18,3,3,15,0,7,7,18,1,120,0,0.94,30,0
1230,10,1,21,23,5,6,10,8,3,90,1,0.14,30,0
1508,17,2,0,15,5,1,10,10,4,90,0,0.35,30,0
909,9,1,20,25,1,7,9,14,2,60,0,0.02,30,0
1279,10,1,27,16,1,4,6,20,1,60,1,0.04,20,1
1353,9,3,2,15,1,0,2,8,4,90,1,0.68,30,1
1359,13,3,15,25,0,4,4,8,6,90,1,0.25,15,1
1438,15,2,6,4,0,5,5,20,6,120,1,0.42,15,1
1380,8,2,6,1,5,7,10,10,5,120,0,0.89,10,0
1295,9,2,17,10,3,7,10,14,4,90,0,0.64,30,0
1062,15,3,7,14,2,7,10,22,4,60,1,0.88,20,0
1177,9,3,2,12,3,5,10,8,2,60,1,0.84,20,0
1210,12,3,28,27,0,1,1,16,6,90,0,0.41,15,0
857,8,2,16,4,4,1,9,10,5,60,0,0.13,30,0
950,20,3,27,23,2,7,10,14,1,60,1,0.94,20,0
1124,10,3,7,3,2,2,6,20,1,120,0,0.04,10,0
898,13,3,12,17,2,1,5,22,2,90,0,0.74,20,0
1070,15,3,2,4,2,6,10,16,4,60,0,0.11,30,0
1042,7,2,6,14,3,0,6,20,0,90,0,0.51,15,0
1541,6,3,9,25,2,6,10,10,2,120,1,0.13,10,0
853,7,2,27,28,4,2,10,8,3,90,0,0.35,30,0
1289,20,3,30,4,4,7,10,14,1,60,0,0.8,20,0
1229,11,2,6,26,1,4,6,16,0,60,0,0.73,20,0
1150,8,3,12,22,4,3,10,10,4,120,1,0.5,15,0
1236,15,3,15,1,3,2,8,22,3,120,0,0.55,15,0
1010,16,3,6,17,5,1,10,20,3,120,1,0.68,10,0
1258,14,1,22,16,4,6,10,22,5,90,1,0.56,10,0
1444,9,2,9,12,5,6,10,20,2,60,0,0.52,30,0
1150,20,1,22,7,4,6,10,18,4,90,0,0.07,15,0
1147,12,3,20,27,4,2,10,18,4,120,1,0.69,30,0
1593,7,2,13,16,4,6,10,22,6,120,0,0.98,30,0
1273,11,2,30,0,2,5,9,14,0,120,0,0.75,20,0
802,9,2,25,4,4,5,10,14,2,90,1,0.48,15,0
1344,17,3,15,0,4,2,10,20,3,120,0,0.14,10,0
902,17,3,10,17,4,5,10,10,6,60,0,0.84,20,0
1248,16,3,30,23,3,5,10,22,0,120,1,0.66,15,0
1126,20,2,28,6,0,0,0,8,0,60,0,0.69,10,0
825,18,2,8,28,0,2,2,16,5,120,0,0.01,10,0
854,9,1,4,16,0,7,7,20,5,60,1,0.81,20,0
1570,13,2,12,30,1,2,4,16,6,120,1,0.28,30,1
1194,9,3,12,7,5,1,10,18,3,60,1,0.34,20,0
1121,18,2,25,15,0,6,6,8,5,90,0,0.37,10,0
1252,7,1,18,29,4,7,10,18,0,60,0,0.49,30,0
947,7,2,30,16,4,7,10,10,0,90,1,0.67,15,0
1559,9,1,11,4,1,5,7,10,5,120,1,0.2,15,0
951,6,3,20,21,0,2,2,20,3,120,1,0.61,15,1
1408,7,3,1,30,0,1,1,8,1,120,1,0.75,10,1
1541,13,1,27,7,2,4,8,16,5,90,1,0.63,20,1
967,18,2,17,26,4,0,8,18,6,60,1,0.83,10,0
1125,10,1,7,17,1,1,3,18,3,120,0,0.7,10,0
1410,14,3,30,2,3,0,6,20,0,60,1,0.61,30,1
1258,6,2,9,23,2,3,7,20,5,90,1,0.63,15,1
888,19,2,21,23,1,1,3,14,2,90,0,0.35,20,0
1456,20,3,21,20,1,0,2,10,2,90,1,0.3,15,1
1335,17,2,18,26,2,2,6,20,2,60,0,0.95,20,0
939,17,1,25,20,4,0,8,14,1,120,1,0.53,20,0
1038,8,3,19,18,0,3,3,20,3,120,0,0.48,15,0
959,10,2,3,29,2,6,10,10,1,60,1,0.52,20,0
1128,18,3,7,0,2,0,4,16,4,120,1,0.37,20,1
954,11,2,30,5,2,2,6,22,2,120,1,0.42,10,0
1578,19,1,24,22,3,6,10,14,3,120,0,0.11,30,0
1101,10,3,4,23,1,7,9,8,0,120,1,0.07,20,0
867,17,1,24,11,0,7,7,16,2,90,1,0.08,15,0
1043,19,2,26,28,5,7,10,16,3,60,1,0.61,10,0
885,20,3,28,13,1,2,4,10,3,60,1,0.19,30,1
1017,6,2,1,3,5,3,10,22,5,120,0,0.67,30,0
1566,14,3,30,19,3,0,6,10,1,120,0,0.23,30,0
1113,15,2,17,12,2,1,5,22,6,90,0,0.32,10,0
1020,20,1,15,25,0,4,4,22,3,60,0,0.04,20,0
1326,13,1,8,9,0,1,1,20,0,60,1,0.72,10,1
1016,19,1,25,1,2,1,5,22,4,90,0,0.78,30,0
1575,15,3,27,3,0,7,7,20,3,90,0,0.81,15,0
1211,19,1,3,9,1,4,6,10,4,60,0,0.26,20,0
991,15,2,3,11,1,4,6,8,0,60,1,0.03,30,1
1120,8,3,12,0,5,6,10,16,2,120,1,0.74,15,0
926,20,1,7,20,5,0,10,18,3,60,1,0.48,10,0
1587,16,3,27,29,0,4,4,10,1,120,1,0.13,10,0
1118,18,1,7,22,0,0,0,16,1,60,0,0.94,10,0
1075,20,2,17,4,3,7,10,10,2,120,1,0.46,15,0
1551,16,2,13,21,2,2,6,20,3,90,1,0.62,15,0
1146,17,3,2,19,4,1,9,16,3,60,1,0.83,30,0
814,12,1,11,19,1,7,9,16,1,90,1,0.45,20,0
1070,20,1,26,25,2,3,7,18,3,90,0,0.53,30,0
845,18,2,16,19,4,4,10,8,5,60,1,0.09,20,0
1598,15,2,28,17,3,3,9,16,4,120,1,0.32,10,0
1328,15,3,28,2,5,3,10,14,4,120,0,0.71,30,0
1282,11,2,22,0,5,3,10,22,5,60,0,0.61,15,0
1433,11,2,6,14,4,7,10,10,5,90,1,0.53,10,0
898,15,2,29,5,1,3,5,8,2,60,0,0.1,15,0
1138,9,2,28,0,2,4,8,14,5,90,0,0.84,15,0
1575,7,1,27,26,5,1,10,10,2,120,1,0.89,30,0
1263,19,3,24,22,2,6,10,8,0,60,0,0.71,15,0
844,7,3,6,25,3,3,9,10,4,90,1,0.94,20,0
1287,13,3,19,24,3,7,10,20,6,90,0,0.17,30,0
1168,7,2,22,19,1,4,6,20,6,60,0,0.06,30,0
1418,6,1,26,8,0,1,1,22,5,60,1,0.41,15,1
836,12,2,26,13,0,0,0,22,1,60,0,0.09,30,0
1079,11,1,21,25,5,3,10,14,3,90,0,0.07,10,0
880,17,1,12,1,0,3,3,8,5,120,1,0.58,15,0
1294,6,2,3,5,2,5,9,14,2,60,1,0.91,15,0
1559,8,1,20,4,3,6,10,22,2,60,0,0.12,10,0
1441,17,2,13,18,5,4,10,18,5,120,0,0.28,30,0
1359,18,3,8,15,0,4,4,20,1,90,0,0.18,10,0
1085,19,3,11,22,0,5,5,18,1,120,1,0.22,30,1
1137,12,3,23,11,5,6,10,18,3,120,1,0.26,15,1
830,8,2,16,19,0,1,1,16,5,90,1,0.87,10,1
1441,14,2,2,5,0,5,5,14,0,90,0,0.78,20,0
1455,17,2,13,29,4,2,10,14,2,60,0,0.77,15,0
874,10,3,13,1,3,7,10,18,6,60,1,0.2,15,0
1430,19,2,26,20,3,4,10,16,3,90,0,0.34,30,0
1184,13,2,25,8,5,5,10,10,0,60,1,0.48,15,0
1004,12,1,29,21,3,4,10,20,1,120,0,0.82,20,0
840,11,3,2,15,5,1,10,22,3,90,1,0.98,15,0
960,8,3,6,13,0,3,3,18,0,90,0,0.02,10,0
934,14,2,21,30,1,4,6,20,0,60,1,0.18,20,1
1199,8,3,11,4,1,4,6,10,4,60,0,0.43,20,0
1521,11,1,27,22,0,2,2,16,5,60,1,0.35,10,1
1256,18,3,6,2,0,6,6,8,0,120,0,0.29,10,0
1578,9,2,1,6,3,0,6,18,1,90,0,0.35,30,0
1531,11,3,16,8,4,7,10,14,5,90,0,0.52,10,0
845,16,3,18,6,0,3,3,18,4,90,0,0.36,15,0
1036,7,1,7,27,2,6,10,10,3,120,1,0.02,20,0
1446,18,1,28,8,2,6,10,20,0,60,0,0.08,15,0
951,15,1,0,1,2,2,6,8,4,120,0,0.91,30,0
1511,17,1,15,6,1,1,3,10,2,90,1,0.07,20,1
955,6,2,4,3,2,0,4,10,2,120,0,0.85,20,0
1503,8,1,29,15,0,1,1,14,1,60,0,0.12,20,0
892,18,2,20,29,1,7,9,16,3,90,1,0.81,15,0
1168,9,1,26,30,2,2,6,14,6,90,1,0.36,20,1
1283,12,1,9,26,4,2,10,18,6,120,1,0.66,30,0
1135,8,3,17,21,1,1,3,16,0,60,1,0.13,20,1
1356,11,1,4,9,5,3,10,8,3,90,0,0.05,15,0
1540,14,3,28,16,2,6,10,8,5,60,1,0.17,15,0
1216,18,3,26,10,4,1,9,18,2,60,1,0.89,20,0
939,11,1,27,11,2,6,10,20,1,120,1,0.97,20,0
1402,9,1,17,8,0,6,6,10,0,120,1,0.74,10,0
1147,11,3,29,23,5,3,10,18,4,90,1,0.57,30,0
1157,19,3,7,16,2,7,10,10,3,90,0,0.49,30,0
1241,7,1,29,22,1,1,3,20,3,90,0,0.84,30,0
1174,17,3,0,28,2,7,10,8,6,120,1,0.99,20,0
843,7,1,13,14,5,6,10,14,6,120,1,0.66,10,0
1166,12,1,29,29,1,0,2,20,5,60,1,0.21,20,1
1563,12,2,28,17,5,0,10,20,6,120,0,0.35,15,0
1325,6,2,21,7,2,6,10,14,0,60,0,0.29,10,0
1011,6,2,0,22,1,0,2,18,4,120,1,0.64,15,1
1038,19,3,9,24,4,3,10,22,3,120,1,0.76,15,0
1313,15,2,20,13,0,7,7,20,5,60,1,0.34,30,1
1251,10,2,23,1,0,1,1,20,0,120,1,0.88,10,1
886,12,3,20,7,2,7,10,14,0,90,1,0.02,10,0
943,11,1,0,0,4,5,10,22,5,120,1,0.04,20,0
1113,15,3,23,2,5,5,10,20,6,120,1,0.0,30,0
1272,10,3,11,0,1,5,7,14,2,120,0,0.31,15,0
1538,6,2,25,16,5,1,10,10,2,90,0,0.91,30,0
1478,10,1,0,17,4,3,10,18,5,90,1,0.32,30,0
1355,19,1,12,21,3,6,10,22,2,60,0,0.42,15,0
1328,13,2,1,4,3,7,10,20,6,60,1,0.16,10,0
1362,10,3,2,14,3,4,10,14,2,120,1,0.9,10,0
884,12,2,3,15,1,4,6,20,6,90,1,0.18,10,1
1393,15,1,9,6,0,5,5,22,0,120,1,0.05,30,1
910,16,3,1,4,5,0,10,22,1,120,0,0.28,15,0
1172,6,3,30,22,3,1,7,18,1,60,0,0.85,30,0
977,14,3,17,3,4,3,10,10,4,90,0,0.82,30,0
1324,19,1,13,27,5,3,10,8,5,60,0,0.8,20,0
907,20,3,25,3,0,0,0,20,1,60,1,0.59,10,1
1226,9,1,27,22,2,5,9,10,5,90,0,0.64,10,0
1182,11,3,22,28,4,1,9,8,4,120,0,0.12,15,0
855,17,3,11,4,3,0,6,10,2,90,0,0.53,20,0
1113,18,1,22,9,1,0,2,16,2,90,1,0.96,10,0
1140,18,3,24,24,5,5,10,20,5,90,1,0.83,20,0
1123,8,2,9,12,2,0,4,16,1,120,0,0.09,15,0
1079,7,3,3,20,3,2,8,18,4,90,1,0.54,20,1
1300,18,2,7,22,0,4,4,18,6,60,0,0.05,15,0
1210,8,1,30,20,1,3,5,10,4,90,0,0.59,15,0
820,6,1,1,14,4,0,8,16,6,90,1,0.21,20,1
1530,14,1,0,23,4,1,9,20,3,90,1,0.07,10,0
1277,6,2,5,23,1,0,2,20,4,120,1,0.4,30,1
960,15,3,2,18,4,7,10,18,4,60,1,0.51,20,0
996,10,3,2,30,3,6,10,22,2,60,0,0.43,15,0
1414,7,3,6,0,2,1,5,10,3,60,0,0.06,20,0
1070,18,2,10,25,1,4,6,20,6,120,0,0.43,15,0
1005,10,1,1,9,0,6,6,22,1,60,1,0.73,15,0
1377,11,2,18,29,0,0,0,10,2,60,1,0.72,10,0
1176,10,2,14,19,5,5,10,22,4,60,1,0.98,10,0
917,8,1,16,6,4,2,10,8,0,90,0,0.27,10,0
921,19,2,24,25,2,4,8,8,4,60,1,0.13,15,0
1442,12,1,3,15,5,6,10,20,5,60,1,0.22,10,0
1112,16,1,3,3,0,4,4,20,4,120,0,0.67,30,0
1284,15,3,29,17,2,6,10,14,6,120,0,0.5,30,0
921,14,2,24,23,0,4,4,10,5,60,0,0.42,15,0
1023,10,3,1,3,3,6,10,10,1,60,0,0.6,15,0
1589,13,1,12,2,3,4,10,14,5,120,0,0.37,30,0
1115,16,2,16,10,1,1,3,22,1,90,0,0.5,20,0
1434,18,1,25,28,5,6,10,14,6,120,1,0.64,20,0
1242,17,2,23,0,0,1,1,22,5,90,0,0.2,30,0
851,15,3,8,14,1,6,8,10,0,90,0,0.07,30,0
1272,18,2,2,11,3,4,10,22,6,60,1,0.33,10,0
1029,12,2,25,19,1,0,2,8,6,90,1,0.75,15,1
1379,17,3,13,14,5,2,10,14,5,60,1,0.66,10,0
883,10,3,5,14,4,1,9,8,6,60,1,0.62,30,0
1118,20,3,27,4,4,0,8,16,3,120,0,0.27,15,0
1446,12,2,6,1,2,4,8,20,4,90,1,0.93,30,0
1267,16,1,28,27,2,7,10,16,0,90,1,0.79,10,0
818,18,3,29,2,1,0,2,8,1,90,0,0.07,10,0
837,6,3,16,30,1,5,7,20,1,60,1,0.22,20,1
1427,17,2,14,0,1,1,3,20,3,60,0,0.38,20,0
1235,13,3,19,18,3,1,7,14,5,120,1,0.51,20,0
1260,10,3,9,10,1,2,4,14,6,60,0,0.86,30,0
1276,14,1,21,18,1,2,4,22,3,60,1,0.34,30,1
1395,13,2,4,29,4,7,10,10,2,90,0,0.81,30,0
1110,12,3,21,12,1,4,6,20,0,90,1,0.21,15,1
1315,11,3,6,18,1,1,3,10,2,60,0,0.7,30,0
846,13,3,6,20,3,7,10,8,2,60,1,0.07,10,0
1596,12,2,19,1,0,2,2,18,4,120,0,0.49,15,0
1354,9,3,1,9,0,4,4,16,4,90,0,0.99,10,0
957,9,2,11,5,4,3,10,22,4,60,0,0.85,20,0
1304,11,3,14,29,2,4,8,14,6,120,0,0.35,30,0
1074,8,1,15,25,3,2,8,8,2,60,0,0.28,20,0
1013,6,1,19,20,2,1,5,18,2,90,1,0.52,30,1
1504,7,1,19,11,0,3,3,20,5,120,1,0.27,15,1
1234,12,2,29,27,4,1,9,18,5,60,0,0.74,10,0
1418,12,2,14,28,5,2,10,8,3,60,1,0.68,20,0
1257,14,3,8,6,2,7,10,14,4,90,0,0.55,10,0
1321,16,2,2,1,2,7,10,10,3,120,1,0.82,15,0
1315,20,3,27,23,2,6,10,20,0,90,1,0.32,15,0
1388,7,3,0,11,0,0,0,16,2,90,1,0.92,30,1
1051,14,3,4,5,3,5,10,14,5,120,0,0.21,10,0
936,15,3,19,27,1,1,3,22,5,90,0,0.24,10,0
1474,6,2,29,2,3,6,10,20,2,60,0,0.93,15,0
869,15,2,12,10,5,7,10,14,4,120,0,0.42,20,0
1501,14,2,26,26,3,2,8,14,5,60,0,0.29,15,0
1139,12,1,7,8,0,1,1,14,3,60,1,0.87,20,1
1569,10,1,4,25,4,0,8,20,4,90,0,0.01,20,0
1017,10,1,20,0,4,4,10,16,3,90,0,0.93,10,0
890,10,2,14,11,1,3,5,18,2,120,0,0.36,30,0
1076,18,2,0,13,3,0,6,22,4,60,0,0.19,30,0
1470,11,1,23,0,3,2,8,20,6,60,1,0.34,15,1
870,11,2,30,5,5,3,10,8,2,120,1,0.63,20,0
1174,15,2,16,8,0,3,3,18,4,120,0,0.95,30,0
1143,12,3,22,19,4,0,8,18,5,90,1,0.6,15,0
851,8,3,30,20,1,5,7,10,6,120,1,0.38,30,0
1594,11,2,13,15,1,1,3,14,5,120,1,0.12,10,1
1080,18,2,19,25,3,5,10,8,4,120,0,0.47,20,0
922,11,1,0,27,1,5,7,8,4,60,1,0.53,10,0
1244,13,3,8,9,4,6,10,14,0,60,0,0.37,15,0
1472,13,3,0,0,5,6,10,18,4,60,0,0.6,10,0
955,10,2,0,14,3,2,8,14,4,90,1,0.26,10,1
1155,15,3,29,10,0,7,7,16,2,60,1,0.05,10,0
1427,13,1,28,5,0,6,6,10,2,120,0,0.17,20,0
1324,12,1,8,29,0,5,5,22,1,60,0,0.56,30,0
1291,16,2,3,20,3,1,7,14,2,120,1,0.75,10,0
1276,7,1,17,8,2,6,10,18,2,90,1,0.09,15,0
1085,19,3,8,24,1,3,5,20,1,120,0,0.65,20,0
1092,15,3,17,2,5,5,10,22,4,60,0,0.21,30,0
1265,9,3,14,19,3,0,6,8,4,90,0,0.66,10,0
1097,15,3,30,1,1,3,5,10,5,120,1,0.2,15,1
1484,18,2,30,20,0,7,7,16,3,120,0,0.67,30,0
1480,7,1,18,0,4,5,10,22,5,60,1,0.26,20,0
843,7,1,24,16,1,7,9,10,0,90,1,0.15,15,0
1165,14,3,14,1,3,5,10,16,6,60,0,0.67,20,0
1073,17,2,4,1,4,1,9,14,4,60,1,0.3,10,0
1466,11,3,0,1,5,5,10,8,3,120,1,0.02,15,0
1588,19,3,7,10,2,1,5,8,3,60,1,0.79,10,0
1341,19,3,4,5,2,7,10,14,3,90,1,0.64,10,0
1241,9,3,25,8,2,6,10,18,0,60,0,0.29,30,0
823,8,2,29,29,5,7,10,20,1,120,1,0.04,10,0
1040,14,1,9,10,4,0,8,22,4,90,0,0.46,15,0
1099,17,3,22,2,2,4,8,14,0,60,0,0.4,20,0
1378,18,2,8,20,4,4,10,20,4,120,1,0.95,10,0
1413,12,3,9,18,3,5,10,14,2,120,0,0.06,10,0
1466,16,3,0,15,1,5,7,8,0,90,0,0.28,20,0
943,15,3,21,17,0,4,4,18,4,90,0,0.82,10,0
1428,6,3,0,14,0,7,7,8,1,120,0,0.18,10,0
1494,7,1,26,7,1,7,9,18,0,120,0,0.09,10,0
1105,14,3,6,14,3,3,9,22,2,90,1,0.07,20,0
1419,18,3,10,29,2,6,10,18,1,60,0,0.41,10,0
1348,14,2,28,26,0,3,3,18,3,90,0,0.68,30,0
1186,8,1,21,10,2,6,10,16,6,120,1,0.8,15,0
1251,13,3,4,23,4,5,10,16,2,60,1,0.45,15,0
1268,12,1,25,4,4,5,10,14,5,60,0,0.04,20,0
1203,7,2,2,4,1,5,7,18,0,90,1,0.84,20,0
1556,7,1,0,11,2,6,10,22,3,120,0,0.7,30,0
1347,10,1,25,16,2,6,10,16,6,120,1,0.72,15,0
1540,7,2,5,6,4,2,10,16,2,120,1,0.78,20,0
1062,10,3,6,16,0,7,7,16,6,90,1,0.18,20,1
1411,11,1,9,21,3,4,10,22,5,120,1,0.67,30,0
1088,10,3,3,11,0,7,7,18,5,90,1,0.2,30,1
1195,8,2,24,5,4,7,10,20,0,90,1,0.26,20,0
969,16,3,8,19,4,7,10,18,3,60,1,0.48,20,0
1192,7,1,24,28,1,4,6,14,6,60,0,0.89,10,0
1566,8,3,21,19,4,0,8,10,0,60,1,0.13,20,0
1224,19,1,11,25,0,5,5,16,2,120,0,0.12,30,0
1064,19,1,29,2,0,6,6,20,6,90,1,0.39,30,1
1039,13,2,1,29,3,6,10,22,6,60,1,0.7,20,0
936,6,3,4,4,5,2,10,20,6,90,1,0.96,15,0
1369,10,1,12,22,2,7,10,18,4,120,1,0.48,20,0
829,7,3,1,15,3,1,7,10,0,120,0,0.96,10,0
1039,11,2,21,2,2,4,8,20,4,60,0,0.93,10,0
924,20,3,13,14,3,4,10,16,6,90,0,0.07,15,0
1074,17,1,3,15,0,2,2,22,3,60,0,0.33,20,0
1384,13,1,4,24,5,6,10,18,6,90,0,0.47,30,0
1120,18,1,5,25,2,3,7,18,4,60,0,0.04,30,0
1486,7,3,10,10,4,2,10,18,1,90,1,0.86,15,0
1540,8,1,27,27,2,6,10,14,2,60,1,0.93,10,0
1378,8,2,20,10,5,4,10,8,6,60,1,0.48,20,0
1330,18,3,24,7,2,6,10,10,2,120,0,0.29,10,0
870,7,2,16,28,4,0,8,10,6,120,0,0.18,20,0
1074,8,2,1,8,5,3,10,14,2,60,1,0.67,10,0
1079,13,1,23,27,2,0,4,18,0,90,1,0.75,20,1
1005,10,1,27,7,0,6,6,16,3,90,0,0.28,15,0
1570,20,1,13,23,5,2,10,10,4,60,0,0.04,20,0
811,8,2,26,25,4,0,8,10,4,120,1,0.43,15,0
831,18,2,7,15,4,4,10,22,0,120,1,0.42,10,0
1419,14,2,8,22,4,6,10,22,2,120,1,0.43,15,0
1172,8,1,16,11,3,1,7,22,1,60,0,1.0,30,0
805,7,1,18,4,5,3,10,22,2,90,0,0.49,15,0
1411,9,1,11,24,5,0,10,8,6,120,0,0.16,10,0
1388,12,3,15,26,5,0,10,10,0,60,1,0.79,30,0
920,18,3,1,30,4,2,10,8,6,90,0,0.66,30,0
1492,20,2,10,7,0,2,2,18,2,90,1,0.25,10,1
1173,17,3,4,2,3,6,10,14,5,90,1,0.84,10,0
1453,13,3,8,5,0,7,7,18,3,120,0,0.03,20,0
1282,11,1,25,10,3,5,10,20,4,60,1,0.94,15,0
1368,17,3,30,12,3,1,7,8,6,90,0,0.01,30,0
1496,8,1,17,27,1,6,8,20,2,60,1,0.85,15,0
1355,8,1,29,16,0,0,0,18,4,90,1,0.98,20,1
1482,18,1,5,2,2,7,10,14,4,60,1,0.25,20,0
918,6,3,15,23,2,7,10,20,6,90,1,0.66,30,0
1387,12,1,17,14,0,3,3,14,2,120,0,0.45,30,0
929,15,1,2,14,5,7,10,8,3,90,0,0.79,15,0
1476,6,3,19,23,3,6,10,18,2,60,1,0.96,10,0
1055,7,2,27,18,0,5,5,22,3,60,0,0.31,15,0
831,11,3,12,3,3,0,6,14,0,90,0,0.25,10,0
1581,14,1,16,22,3,0,6,14,5,60,0,0.56,15,0
968,16,1,17,24,1,2,4,22,4,120,0,0.01,20,0
1159,12,2,5,8,2,1,5,18,3,60,0,0.56,10,0
1579,8,2,5,21,1,2,4,16,0,90,1,0.24,30,1
1585,12,1,11,6,4,4,10,14,2,60,1,0.61,10,0
1454,11,2,23,24,0,3,3,10,1,90,0,0.36,20,0
1275,15,2,7,19,5,4,10,20,2,120,1,0.6,15,0
1360,16,1,23,10,5,1,10,22,2,90,1,0.81,15,0
1190,20,2,6,2,4,3,10,10,3,90,1,0.14,10,0
1045,11,2,12,2,1,0,2,14,5,90,0,0.58,10,0
1010,20,1,5,11,5,5,10,16,6,120,0,1.0,10,0
860,7,2,21,10,2,7,10,18,1,90,1,0.86,30,0
1066,14,1,21,12,1,3,5,10,6,120,1,0.92,10,0
1371,17,3,19,30,0,6,6,10,2,120,0,0.14,20,0
1248,6,2,23,6,0,2,2,14,6,60,0,0.64,20,0
856,15,3,3,22,2,2,6,8,2,60,1,0.1,10,0
1416,7,2,9,1,1,2,4,22,2,120,0,0.41,15,0
811,10,3,30,17,4,6,10,10,1,120,0,0.02,10,0
1535,8,2,16,6,4,7,10,22,0,60,1,0.19,20,0
1379,11,1,17,21,0,0,0,8,1,90,0,0.95,10,0
1594,18,3,11,28,0,6,6,14,3,90,1,0.74,30,1
896,9,3,13,2,0,0,0,16,3,120,1,0.45,20,1
832,16,1,13,3,5,4,10,8,3,60,1,0.73,20,0
1078,12,1,26,1,4,1,9,8,4,90,1,0.83,10,0
1009,20,1,30,25,0,7,7,16,5,60,1,0.8,10,0
1136,12,3,8,19,1,3,5,8,5,90,1,0.4,20,1
1579,12,1,30,25,4,3,10,14,4,90,0,0.68,10,0
1336,20,3,9,9,2,0,4,20,1,90,0,0.56,15,0
915,8,3,11,8,1,1,3,10,6,120,0,0.94,20,0
983,18,3,30,27,2,7,10,10,5,60,0,0.01,30,0
1256,8,3,21,5,2,2,6,22,2,90,0,0.88,15,0
1045,16,1,20,2,1,2,4,16,3,60,1,0.14,30,1
1245,17,3,14,27,4,7,10,8,6,120,1,0.36,15,0
830,11,3,22,15,4,4,10,20,5,90,1,0.3,30,0
1540,9,1,11,16,0,6,6,10,5,120,0,0.51,10,0
1452,14,1,5,28,4,1,9,14,4,90,1,0.18,30,0
1239,16,3,15,24,4,7,10,16,0,90,0,0.72,30,0
1379,18,2,27,4,4,2,10,14,6,90,0,0.35,20,0
1519,18,3,6,4,0,0,0,18,4,90,1,0.39,30,1
1197,14,1,3,15,4,2,10,22,4,120,0,0.42,20,0
884,11,2,20,3,4,6,10,14,6,90,0,0.41,10,0
1584,13,1,27,24,1,1,3,14,5,60,1,0.12,15,1
1158,10,3,3,6,3,0,6,10,3,120,0,0.06,10,0
1147,14,1,1,19,1,5,7,16,2,90,0,0.53,20,0
1223,20,3,21,30,2,0,4,16,5,60,1,0.07,20,1
1574,14,1,26,22,2,6,10,14,3,60,0,0.1,30,0
951,14,3,24,17,2,3,7,22,2,120,1,0.62,10,0
998,11,2,11,3,0,6,6,22,4,120,1,0.0,30,1
1460,14,3,9,24,0,3,3,8,5,60,1,0.71,20,1
1555,9,1,29,11,5,0,10,18,5,90,0,0.26,15,0
1186,18,2,4,13,4,6,10,16,4,60,1,0.75,20,0
1267,10,2,19,5,2,7,10,16,4,60,1,0.41,20,0
1341,20,2,1,6,2,2,6,16,1,60,0,0.06,10,0
1284,14,2,8,7,3,1,7,8,0,60,0,0.79,20,0
1033,15,1,4,1,2,0,4,20,4,60,1,0.2,30,1
1202,9,1,10,16,3,0,6,14,2,60,0,0.16,15,0
921,20,1,7,26,3,1,7,18,5,60,1,0.55,15,0
836,14,2,23,7,3,0,6,8,1,90,1,0.73,30,0
818,13,3,8,2,2,2,6,18,1,90,0,0.09,20,0
1497,12,3,5,21,5,0,10,14,6,60,0,0.88,10,0
1474,13,3,8,30,4,0,8,20,6,60,1,0.35,20,1
1029,10,2,18,27,2,7,10,16,6,90,0,0.86,30,0
852,7,1,3,7,1,1,3,8,3,120,0,0.74,15,0
974,10,2,4,28,3,1,7,22,1,120,0,0.93,20,0
1211,18,1,26,24,4,4,10,18,2,60,1,0.57,30,0
1437,19,1,10,0,1,5,7,8,0,90,1,0.53,30,0
1248,19,1,11,6,5,6,10,22,6,120,1,0.69,30,0
1542,15,2,2,14,5,0,10,10,3,90,1,0.74,10,0
889,6,2,22,5,2,3,7,14,0,120,1,0.48,10,0
907,6,1,21,15,3,5,10,16,2,120,1,0.67,20,0
1402,20,3,8,12,3,3,9,18,6,120,1,0.19,15,0
908,15,2,13,12,2,5,9,22,4,60,1,0.09,10,0
1218,10,2,14,22,0,0,0,10,2,90,0,0.94,20,0
1478,19,3,12,12,4,0,8,14,0,60,1,0.46,20,0
1474,18,3,23,9,4,7,10,22,3,120,1,0.12,15,0
1243,16,3,10,7,0,4,4,20,5,120,0,0.88,10,0
832,8,1,25,15,3,7,10,10,3,60,1,0.09,10,0
1039,19,2,9,8,2,2,6,10,3,90,1,0.73,20,0
882,8,2,12,2,5,2,10,20,2,90,1,0.7,15,0
1052,7,3,25,7,0,4,4,22,1,90,1,0.04,20,1
899,17,3,6,15,1,3,5,18,0,120,1,0.65,30,1
822,20,2,2,21,2,0,4,14,4,90,1,0.51,20,1
1013,15,1,30,0,5,2,10,20,6,60,0,0.26,30,0
1085,12,2,8,5,2,4,8,8,4,60,1,0.32,20,0
1505,20,1,29,1,3,1,7,14,5,60,1,0.3,10,0
1577,11,2,8,18,4,6,10,20,2,90,0,0.91,30,0
1201,7,3,2,14,3,1,7,14,3,60,0,0.85,20,0
1457,18,1,8,18,4,6,10,8,0,60,1,0.17,30,0
1496,17,3,26,17,4,1,9,14,5,90,1,0.24,20,0
1188,7,3,26,20,1,4,6,22,0,60,0,0.72,10,0
958,15,3,18,20,2,5,9,20,2,120,0,0.8,15,0
1214,13,3,7,2,5,2,10,18,1,90,0,0.25,15,0
895,7,2,8,11,5,6,10,22,0,60,1,0.8,10,0
1117,6,2,4,0,5,6,10,20,1,60,1,0.67,30,0
1059,14,3,27,14,0,4,4,10,4,90,1,0.77,10,0
1559,18,1,30,18,4,6,10,16,4,60,0,0.03,10,0
1048,9,1,6,9,4,0,8,10,2,90,1,0.96,10,0
1528,14,3,23,2,4,3,10,18,0,60,1,0.31,10,0
1124,18,2,5,13,4,5,10,18,2,60,1,0.33,20,0
1100,20,2,13,19,5,0,10,18,2,60,1,0.52,15,0
907,15,2,26,18,0,3,3,14,3,120,0,0.41,15,0
1073,14,1,7,27,4,2,10,18,6,120,1,0.89,30,0
930,20,2,13,10,0,1,1,20,2,60,0,0.84,10,0
818,17,2,20,24,5,3,10,8,5,60,1,0.67,15,0
1186,13,2,12,14,3,3,9,18,6,60,1,0.77,10,0
1096,16,1,8,22,0,0,0,20,3,60,1,0.7,30,1
1443,15,1,6,2,3,6,10,8,5,120,0,0.26,15,0
1112,19,2,17,3,2,6,10,14,1,90,1,0.84,30,0
1427,10,2,19,3,2,1,5,20,0,90,0,0.24,20,0
1535,14,3,14,22,0,5,5,14,0,90,1,0.18,10,1
1549,19,1,24,23,5,3,10,16,6,60,0,0.15,30,0
1206,12,2,29,4,5,6,10,18,2,60,0,0.44,20,0
1542,17,2,1,3,5,4,10,20,1,90,1,0.67,20,0
1548,20,2,18,0,1,4,6,20,3,90,1,0.94,20,1
1442,11,1,4,18,4,7,10,8,5,120,0,0.25,20,0
1249,19,3,24,4,1,5,7,10,5,90,0,0.48,10,0
1426,16,3,26,12,1,1,3,14,1,120,0,0.53,10,0
1198,14,2,4,3,1,4,6,10,4,60,0,0.35,30,0
1461,9,1,8,29,4,3,10,20,0,120,0,0.32,20,0
990,15,2,17,19,2,5,9,16,1,120,1,0.17,30,0
817,13,1,16,15,5,0,10,22,4,90,1,0.14,20,0
866,17,1,30,4,4,0,8,18,5,120,1,0.11,30,1
1566,16,1,17,17,2,5,9,18,1,120,1,0.24,20,0
1420,13,3,22,5,5,7,10,16,4,60,0,0.31,10,0
1391,10,3,7,4,3,1,7,16,3,90,1,0.34,30,1
1570,18,3,27,9,3,5,10,16,3,90,1,0.74,15,0
1072,6,2,30,17,1,0,2,18,5,90,0,0.74,20,0
1453,12,3,6,5,1,7,9,10,5,90,1,0.5,20,0
1478,11,3,10,28,1,4,6,20,0,60,0,0.57,30,0
1531,12,3,23,23,2,7,10,18,4,120,0,0.96,30,0
1528,9,2,0,22,3,4,10,22,1,90,1,0.35,10,0
821,17,1,28,18,4,0,8,22,4,90,1,0.9,10,0
1093,8,3,2,21,3,5,10,8,6,90,0,0.35,30,0
959,6,3,18,14,4,1,9,20,4,120,0,0.41,30,0
1110,11,3,12,19,5,3,10,18,4,120,0,0.07,10,0
925,20,3,18,10,4,2,10,14,1,120,1,0.65,10,0
1564,6,3,7,1,0,0,0,16,6,90,0,0.95,30,0
889,20,2,5,5,3,6,10,18,6,60,0,0.44,30,0
1080,10,1,7,26,1,7,9,18,6,120,1,0.36,20,0
1492,18,3,4,26,3,2,8,16,3,120,1,0.21,15,0
1006,20,2,1,7,0,6,6,14,0,120,1,0.88,20,0
878,13,1,26,18,4,2,10,20,0,90,0,0.67,30,0
887,14,3,17,29,3,4,10,18,2,90,0,0.22,10,0
868,10,1,20,29,5,7,10,10,0,120,0,0.7,30,0
1158,18,2,23,16,1,2,4,16,6,90,0,0.27,20,0
1562,20,2,18,29,4,7,10,22,3,60,1,0.52,30,0
1141,10,2,25,22,1,2,4,10,0,60,0,0.75,20,0
1426,9,3,28,30,4,7,10,8,2,90,1,0.43,10,0
960,18,1,6,8,3,2,8,22,1,60,0,0.14,30,0
1361,6,3,28,2,0,7,7,20,0,60,1,0.28,10,1
1543,13,2,6,24,4,3,10,22,2,90,0,0.39,15,0
1123,15,2,17,23,2,6,10,20,4,120,0,0.54,10,0
1156,6,2,5,28,3,6,10,16,6,90,1,0.37,20,0
824,12,1,0,30,4,3,10,8,1,90,1,0.88,10,0
1554,6,3,23,24,3,3,9,18,1,90,1,0.89,20,0
856,9,1,7,20,1,3,5,16,5,90,1,0.17,20,1
975,18,3,26,10,0,7,7,20,3,90,1,0.33,20,1
1350,14,3,8,13,4,1,9,18,0,90,1,0.93,30,0
1040,12,3,23,1,2,2,6,14,2,90,1,0.09,10,1
1184,16,2,18,11,1,7,9,16,0,90,1,0.35,15,0
1554,8,3,21,12,3,4,10,10,3,120,1,0.07,30,0
1241,8,1,30,27,5,2,10,16,3,60,1,0.0,30,0
802,11,3,24,3,5,7,10,18,5,90,1,0.41,15,0
1106,8,3,25,7,1,2,4,10,5,120,0,0.36,15,0
1298,17,3,6,15,0,1,1,18,0,120,0,0.86,10,0
1562,12,1,9,11,2,0,4,18,3,120,0,0.95,10,0
866,18,1,6,9,4,2,10,16,2,120,1,0.08,30,0
1366,18,1,27,8,4,1,9,20,4,90,1,0.1,30,0
1039,15,2,0,19,0,3,3,14,6,120,1,0.8,15,1
1441,15,2,29,1,4,6,10,14,0,60,1,0.47,30,0
1044,9,3,22,6,1,7,9,20,3,120,0,0.97,15,0
896,14,3,7,7,3,5,10,20,4,120,1,0.92,15,0
1260,14,1,17,2,3,4,10,14,1,90,1,0.44,20,0
911,14,3,1,2,1,7,9,14,1,90,1,0.08,30,0
1308,7,2,22,4,1,7,9,14,2,60,0,0.59,30,0
1120,12,3,10,30,5,4,10,10,0,90,1,0.44,10,0
985,10,3,8,8,1,4,6,18,6,90,1,0.15,30,1
817,18,3,15,16,2,3,7,18,4,60,0,0.69,15,0
1476,16,3,2,2,1,3,5,20,3,60,0,0.55,15,0
1318,14,2,14,15,4,7,10,10,0,60,1,0.88,15,0
1156,13,2,7,7,4,5,10,8,6,120,0,0.87,30,0
1341,19,3,30,12,1,0,2,14,0,90,1,0.1,30,1
1214,9,1,27,23,4,3,10,16,3,90,1,0.67,15,0
1486,18,3,1,7,2,4,8,16,3,60,0,0.8,30,0
1186,14,1,20,13,3,0,6,14,4,60,0,0.54,20,0
1533,9,3,0,13,4,0,8,22,1,90,1,0.38,10,0
1195,13,1,1,19,0,6,6,18,0,60,0,0.94,10,0
1018,16,1,13,6,0,0,0,8,6,60,0,0.56,30,0
964,15,3,23,22,3,6,10,10,4,60,0,0.12,10,0
1454,8,1,12,13,3,5,10,14,2,60,0,0.47,15,0
1560,20,2,15,19,5,7,10,20,6,120,0,0.3,30,0
1346,17,3,28,27,1,1,3,18,6,90,0,0.11,20,0
1265,15,2,19,18,1,6,8,18,1,120,0,0.84,10,0
1589,9,3,11,23,2,7,10,20,1,120,1,0.61,20,0
941,7,1,25,8,5,5,10,22,4,90,1,0.12,30,0
1322,6,2,28,27,4,1,9,22,4,120,0,0.16,10,0
899,14,1,17,2,2,0,4,16,5,60,1,0.55,15,1
867,14,1,0,1,3,0,6,22,2,120,1,0.25,30,1
1055,19,1,18,24,5,7,10,8,2,60,1,0.07,20,0
1050,18,3,24,22,1,2,4,22,0,60,0,0.91,20,0
1089,6,3,26,3,1,7,9,22,1,120,1,0.71,30,0
1557,9,1,26,3,5,5,10,8,6,60,1,0.81,20,0
906,18,3,23,7,0,6,6,16,4,60,0,0.23,20,0
1033,17,2,23,12,1,1,3,18,5,90,1,0.39,15,1
1117,6,2,21,28,1,3,5,16,4,120,1,0.69,20,1
853,19,2,15,21,3,7,10,18,1,60,0,0.51,15,0
1356,17,2,3,16,5,4,10,16,4,90,1,0.49,15,0
1213,16,3,13,8,5,3,10,16,4,60,0,0.52,10,0
1294,9,3,2,28,0,5,5,10,5,120,0,0.33,15,0
1310,20,3,23,6,0,2,2,10,6,90,0,0.61,15,0
1193,10,2,12,20,4,6,10,14,6,60,0,0.01,20,0
818,13,3,15,6,0,5,5,14,5,120,1,0.45,10,0
1070,9,3,29,25,5,6,10,18,5,60,1,0.07,10,0
933,6,2,30,12,2,4,8,14,3,60,1,0.26,15,1
1491,15,2,28,9,3,6,10,18,4,60,1,0.71,20,0
1410,6,2,22,14,2,2,6,8,3,60,1,0.56,30,0
1004,7,3,29,2,1,4,6,10,1,120,0,0.19,10,0
1464,7,2,0,15,3,2,8,16,2,60,1,0.31,10,1
1019,20,2,17,9,0,6,6,22,4,90,0,0.16,30,0
991,9,3,2,4,0,0,0,16,1,90,1,0.15,30,1
990,11,1,12,1,5,6,10,14,3,90,0,0.4,20,0
1014,11,2,7,25,2,6,10,18,4,120,1,0.72,10,0
1133,20,2,2,28,4,1,9,18,3,120,0,0.84,30,0
835,15,2,12,6,1,2,4,10,3,60,0,0.8,15,0
1157,7,2,24,4,5,3,10,20,5,120,1,0.79,20,0
1101,17,1,5,9,0,6,6,10,1,120,0,0.1,15,0
1493,12,3,16,30,5,2,10,16,6,60,1,0.91,20,0
842,17,1,2,23,5,3,10,16,0,120,0,0.95,10,0
1375,20,1,26,20,0,7,7,14,5,120,0,0.8,20,0
1091,14,3,19,17,4,1,9,16,5,120,0,0.65,20,0
972,12,1,23,11,5,0,10,14,0,60,1,0.81,20,0
1210,11,2,13,3,0,2,2,18,6,120,0,0.26,10,0
1419,6,2,28,19,2,5,9,14,2,120,1,0.75,15,0
998,11,1,10,29,1,6,8,8,2,120,0,0.38,10,0
1507,6,2,20,28,3,2,8,14,0,90,1,0.55,15,0
1446,12,1,5,13,2,1,5,20,3,60,1,0.64,30,1
996,16,1,6,25,2,2,6,22,4,60,0,0.0,20,0
1304,12,2,30,19,5,4,10,14,4,60,1,0.5,30,0
1034,6,3,18,1,4,5,10,10,1,60,1,0.19,10,0
1060,11,2,20,13,0,5,5,10,1,120,1,0.37,20,1
904,19,3,20,12,3,5,10,16,3,90,0,0.44,10,0
1593,10,1,24,28,5,1,10,22,0,60,0,0.91,15,0
926,17,3,5,6,2,6,10,10,3,60,1,0.55,15,0
888,16,2,22,16,4,0,8,14,2,120,1,0.95,30,0
1187,12,2,11,14,0,2,2,20,6,90,0,0.89,10,0
1063,6,2,8,3,1,7,9,10,1,90,1,0.05,20,0
1191,17,1,11,6,5,4,10,22,3,90,0,0.21,15,0
957,14,3,4,29,5,6,10,20,0,90,0,0.23,30,0
1412,16,2,13,19,5,4,10,10,2,90,1,0.89,10,0
1034,15,2,14,29,2,4,8,10,2,120,1,1.0,30,0
1375,13,3,7,14,0,5,5,10,5,90,0,0.22,10,0
1467,17,1,25,29,3,2,8,22,6,90,1,0.14,30,0
889,7,3,7,10,5,6,10,18,6,90,1,0.7,10,0
972,12,2,7,13,2,0,4,16,5,60,0,0.12,20,0
828,13,2,19,30,0,0,0,16,4,60,0,0.44,10,0
981,16,1,23,29,1,3,5,8,4,60,1,0.11,10,0
1315,14,2,17,6,0,6,6,22,6,90,1,0.67,15,0
1035,17,2,6,29,3,5,10,20,1,60,0,0.66,10,0
1516,17,3,13,25,2,7,10,10,1,90,1,0.83,15,0
824,17,2,15,10,0,1,1,18,5,90,1,0.96,20,1
1125,16,2,22,21,4,0,8,14,3,90,1,0.22,10,0
1167,17,2,11,4,4,5,10,10,3,60,1,0.59,20,0
1005,20,2,4,0,3,5,10,16,3,90,1,0.07,10,0
1030,6,2,20,0,0,5,5,16,3,90,0,0.09,20,0
947,18,1,8,15,4,3,10,8,3,120,0,0.96,10,0
1535,11,3,11,9,5,3,10,18,0,60,1,0.7,15,0
1406,10,1,27,17,0,0,0,10,6,90,0,0.71,30,0
1560,19,1,6,10,2,2,6,14,5,120,1,0.86,20,0
1323,18,1,26,2,1,2,4,16,2,90,1,0.22,20,1
1292,6,3,28,15,5,4,10,18,6,120,1,0.63,20,0
1016,20,1,5,22,5,5,10,14,1,90,0,0.38,15,0
1153,10,3,20,21,5,0,10,8,5,120,0,0.23,10,0
1267,16,2,30,20,4,7,10,8,2,60,1,0.91,30,0
1358,19,2,7,25,0,7,7,18,0,120,0,0.38,30,0
1035,9,3,16,24,0,4,4,20,6,60,1,0.91,30,1
1005,17,3,6,11,5,1,10,8,2,90,0,0.25,20,0
1546,13,2,19,5,5,5,10,18,5,120,1,0.22,10,0
1387,19,1,5,13,3,5,10,20,4,60,0,0.9,10,0
1574,10,2,24,19,1,2,4,18,4,90,1,0.45,10,1
1328,16,1,10,6,5,3,10,16,5,120,1,0.65,15,0
956,8,3,18,11,5,3,10,22,2,120,1,0.27,10,0
813,19,2,13,27,0,4,4,8,6,60,1,0.84,30,0
1318,15,2,10,14,0,4,4,16,4,90,1,0.18,30,1
1028,6,3,3,4,5,1,10,18,3,90,0,0.63,30,0
925,18,1,25,30,5,6,10,10,3,120,1,0.18,15,0
811,18,3,3,9,0,5,5,8,5,90,0,0.51,10,0
1266,12,2,10,22,0,6,6,8,0,60,1,0.64,30,0
1392,20,3,27,16,2,3,7,10,5,120,1,0.09,15,0
1501,18,3,2,24,0,7,7,18,5,60,0,0.41,30,0
1517,17,1,27,4,5,0,10,22,6,120,1,0.57,30,0
816,15,1,5,3,2,1,5,18,6,60,1,0.23,30,1
1506,15,1,3,15,5,4,10,22,0,60,1,0.94,15,0
1052,10,1,21,20,0,5,5,14,1,120,0,0.02,30,0
932,18,3,26,26,4,2,10,10,3,90,1,0.77,10,0
1090,12,3,10,13,5,4,10,18,1,60,1,0.84,20,0
978,7,2,4,11,5,4,10,20,6,60,0,0.25,30,0
901,8,2,3,29,1,0,2,14,1,90,0,0.43,30,0
1310,18,1,21,7,2,3,7,18,5,120,0,0.57,20,0
1387,10,3,27,12,4,6,10,10,4,60,1,0.01,10,0
1552,13,1,28,13,2,6,10,8,0,120,1,0.74,20,0
851,17,2,22,8,4,1,9,22,6,60,1,0.83,15,0
1437,6,1,11,18,4,7,10,10,3,90,0,0.79,10,0
1461,13,1,23,3,5,2,10,22,4,90,0,0.64,10,0
1331,12,2,2,0,4,1,9,20,5,90,1,0.04,15,0
1387,16,3,16,1,2,0,4,14,6,90,0,0.09,20,0
919,8,1,7,30,5,6,10,22,1,90,1,0.75,15,0
1011,12,2,13,9,1,6,8,18,2,120,0,0.0,30,0
1178,10,1,27,10,2,2,6,10,2,120,0,0.71,15,0
1596,19,2,2,10,5,6,10,18,4,60,1,0.14,20,0
1243,6,1,15,7,4,5,10,8,5,120,0,0.89,10,0
1487,18,2,2,0,2,1,5,20,6,120,0,0.57,15,0
886,18,3,9,10,0,4,4,8,0,120,1,0.5,15,0
940,14,1,10,16,2,7,10,20,3,60,0,0.56,10,0
1262,17,1,19,24,5,5,10,16,0,90,0,0.51,20,0
1459,17,3,30,12,1,5,7,14,5,120,0,0.7,15,0
1564,12,2,13,29,0,0,0,8,4,120,1,0.16,20,1
1418,11,2,4,3,1,2,4,8,6,90,1,0.41,15,0
909,16,2,21,8,5,0,10,14,2,120,1,0.5,20,0
1296,20,2,10,26,3,2,8,16,4,60,1,0.17,15,0
1460,15,1,14,3,0,6,6,22,4,90,1,0.8,20,0
1549,19,2,20,16,1,1,3,8,0,120,0,0.17,20,0
1349,15,1,26,5,1,6,8,14,5,90,0,0.67,10,0
1358,12,2,19,16,5,1,10,16,5,90,0,0.55,10,0
1285,15,2,26,26,3,6,10,20,0,60,0,0.2,15,0
1155,12,1,20,5,0,3,3,14,0,90,1,0.47,15,1
1490,6,3,20,30,4,5,10,18,3,90,0,0.68,15,0
1560,17,1,7,22,1,0,2,20,2,90,0,0.98,20,0
909,15,2,19,7,1,7,9,10,2,60,0,0.84,30,0
1575,9,3,19,14,2,4,8,16,4,60,0,0.51,30,0
1002,7,1,11,14,1,3,5,14,0,90,0,0.25,10,0
1593,16,1,13,10,4,2,10,16,3,90,0,0.83,15,0
1294,9,1,1,3,3,3,9,18,4,60,1,0.49,15,0
814,18,1,0,20,5,3,10,22,1,120,0,0.09,10,0
805,19,1,19,27,3,4,10,16,1,120,1,0.44,20,0
1233,16,3,30,20,2,7,10,20,0,60,0,0.81,15,0
819,12,1,0,5,4,3,10,14,4,90,0,0.79,10,0
1197,17,2,30,22,4,3,10,8,1,60,0,0.4,10,0
977,11,3,16,28,3,1,7,20,5,60,0,0.8,20,0
981,13,1,28,13,5,1,10,10,1,90,0,0.68,10,0
1094,17,1,8,10,4,6,10,14,0,90,1,0.74,15,0
1031,7,1,28,22,4,4,10,10,4,90,0,0.23,10,0
1250,13,1,14,27,2,3,7,14,3,90,1,0.28,30,1
1104,6,1,6,30,0,5,5,22,2,120,1,0.69,15,0
917,8,2,4,16,1,5,7,22,5,120,1,0.39,10,0
860,16,2,0,28,5,1,10,14,0,60,0,0.39,30,0
1406,17,1,4,7,2,7,10,18,0,60,0,0.64,15,0
899,12,2,22,24,2,0,4,16,1,60,1,0.97,10,0
1384,17,3,12,14,5,5,10,8,2,60,0,0.4,20,0
1514,14,2,10,23,3,7,10,14,2,90,0,0.94,30,0
843,16,2,2,15,1,1,3,14,3,90,0,0.59,30,0
983,13,3,29,11,2,3,7,8,2,60,1,0.74,20,0
1372,18,2,2,0,1,7,9,20,0,90,0,0.67,30,0
1489,20,2,3,3,3,7,10,20,2,90,1,0.04,15,0
1189,7,2,26,1,3,5,10,18,4,60,0,0.8,10,0
857,17,3,0,2,1,3,5,20,3,60,0,0.35,30,0
979,6,1,29,22,4,3,10,22,2,90,0,0.97,10,0
1105,9,3,16,18,5,5,10,8,0,90,1,0.07,10,0
1198,11,3,30,22,3,1,7,10,0,90,0,0.11,15,0
1479,9,1,15,2,5,3,10,10,0,120,0,0.76,20,0
1192,12,3,28,3,1,6,8,22,1,60,0,0.93,30,0
1389,20,2,3,22,3,1,7,16,1,90,1,0.9,15,0
880,10,2,20,12,3,4,10,20,3,90,0,0.17,30,0
925,16,2,16,13,0,6,6,8,5,60,1,0.88,10,0
1309,12,3,2,21,1,7,9,18,4,120,1,0.87,30,0
1101,20,2,25,18,2,7,10,10,3,120,1,0.66,30,0
1160,17,3,3,27,0,7,7,18,4,90,0,0.57,10,0
1297,15,1,20,29,1,3,5,14,0,120,0,0.66,20,0
1316,12,1,13,6,4,0,8,18,6,90,0,0.46,15,0
916,6,3,24,16,3,3,9,16,3,90,0,0.99,20,0
1116,18,1,25,10,3,4,10,18,0,90,1,0.06,15,0
1248,15,1,1,26,2,7,10,18,6,90,1,0.23,30,0
1584,9,1,9,22,3,2,8,10,2,120,1,0.28,15,0
1349,13,1,5,26,1,1,3,20,6,120,0,0.89,20,0
801,6,3,10,30,0,2,2,20,4,90,1,0.96,15,1
1137,18,1,9,19,2,3,7,16,5,90,0,0.23,20,0
963,13,1,6,21,5,2,10,8,1,90,0,0.22,15,0
1209,9,3,17,7,4,4,10,20,1,90,0,0.15,10,0
1375,15,2,8,30,0,3,3,14,6,60,1,0.13,15,1
1321,15,3,16,2,0,5,5,8,6,60,0,0.73,10,0
1545,15,2,12,10,3,4,10,8,0,90,0,0.19,30,0
1562,7,1,3,23,3,0,6,18,3,120,0,0.15,15,0
1326,11,2,9,26,3,6,10,20,4,90,1,0.98,30,0
1120,19,1,22,20,3,3,9,14,2,90,0,0.58,20,0
1105,8,2,8,1,3,6,10,16,2,90,1,0.12,30,0
924,15,1,1,16,5,4,10,22,0,120,0,0.14,10,0
1528,9,3,17,15,5,6,10,16,1,120,1,0.14,10,1
1321,10,2,24,3,1,2,4,10,4,60,0,0.3,20,0
1486,17,1,23,29,2,0,4,20,6,90,1,0.23,10,1
969,15,1,12,28,3,7,10,22,5,60,0,0.42,20,0
828,10,1,15,28,2,4,8,10,0,120,1,0.69,20,0
939,9,3,14,29,1,0,2,8,5,120,1,0.02,20,1
1553,8,3,8,11,1,1,3,8,2,120,1,0.04,10,1
1478,16,2,17,22,0,3,3,18,4,60,0,0.63,30,0
841,10,2,20,29,0,5,5,18,1,120,1,0.05,10,1
1335,7,2,18,12,5,6,10,14,5,90,0,0.24,30,0
897,17,2,18,15,5,4,10,22,1,60,0,0.3,20,0
872,7,3,16,5,5,5,10,22,5,60,1,0.93,30,0
1556,17,2,0,25,1,2,4,18,2,120,0,0.06,15,0
1458,8,1,23,9,4,7,10,10,4,90,1,0.67,20,0
994,17,2,17,30,3,2,8,8,1,120,0,0.91,20,0
881,20,3,17,27,0,7,7,8,5,90,0,0.56,30,0
1183,15,3,11,30,2,1,5,16,6,60,0,0.98,20,0
1462,8,2,3,28,1,6,8,8,3,90,1,0.42,10,0
1271,9,3,29,21,4,4,10,10,3,60,0,0.64,30,0
904,15,2,25,23,1,4,6,18,2,60,0,0.77,20,0
1266,17,3,20,26,0,5,5,14,6,120,0,0.69,15,0
1093,17,2,15,16,4,4,10,10,0,60,1,0.69,30,0
1455,18,1,10,6,2,3,7,10,2,90,1,0.61,20,0
1476,13,3,14,17,3,1,7,10,4,90,0,0.06,20,0
941,17,1,27,20,1,5,7,16,1,90,1,0.71,30,1
1285,11,1,12,12,5,6,10,10,0,60,0,0.5,15,0
918,19,1,13,5,5,4,10,20,5,90,0,0.07,30,0
868,16,2,13,1,0,0,0,20,2,60,0,0.77,15,0
1243,16,2,21,13,3,6,10,22,1,90,0,0.51,20,0
1510,11,3,30,16,5,3,10,20,3,60,0,0.21,20,0
1373,10,2,6,30,3,7,10,20,4,90,0,0.29,30,0
1117,6,2,15,2,2,2,6,18,0,60,0,0.25,20,0
1315,14,2,28,0,2,3,7,10,6,60,0,0.71,30,0
1329,19,3,18,19,0,0,0,22,4,120,1,0.33,30,1
1582,18,1,6,23,2,5,9,18,4,120,1,0.04,30,0
910,18,3,14,10,5,2,10,14,3,120,1,0.6,20,0
816,8,1,0,26,2,2,6,18,2,90,1,0.16,15,1
1102,18,3,10,17,3,1,7,10,2,90,1,0.07,20,0
1101,6,1,3,5,4,0,8,8,2,60,1,0.12,15,0
1089,11,1,27,17,4,0,8,16,3,90,0,0.16,15,0
1038,15,1,12,18,2,4,8,20,1,60,0,0.09,10,0
978,20,3,10,2,1,3,5,10,3,60,1,0.62,10,0
835,9,1,5,5,2,2,6,22,3,120,0,0.1,30,0
1041,17,3,25,4,2,1,5,18,0,120,0,0.97,20,0
1294,18,3,23,17,5,4,10,20,0,90,0,0.23,15,0
1542,14,1,22,22,1,1,3,10,5,90,0,0.53,10,0
881,13,2,19,6,0,4,4,8,1,90,1,0.61,10,0
1421,8,3,6,6,3,2,8,22,6,120,1,0.3,15,0
1157,11,1,22,26,5,6,10,10,6,120,1,0.13,10,0
1073,16,2,13,6,1,0,2,22,0,60,0,0.96,20,0
926,20,2,8,29,5,4,10,10,3,90,1,0.44,10,0
920,8,2,24,6,4,7,10,18,6,90,1,0.33,10,0
1209,13,3,16,11,5,0,10,14,6,120,0,0.52,30,0
849,7,1,20,2,2,0,4,20,4,120,0,1.0,15,0
1560,18,2,5,30,4,7,10,14,0,60,1,0.77,15,0
990,8,1,9,29,1,3,5,10,1,120,0,0.04,30,0
1447,6,3,2,22,1,6,8,18,6,60,0,0.24,20,0
931,19,1,14,8,5,3,10,22,6,90,0,0.83,15,0
1000,20,3,16,28,1,7,9,8,0,90,1,0.14,20,0
992,18,3,15,20,1,4,6,10,1,90,0,0.91,30,0
961,16,3,1,15,2,2,6,10,3,90,1,0.98,30,0
924,10,1,22,12,2,3,7,20,4,60,1,0.46,30,1
854,9,1,16,17,2,0,4,14,6,90,1,0.87,30,0
1149,15,3,9,17,5,3,10,22,3,120,1,0.59,10,0
1357,15,3,9,11,3,1,7,20,1,120,0,0.91,30,0
1142,13,3,2,20,4,2,10,16,3,120,0,0.47,10,0
1452,9,2,7,25,2,3,7,8,0,90,1,0.36,15,0
961,18,3,14,16,1,0,2,16,2,60,1,0.84,20,1
1322,8,2,2,24,5,6,10,18,6,60,0,0.23,20,0
897,12,2,6,25,0,4,4,18,4,60,1,0.12,20,1
1179,19,2,26,26,0,1,1,22,3,90,1,0.68,15,0
1098,9,1,15,9,3,4,10,22,6,90,1,0.77,10,0
1397,11,1,20,15,3,1,7,20,1,120,0,0.82,20,0
1218,9,2,14,8,5,3,10,18,6,60,0,0.33,30,0
1351,11,2,11,25,2,5,9,8,2,60,1,0.55,30,0
1461,15,1,25,8,4,0,8,16,0,90,1,0.82,15,0
1086,17,2,19,22,1,2,4,10,0,120,0,0.01,10,0
1106,12,3,28,23,2,0,4,22,4,120,1,0.79,20,0
1002,19,2,15,26,2,7,10,18,6,120,1,0.57,15,0
1230,14,2,4,9,2,3,7,8,5,90,0,0.58,30,0
912,10,2,5,14,0,3,3,22,4,60,1,0.27,15,1
1128,9,1,13,4,1,6,8,16,3,90,0,0.44,30,0
1471,17,3,6,24,1,5,7,14,2,120,0,0.26,10,0
1532,18,3,17,9,2,6,10,10,1,120,0,0.2,30,0
1305,13,2,7,8,5,1,10,22,5,90,1,0.88,10,0
1309,16,1,2,29,3,4,10,14,1,120,1,0.21,15,0
1447,20,3,26,0,0,3,3,10,2,120,0,0.72,20,0
1193,10,2,18,9,2,5,9,8,0,90,0,0.11,30,0
1508,12,2,26,11,1,0,2,8,1,90,1,1.0,10,0
1596,7,2,4,19,4,2,10,16,2,90,0,0.56,20,0
897,6,3,17,12,3,2,8,14,0,120,0,0.02,20,0
1237,11,3,21,15,4,7,10,22,2,120,1,0.43,20,0
887,15,1,26,23,1,6,8,10,1,90,0,0.99,10,0
1440,8,3,17,5,5,3,10,18,0,120,1,0.11,15,1
1267,12,3,19,14,0,6,6,10,1,120,1,0.39,30,1
1137,14,2,18,7,0,7,7,20,2,60,1,0.15,10,0
1063,20,1,20,27,5,7,10,10,1,60,0,0.02,30,0
1270,18,3,4,28,4,5,10,10,3,120,0,0.53,10,0
1594,18,2,18,29,5,6,10,10,1,120,1,0.99,10,0
1470,17,1,2,12,2,6,10,22,3,120,1,0.1,15,0
1082,19,3,29,30,1,6,8,10,2,120,0,0.62,15,0
988,15,2,7,4,1,7,9,22,0,60,1,0.9,15,0
1543,11,3,15,16,0,4,4,18,0,120,0,0.18,10,0
1176,17,2,24,0,2,2,6,16,5,120,0,0.28,20,0
916,17,3,21,13,5,0,10,14,3,60,0,0.3,10,0
1112,11,2,5,26,2,2,6,16,2,90,1,0.93,30,1
1301,15,1,13,16,4,3,10,10,2,120,1,0.53,10,0
1386,12,3,19,13,1,0,2,18,2,120,1,0.84,20,1
1128,6,3,6,14,3,4,10,20,3,120,0,0.23,15,0
1427,6,1,15,9,3,2,8,18,3,120,0,0.12,20,0
804,12,3,23,17,1,5,7,18,5,90,1,0.38,15,1
908,20,2,2,21,4,6,10,14,5,60,1,0.85,15,0
1301,12,2,1,22,2,1,5,14,0,60,1,0.09,15,1
1591,19,3,21,10,1,0,2,16,0,90,1,0.6,15,1
1077,19,3,3,30,5,2,10,8,5,90,1,0.09,20,0
1300,17,3,28,10,3,0,6,14,3,60,1,0.24,30,1
885,18,1,16,17,1,4,6,10,0,90,0,0.18,15,0
966,8,1,12,20,0,4,4,20,5,60,1,0.92,15,1
1287,18,3,3,29,2,4,8,20,1,60,1,0.83,15,0
842,15,1,2,22,0,2,2,20,5,120,0,0.71,30,0
992,16,3,11,10,3,7,10,20,2,90,0,1.0,30,0
983,20,3,22,10,2,1,5,20,5,60,1,0.72,10,0
1562,7,3,3,25,5,6,10,18,6,90,0,0.86,30,0
1210,11,2,0,23,5,0,10,8,2,60,1,0.77,15,0
1217,19,3,9,2,4,6,10,20,0,90,0,0.62,10,0
1437,6,2,17,24,2,1,5,10,3,120,1,0.42,20,0
1223,11,2,12,12,1,3,5,8,5,120,0,0.16,20,0
1061,9,2,6,3,3,7,10,16,4,120,1,0.31,10,0
1557,16,3,24,24,2,6,10,14,3,60,1,0.19,20,0
1530,16,1,1,8,4,2,10,22,4,60,0,0.67,20,0
1156,10,2,19,12,3,2,8,16,2,120,1,0.2,10,1
907,8,1,24,2,5,5,10,20,6,90,1,0.16,30,0
1409,11,2,6,22,3,0,6,16,2,120,1,0.65,10,0
1595,15,2,13,11,5,6,10,20,0,120,0,0.72,15,0
1159,20,1,20,22,0,3,3,10,4,120,1,0.48,30,1
851,15,2,2,12,4,4,10,8,3,120,0,0.86,30,0
1498,9,2,7,11,3,1,7,22,6,120,0,0.43,15,0
1595,12,1,1,12,2,1,5,8,3,120,0,0.97,15,0
896,10,1,28,28,1,7,9,14,6,120,0,0.43,15,0
1236,10,1,8,1,3,2,8,20,6,60,1,0.19,15,1
897,11,3,1,13,5,7,10,18,1,90,1,0.89,10,0
1497,13,1,5,2,0,3,3,22,5,120,1,0.89,15,0
1261,6,3,7,18,3,1,7,20,5,90,0,0.76,20,0
1313,13,1,30,6,2,0,4,20,4,60,1,0.91,30,1
1446,7,1,22,9,4,5,10,14,1,60,1,0.8,30,0
1515,19,3,10,0,0,7,7,14,2,120,0,0.29,15,0
1032,16,2,14,30,0,0,0,14,3,90,0,0.78,15,0
1476,8,1,20,11,2,4,8,8,4,120,1,0.26,10,0
1327,8,2,3,19,4,0,8,14,1,90,0,0.29,30,0
877,6,2,18,10,5,6,10,10,2,60,1,0.39,15,0
1497,12,3,25,12,1,1,3,16,3,90,0,0.52,15,0
828,17,2,3,5,0,2,2,16,4,60,1,0.16,10,1
1389,18,2,13,27,5,0,10,8,2,120,1,0.75,20,0
1554,15,3,19,20,2,5,9,10,0,60,0,0.96,10,0
1011,12,2,16,28,2,0,4,22,6,90,1,0.12,15,1
1322,20,2,27,14,1,1,3,18,3,120,1,0.54,10,1
877,7,1,5,26,3,5,10,20,4,120,0,0.07,30,0
963,12,1,25,27,1,6,8,10,2,60,0,0.68,10,0
951,19,3,12,21,5,2,10,14,4,120,1,0.82,15,0
1113,15,2,26,16,0,6,6,18,6,90,0,0.01,10,0
1455,9,1,2,21,2,4,8,8,1,120,0,0.51,10,0
1019,13,3,15,24,0,3,3,14,2,120,0,0.76,30,0
1129,7,2,22,30,0,4,4,14,2,90,0,0.49,10,0
1478,6,2,15,14,1,3,5,8,3,90,1,0.99,30,0
986,7,1,12,3,1,7,9,8,3,90,0,0.25,20,0
1375,13,3,23,22,1,5,7,16,0,60,0,0.79,10,0
896,20,2,23,18,0,7,7,14,0,120,1,0.82,30,0
1594,7,3,22,25,2,7,10,20,1,60,1,0.66,30,0
805,7,1,8,14,2,7,10,22,2,60,0,0.8,15,0
811,16,1,27,26,3,1,7,8,0,90,1,0.5,20,0
942,13,2,21,4,4,2,10,18,4,90,1,0.5,20,0
1139,7,3,4,23,5,2,10,20,2,90,1,0.94,30,0
859,17,3,18,6,2,6,10,16,2,120,1,0.85,20,0
1513,17,2,19,0,4,3,10,20,6,90,0,0.39,30,0
976,6,2,14,23,5,0,10,22,2,60,1,0.55,30,0
1579,7,3,2,5,3,1,7,16,0,60,0,0.39,10,0
1019,15,3,1,25,0,7,7,18,2,90,1,0.38,30,1
960,6,1,14,22,0,2,2,22,0,120,0,0.23,15,0
1090,7,1,10,9,4,6,10,8,0,120,0,0.24,20,0
1348,18,2,24,21,1,6,8,18,0,120,0,0.58,30,0
1268,19,2,15,9,4,6,10,16,0,120,1,0.76,30,0
893,8,2,27,25,0,3,3,16,0,60,0,0.08,30,0
1547,11,1,25,28,3,7,10,14,2,90,0,0.56,10,0
1204,7,2,21,6,5,2,10,20,6,120,0,0.57,30,0
1302,13,2,21,26,3,2,8,18,4,90,1,0.02,10,0
1105,15,3,18,23,0,1,1,16,1,60,1,0.9,15,1
1337,16,1,7,25,5,1,10,14,0,120,0,0.29,30,0
1354,13,1,28,11,3,1,7,10,1,60,1,0.43,30,0
876,20,2,11,21,2,6,10,14,0,90,1,0.44,20,0
1147,6,2,26,13,0,5,5,20,3,60,0,0.38,20,0
1289,10,3,7,0,4,2,10,18,0,90,1,0.48,20,0
1513,20,3,13,5,1,5,7,8,0,120,0,0.66,15,0
974,10,3,17,9,2,1,5,18,6,90,0,0.88,30,0
914,19,1,27,7,0,5,5,8,5,90,1,0.48,15,0
1043,18,2,11,2,1,5,7,10,1,90,1,0.59,15,0
1159,7,3,19,18,2,0,4,10,4,60,1,0.8,30,0
1322,11,1,21,9,5,5,10,10,5,120,1,0.18,15,0
1341,12,2,8,20,3,0,6,20,4,120,1,0.24,30,1
1390,10,1,6,18,2,5,9,20,3,90,0,0.14,10,0
1108,10,3,27,1,4,1,9,16,1,60,1,0.52,15,0
1551,15,3,15,4,3,1,7,18,3,60,0,0.68,20,0
1384,11,2,19,27,5,1,10,16,2,90,1,0.7,10,0
1009,17,2,30,13,1,2,4,8,6,90,0,0.2,10,0
1212,20,2,1,5,3,5,10,18,2,120,1,0.26,15,0
1159,9,3,7,20,5,7,10,18,6,120,0,0.75,15,0
837,20,3,17,21,5,1,10,16,4,90,1,0.92,30,0
953,9,1,14,28,2,4,8,14,5,120,0,0.05,20,0
899,20,3,4,5,0,6,6,10,4,90,0,0.45,10,0
1155,19,3,5,2,4,1,9,16,4,90,1,0.33,20,1
1446,13,2,12,27,2,1,5,14,3,90,0,0.5,30,0
998,7,2,22,9,4,5,10,18,6,60,1,0.23,10,0
859,9,3,14,9,4,7,10,8,3,90,1,0.35,30,0
1493,15,1,26,4,0,0,0,22,2,60,0,0.12,30,0
1090,6,3,1,26,3,6,10,14,4,120,0,0.29,30,0
1201,11,3,2,18,0,1,1,16,2,120,0,0.86,15,0
1273,15,2,16,11,3,0,6,22,4,90,1,0.06,30,1
1382,13,2,22,27,0,0,0,14,6,60,1,0.67,30,1
1553,12,3,11,18,5,5,10,10,5,90,0,0.05,20,0
1112,9,1,6,26,5,2,10,8,4,60,1,0.03,10,0
1328,10,1,17,12,5,4,10,10,1,60,1,0.59,30,0
827,11,1,22,26,5,6,10,22,5,60,1,0.81,30,0
1130,10,3,5,29,4,4,10,18,6,90,0,0.15,15,0
1088,8,2,29,14,1,4,6,10,3,60,1,0.03,15,1
1369,17,2,30,12,1,1,3,18,6,120,0,0.58,10,0
1131,18,2,9,26,0,1,1,20,2,60,0,0.33,20,0
1509,6,1,1,30,5,0,10,20,3,120,1,0.87,20,0
1514,7,2,27,7,0,3,3,14,4,60,1,0.96,20,1
1589,17,2,15,20,1,6,8,18,0,60,0,0.9,20,0
873,10,2,22,2,3,4,10,18,0,90,1,0.78,30,0
1005,11,3,26,23,0,1,1,14,5,120,0,0.1,10,0
1332,19,2,28,17,2,3,7,18,1,60,0,0.65,20,0
1181,20,2,2,21,3,4,10,10,3,90,1,0.22,15,0
952,13,1,6,14,4,1,9,18,0,60,1,0.83,15,0
1548,16,1,13,12,2,2,6,18,5,60,1,0.29,10,1
1055,16,1,4,26,1,4,6,10,0,120,1,0.58,30,0
1318,11,2,30,21,2,4,8,20,5,60,0,0.13,15,0
1543,6,2,2,1,4,4,10,10,2,90,1,0.56,15,0
1356,10,3,27,16,5,1,10,22,2,120,0,0.83,10,0
1392,8,3,23,4,1,1,3,14,1,90,1,0.52,30,1
1504,18,2,8,2,3,3,9,8,2,60,0,0.51,30,0
1351,9,2,12,29,0,4,4,14,1,90,0,0.29,20,0
947,10,1,26,12,4,0,8,8,3,60,0,0.54,30,0
1571,6,1,25,8,5,0,10,18,2,60,0,0.11,30,0
1163,13,2,2,9,5,6,10,18,2,90,1,0.01,30,0
1467,17,3,4,6,0,4,4,22,2,90,1,0.12,10,0
854,8,1,11,2,2,4,8,16,2,120,1,0.86,10,0
1030,19,3,5,13,4,7,10,20,0,90,0,0.17,20,0
1325,12,2,5,15,0,5,5,22,6,90,0,0.11,15,0
1419,20,2,7,26,3,6,10,14,0,60,0,0.66,30,0
1112,13,1,2,19,4,7,10,14,0,90,0,0.1,15,0
1498,13,1,24,22,4,1,9,18,6,90,1,0.4,20,0
1577,10,2,14,23,0,7,7,14,1,90,0,0.86,15,0
986,6,2,19,16,1,7,9,22,1,60,1,0.87,15,0
1533,6,2,0,11,1,4,6,22,1,60,0,0.97,15,0
1088,16,3,27,12,0,7,7,8,6,120,1,0.1,20,0
1454,7,1,2,24,0,3,3,8,2,90,0,0.55,10,0
1186,7,2,7,24,4,0,8,18,1,60,0,0.81,15,0
1250,18,3,15,19,3,4,10,14,6,60,0,0.17,15,0
1032,16,2,25,28,0,7,7,22,0,60,1,0.28,10,0
1294,7,3,19,18,1,1,3,18,3,90,0,0.48,10,0
876,11,3,1,0,2,3,7,18,2,120,0,0.52,10,0
1071,7,1,28,4,5,7,10,8,2,60,0,0.44,15,0
839,20,1,4,6,0,1,1,8,4,60,1,0.53,10,0
985,17,3,29,11,3,5,10,20,3,60,1,0.58,15,0
1393,9,3,2,26,1,3,5,16,4,120,0,0.62,20,0
1241,15,3,17,12,2,7,10,20,0,120,1,0.65,20,0
1419,13,2,24,12,4,2,10,10,6,90,1,0.95,10,0
893,13,3,27,9,1,4,6,22,1,60,1,0.54,10,0
1074,14,3,0,14,5,2,10,18,6,120,0,0.11,15,0
956,14,2,17,6,2,1,5,22,1,60,1,0.87,15,0
1178,12,1,9,9,1,1,3,10,0,120,1,0.92,10,0
1400,6,2,18,6,4,6,10,18,5,60,1,0.69,15,0
1361,13,1,0,27,5,7,10,16,1,90,1,0.18,10,0
1086,15,1,12,29,0,4,4,10,2,60,1,0.65,30,0
1504,13,2,28,30,3,3,9,16,1,60,0,0.99,15,0
1006,9,3,5,25,5,4,10,16,3,60,0,0.49,15,0
1599,8,3,30,5,0,1,1,14,2,120,0,0.44,20,0
1465,8,1,26,3,5,6,10,8,1,120,0,0.11,20,0
1554,12,2,8,9,4,6,10,18,0,120,1,0.34,15,0
1284,8,1,9,7,4,1,9,14,0,60,0,0.28,20,0
1142,12,2,9,8,5,5,10,16,5,90,0,0.05,10,0
1182,6,3,16,1,2,5,9,18,4,90,1,0.15,20,1
986,9,1,10,17,4,3,10,20,1,60,1,0.87,20,0
1407,13,1,17,12,3,6,10,8,3,60,0,0.86,30,0
1435,10,3,23,11,0,5,5,14,4,120,0,0.36,30,0
1429,17,2,12,25,0,5,5,16,1,60,1,0.85,20,1
805,18,1,22,12,5,6,10,20,6,90,1,0.31,15,0
1336,14,2,6,27,4,0,8,14,1,60,1,0.21,30,1
1145,16,3,17,5,3,6,10,18,4,60,1,0.01,20,0
851,19,1,5,25,4,0,8,16,3,90,1,0.92,15,0
1346,6,3,14,23,1,7,9,10,2,120,1,0.44,15,0
1329,20,1,23,29,2,6,10,18,0,90,0,0.85,15,0
803,15,1,20,7,3,1,7,20,6,60,0,0.49,10,0
845,6,1,15,30,1,6,8,22,1,90,0,0.34,20,0
1056,16,1,8,7,3,2,8,14,4,120,1,0.58,10,0
1407,8,1,26,16,4,2,10,22,4,120,1,0.74,10,0
979,13,2,23,22,4,4,10,8,3,120,0,0.39,15,0
1274,19,1,7,19,1,6,8,20,4,90,1,0.94,30,0
900,8,1,6,14,1,2,4,10,0,60,0,0.47,20,0
823,17,3,11,25,5,7,10,8,1,90,1,0.04,10,0
976,15,3,1,14,4,1,9,10,5,120,0,0.4,20,0
1531,15,1,3,25,4,2,10,22,3,90,0,0.04,10,0
1170,12,3,28,6,2,3,7,14,3,60,0,0.21,10,0
998,15,2,27,22,4,2,10,22,3,120,1,0.38,10,0
1232,8,1,4,13,4,3,10,16,6,60,1,0.48,10,0
1074,6,2,19,5,2,7,10,8,0,60,0,0.34,30,0
1034,11,3,10,15,1,4,6,22,6,90,0,1.0,30,0
1197,16,1,29,2,5,3,10,8,0,120,1,0.64,30,0
847,10,3,18,2,3,6,10,14,2,120,1,0.07,30,0
1250,11,3,4,7,0,6,6,14,4,90,1,0.46,10,0
983,12,1,2,24,3,0,6,14,3,90,0,0.41,20,0
1511,12,3,1,11,2,6,10,10,2,120,1,0.78,20,0
1050,6,2,6,21,4,6,10,10,3,90,0,0.37,15,0
1532,19,3,2,21,2,6,10,22,4,90,1,0.08,30,0
1592,13,1,18,0,5,6,10,18,6,120,1,0.67,15,0
1298,10,1,22,5,2,5,9,10,6,120,1,0.71,10,0
1026,16,2,6,30,1,4,6,22,2,90,1,0.41,15,0
1014,11,1,12,12,0,7,7,16,1,120,1,0.39,30,1
996,18,2,16,17,3,6,10,16,0,120,1,0.95,15,0
989,6,3,20,4,1,2,4,20,3,90,1,0.92,15,1
965,13,3,12,27,3,2,8,10,1,60,0,0.85,10,0
1272,11,3,23,13,4,1,9,18,6,120,0,0.57,20,0
1282,13,2,27,8,3,6,10,20,4,90,0,0.74,10,0
905,12,3,5,27,0,0,0,18,5,120,0,0.72,10,0
1411,20,1,9,27,2,0,4,8,2,120,1,0.53,10,0
1334,15,1,13,22,0,6,6,22,6,60,0,0.16,10,0
846,17,1,12,2,3,6,10,18,2,60,1,0.22,20,0
862,17,2,21,8,3,0,6,8,6,60,1,0.8,10,0
1207,12,1,15,5,4,6,10,14,4,60,0,0.98,15,0
1246,12,3,9,28,5,1,10,22,3,90,0,0.81,30,0
1174,12,2,27,7,4,5,10,16,2,60,1,0.09,20,0
1166,8,1,9,2,2,1,5,20,5,60,0,0.63,15,0
1387,19,1,9,1,0,4,4,20,2,90,0,0.87,10,0
1272,12,3,7,10,0,3,3,20,3,120,0,0.05,30,0
1121,14,2,22,16,5,2,10,10,5,60,1,0.6,10,0
1215,9,3,0,15,3,6,10,18,3,60,0,0.88,30,0
1076,9,3,20,24,4,4,10,10,4,60,0,0.59,30,0
1037,15,1,12,27,5,3,10,22,4,120,1,0.02,15,0
1289,12,3,6,14,5,3,10,14,2,120,1,0.4,10,0
1090,18,1,10,25,2,4,8,10,2,120,1,0.35,15,0
1507,19,3,30,29,2,3,7,10,6,120,1,0.4,30,0
1182,14,1,8,0,4,3,10,14,0,90,1,0.56,15,0
1199,12,1,10,30,2,3,7,16,5,120,0,0.92,10,0
1134,15,2,0,27,3,1,7,16,1,90,1,0.29,20,1
951,15,1,11,15,4,5,10,20,4,120,1,0.15,20,0
982,10,3,13,25,3,2,8,16,4,90,0,0.6,10,0
980,9,3,0,10,0,3,3,10,2,60,1,0.17,20,1
1514,18,1,20,30,5,6,10,18,1,90,0,0.07,10,0
1547,9,3,11,25,4,3,10,16,6,120,1,0.4,20,0
1198,14,2,7,21,0,3,3,22,2,90,1,0.65,15,1
1434,8,2,25,29,5,7,10,18,1,60,1,0.55,15,0
880,10,1,9,4,0,4,4,10,6,90,0,0.99,30,0
1240,14,2,29,21,5,4,10,18,0,60,0,0.38,10,0
1446,19,1,4,23,1,6,8,18,4,120,0,0.77,10,0
1509,19,3,9,10,3,6,10,10,2,60,0,0.63,20,0
904,16,2,9,23,3,5,10,10,5,60,0,0.61,15,0
1351,10,3,8,0,2,7,10,20,5,90,1,0.09,15,1
1531,11,2,12,5,4,5,10,22,1,90,0,0.77,15,0
891,12,2,6,17,0,4,4,16,3,90,1,0.8,15,1
1423,6,1,16,6,5,4,10,20,2,60,0,0.69,10,0
898,6,1,20,9,4,0,8,10,1,90,1,0.6,30,0
868,19,3,17,22,3,2,8,10,1,120,1,0.65,10,0
1029,9,2,15,18,4,3,10,10,4,120,0,0.39,10,0
933,12,3,16,25,0,1,1,20,5,120,0,0.65,15,0
1541,8,3,23,28,5,3,10,10,2,90,1,0.65,20,0
1101,10,2,20,13,4,3,10,14,4,60,1,0.25,10,0
1527,9,1,23,13,3,7,10,22,4,90,1,0.12,15,0
802,7,2,9,9,2,1,5,8,2,120,1,0.53,10,0
1236,9,2,27,12,3,1,7,20,2,90,0,0.39,15,0
1265,20,3,7,26,0,1,1,10,6,120,0,0.06,30,0
911,12,3,23,19,2,3,7,18,0,120,1,0.89,30,0
1374,12,2,9,20,4,4,10,16,2,120,1,0.73,10,0
1336,13,2,9,21,0,6,6,22,2,90,0,0.71,15,0
1100,11,3,11,4,3,7,10,22,0,60,0,0.65,30,0
1237,7,3,20,23,0,1,1,14,5,90,0,0.91,15,0
1100,20,1,5,6,5,1,10,14,0,120,0,0.25,30,0
1295,16,3,26,25,2,7,10,22,2,90,1,0.97,30,0
1541,6,1,1,6,1,0,2,16,3,60,0,0.81,30,0
1500,13,1,21,4,1,0,2,14,5,90,0,0.28,10,0
1190,12,1,24,29,3,2,8,18,6,120,1,0.34,20,1
1136,13,2,12,16,1,4,6,22,4,60,0,0.45,15,0
1064,20,3,8,20,1,3,5,10,1,90,0,0.94,10,0
804,6,1,30,19,0,3,3,18,3,120,1,0.68,10,1
1443,16,2,14,6,1,2,4,22,5,60,0,0.67,15,0
1452,9,3,19,11,5,3,10,14,0,60,0,0.79,20,0
1536,19,2,11,30,5,5,10,8,0,90,1,0.2,30,0
1479,18,3,20,6,0,0,0,10,1,120,0,0.05,30,0
1251,9,2,21,21,3,5,10,14,2,60,1,0.89,30,0
1582,8,1,28,26,0,3,3,16,4,120,1,0.47,20,1
1051,19,3,1,29,5,2,10,18,4,120,0,0.72,15,0
1449,6,1,16,27,0,2,2,8,1,60,1,0.27,10,1
881,17,1,12,29,3,2,8,18,4,60,1,0.57,15,0
1526,6,3,2,25,5,5,10,14,2,60,1,0.55,30,0
898,18,3,7,21,0,5,5,18,5,120,1,0.02,10,1
918,16,2,13,29,5,2,10,8,5,120,0,0.46,30,0
1358,20,1,28,19,5,0,10,22,5,120,1,0.87,20,0
1593,15,2,13,6,0,6,6,14,3,120,1,0.18,20,1
992,18,2,3,7,2,2,6,14,2,90,1,0.99,20,0
980,14,3,25,4,0,6,6,20,3,60,0,0.88,15,0
1111,6,1,25,25,4,7,10,18,5,90,1,0.19,15,0
1454,19,2,10,19,4,5,10,10,1,90,1,0.38,30,0
1305,12,3,24,2,1,6,8,8,3,60,1,0.77,30,0
1145,10,1,20,30,1,5,7,16,6,120,1,0.75,15,1
1431,7,1,18,22,1,0,2,14,1,60,0,0.68,15,0
833,20,1,4,24,0,5,5,14,0,60,0,0.47,15,0
941,11,3,13,13,5,4,10,8,4,90,1,0.15,20,0
1529,18,3,25,25,4,0,8,16,2,120,0,0.39,20,0
1359,6,3,20,12,5,4,10,10,2,120,1,0.6,30,0
1410,11,3,24,5,5,3,10,10,6,90,1,0.99,10,0
1078,12,1,20,26,3,7,10,10,6,60,0,0.46,20,0
1359,18,1,10,11,1,1,3,8,3,90,1,0.09,10,0
1188,10,1,7,5,5,0,10,18,5,120,1,0.2,20,0
1356,19,3,24,14,4,2,10,22,0,60,1,0.61,30,0
814,19,1,26,28,4,0,8,14,5,60,0,0.34,15,0
1180,17,2,28,27,2,1,5,18,1,60,0,0.31,20,0
1440,12,1,19,2,4,7,10,18,3,90,0,0.94,30,0
998,11,3,13,5,1,2,4,16,0,60,0,0.18,10,0
1005,7,3,28,9,2,2,6,14,6,120,0,0.06,10,0
1490,19,1,1,26,4,0,8,22,0,90,0,0.63,30,0
849,18,3,23,18,4,6,10,20,5,60,1,0.13,15,0
1592,14,3,6,4,1,3,5,22,3,90,1,0.08,15,1
824,13,1,14,6,0,7,7,8,3,90,1,0.4,15,0
1249,15,2,15,11,3,6,10,10,5,90,1,0.24,30,0
1004,18,1,27,25,2,4,8,16,1,120,1,0.03,10,0
1169,15,3,19,3,0,5,5,16,5,120,1,0.92,20,1
1179,11,1,10,29,0,3,3,14,5,120,0,0.87,10,0
1271,12,2,15,19,4,6,10,18,2,60,1,0.33,20,0
1491,16,2,24,12,5,2,10,10,2,90,1,0.8,15,0
936,13,3,15,12,0,7,7,8,2,90,0,0.52,10,0
862,15,1,6,9,1,4,6,10,4,90,1,0.31,10,0
957,7,3,20,17,2,1,5,18,1,60,1,0.26,15,1
849,19,1,1,19,0,7,7,20,5,120,1,0.8,30,1
962,14,1,19,19,2,7,10,18,5,60,0,0.1,10,0
1043,11,1,28,1,2,4,8,16,3,120,1,0.81,15,0
1414,13,1,27,30,3,4,10,16,4,120,0,0.62,20,0
945,17,3,4,7,2,0,4,10,4,60,0,0.63,15,0
1468,16,1,5,25,1,2,4,20,6,120,0,0.3,30,0
1274,9,1,30,2,0,6,6,8,0,120,1,0.16,20,1
1396,16,3,8,24,4,0,8,14,4,90,0,0.65,20,0
1187,9,3,24,25,1,6,8,14,0,90,0,0.26,30,0
1391,18,1,5,19,0,6,6,14,5,120,0,0.54,10,0
901,20,1,11,30,4,1,9,20,3,60,0,0.41,20,0
1301,6,2,24,18,2,2,6,20,6,120,0,0.61,20,0
1264,14,1,10,0,0,6,6,18,1,120,0,0.2,30,0
903,11,3,1,30,3,2,8,16,3,120,1,0.07,15,1
1486,19,2,12,4,3,6,10,20,2,90,0,0.39,30,0
1088,18,2,25,29,4,0,8,10,4,120,0,0.83,10,0
1547,19,3,4,21,5,1,10,8,0,120,0,0.19,30,0
848,8,2,30,12,4,1,9,22,4,60,1,0.49,30,0
1148,8,3,20,23,0,3,3,16,2,120,0,0.74,15,0
1381,20,2,6,25,2,6,10,20,4,120,1,0.71,10,0
1212,18,3,25,24,2,6,10,8,2,120,1,0.77,20,0
1373,19,3,21,3,2,1,5,20,4,120,0,0.29,30,0
1555,19,3,27,15,2,0,4,8,6,90,1,0.16,30,1
1307,7,3,4,3,0,2,2,8,5,90,1,0.24,15,1
1600,7,1,10,13,4,0,8,22,0,90,0,0.4,20,0
1178,10,2,3,3,5,2,10,22,2,60,1,0.21,20,0
886,16,2,11,0,5,2,10,22,1,90,0,0.66,10,0
1198,15,2,4,7,2,3,7,18,1,120,0,0.06,10,0
1030,8,2,1,23,0,7,7,10,5,120,0,0.13,30,0
1362,17,3,26,10,2,2,6,16,0,60,0,0.59,20,0
1132,11,2,8,22,3,3,9,18,4,60,1,0.76,15,0
915,16,2,17,4,0,7,7,16,4,90,0,0.8,20,0
1054,8,3,1,12,5,1,10,22,1,90,0,0.91,15,0
1521,13,1,6,7,4,7,10,20,2,90,0,0.16,20,0
1168,9,1,2,11,4,7,10,14,4,90,1,0.79,30,0
1089,9,3,3,6,1,6,8,8,2,90,1,0.06,15,0
1120,10,1,16,29,1,4,6,14,0,60,0,0.65,20,0
1353,16,2,1,19,2,2,6,16,1,90,0,0.44,15,0
941,11,3,10,6,4,6,10,10,2,60,0,1.0,15,0
1497,20,3,26,10,2,7,10,22,0,120,1,0.91,20,0
1263,12,2,30,4,4,6,10,18,1,120,1,0.2,20,0
1290,18,3,25,13,0,1,1,14,1,90,0,0.51,15,0
1180,6,2,16,18,3,4,10,14,5,90,1,0.83,30,0
926,13,2,19,0,4,5,10,22,2,60,0,0.45,30,0
1435,12,3,11,6,1,1,3,16,5,60,0,0.11,30,0
1463,20,3,13,23,5,4,10,18,6,120,1,0.31,30,0
1556,11,3,21,16,4,4,10,18,1,60,1,0.49,20,0
1254,6,3,8,0,4,2,10,16,2,120,0,0.85,10,0
931,17,2,25,25,4,5,10,22,2,60,1,0.06,30,0
920,8,3,26,30,2,4,8,8,0,90,1,0.36,15,0
1061,9,2,1,5,2,1,5,8,2,60,0,0.36,30,0
1539,9,1,1,1,1,7,9,14,0,90,0,0.99,30,0
878,10,2,14,17,0,6,6,8,1,120,0,0.07,10,0
1596,8,3,16,25,3,0,6,14,3,120,0,0.13,10,0
934,17,2,4,13,5,3,10,16,1,60,1,0.07,20,0
1271,12,3,25,0,3,3,9,16,0,120,0,0.1,15,0
1124,18,3,24,23,1,4,6,8,1,90,0,0.12,30,0
1562,9,3,30,3,2,1,5,18,6,60,1,0.59,30,1
1020,13,2,1,21,1,7,9,8,0,120,0,0.12,10,0
828,16,2,17,0,4,2,10,16,5,60,1,0.41,20,0
1225,19,3,1,27,2,2,6,18,2,60,0,0.53,20,0
1030,12,2,28,25,0,7,7,16,2,60,1,0.47,15,1
1173,8,3,3,24,2,1,5,22,4,120,0,0.79,20,0
1508,18,2,3,16,4,3,10,8,1,120,0,0.03,10,0
1599,18,1,14,8,3,0,6,20,2,90,0,0.67,20,0
1447,17,2,14,1,3,2,8,8,2,90,1,0.39,20,0
1585,13,3,24,14,3,1,7,18,2,90,1,0.24,30,1
1219,8,2,1,5,4,4,10,22,2,60,0,0.5,15,0
1326,7,3,5,8,1,3,5,8,6,60,1,0.11,10,1
1415,17,2,14,16,1,4,6,20,5,60,1,0.41,15,0
853,16,2,16,5,3,2,8,8,2,90,0,0.76,30,0
1518,14,3,0,3,0,6,6,18,1,60,1,0.25,30,1
1554,19,2,18,4,5,2,10,8,3,60,1,0.66,20,0
1202,8,1,4,21,5,2,10,18,2,120,1,0.84,10,0
998,16,1,30,19,4,4,10,20,5,120,1,0.76,30,0
1442,17,3,28,21,0,7,7,8,5,90,0,0.8,15,0
887,11,2,23,0,0,3,3,20,4,120,1,0.89,30,1
1214,11,3,16,8,2,7,10,16,1,60,0,0.65,15,0
831,12,3,3,27,0,6,6,18,6,90,0,0.19,30,0
1589,9,3,28,23,5,4,10,10,2,90,0,0.7,10,0
1534,8,3,30,7,2,7,10,16,5,60,1,0.47,15,0
1480,15,1,25,5,1,1,3,20,1,120,0,0.45,10,0
1371,13,2,7,5,1,1,3,22,0,120,0,0.86,20,0
1068,6,3,26,6,0,6,6,22,4,120,1,0.54,30,0
1579,8,3,2,8,4,4,10,16,1,90,1,0.18,30,1
892,10,1,11,9,3,3,9,10,0,90,0,0.47,15,0
867,8,3,25,10,3,6,10,16,0,120,1,0.95,20,0
1200,7,2,30,5,5,6,10,22,3,120,0,0.9,15,0
992,17,3,5,23,0,3,3,10,5,60,0,0.6,15,0
1403,12,1,29,10,3,4,10,14,1,120,1,0.13,10,0
1460,19,1,16,9,3,2,8,18,4,120,0,0.01,10,0
1302,8,1,21,17,3,1,7,20,6,60,1,0.29,30,1
1362,16,3,17,26,1,3,5,20,3,60,0,0.03,15,0
1166,9,2,7,19,3,5,10,22,5,90,0,0.17,30,0
1345,12,2,21,30,3,0,6,16,2,60,1,0.54,10,0
1447,7,1,25,9,3,4,10,8,4,120,1,0.37,15,0
1341,15,1,25,3,5,7,10,14,5,60,0,0.84,20,0
1218,16,1,27,8,4,0,8,20,0,120,0,0.62,15,0
1096,15,1,16,23,5,7,10,8,1,90,1,0.24,10,0
1149,16,3,6,20,3,7,10,14,1,90,1,0.94,20,0
1126,13,2,5,22,3,2,8,22,6,60,0,0.92,30,0
1568,15,2,0,4,0,4,4,8,2,90,0,0.76,10,0
1486,15,1,22,25,3,4,10,22,6,90,0,0.12,10,0
1559,8,3,7,20,1,1,3,8,5,120,0,0.65,15,0
1400,11,1,4,29,5,4,10,20,5,120,0,0.59,10,0
1335,20,3,30,24,0,0,0,20,0,120,0,0.24,15,0
1181,9,1,25,3,1,0,2,20,2,90,0,0.88,30,0
1543,6,1,7,22,5,1,10,22,6,120,1,0.07,15,0
1172,16,1,26,11,1,0,2,10,2,90,1,0.51,20,1
1170,17,1,24,26,1,4,6,10,5,90,0,0.31,10,0
834,9,2,26,21,2,0,4,18,3,60,0,0.3,20,0
926,8,2,29,22,3,4,10,18,3,120,1,0.3,15,0
1294,17,2,27,3,0,2,2,14,6,120,1,0.29,15,1
1345,18,2,26,18,5,1,10,14,4,120,0,0.66,15,0
1105,18,1,11,15,5,1,10,18,6,60,0,0.18,20,0
1301,17,1,12,20,3,1,7,8,0,60,1,0.62,20,0
878,20,3,5,24,5,1,10,18,0,90,0,0.58,30,0
1396,8,3,15,25,0,7,7,16,4,60,1,0.22,30,1
1177,8,1,1,6,5,5,10,20,1,90,0,0.19,20,0
1315,12,3,12,13,1,5,7,16,1,90,1,0.14,15,1
1600,20,3,23,2,3,2,8,14,6,60,1,0.33,15,0
940,14,2,1,18,1,4,6,10,6,60,1,0.82,15,0
1035,9,2,10,28,3,4,10,8,4,60,1,0.97,15,0
805,20,3,5,14,0,7,7,18,5,120,1,0.53,10,0
844,18,3,0,17,3,2,8,18,6,60,1,0.78,10,0
1188,9,3,25,25,4,6,10,16,3,60,0,0.79,15,0
1468,20,1,20,10,0,1,1,10,3,120,0,0.24,10,0
1254,18,3,9,7,0,1,1,16,0,120,0,0.84,30,0
1129,7,3,22,15,5,4,10,14,6,120,0,0.62,30,0
1107,19,1,28,13,2,2,6,16,1,60,1,0.94,15,0
917,15,2,4,29,3,0,6,20,1,60,0,0.73,20,0
1469,13,3,11,17,4,0,8,8,5,60,1,0.45,10,0
1250,9,3,10,30,3,2,8,10,6,120,0,0.78,30,0
1573,16,2,17,8,0,1,1,16,6,120,1,0.9,30,1
1117,14,2,12,2,1,6,8,16,1,90,0,0.56,15,0
1102,20,2,17,14,3,2,8,8,4,120,0,0.77,10,0
1492,8,1,15,26,4,5,10,18,5,60,0,0.13,30,0
1479,6,1,10,6,1,4,6,18,2,60,1,0.59,10,1
1061,13,1,18,30,1,6,8,14,0,90,1,0.77,15,0
1004,16,2,19,12,0,3,3,14,3,120,0,0.41,10,0
1509,20,3,6,5,4,4,10,8,0,60,1,0.53,30,0
1455,20,3,16,23,4,0,8,18,2,120,1,0.79,10,0
1242,14,3,1,26,2,0,4,14,0,120,0,0.71,30,0
1262,8,3,12,13,1,4,6,14,5,60,0,0.01,20,0
1304,6,1,25,3,5,4,10,20,0,90,1,0.72,20,0
1066,9,1,26,26,2,4,8,10,2,90,1,0.74,20,0
1521,11,1,8,7,3,3,9,16,0,120,0,0.33,10,0
900,6,3,8,15,5,4,10,22,4,90,0,0.77,15,0
1108,17,2,25,22,3,0,6,8,3,120,0,0.23,20,0
1442,10,1,4,2,4,1,9,22,1,90,1,0.11,10,0
1266,15,2,13,15,2,7,10,16,4,60,0,0.05,15,0
1137,14,1,9,5,1,2,4,16,6,120,1,0.1,20,1
1441,8,2,8,11,4,7,10,10,4,60,0,0.43,15,0
1250,12,2,18,5,3,0,6,20,2,90,0,0.91,15,0
919,13,3,23,9,5,6,10,10,1,120,0,0.68,15,0
1219,15,1,10,0,3,3,9,8,2,90,0,0.14,20,0
1249,10,2,7,19,2,2,6,14,6,90,1,0.19,15,1
886,18,2,0,6,4,0,8,18,0,90,0,0.8,20,0
901,7,1,6,5,3,4,10,14,4,90,1,0.04,20,0
1336,8,1,23,16,4,0,8,20,6,120,1,0.61,10,0
1076,19,1,27,29,3,3,9,20,6,90,1,0.27,10,0
1451,7,1,4,13,1,3,5,22,5,60,0,0.75,15,0
1404,17,3,17,28,4,0,8,18,6,60,0,0.04,20,0
1136,6,3,11,30,3,1,7,18,3,120,1,0.76,20,1
1187,8,2,2,6,1,2,4,8,3,120,0,0.53,10,0
1188,8,1,15,7,5,0,10,8,1,90,0,0.82,20,0
1570,19,2,4,23,2,3,7,18,2,90,0,0.43,20,0
950,17,1,8,3,0,2,2,16,4,60,0,0.25,10,0
1450,20,2,24,12,5,5,10,8,0,120,1,0.17,15,0
1010,20,3,18,28,2,1,5,16,4,120,0,0.74,20,0
1008,7,1,25,22,1,2,4,22,6,120,0,0.6,15,0
1596,12,2,22,4,2,2,6,16,1,90,1,0.66,30,1
995,15,3,30,16,5,7,10,16,5,60,1,0.38,10,0
863,18,1,28,28,0,0,0,22,5,60,1,0.43,15,0
889,11,1,8,0,4,3,10,20,4,60,1,0.13,20,0
1214,7,2,2,21,1,7,9,20,4,120,1,0.49,30,0
1256,6,2,2,28,1,5,7,16,1,90,1,0.78,10,1
1408,15,1,11,24,3,2,8,22,2,90,0,0.49,10,0
844,14,1,10,3,1,3,5,18,6,60,1,0.98,30,1
1544,9,3,7,13,2,3,7,20,4,90,1,0.46,15,1
1047,16,2,5,6,2,2,6,20,2,120,0,0.54,30,0
1234,17,1,12,8,3,5,10,10,1,90,1,0.84,30,0
1009,14,1,9,0,3,3,9,22,3,90,0,0.76,20,0
1455,11,1,28,11,4,2,10,20,0,90,0,0.25,10,0
1196,16,2,19,26,0,0,0,14,1,120,1,0.93,30,1
1431,14,2,6,22,1,1,3,20,6,90,0,0.77,15,0
1017,6,3,17,21,0,3,3,14,2,120,1,0.09,15,1
926,15,1,7,23,3,4,10,16,3,90,0,0.28,20,0
1366,15,2,10,7,1,4,6,20,5,60,1,0.45,20,1
1265,18,3,3,11,5,4,10,8,2,120,1,0.0,20,0
1061,18,1,27,7,2,5,9,10,0,90,1,0.65,15,0
1513,19,2,28,13,3,5,10,22,3,60,1,0.79,15,0
1162,18,2,5,12,2,5,9,18,6,90,0,0.66,20,0
1202,16,1,16,2,0,5,5,16,6,120,0,0.01,20,0
1402,14,3,16,18,1,4,6,8,4,120,1,0.84,30,0
1484,12,2,29,8,1,2,4,18,0,90,1,0.32,15,1
1056,20,3,9,23,4,7,10,16,6,120,1,0.57,20,0
1062,17,3,11,1,3,7,10,20,4,60,1,0.29,30,0
1073,19,3,18,29,2,5,9,22,4,120,0,0.26,20,0
1409,18,3,29,21,5,1,10,8,3,60,1,0.66,20,0
1025,9,2,12,15,0,2,2,18,5,120,0,0.97,10,0
1501,13,3,2,0,4,4,10,22,4,60,1,0.11,20,0
1184,16,2,5,26,1,5,7,16,3,60,1,0.17,15,0
1572,6,3,11,28,1,0,2,14,0,60,0,0.49,30,0
988,11,3,21,9,3,6,10,10,1,60,0,0.54,30,0
918,11,3,30,29,4,2,10,14,0,90,0,0.19,15,0
1408,18,2,19,21,3,5,10,10,6,60,1,0.76,30,0
1176,15,1,2,9,4,1,9,20,3,60,1,0.47,30,0
1545,10,1,19,7,3,0,6,10,2,60,0,0.07,30,0
1491,6,1,10,30,3,2,8,10,3,90,0,0.41,15,0
1325,12,1,13,0,2,7,10,14,3,60,1,0.41,30,0
851,9,1,1,1,5,5,10,8,0,60,0,0.49,30,0
1245,18,1,6,16,3,7,10,10,4,60,0,0.68,20,0
1366,20,2,10,11,4,1,9,22,6,60,1,0.54,20,0
1533,11,1,28,10,3,3,9,14,6,120,0,0.81,30,0
1252,14,2,7,17,2,1,5,8,0,120,1,0.2,20,1
950,15,2,25,30,3,4,10,22,0,120,0,0.81,10,0
1036,15,1,17,12,1,0,2,22,4,120,1,0.5,20,1
1391,8,3,16,4,4,1,9,10,1,120,0,0.43,10,0
1493,14,1,29,21,1,3,5,22,1,120,1,0.66,20,0
1194,19,1,22,0,3,5,10,8,4,60,1,0.72,30,0
1169,6,2,2,3,4,0,8,14,0,90,0,0.12,30,0
1416,8,1,23,6,4,6,10,16,4,90,0,0.58,30,0
1053,18,1,23,28,3,6,10,18,0,120,0,0.65,10,0
1542,6,2,4,5,1,2,4,14,0,120,0,0.64,30,0
999,13,2,15,29,3,2,8,16,3,60,1,0.72,30,1
1515,6,3,23,15,5,3,10,16,0,60,1,0.07,20,0
921,9,2,22,20,1,7,9,8,6,60,1,0.51,15,0
987,10,1,21,30,4,7,10,22,0,90,0,0.53,20,0
1307,11,2,17,0,0,2,2,18,0,90,1,0.89,15,1
1217,6,3,17,13,0,1,1,22,3,60,1,0.94,15,0
1013,14,3,14,1,4,5,10,10,5,60,0,0.75,20,0
1434,6,3,1,29,0,7,7,22,0,60,0,0.18,30,0
1548,16,2,12,2,4,1,9,18,1,120,0,0.66,10,0
1511,9,1,18,6,4,1,9,8,6,120,0,0.32,30,0
1119,7,1,6,2,2,7,10,16,0,90,0,0.23,10,0
876,20,3,19,5,4,7,10,20,5,60,0,0.25,10,0
1546,6,1,28,2,3,3,9,8,5,120,1,0.74,30,0
1010,6,3,28,22,5,3,10,16,6,90,1,0.56,20,0
1238,15,1,8,8,0,7,7,18,4,90,1,0.67,15,1
922,15,1,18,6,0,2,2,16,5,60,0,0.19,20,0
1499,6,3,3,4,1,6,8,8,6,90,1,0.04,15,0
1055,15,2,21,18,5,0,10,22,5,90,1,0.09,20,0
1228,17,3,25,10,1,1,3,10,1,90,0,0.33,30,0
1147,19,3,27,0,0,4,4,20,6,120,1,0.12,30,1
1377,19,3,18,7,0,7,7,22,3,120,0,0.16,15,0
920,8,2,11,20,0,2,2,22,2,90,1,0.64,15,1
1295,8,1,14,15,5,0,10,20,0,90,1,0.62,10,0
1497,11,1,24,15,3,1,7,10,0,120,0,0.86,30,0
1300,16,1,22,22,0,0,0,18,3,90,0,0.69,30,0
899,12,2,4,22,4,6,10,18,0,60,1,0.05,20,0
1447,9,3,6,8,4,2,10,10,0,90,1,0.6,30,0
1263,9,1,2,12,3,1,7,20,4,120,1,0.39,30,1
917,19,1,7,23,4,2,10,22,3,60,0,0.72,15,0
1551,13,3,23,19,5,5,10,10,3,90,0,0.99,20,0
1484,10,2,23,5,5,5,10,10,2,60,1,0.08,30,0
1577,9,3,15,5,1,5,7,22,0,90,1,0.32,10,0
1344,10,3,28,2,1,2,4,20,5,90,1,0.65,15,1
1014,10,2,27,3,3,3,9,16,4,120,0,0.39,20,0
1416,11,1,15,25,4,7,10,8,5,120,0,0.17,15,0
869,9,1,3,0,1,3,5,16,1,120,0,0.77,10,0
1401,7,1,26,9,5,3,10,8,3,120,0,0.72,15,0
995,15,3,17,7,1,5,7,14,0,60,0,0.55,20,0
957,14,2,25,15,3,3,9,18,1,90,0,0.82,10,0
1281,18,2,21,22,5,6,10,8,0,60,0,0.89,20,0
1038,7,1,20,8,4,0,8,22,3,60,1,0.38,15,0
978,20,1,13,15,0,5,5,10,3,120,0,0.96,10,0
1143,7,3,27,20,2,1,5,20,1,90,0,0.92,15,0
1342,20,1,11,10,5,1,10,14,3,120,0,0.73,30,0
895,20,2,21,24,1,3,5,20,4,120,1,0.9,15,0
1034,7,2,30,5,2,3,7,10,4,90,0,0.56,10,0
954,20,3,28,4,5,3,10,10,1,90,1,0.64,10,0
863,20,2,1,27,1,0,2,22,0,120,1,0.99,30,0
1066,15,3,30,19,4,2,10,16,4,60,1,0.13,10,0
1312,11,3,12,26,0,1,1,22,5,120,1,0.26,10,0
1205,15,1,20,23,2,6,10,14,1,120,0,0.58,10,0
1180,17,2,15,21,2,1,5,14,5,90,0,0.76,30,0
1359,17,3,1,8,2,2,6,10,0,120,1,0.77,20,1
1324,18,1,18,22,0,3,3,10,0,90,0,0.82,10,0
995,19,3,11,23,0,6,6,14,6,90,1,0.39,20,1
1024,9,3,21,20,5,1,10,22,3,60,0,0.84,15,0
1504,7,1,5,30,2,1,5,8,5,90,0,0.89,15,0
1282,13,2,25,28,5,1,10,10,2,120,0,0.03,20,0
1126,11,2,11,19,2,0,4,14,0,120,0,0.04,30,0
1183,10,1,17,20,3,0,6,18,6,120,0,0.96,15,0
959,7,3,30,17,0,0,0,18,1,90,0,0.51,10,0
1044,9,3,21,7,3,1,7,22,1,60,1,0.57,15,0
1513,16,1,5,30,1,5,7,20,1,120,0,0.3,10,0
835,6,3,28,19,0,4,4,20,6,90,0,0.95,10,0
1487,16,3,12,26,0,6,6,14,5,120,0,0.45,15,0
1182,15,2,15,5,0,4,4,8,1,90,0,0.88,15,0
1379,16,2,21,21,3,2,8,18,3,90,1,0.61,15,0
1262,17,2,25,14,0,6,6,18,2,120,0,0.56,10,0
1281,20,1,28,16,3,4,10,22,2,90,0,0.51,10,0
1091,16,1,22,2,1,3,5,10,6,120,0,0.62,10,0
1441,13,1,1,14,1,0,2,22,2,90,1,0.3,10,0
1448,20,1,18,17,0,7,7,8,2,90,1,0.17,15,0
1423,13,2,4,27,2,5,9,18,4,120,0,0.13,30,0
1562,16,1,23,21,3,3,9,14,1,60,0,0.49,15,0
933,8,1,26,7,4,0,8,20,4,120,1,0.38,30,1
965,11,2,21,23,2,1,5,22,3,120,0,0.14,10,0
1017,11,3,3,8,2,6,10,10,2,90,1,0.75,20,0
826,15,2,25,3,3,6,10,10,5,90,1,0.37,30,0
1088,20,1,8,12,4,2,10,8,3,120,0,0.36,10,0
1071,9,2,25,27,5,6,10,18,2,90,1,0.8,30,0
821,18,3,21,0,2,2,6,16,2,120,1,0.09,15,1
1569,13,1,16,17,5,0,10,14,6,120,0,0.27,20,0
848,12,3,15,7,3,3,9,10,6,120,1,0.71,15,0
814,9,2,12,14,0,4,4,18,1,60,0,0.74,30,0
1461,11,2,13,5,4,5,10,22,3,120,1,0.45,15,0
1368,19,3,26,2,5,3,10,22,2,60,1,0.29,30,0
924,12,2,29,20,3,1,7,18,1,120,0,0.81,20,0
1100,9,3,4,14,4,5,10,20,6,120,1,0.52,10,0
1282,10,3,5,15,3,1,7,22,0,60,1,0.62,15,0
805,8,1,10,20,0,7,7,18,5,120,1,0.41,10,1
1344,18,2,2,13,3,3,9,22,2,120,0,0.36,20,0
999,15,3,28,9,0,7,7,22,0,90,0,0.91,30,0
1013,18,1,2,29,2,6,10,18,1,60,0,0.28,15,0
1478,17,1,0,18,1,1,3,20,5,90,0,0.54,10,0
938,16,1,4,25,3,6,10,18,1,60,0,0.23,10,0
842,9,3,23,3,4,1,9,8,6,60,1,0.98,20,0
1091,8,1,9,12,3,6,10,8,3,120,1,0.48,20,0
1053,15,1,17,20,2,2,6,16,2,60,0,0.5,30,0
1500,19,3,2,14,2,2,6,8,3,90,0,0.82,30,0
1536,18,1,28,12,1,0,2,22,1,60,0,0.42,10,0
1024,17,3,30,20,0,6,6,16,1,60,0,0.42,20,0
1580,13,3,0,3,5,3,10,16,1,90,0,0.49,30,0
1600,12,2,5,25,3,4,10,22,4,60,0,0.64,10,0
1030,8,3,23,26,5,7,10,14,5,60,0,0.34,15,0
1494,12,1,1,11,0,4,4,20,2,60,1,0.52,20,1
1012,11,1,1,17,3,3,9,20,4,90,1,0.1,10,0
1224,11,1,1,2,2,5,9,18,4,60,1,0.44,10,0
1412,11,2,5,11,4,3,10,20,2,120,1,0.4,30,0
1020,13,1,9,7,4,0,8,20,2,120,0,0.64,15,0
1257,12,2,11,20,0,7,7,18,1,120,1,0.91,20,0
1370,9,3,23,6,2,3,7,8,1,90,0,0.17,20,0
1509,11,3,26,9,5,3,10,8,6,120,0,0.49,20,0
990,20,1,4,21,5,2,10,18,0,120,0,0.51,20,0
1042,19,3,7,5,5,1,10,22,5,60,0,0.08,15,0
1467,7,3,30,29,0,0,0,20,6,90,1,0.19,30,1
1373,15,2,4,16,4,4,10,16,4,120,0,0.7,20,0
1338,15,2,17,11,4,4,10,10,0,90,0,0.42,10,0
1324,8,1,6,20,2,1,5,10,6,120,0,0.69,15,0
924,19,1,14,27,4,4,10,16,3,120,1,0.38,10,0
1252,17,1,17,5,1,2,4,16,1,120,0,0.65,30,0
1553,18,2,2,7,4,7,10,10,6,60,1,0.91,10,0
1185,13,2,13,3,2,0,4,14,5,120,1,0.55,20,1
1478,8,1,2,5,4,4,10,14,1,90,1,0.03,30,0
963,17,1,20,22,3,4,10,22,4,120,0,0.59,30,0
828,13,2,24,23,0,4,4,22,5,90,1,0.36,10,0
1196,9,3,29,23,5,5,10,20,3,60,0,0.61,30,0
1579,20,3,24,9,3,0,6,18,0,90,1,0.04,15,1
1482,9,2,22,17,1,5,7,22,1,90,0,0.69,15,0
964,11,2,26,29,2,3,7,22,6,120,0,0.44,15,0
833,15,1,2,22,4,1,9,10,6,90,1,0.54,10,0
852,16,1,13,19,0,5,5,14,2,60,1,0.06,30,1
1302,12,3,21,2,2,1,5,18,5,60,0,0.25,10,0
1079,9,2,14,8,3,5,10,18,0,60,0,0.42,15,0
1320,19,1,5,27,4,6,10,8,6,90,0,0.58,20,0
1364,15,3,10,29,2,5,9,16,6,90,1,0.46,15,0
1362,18,3,1,21,1,5,7,14,2,90,0,0.54,10,0
1417,13,2,27,22,2,5,9,22,5,90,1,0.75,30,0
1420,10,1,0,28,2,0,4,18,0,120,1,0.57,20,1
1057,10,1,11,13,2,5,9,20,2,60,1,0.9,10,0
1303,7,3,28,24,1,3,5,20,0,60,0,0.04,10,0
1555,20,2,22,4,3,7,10,20,4,90,0,0.17,30,0
1458,17,3,30,16,5,5,10,14,0,60,1,0.47,15,0
1032,19,2,16,22,4,0,8,20,1,90,0,0.11,10,0
1414,18,3,18,5,2,0,4,20,3,90,1,0.97,15,0
1367,18,2,20,7,3,4,10,14,4,120,1,0.94,20,0
1436,18,3,23,13,3,1,7,16,0,120,0,0.41,20,0
1284,19,1,27,9,5,2,10,10,5,120,0,0.76,10,0
1517,11,2,0,26,5,0,10,10,1,60,1,0.94,20,0
803,18,2,22,19,0,6,6,18,2,60,1,0.05,10,1
1344,16,3,23,19,5,7,10,14,1,60,1,0.35,30,0
1111,17,1,5,5,2,0,4,8,3,120,0,0.38,20,0
1586,18,2,14,1,2,0,4,18,0,90,0,0.59,15,0
1479,14,1,7,17,1,6,8,16,6,90,1,0.16,15,1
1434,18,3,20,18,2,4,8,14,0,90,1,0.66,10,0
937,17,3,12,11,4,1,9,16,3,60,0,0.99,20,0
1017,6,1,25,5,4,3,10,20,0,90,1,0.63,30,0
1511,8,3,28,7,4,1,9,10,3,90,1,0.54,15,0
826,20,3,16,16,1,4,6,8,2,60,0,0.43,30,0
1404,6,3,8,11,5,4,10,16,2,60,1,0.74,10,0
1214,13,2,15,20,2,2,6,16,3,120,1,0.71,10,0
1104,18,2,22,3,1,4,6,22,2,90,1,0.5,30,0
1360,8,1,12,20,5,1,10,10,6,90,0,0.8,30,0
1115,8,2,19,3,2,4,8,10,1,120,1,0.26,10,0
1350,17,3,23,15,3,0,6,20,0,90,0,0.67,20,0
1588,20,1,9,26,2,1,5,16,4,120,0,0.57,30,0
1254,17,1,18,2,4,4,10,14,1,90,1,0.38,15,0
1272,13,1,26,16,3,4,10,20,0,120,0,0.83,15,0
1041,10,3,24,4,3,1,7,22,1,60,0,0.26,10,0
911,14,3,21,16,5,3,10,10,2,90,0,0.64,20,0
1191,18,1,16,9,0,7,7,16,5,90,1,0.3,20,1
1233,11,3,30,25,2,3,7,8,0,90,1,0.56,30,0
923,19,1,16,3,0,1,1,18,2,90,0,0.2,30,0
1133,20,2,29,23,0,1,1,14,1,90,0,0.21,10,0
1203,13,1,10,1,3,3,9,20,4,60,0,0.71,15,0
1245,11,1,23,30,2,6,10,10,1,120,1,0.05,30,0
1484,18,1,6,6,3,2,8,10,5,90,1,0.45,15,0
1353,20,3,12,11,0,1,1,20,4,120,1,0.04,20,1
1053,11,2,11,30,1,5,7,14,1,90,0,0.91,15,0
1375,6,3,6,14,2,1,5,14,0,60,1,0.73,30,1
966,11,2,5,18,0,7,7,14,1,60,0,0.8,20,0
1461,12,1,30,6,0,3,3,18,4,60,0,0.07,10,0
1451,17,2,2,4,5,1,10,14,0,90,1,0.74,15,0
1511,18,3,25,20,5,1,10,14,4,120,1,0.12,15,0
1407,10,3,23,20,1,2,4,16,3,120,0,0.58,30,0
972,19,2,8,0,2,2,6,18,1,90,1,0.31,10,1
1473,20,3,7,25,2,2,6,16,0,120,1,0.41,30,1
856,20,2,27,21,1,7,9,10,6,120,1,0.31,20,0
857,19,1,5,21,0,6,6,8,0,90,0,0.68,20,0
1151,14,3,21,16,4,4,10,8,5,90,1,0.16,15,0
876,14,1,7,8,0,0,0,14,4,90,0,0.53,10,0
975,9,3,29,28,3,2,8,22,5,90,1,0.13,30,0
1566,18,2,2,0,3,5,10,22,0,120,1,0.13,10,0
802,14,3,22,6,4,3,10,14,5,120,1,0.69,15,0
1414,17,3,19,4,1,3,5,22,2,60,1,0.89,15,0
1332,19,2,2,26,0,3,3,10,6,60,1,0.41,20,1
1329,20,3,6,12,4,4,10,10,3,60,1,0.29,30,0
1470,7,1,18,8,2,1,5,8,2,90,0,0.47,30,0
1462,20,2,15,10,1,5,7,8,2,90,1,0.63,10,0
1337,8,1,5,21,4,1,9,8,3,60,0,0.43,15,0
1540,9,1,19,2,1,2,4,20,6,60,1,0.38,15,1
1286,7,3,3,26,0,0,0,8,6,120,1,0.1,30,1
1402,7,2,0,15,4,5,10,20,5,120,0,0.71,30,0
1581,6,1,23,16,5,7,10,16,3,120,1,0.97,30,0
1281,11,1,22,10,3,7,10,14,5,60,1,0.89,30,0
1096,11,1,6,12,1,5,7,10,1,90,0,0.56,20,0
1268,7,1,30,26,3,3,9,16,5,60,0,0.57,20,0
1057,20,3,6,30,1,4,6,18,1,60,1,0.45,10,0
1344,8,1,2,5,3,2,8,18,1,120,1,0.12,20,1
1191,18,1,14,13,0,2,2,18,0,120,1,0.2,10,1
1203,17,2,30,24,1,1,3,16,3,120,0,0.48,10,0
1011,16,1,8,11,0,1,1,16,4,90,1,0.95,30,1
1302,7,3,7,4,5,5,10,16,1,120,0,0.69,15,0
1045,16,2,2,20,0,6,6,8,1,120,1,0.6,20,0
1367,9,3,3,16,0,7,7,10,1,60,0,0.65,30,0
882,10,3,17,30,5,4,10,20,5,90,1,0.02,10,0
965,10,3,0,10,3,7,10,16,0,120,1,0.47,15,0
1011,16,1,12,29,2,4,8,22,6,120,1,0.22,30,0
813,20,3,19,28,3,5,10,10,6,120,1,0.89,15,0
876,10,1,23,29,3,5,10,8,1,90,0,0.04,30,0
919,6,3,20,15,1,4,6,8,3,60,1,0.15,10,1
1147,9,3,28,22,5,2,10,14,1,120,0,0.05,30,0
1440,6,2,11,20,3,1,7,18,3,120,1,0.11,30,1
1524,13,1,8,7,4,1,9,22,1,60,1,0.79,30,0
1309,18,2,26,10,4,1,9,22,6,90,1,0.5,20,0
1064,11,3,9,28,4,7,10,20,4,60,1,0.22,10,0
1118,7,3,26,2,1,4,6,16,4,120,1,0.81,20,1
1337,12,2,4,20,1,7,9,18,0,60,1,0.07,10,0
893,11,1,16,27,2,0,4,16,1,90,0,0.63,30,0
1370,20,3,13,23,4,7,10,18,5,90,1,0.22,20,0
1129,11,2,0,30,5,5,10,18,6,60,0,0.6,10,0
1402,9,2,14,13,0,7,7,18,6,60,1,0.97,15,0
1430,18,2,0,29,1,6,8,20,5,120,0,0.3,10,0
1218,8,2,7,21,0,3,3,20,0,60,0,0.78,30,0
1298,7,2,11,4,3,3,9,10,5,90,0,0.61,20,0
880,7,3,4,7,3,3,9,14,4,120,0,0.98,20,0
955,13,1,27,23,5,6,10,10,5,90,0,0.69,15,0
1210,17,2,7,29,1,3,5,18,0,120,0,0.6,30,0
1176,16,1,9,13,1,1,3,10,4,60,1,0.82,10,0
1224,18,3,11,16,2,5,9,20,3,60,0,0.81,15,0
1454,9,3,9,16,1,6,8,14,2,60,1,0.88,10,0
1147,13,1,22,11,3,3,9,20,5,90,1,0.13,10,0
1275,15,2,2,30,2,2,6,20,3,60,0,0.63,15,0
1342,6,2,29,15,1,5,7,18,2,120,1,0.63,30,1
1509,20,2,14,12,0,1,1,18,4,90,1,0.56,30,1
1139,7,2,0,28,5,5,10,18,4,60,1,0.06,15,0
1429,13,1,3,29,2,7,10,16,3,120,1,0.52,20,0
1150,19,2,25,21,5,2,10,16,3,60,0,0.08,20,0
1119,18,3,6,17,3,4,10,16,2,120,0,0.94,15,0
1163,10,2,20,3,1,3,5,10,4,120,0,0.31,20,0
1506,8,3,4,8,3,1,7,18,3,60,1,0.12,30,1
1333,17,2,3,10,0,7,7,8,0,60,1,0.62,30,0
1511,8,2,16,10,2,0,4,18,6,90,1,0.06,10,1
915,20,3,22,13,3,2,8,22,1,60,0,0.93,30,0
1149,10,3,14,16,3,4,10,20,3,90,0,0.65,20,0
1429,20,2,12,26,4,4,10,18,1,90,0,0.89,20,0
1193,8,1,10,9,3,0,6,16,6,120,1,0.56,15,1
1130,8,2,14,17,4,0,8,16,3,120,0,0.33,20,0
1329,8,3,2,29,2,3,7,8,4,120,1,0.39,15,0
1111,7,2,8,25,5,2,10,16,4,90,0,0.36,10,0
1431,14,3,13,22,1,7,9,18,3,60,0,0.83,20,0
1352,18,1,9,15,2,5,9,22,3,60,1,0.26,15,0
1260,11,1,6,3,0,1,1,22,6,60,0,0.06,30,0
916,12,1,2,30,1,1,3,8,1,90,1,0.46,30,1
864,7,3,29,7,1,2,4,8,2,60,1,0.01,30,1
1471,19,2,7,7,1,6,8,16,1,60,1,0.14,30,1
956,8,3,18,28,3,5,10,8,2,60,1,0.14,10,0
1230,16,1,11,18,5,1,10,16,4,90,1,0.11,15,0
1347,11,3,11,25,5,0,10,10,4,90,0,0.41,15,0
1595,10,1,25,8,1,5,7,20,0,90,1,0.27,15,1
1577,10,3,14,10,1,5,7,10,3,90,1,0.88,15,0
1181,8,3,29,10,3,0,6,18,4,90,1,0.68,10,1
1297,16,1,3,14,3,3,9,22,1,90,1,0.1,10,0
1176,7,2,18,29,2,7,10,10,4,90,0,0.18,20,0
1328,11,2,25,24,5,3,10,8,0,60,0,0.4,30,0
1203,19,1,28,1,2,4,8,14,2,60,1,0.03,10,0
884,13,3,25,19,2,3,7,18,1,60,0,0.7,30,0
896,11,3,23,23,2,5,9,14,3,60,1,0.34,20,0
1473,13,1,2,18,3,1,7,8,0,120,0,0.71,10,0
1582,16,2,6,7,3,0,6,16,0,120,1,0.54,15,0
1368,17,1,20,3,3,4,10,16,3,120,0,0.98,15,0
1203,13,2,2,3,5,7,10,18,5,90,0,0.41,30,0
1240,12,2,22,3,2,7,10,8,6,120,1,0.12,15,0
846,7,2,17,26,4,3,10,16,2,120,1,0.33,20,0
1404,12,1,28,21,4,0,8,10,1,90,0,0.3,30,0
1283,20,2,16,22,4,5,10,8,4,120,1,0.09,30,0
1026,12,1,2,6,3,6,10,18,1,60,0,0.49,15,0
1122,11,2,25,13,1,6,8,18,1,90,1,0.71,20,1
1056,6,3,6,6,1,6,8,16,0,60,1,0.1,15,1
1311,12,1,1,27,1,5,7,10,1,120,0,0.08,10,0
1305,17,1,27,18,3,0,6,8,0,60,0,0.95,20,0
1361,6,1,15,6,3,1,7,8,0,120,0,0.12,30,0
947,8,2,28,0,5,1,10,20,4,90,1,0.11,30,0
1261,18,2,12,28,3,4,10,18,5,90,0,0.21,20,0
1438,14,1,14,25,5,3,10,10,1,90,1,0.42,15,0
968,17,2,17,17,3,2,8,8,5,120,1,0.38,10,0
821,12,3,25,10,0,2,2,14,5,90,0,0.68,30,0
1272,20,2,9,10,3,5,10,20,4,120,1,0.75,15,0
1555,16,1,11,13,1,4,6,18,1,90,1,0.17,15,1
1235,15,3,19,14,5,1,10,16,6,90,1,0.0,15,0
1027,19,2,15,22,0,7,7,16,1,90,1,0.97,10,0
1201,19,2,26,12,1,2,4,22,0,90,1,0.84,10,0
1162,15,3,16,21,0,3,3,16,2,60,0,0.74,10,0
1529,9,3,21,19,1,1,3,8,0,60,1,0.81,20,0
1003,7,2,19,21,2,2,6,20,6,90,0,0.18,10,0
1555,19,1,30,27,5,4,10,22,0,60,0,0.82,15,0
832,13,2,26,6,5,4,10,16,2,120,0,0.5,20,0
931,19,2,12,30,1,7,9,20,4,120,1,0.75,15,0
1351,14,1,27,27,2,2,6,18,2,60,1,0.35,30,1
1123,7,3,19,0,1,4,6,16,1,60,0,0.91,30,0
1258,12,3,7,18,4,0,8,16,4,60,0,0.21,20,0
1136,7,2,0,18,0,5,5,18,5,60,0,0.95,20,0
1417,16,1,23,14,4,0,8,18,2,60,1,0.6,10,0
1468,6,3,20,18,5,4,10,20,0,90,1,0.18,15,1
896,15,2,28,19,1,1,3,20,0,60,0,0.02,20,0
890,14,2,16,5,5,3,10,16,4,60,1,0.56,30,0
1271,14,2,5,24,3,2,8,8,5,90,0,0.9,10,0
1273,11,1,5,0,5,1,10,14,6,120,0,0.63,15,0
1074,6,1,21,27,1,3,5,22,2,90,1,0.65,20,0
1013,18,2,28,30,2,2,6,20,0,120,1,0.89,15,0
1384,6,2,1,8,5,5,10,18,0,90,1,0.03,15,0
1353,14,3,6,1,2,7,10,14,2,120,1,0.76,10,0
934,7,1,28,16,3,2,8,22,5,60,0,0.36,15,0
847,6,1,2,10,0,7,7,18,0,60,1,0.4,30,1
1537,18,2,21,22,0,3,3,8,5,120,1,0.5,10,0
1005,8,3,4,3,5,4,10,22,1,90,1,0.98,10,0
835,14,2,29,13,4,4,10,20,1,90,0,0.91,15,0
1557,7,1,27,17,2,6,10,14,3,120,1,0.63,15,0
997,8,2,23,29,2,4,8,14,6,90,0,0.71,10,0
1012,18,2,25,9,2,4,8,10,1,90,0,0.4,15,0
945,14,2,23,17,4,3,10,14,4,120,1,0.11,10,0
1266,13,1,3,8,3,7,10,10,6,90,1,0.93,30,0
1418,9,2,5,30,5,1,10,18,5,90,1,0.65,20,0
1431,11,3,0,16,2,3,7,22,3,90,1,0.38,30,0
839,7,2,9,0,4,6,10,22,3,90,0,0.15,20,0
1225,8,3,23,21,3,1,7,14,0,120,1,0.19,10,1
1308,17,3,14,28,5,6,10,20,0,60,0,0.61,30,0
925,13,3,24,28,3,1,7,8,3,120,1,0.59,20,0
1077,7,2,18,5,1,1,3,22,1,120,0,0.26,10,0
1089,17,1,30,16,0,1,1,16,2,120,0,0.53,15,0
1235,7,1,22,16,0,3,3,10,3,120,1,0.63,10,1
1307,9,3,21,0,2,6,10,20,1,90,1,0.46,15,0
1070,16,1,10,15,3,0,6,14,2,60,0,0.37,15,0
1174,9,3,8,27,5,3,10,22,1,120,1,0.12,20,0
1395,11,2,6,24,3,0,6,16,2,90,0,0.34,30,0
1480,11,3,14,7,0,7,7,22,4,120,1,0.76,20,0
1248,12,1,3,5,1,6,8,16,2,60,1,0.1,30,1
859,7,3,19,22,1,0,2,20,3,60,1,0.02,10,1
1083,14,1,2,25,0,2,2,10,3,120,0,0.53,15,0
1444,13,3,27,15,2,7,10,18,0,120,1,0.01,15,1
1542,8,1,18,19,0,5,5,22,1,60,1,0.58,20,0
1185,10,2,30,1,5,2,10,10,4,90,1,0.88,15,0
1353,16,1,5,16,3,4,10,14,5,120,0,0.26,10,0
1366,9,3,23,29,2,6,10,16,4,90,0,0.51,10,0
1352,10,3,29,7,3,0,6,16,6,90,0,0.55,15,0
933,13,2,6,11,0,3,3,14,0,60,0,0.76,15,0
810,6,2,23,1,4,5,10,22,3,60,1,0.83,20,0
1071,18,2,22,10,2,3,7,8,4,60,1,0.35,10,0
1312,14,2,7,27,5,4,10,14,6,120,1,0.56,20,0
1595,19,3,0,26,0,7,7,10,3,120,1,0.91,20,0
1381,7,2,18,13,0,4,4,8,0,60,1,0.28,10,1
1501,13,2,0,10,1,2,4,14,3,60,1,0.59,15,1
1600,6,1,0,23,1,7,9,14,1,120,1,0.77,20,0
1140,14,1,14,10,1,2,4,22,3,60,0,0.74,30,0
1534,18,1,5,14,5,5,10,8,4,120,0,0.43,20,0
1317,17,2,3,13,1,5,7,18,3,90,1,0.82,30,0
876,11,1,1,19,0,1,1,8,1,60,1,0.92,30,0
1429,9,1,29,15,2,3,7,16,5,90,1,0.55,10,1
832,9,1,27,27,2,7,10,8,3,60,1,0.4,30,0
834,14,3,28,17,1,2,4,10,2,60,1,0.49,10,0
1404,19,1,11,20,3,7,10,22,1,90,1,0.32,10,0
1207,7,3,30,19,3,2,8,10,5,90,0,0.51,15,0
1122,8,3,0,18,4,7,10,16,4,60,1,0.26,30,0
808,12,2,5,27,3,6,10,8,1,90,0,0.15,10,0
1002,17,3,30,4,0,0,0,8,5,90,0,0.31,10,0
927,13,2,28,18,2,5,9,20,1,90,1,0.66,10,0
1425,12,2,1,1,2,0,4,8,0,90,1,0.35,10,0
1260,16,3,19,14,4,2,10,10,4,90,0,0.28,30,0
887,18,1,22,21,1,1,3,14,5,60,1,0.93,15,0
822,20,1,16,18,3,7,10,10,6,60,0,0.39,10,0
857,13,3,10,9,0,6,6,20,1,60,0,0.79,20,0
1153,16,2,30,25,0,1,1,18,3,60,1,0.21,30,1
1483,8,3,14,30,1,0,2,16,6,90,1,0.83,20,1
1394,19,2,6,16,3,3,9,16,1,120,0,0.16,10,0
1004,19,3,27,12,3,2,8,14,1,120,0,0.11,30,0
1579,17,1,27,22,2,5,9,8,5,60,1,0.7,20,0
1592,20,1,7,24,2,7,10,16,1,60,1,0.46,20,0
1520,15,3,9,30,5,3,10,10,1,60,1,0.6,20,0
825,18,1,17,26,1,0,2,14,1,90,0,0.01,10,0
1354,12,2,12,22,2,3,7,16,4,120,1,0.73,15,1
1120,15,2,3,27,4,1,9,20,0,60,1,0.54,10,0
916,6,3,10,30,4,3,10,8,6,90,0,0.7,10,0
1215,8,3,16,16,2,7,10,16,2,90,0,0.02,30,0
1161,17,2,16,25,5,4,10,20,4,90,0,0.73,10,0
1044,14,2,0,8,5,2,10,14,0,120,1,0.54,10,0
1529,15,2,16,14,1,2,4,10,2,120,0,0.29,10,0
1434,8,3,20,13,2,1,5,8,5,120,0,0.82,20,0
1169,9,1,10,22,3,0,6,10,6,60,0,0.05,30,0
1539,10,2,13,27,3,7,10,14,2,90,1,0.01,10,0
1050,13,3,5,14,3,6,10,10,4,90,1,0.98,20,0
1050,8,3,20,1,3,4,10,16,4,60,1,0.85,20,0
1348,16,2,14,6,3,4,10,20,5,90,0,0.18,15,0
891,6,3,29,3,2,1,5,16,5,120,1,0.32,30,1
1070,17,3,18,5,1,2,4,8,0,120,1,0.26,10,0
1191,14,3,28,13,2,5,9,22,3,90,1,0.89,30,0
965,19,3,2,24,2,5,9,14,4,90,0,0.72,15,0
1100,16,2,15,7,5,7,10,14,5,90,1,0.6,20,0
1307,17,2,0,16,4,2,10,22,2,90,0,0.11,20,0
1444,13,1,1,20,4,3,10,8,0,120,0,0.18,15,0
990,9,1,22,15,2,5,9,22,5,120,0,0.23,15,0
1307,12,3,14,21,3,4,10,8,6,90,0,0.48,10,0
1413,12,1,18,26,3,6,10,14,0,90,0,0.67,15,0
1201,20,2,14,27,0,3,3,20,2,60,1,0.04,15,1
1225,10,3,2,28,4,7,10,22,1,60,1,0.7,30,0
1485,14,2,2,11,4,2,10,22,0,90,1,0.17,15,0
920,14,1,17,3,5,1,10,16,3,120,0,0.61,20,0
1493,14,2,0,29,5,3,10,22,4,120,0,0.15,15,0
1109,15,2,22,5,3,0,6,18,6,120,0,0.25,30,0
842,14,1,29,9,1,6,8,8,1,60,0,0.85,15,0
1097,8,1,23,23,1,0,2,14,5,90,0,0.12,10,0
859,20,1,6,2,0,3,3,20,4,60,1,0.6,15,1
1232,10,3,3,7,1,6,8,22,2,60,0,0.16,15,0
1148,13,3,2,1,0,2,2,16,1,120,0,0.81,10,0
929,12,2,25,22,2,3,7,16,1,90,1,0.5,20,1
1320,11,2,3,30,1,7,9,14,4,120,0,0.47,30,0
844,12,2,6,10,2,4,8,10,0,60,0,0.47,15,0
1358,15,3,4,2,2,6,10,22,0,60,0,0.58,15,0
1385,7,1,30,9,1,3,5,8,2,60,0,0.43,10,0
1342,10,3,23,6,1,3,5,20,6,120,0,0.81,15,0
852,7,2,28,16,3,3,9,14,2,90,1,0.14,30,0
1480,10,1,3,22,2,1,5,16,5,60,1,0.7,20,1
1207,8,3,5,11,0,5,5,22,2,60,0,0.34,15,0
844,17,1,9,20,5,5,10,8,3,90,1,0.42,20,0
1241,14,2,14,28,5,0,10,16,6,60,1,0.72,10,0
1098,11,3,6,23,0,1,1,18,2,120,0,0.26,10,0
874,17,1,15,1,1,3,5,16,0,120,1,0.39,15,1
1030,17,2,8,10,5,4,10,18,6,90,0,0.8,15,0
1096,9,1,9,24,5,1,10,18,3,90,1,0.63,10,0
1478,12,1,11,2,0,4,4,8,1,60,1,0.99,20,0
897,10,2,0,26,1,2,4,8,6,60,0,0.88,10,0
921,7,3,4,22,0,5,5,10,0,60,0,0.59,10,0
1553,15,2,11,24,3,5,10,14,6,90,0,0.31,30,0
1326,17,3,30,15,0,2,2,16,6,90,1,0.47,30,1
866,17,1,20,13,3,5,10,10,3,90,0,0.76,10,0
1198,14,3,9,29,3,2,8,10,0,90,1,0.59,30,0
1274,10,2,9,23,1,0,2,18,4,120,1,0.18,30,1
1559,20,2,16,30,3,4,10,16,3,120,1,0.72,10,0
1048,10,1,17,20,1,2,4,14,0,60,0,0.14,10,0
1038,20,2,27,23,5,0,10,8,2,120,1,0.51,15,0
1534,18,3,28,29,4,5,10,8,1,90,1,0.66,10,0
1385,16,2,0,17,3,2,8,8,2,90,1,0.72,20,0
1387,6,3,17,23,4,2,10,14,0,90,1,0.05,30,0
1089,12,2,17,27,5,2,10,16,4,60,0,0.7,30,0
1574,17,3,8,27,0,7,7,22,2,90,1,0.21,15,0
1505,10,2,16,18,0,4,4,10,1,90,1,0.07,20,1
1457,13,1,16,3,1,2,4,16,2,90,1,0.31,30,1
1185,9,1,28,24,5,4,10,22,1,120,1,0.49,20,0
1429,9,3,17,17,1,7,9,18,3,60,0,0.95,10,0
962,9,2,6,24,2,4,8,10,2,120,1,0.35,15,0
1213,17,3,18,27,2,6,10,18,2,90,0,0.22,30,0
1554,7,1,29,3,0,6,6,18,0,60,1,0.56,10,1
1241,12,2,19,17,0,4,4,16,0,90,0,0.05,20,0
1122,11,2,1,28,5,7,10,14,1,90,1,0.46,10,0
1371,9,3,12,7,5,4,10,22,0,90,0,0.84,30,0
988,8,2,15,26,5,1,10,22,0,120,1,0.83,30,0
888,14,3,18,29,4,3,10,20,0,60,1,0.64,10,0
824,16,3,9,28,1,3,5,22,4,60,1,0.03,30,1
983,8,2,21,15,4,7,10,8,4,60,0,0.71,10,0
1365,7,2,24,20,1,6,8,8,6,60,1,0.17,20,0
1446,16,3,28,6,4,3,10,14,0,120,0,0.21,15,0
893,20,2,27,16,5,6,10,10,5,90,0,0.06,10,0
1035,8,1,28,29,5,5,10,14,3,120,0,0.13,30,0
1415,19,1,22,20,3,0,6,22,3,60,1,0.79,15,0
981,9,1,15,1,1,0,2,18,2,60,0,0.9,30,0
906,19,3,0,3,2,5,9,14,4,60,1,0.57,10,0
1531,18,1,14,5,0,4,4,8,4,60,1,0.66,20,0
1230,6,2,24,27,2,1,5,18,5,120,0,0.88,30,0
1563,11,2,5,2,2,5,9,8,6,120,0,0.44,30,0
914,9,2,29,19,5,7,10,8,4,120,1,0.61,10,0
1016,10,1,7,1,3,3,9,10,3,120,0,0.98,15,0
1406,17,2,21,7,0,4,4,14,5,90,0,0.37,30,0
1020,13,3,1,5,3,7,10,8,1,90,0,0.5,10,0
1157,8,3,24,18,3,6,10,8,4,90,1,0.88,20,0
1186,7,3,27,5,3,5,10,8,2,60,0,0.82,30,0
858,18,3,6,12,0,2,2,10,0,60,1,0.42,10,0
926,20,1,16,20,0,7,7,20,5,90,0,0.09,10,0
947,19,1,15,13,2,2,6,14,0,60,1,0.15,30,1
1535,9,3,0,21,2,1,5,10,5,60,0,0.14,20,0
1204,7,2,9,23,3,6,10,16,0,90,0,0.21,20,0
1237,15,2,12,2,5,5,10,14,3,60,0,0.52,20,0
1505,18,1,9,28,0,2,2,18,5,60,1,0.81,20,1
1189,11,2,3,26,0,5,5,18,3,120,0,0.08,15,0
1001,16,2,20,1,3,7,10,18,5,90,1,0.69,15,0
997,18,2,19,2,1,5,7,16,3,120,1,0.9,30,0
873,10,1,14,19,3,3,9,8,3,60,1,0.47,15,0
1230,15,3,12,19,1,4,6,14,2,120,0,0.39,10,0
828,11,1,6,17,0,0,0,8,2,120,1,0.88,30,0
1041,10,1,20,10,2,5,9,8,1,60,1,0.17,15,0
1388,18,3,13,8,1,2,4,8,3,90,0,0.85,30,0
822,19,2,0,14,2,1,5,20,2,60,1,0.94,15,0
1335,16,3,18,10,2,2,6,18,3,90,0,0.57,15,0
1554,6,3,25,26,5,4,10,20,1,120,0,0.5,10,0
812,9,1,29,8,1,1,3,8,3,90,0,0.77,10,0
1036,15,1,10,19,2,6,10,22,0,120,0,0.76,20,0
1095,11,2,21,1,5,5,10,14,4,120,0,0.75,10,0
1242,13,2,0,1,2,5,9,16,0,90,1,0.28,30,0
1016,16,2,23,6,1,4,6,18,1,120,0,0.96,15,0
1166,6,3,0,22,0,0,0,14,3,60,1,0.69,10,1
1503,10,2,27,20,3,6,10,10,1,60,1,0.46,10,0
1169,6,2,24,2,3,2,8,16,4,60,0,0.16,20,0
1133,9,3,16,7,0,5,5,8,0,90,1,0.7,30,1
1018,7,1,0,8,1,6,8,10,6,120,1,0.98,30,0
1042,13,2,30,12,4,4,10,16,4,90,0,0.36,15,0
864,14,3,28,1,1,4,6,8,2,120,0,0.42,15,0
1496,10,1,26,4,3,1,7,18,2,120,0,0.13,10,0
1386,6,2,12,13,5,0,10,10,5,120,1,0.58,10,0
949,9,1,8,18,4,5,10,8,5,90,1,0.36,30,0
1182,13,3,0,4,1,1,3,16,1,120,0,0.67,15,0
909,17,1,27,7,2,5,9,10,6,60,0,0.07,30,0
1428,13,2,0,15,2,0,4,18,2,120,1,0.97,15,1
1175,19,3,16,26,5,2,10,20,2,120,1,0.64,30,0
1290,17,1,18,20,4,1,9,10,5,120,1,0.04,20,0
1032,11,2,5,4,2,7,10,22,2,60,0,0.39,20,0
1599,17,3,30,16,5,0,10,14,2,60,0,0.65,20,0
1555,17,1,25,18,3,7,10,14,3,90,0,0.97,10,0
1469,6,3,11,4,4,1,9,18,5,90,1,0.64,20,0
805,20,1,23,2,5,6,10,22,0,90,0,0.82,30,0
823,15,1,30,5,2,6,10,18,5,90,0,0.85,30,0
1018,16,1,15,13,0,6,6,16,2,60,1,0.52,15,0
901,11,2,26,16,0,5,5,20,1,90,0,0.83,20,0
1058,15,1,1,7,4,1,9,8,3,120,1,0.26,30,0
1431,20,2,22,19,3,1,7,14,6,90,1,0.54,10,0
1475,10,2,24,23,4,0,8,10,1,60,0,0.93,20,0
971,7,2,18,24,2,3,7,20,1,60,0,0.47,30,0
1261,17,2,24,16,5,2,10,8,5,60,1,0.49,10,0
960,12,2,17,0,5,1,10,16,2,120,1,0.21,30,0
1337,11,1,19,17,5,0,10,16,3,120,0,0.79,20,0
1570,14,1,19,13,3,4,10,20,1,120,0,0.24,10,0
977,8,1,10,12,1,0,2,18,3,90,1,0.6,30,1
1407,6,2,25,6,4,0,8,20,3,120,0,0.45,15,0
1386,7,1,26,30,4,3,10,10,1,90,0,0.22,15,0
870,8,3,16,5,5,3,10,20,1,60,1,0.26,10,0
1328,19,1,27,9,2,7,10,14,2,120,1,0.54,30,0
1366,9,3,29,28,1,2,4,16,5,90,0,0.71,20,0
1318,14,1,25,23,2,4,8,14,1,60,1,0.69,15,0
1560,9,3,18,6,3,7,10,8,6,60,0,0.41,10,0
1058,17,1,12,1,2,0,4,14,3,60,1,0.08,30,1
1313,10,2,24,14,5,3,10,8,2,90,0,0.77,30,0
1598,16,1,13,10,3,3,9,10,0,60,0,0.45,20,0
946,18,1,21,19,5,1,10,22,2,90,0,0.56,20,0
1320,18,3,19,24,1,2,4,20,0,120,0,0.99,30,0
883,13,1,9,8,1,2,4,10,1,120,0,0.37,15,0
1258,15,1,29,12,0,0,0,14,1,60,0,0.74,20,0
1151,19,3,12,7,5,0,10,10,1,120,1,0.66,15,0
1391,19,1,2,0,5,5,10,18,6,90,1,0.54,10,0
1243,8,2,27,5,4,1,9,18,3,120,1,0.21,15,0
944,18,1,6,15,3,0,6,10,1,120,1,0.09,10,0
1530,13,3,13,14,5,7,10,14,4,90,1,0.46,20,0
1338,16,1,29,5,0,5,5,20,3,60,0,0.91,15,0
1255,9,3,19,2,1,6,8,16,1,90,0,0.48,15,0
1184,18,1,27,29,0,0,0,20,3,120,0,0.66,20,0
1056,16,2,21,24,2,4,8,20,2,120,0,0.91,15,0
1251,19,3,13,28,2,6,10,18,1,60,1,0.12,20,0
910,12,2,25,13,2,3,7,14,6,120,1,0.26,10,0
1396,8,1,0,28,0,3,3,10,5,120,1,0.94,15,0
837,19,3,1,14,0,4,4,10,2,90,1,0.92,10,0
1268,19,2,0,23,2,5,9,18,3,90,0,0.26,20,0
1195,6,1,12,0,4,3,10,8,2,120,0,0.09,15,0
1008,10,2,0,17,2,7,10,14,4,60,1,0.57,30,0
1061,17,2,8,24,3,4,10,22,4,60,1,0.7,10,0
1456,9,1,19,1,4,4,10,8,6,90,1,0.08,15,0
1114,8,2,2,2,0,5,5,18,4,120,0,0.86,30,0
944,10,3,0,26,3,5,10,22,3,120,1,0.49,30,0
1362,10,3,0,18,1,0,2,8,5,120,0,0.43,10,0
1566,7,3,16,6,2,4,8,8,4,60,0,0.96,10,0
1090,11,3,22,0,1,0,2,18,0,120,1,0.28,20,1
1043,7,1,14,1,0,4,4,20,0,60,1,0.51,30,1
965,14,1,1,19,0,6,6,10,0,60,0,0.48,10,0
1246,9,2,24,8,1,6,8,22,1,120,0,0.98,20,0
1354,7,1,21,2,1,7,9,22,3,90,0,0.82,15,0
844,16,2,3,10,4,5,10,10,1,60,1,0.29,10,0
1380,10,2,13,29,4,1,9,10,6,60,0,0.01,15,0
854,14,2,17,19,5,0,10,10,3,60,1,0.03,15,0
1572,16,2,25,29,0,6,6,10,1,60,1,0.58,30,0
1202,8,3,6,18,4,7,10,14,0,120,0,0.13,10,0
1320,19,2,20,5,2,4,8,14,6,90,1,0.46,10,0
1560,13,1,14,28,5,0,10,10,6,120,1,0.8,20,0
876,18,3,16,27,5,7,10,14,3,60,0,0.9,20,0
1246,13,1,9,4,0,4,4,10,6,90,1,0.5,30,0
905,19,1,21,0,2,7,10,16,1,60,1,0.55,20,0
1028,6,2,11,21,4,1,9,18,3,60,0,0.37,15,0
1204,19,2,29,18,3,5,10,8,0,90,1,0.39,30,0
1426,8,1,12,28,4,4,10,10,0,120,0,0.18,10,0
1034,12,1,10,15,5,7,10,18,5,60,1,0.05,15,0
1307,16,1,19,10,1,4,6,22,1,120,0,0.14,10,0
1065,13,2,7,19,2,4,8,14,3,60,0,0.39,10,0
1319,12,2,18,12,3,2,8,16,1,90,1,0.6,30,1
803,7,2,15,11,5,5,10,16,1,60,0,0.7,10,0
1103,12,2,8,20,0,0,0,14,0,90,0,0.92,10,0
1082,12,1,3,20,4,4,10,8,3,120,1,0.5,10,0
1455,7,3,12,7,3,0,6,16,3,90,0,0.67,10,0
1591,13,3,27,6,1,7,9,8,2,90,0,0.57,10,0
1353,20,3,26,26,3,3,9,10,6,90,0,0.27,20,0
1227,20,1,13,21,0,7,7,22,3,90,0,0.22,30,0
1380,19,1,16,19,2,4,8,18,4,90,0,0.46,20,0
1587,11,3,8,17,1,1,3,10,2,120,1,0.69,30,1
1599,17,2,18,22,4,3,10,14,1,120,1,0.56,30,0
1576,7,1,24,20,5,5,10,14,2,120,0,0.19,20,0
1208,9,3,29,24,5,2,10,22,4,90,0,0.93,30,0
932,11,3,27,19,4,3,10,20,6,120,0,0.22,10,0
1316,19,1,5,29,5,3,10,22,1,60,1,0.59,30,0
1451,12,3,28,27,0,0,0,16,2,90,1,0.75,15,1
1428,18,3,24,4,0,6,6,8,6,60,0,0.27,30,0
1129,13,3,5,19,5,5,10,16,4,90,1,0.33,10,0
1267,7,3,2,21,0,2,2,14,2,120,0,0.54,15,0
967,9,2,8,18,3,2,8,16,6,90,1,0.33,30,1
1489,17,1,15,25,0,1,1,20,5,90,0,0.48,20,0
1245,6,3,9,30,2,6,10,16,2,120,0,0.8,20,0
1359,9,3,0,29,0,3,3,10,4,90,0,0.47,20,0
1103,19,3,23,2,0,3,3,10,2,60,0,0.93,15,0
1577,10,2,9,0,3,3,9,14,4,120,0,0.65,10,0
1422,6,3,4,11,0,1,1,18,0,60,1,0.93,10,1
993,12,3,2,13,3,2,8,22,3,120,1,0.47,15,0
800,18,3,15,28,5,3,10,20,1,90,0,0.36,10,0
902,12,3,22,20,0,7,7,10,1,120,1,0.94,10,0
1378,7,3,30,24,1,7,9,18,1,60,0,0.44,30,0
1537,12,1,14,14,1,0,2,16,0,120,0,0.4,10,0
1294,20,3,4,16,3,0,6,22,5,90,1,0.47,15,0
932,13,3,11,5,4,2,10,22,0,120,1,0.05,30,0
1113,19,3,29,19,5,0,10,14,4,60,1,0.06,30,0
1592,18,3,29,2,4,1,9,22,5,90,0,0.84,20,0
1166,8,2,26,10,2,6,10,16,5,90,1,0.87,10,0
815,14,1,25,3,4,1,9,14,1,120,0,0.18,30,0
1293,18,1,26,19,0,1,1,16,0,120,0,0.79,30,0
1370,15,2,25,25,2,3,7,18,5,120,1,0.22,15,1
1295,6,3,17,13,2,2,6,16,0,120,0,0.71,30,0
1293,12,3,11,29,0,4,4,18,0,120,1,0.69,10,1
1599,15,1,20,25,2,7,10,16,4,60,1,0.4,30,0
1580,9,2,11,25,0,7,7,8,6,60,1,0.7,15,0
1332,7,3,23,15,2,2,6,20,1,120,0,0.25,20,0
1561,20,3,16,13,1,3,5,8,1,90,1,0.66,10,0
1533,15,2,23,5,0,6,6,22,4,120,0,0.67,20,0
1274,15,3,9,24,1,1,3,20,1,90,1,0.48,15,1
1370,16,2,30,29,4,0,8,18,0,60,1,0.75,10,0
1331,19,3,0,14,4,0,8,22,0,90,1,0.95,20,0
908,18,3,1,2,3,5,10,8,3,90,1,0.78,15,0
1100,18,1,27,30,3,0,6,10,2,120,0,0.08,10,0
1087,7,2,5,0,1,2,4,18,1,90,1,0.44,10,1
1211,20,1,2,6,0,4,4,22,6,90,0,0.28,30,0
1097,12,3,13,3,0,5,5,18,4,60,0,0.24,30,0
1221,13,2,4,15,5,0,10,14,3,120,1,0.35,15,0
804,11,2,29,17,1,7,9,22,6,90,1,0.91,10,0
1235,18,2,15,24,3,4,10,8,2,120,0,0.78,20,0
1070,6,3,17,25,1,3,5,20,5,90,0,0.07,15,0
1218,6,3,12,25,2,4,8,20,0,90,0,0.19,15,0
1067,12,3,20,9,1,5,7,14,3,90,0,0.64,30,0
1592,6,2,16,0,2,7,10,22,1,90,1,0.26,20,0
1369,7,1,9,12,0,5,5,16,0,120,0,0.48,10,0
1339,15,1,18,0,1,1,3,22,4,120,0,0.19,20,0
1587,18,3,20,26,0,0,0,20,5,60,0,0.86,10,0
1532,9,1,25,20,2,4,8,10,4,90,1,0.64,20,0
1061,19,3,25,29,2,7,10,22,3,120,1,0.66,20,0
986,11,3,10,15,4,3,10,14,3,60,1,0.35,15,0
1061,7,3,26,14,4,4,10,10,6,90,1,0.04,15,0
847,9,1,30,2,4,5,10,10,6,60,1,1.0,15,0
1107,13,1,11,5,3,6,10,10,5,90,1,0.94,30,0
825,15,3,18,0,2,5,9,8,4,60,1,0.83,15,0
855,13,2,18,11,1,6,8,18,6,120,0,0.19,30,0
1335,9,1,26,12,4,7,10,8,1,90,1,0.36,10,0
1017,11,1,26,17,5,5,10,18,0,90,1,0.36,20,0
1124,15,1,1,18,2,3,7,18,5,120,1,0.64,30,1
808,10,2,29,1,5,3,10,20,2,60,1,0.13,20,0
870,15,1,25,27,2,5,9,18,6,120,0,0.62,10,0
1458,14,1,20,29,5,0,10,22,3,120,0,0.52,30,0
1590,9,2,29,13,1,1,3,10,5,60,0,0.04,10,0
1565,12,3,11,5,0,5,5,16,5,60,1,0.38,30,1
1035,11,3,4,13,4,0,8,18,6,60,0,0.3,30,0
1169,10,3,8,2,0,4,4,22,6,90,1,0.79,15,0
1527,19,1,16,29,3,3,9,22,1,60,0,0.35,10,0
1549,18,1,14,3,0,7,7,10,5,90,1,0.37,15,0
1409,8,1,4,4,0,0,0,16,4,90,0,0.46,30,0
943,13,1,8,13,2,7,10,18,6,60,1,0.65,30,0
1036,11,3,21,13,2,2,6,10,5,90,0,0.82,10,0
1225,8,2,14,14,5,2,10,18,1,120,0,0.15,20,0
1196,8,1,3,23,0,6,6,14,3,120,1,0.06,15,1
1216,13,3,12,25,5,1,10,16,4,60,1,0.73,20,0
1212,15,2,17,15,0,1,1,10,2,90,1,0.24,30,1
932,13,2,9,6,2,7,10,16,2,120,0,0.57,30,0
955,7,3,7,10,4,2,10,20,2,120,0,0.38,10,0
1195,7,3,5,26,3,6,10,18,0,120,0,0.22,15,0
1063,11,2,12,9,4,2,10,20,5,120,0,0.61,10,0
1194,13,3,26,24,1,5,7,16,1,90,1,0.03,15,1
1376,19,3,21,29,5,6,10,22,2,90,1,0.12,10,0
1202,7,1,13,7,4,4,10,22,5,90,1,0.12,10,0
981,10,3,29,6,3,2,8,22,3,60,0,0.64,15,0
966,13,2,6,5,5,6,10,20,1,90,0,0.9,15,0
832,18,2,13,18,0,7,7,16,2,90,1,0.94,30,0
936,19,3,29,5,2,5,9,14,4,90,1,0.43,10,0
1353,10,3,7,1,5,1,10,10,1,60,1,0.15,15,0
1042,10,2,21,25,1,7,9,22,2,60,0,0.72,10,0
1437,6,1,4,8,2,1,5,22,1,60,0,0.79,15,0
1068,18,3,10,15,3,3,9,10,3,120,0,0.48,30,0
1002,14,3,4,18,4,5,10,10,2,120,1,0.83,15,0
890,7,1,6,30,1,0,2,18,0,90,1,0.15,20,1
820,6,1,25,19,5,6,10,18,2,90,1,0.23,20,0
1239,19,1,13,27,4,1,9,14,5,60,1,0.65,20,0
1578,13,2,0,3,5,4,10,8,2,120,0,0.9,20,0
1026,8,2,7,11,0,2,2,16,1,90,0,0.84,30,0
1360,19,1,25,14,3,6,10,10,0,120,0,0.18,10,0
1337,17,2,6,17,5,3,10,10,3,90,0,0.68,10,0
1362,18,2,0,9,2,2,6,18,3,90,0,0.97,20,0
1232,7,3,2,15,1,6,8,10,5,120,1,0.91,30,0
1007,7,2,10,27,5,3,10,8,2,60,1,0.09,10,0
1293,20,3,30,20,3,7,10,10,4,60,1,0.05,20,0
1368,18,1,14,2,0,2,2,18,0,120,1,0.24,20,1
1456,13,3,2,9,1,4,6,10,2,120,1,0.5,20,1
888,9,3,28,20,5,2,10,22,5,90,1,0.3,15,0
1439,9,2,25,26,2,4,8,22,3,60,1,0.68,30,0
1180,20,2,10,9,0,1,1,16,1,60,1,0.28,15,1
849,8,1,10,11,4,4,10,10,0,90,0,0.01,30,0
1502,17,3,8,30,1,3,5,10,0,60,0,0.63,10,0
1544,20,2,20,10,1,3,5,10,0,60,0,0.16,10,0
1091,17,1,9,9,5,1,10,14,4,60,1,0.11,15,0
1446,9,1,20,19,5,3,10,18,4,60,1,0.2,10,0
1202,7,3,24,5,0,3,3,16,2,120,1,0.11,10,1
1269,11,1,16,19,0,1,1,20,3,60,1,0.11,10,1
1293,7,3,7,4,1,3,5,10,5,60,1,0.5,20,0
922,16,1,12,6,1,7,9,8,2,90,0,0.83,30,0
1440,11,1,12,24,0,3,3,14,0,60,1,0.58,20,1
1104,12,1,11,13,2,3,7,10,5,60,0,0.52,15,0
1481,11,2,0,18,3,4,10,22,1,90,1,0.09,10,0
849,19,2,2,28,5,2,10,8,0,90,0,0.25,10,0
1581,20,3,29,17,1,3,5,18,3,120,0,0.95,20,0
958,16,1,28,2,5,0,10,8,3,120,1,0.75,20,0
1306,18,1,19,9,0,6,6,8,3,90,0,0.84,30,0
1080,9,1,10,15,3,2,8,10,4,90,0,0.75,15,0
980,15,1,1,27,3,6,10,18,4,90,1,0.33,15,0
1552,18,2,15,20,3,5,10,16,1,60,1,0.58,15,0
877,17,1,28,8,3,7,10,8,3,120,1,0.89,30,0
1540,9,1,28,4,2,2,6,16,1,60,0,0.33,30,0
1353,9,1,16,4,3,0,6,8,2,90,1,0.91,10,0
1171,17,2,29,24,1,5,7,10,0,120,0,0.3,30,0
1472,19,2,29,22,3,6,10,20,4,90,0,0.84,20,0
1521,7,2,5,3,4,1,9,14,6,120,1,0.7,15,0
805,6,3,26,13,4,7,10,10,3,90,0,0.6,20,0
923,15,2,22,9,1,6,8,20,1,90,0,0.75,10,0
1043,20,2,3,9,2,1,5,22,4,60,0,0.18,20,0
1399,10,1,12,12,5,1,10,10,6,60,1,0.67,10,0
844,16,3,10,3,5,1,10,18,6,90,1,0.65,20,0
1426,12,2,3,27,0,6,6,8,2,60,0,0.3,30,0
1318,18,1,10,14,5,4,10,22,1,120,1,0.45,10,0
1139,8,3,23,6,5,2,10,16,2,120,0,0.43,15,0
987,12,2,9,0,0,1,1,14,0,90,1,0.18,30,1
1528,9,1,0,2,4,0,8,8,4,60,1,0.33,30,0
1301,12,2,18,4,4,6,10,16,3,60,1,0.98,30,0
993,15,2,13,16,2,5,9,16,2,120,1,0.98,15,0
1516,11,1,21,14,1,0,2,16,5,60,1,0.56,20,1
1030,11,3,12,7,1,0,2,18,4,120,0,0.01,30,0
1567,18,2,28,1,0,0,0,18,6,120,0,0.32,20,0
1372,16,3,24,29,2,6,10,10,6,120,1,0.8,15,0
1338,13,3,5,3,2,7,10,16,0,60,0,0.52,30,0
1019,15,1,0,0,1,6,8,22,5,90,1,0.46,30,0
1320,8,1,4,28,1,7,9,22,5,120,1,0.42,20,0
1590,17,1,1,3,3,7,10,8,0,120,0,0.27,30,0
1081,19,2,10,5,5,3,10,22,1,60,0,0.18,20,0
1244,7,1,7,6,1,6,8,14,6,90,1,0.08,20,1
831,20,3,23,10,4,7,10,8,6,90,0,0.75,15,0
1002,10,1,16,13,4,6,10,20,3,90,0,0.26,10,0
1122,12,3,9,2,3,5,10,8,2,90,0,0.65,15,0
1286,10,3,24,6,1,2,4,20,6,90,1,0.8,15,1
1322,16,1,0,12,4,4,10,16,3,90,1,0.67,20,0
813,11,3,14,2,4,6,10,16,4,120,0,0.63,20,0
1323,15,2,2,15,5,2,10,22,6,90,0,0.68,15,0
996,12,2,3,18,0,2,2,10,6,120,1,0.9,15,0
1232,10,1,23,29,5,0,10,20,1,60,1,0.93,10,0
1282,19,3,23,24,0,2,2,16,1,60,1,0.26,15,1
953,9,2,6,27,1,2,4,20,5,120,0,0.52,15,0
1094,15,2,22,6,4,7,10,16,0,60,0,0.86,10,0
1062,14,3,1,4,5,4,10,10,5,120,0,0.97,20,0
989,14,3,12,12,4,5,10,20,2,120,0,0.2,20,0
1032,9,3,12,27,2,7,10,8,3,120,1,0.21,15,0
974,13,1,7,2,3,4,10,20,5,60,0,0.4,20,0
1464,14,2,24,18,5,1,10,20,6,60,0,0.25,15,0
1329,20,3,27,28,4,6,10,14,2,120,1,0.41,30,0
1412,7,1,12,29,1,0,2,10,6,90,1,0.4,10,1
837,20,3,22,17,3,7,10,16,1,120,1,0.41,20,0
1064,14,2,20,17,3,5,10,18,5,120,1,0.06,30,0
1432,6,2,22,24,2,5,9,20,5,90,1,0.4,10,0
1390,12,2,29,16,2,7,10,14,6,90,0,0.37,30,0
1544,20,1,22,22,0,7,7,20,6,120,1,0.32,15,0
1271,16,1,17,18,1,5,7,20,6,60,1,0.79,30,1
1473,10,3,3,0,3,3,9,22,3,120,1,0.97,30,0
1403,7,1,1,10,3,6,10,14,4,60,1,0.74,10,0
918,18,2,28,24,1,3,5,16,3,90,1,0.77,10,0
1238,18,2,4,27,1,4,6,10,4,90,1,0.16,15,0
1412,13,3,7,29,0,1,1,22,0,90,0,0.13,10,0
1326,10,2,22,30,3,7,10,22,2,60,0,0.25,10,0
1101,10,1,25,3,0,2,2,20,4,90,0,0.49,30,0
1404,7,2,14,13,0,4,4,22,5,120,0,0.66,20,0
1185,7,2,17,22,4,0,8,14,0,60,0,0.47,10,0
914,10,1,22,11,2,5,9,8,4,120,1,0.27,20,0
1108,15,3,10,4,5,5,10,18,4,90,1,0.72,15,0
1084,10,3,17,6,5,2,10,20,1,120,0,0.91,30,0
1069,20,2,27,13,2,7,10,14,6,120,0,0.2,15,0
1175,15,2,3,26,2,0,4,22,2,90,1,0.61,20,0
1526,19,2,19,12,2,1,5,10,0,60,0,0.91,20,0
1541,7,1,10,6,4,5,10,22,1,90,0,0.2,20,0
1225,18,2,11,20,3,4,10,22,5,60,0,0.26,20,0
1426,10,1,10,2,4,1,9,10,1,120,0,0.14,10,0
1418,11,2,11,1,1,2,4,16,6,60,1,0.77,30,1
1459,19,1,19,6,1,7,9,16,1,60,1,0.31,30,0
977,18,3,23,20,3,1,7,10,4,90,0,0.33,20,0
1151,10,1,7,4,5,7,10,10,4,90,0,0.18,30,0
1077,15,1,7,21,1,1,3,22,5,90,0,0.75,20,0
1167,9,3,23,27,4,7,10,14,3,60,1,0.33,15,0
1161,10,1,5,13,2,2,6,16,6,120,0,0.83,30,0
1070,20,1,9,28,2,3,7,22,3,60,0,0.44,30,0
850,8,1,22,8,0,2,2,14,0,60,1,0.97,30,1
1512,15,2,28,8,4,7,10,8,4,120,0,0.62,20,0
912,7,1,30,23,0,4,4,14,0,90,0,0.4,10,0
1139,6,2,5,30,5,1,10,18,3,60,1,0.92,20,0
1098,15,2,22,16,1,2,4,8,1,90,1,0.37,20,1
1546,7,1,18,18,1,5,7,18,2,60,0,0.45,10,0
1214,10,2,2,30,4,2,10,8,1,120,0,0.63,20,0
1311,20,1,12,29,1,1,3,8,1,60,0,0.04,15,0
998,16,3,27,20,4,7,10,8,1,90,0,0.98,20,0
1174,13,3,25,10,1,6,8,14,5,60,0,0.73,30,0
1431,7,1,23,25,2,6,10,18,4,90,0,0.98,10,0
1375,20,2,1,14,3,6,10,22,4,90,0,0.92,30,0
1343,9,2,9,12,5,4,10,10,4,120,0,0.22,30,0
1446,13,3,4,6,0,0,0,16,4,60,1,0.88,30,1
1472,18,1,13,20,0,1,1,14,2,120,0,0.45,15,0
986,6,1,13,21,4,7,10,20,6,120,1,0.79,20,0
1344,19,3,20,26,5,0,10,22,0,120,1,0.87,30,0
1291,11,1,17,1,3,5,10,14,1,60,0,0.7,15,0
1395,18,2,18,18,4,5,10,16,5,120,0,0.54,15,0
1076,7,1,17,3,1,1,3,14,0,90,1,0.35,10,1
963,17,2,19,20,2,0,4,8,6,120,0,0.97,15,0
1324,16,3,16,4,4,7,10,10,1,90,0,0.12,20,0
1265,19,3,15,25,3,5,10,8,1,120,1,0.96,30,0
1491,15,3,27,17,2,3,7,10,5,120,0,0.1,10,0
1108,17,1,18,5,1,4,6,20,2,60,1,0.25,15,1
1045,18,3,9,3,3,7,10,8,1,120,0,0.07,30,0
1142,16,3,30,23,0,2,2,10,0,120,0,0.26,30,0
853,13,2,5,27,3,3,9,22,1,90,1,0.57,15,0
1555,11,2,3,5,4,5,10,10,4,60,0,0.12,15,0
977,6,1,17,4,0,5,5,18,0,60,1,0.38,15,1
1355,7,3,7,12,0,2,2,18,0,120,1,0.11,10,1
1340,11,2,12,4,2,7,10,22,1,120,1,0.69,10,0
1420,18,1,16,22,0,5,5,22,2,120,1,0.79,10,0
1460,6,1,2,1,4,2,10,16,5,90,0,0.11,20,0
816,15,2,10,11,3,3,9,14,0,60,0,0.2,10,0
1411,10,3,30,16,2,4,8,20,4,120,1,0.64,15,1
882,15,2,16,16,3,5,10,10,1,120,1,0.43,15,0
1034,13,1,2,21,5,7,10,14,6,120,1,0.39,20,0
1015,16,1,23,2,0,5,5,20,5,120,0,0.21,15,0
1290,10,3,13,28,3,4,10,18,4,120,1,0.61,20,0
1228,8,3,14,11,0,4,4,10,2,60,1,0.73,10,0
1425,8,3,29,24,5,1,10,8,6,60,1,0.49,15,0
1427,9,2,10,6,1,6,8,20,0,120,1,0.22,20,1
1311,19,1,28,9,1,0,2,20,1,120,0,0.78,20,0
1105,11,1,9,16,0,1,1,14,3,120,0,0.67,15,0
923,12,1,29,20,0,0,0,20,5,60,0,0.92,15,0
1276,13,1,22,0,4,7,10,8,0,90,0,0.9,20,0
1469,9,3,6,18,5,7,10,14,3,120,1,0.6,15,0
1052,13,2,11,16,1,2,4,8,2,60,1,0.24,20,1
1363,9,1,21,4,2,3,7,18,0,120,0,0.02,15,0
1515,13,1,8,14,4,1,9,18,4,60,0,0.13,20,0
1389,20,1,15,0,3,7,10,14,2,60,0,0.55,20,0
1096,10,1,21,6,3,1,7,8,6,120,0,0.77,20,0
1443,20,2,26,2,5,2,10,18,1,60,1,0.86,20,0
992,19,2,27,23,2,1,5,8,6,90,1,0.75,20,0
1265,15,1,15,1,4,1,9,8,3,90,0,0.57,20,0
906,8,3,7,13,3,2,8,10,3,90,0,0.25,30,0
1384,16,2,10,15,2,7,10,8,6,90,1,0.96,30,0
818,18,3,21,1,3,3,9,14,0,90,1,0.74,15,0
1214,14,1,2,16,5,2,10,22,1,60,1,0.12,15,0
1529,14,3,6,24,2,3,7,8,4,90,1,0.5,20,0
873,18,3,27,10,2,7,10,10,4,120,0,0.26,20,0
1015,11,3,21,1,3,2,8,10,6,60,1,0.35,20,0
843,18,3,3,27,5,2,10,18,0,120,1,0.48,15,0
1496,19,3,8,27,1,0,2,14,0,120,1,0.45,20,1
982,12,1,14,7,0,2,2,10,2,90,0,0.19,15,0
998,7,2,15,28,0,2,2,18,4,90,0,0.32,10,0
1384,7,3,4,13,0,1,1,22,1,60,1,0.23,15,1
801,7,2,0,3,2,0,4,14,1,60,1,0.25,30,1
1185,16,1,6,23,5,2,10,10,6,60,1,0.7,10,0
1419,7,2,7,3,0,0,0,18,2,90,0,0.13,20,0
1374,8,3,27,20,3,4,10,16,5,60,1,0.32,15,0
1253,10,1,1,7,0,1,1,20,5,120,0,0.66,20,0
1557,15,3,23,25,1,2,4,16,5,60,1,0.61,30,1
1523,12,3,13,25,1,5,7,14,5,120,0,0.22,15,0
1103,6,3,19,13,5,2,10,10,0,60,1,1.0,10,0
1521,10,1,3,1,0,2,2,22,1,90,1,0.03,20,1
1420,7,1,18,16,3,3,9,18,2,90,1,0.08,15,0
907,14,3,30,10,3,1,7,16,5,120,1,0.76,15,0
1115,10,2,7,7,4,2,10,18,2,90,1,0.55,30,0
989,13,1,10,17,4,2,10,22,5,120,1,0.11,10,0
1333,11,1,5,3,3,7,10,8,5,60,0,0.35,20,0
1057,18,2,20,18,2,0,4,16,2,90,0,0.14,10,0
1441,10,2,10,8,1,2,4,8,1,90,0,0.83,20,0
800,7,1,20,6,2,7,10,16,1,60,1,0.35,30,0
1365,17,2,16,23,5,1,10,20,6,120,0,0.32,10,0
1088,13,3,18,9,5,3,10,18,1,120,0,0.86,15,0
1314,11,3,29,7,4,7,10,22,0,60,1,0.31,30,0
1292,16,1,15,29,4,0,8,22,4,120,0,0.01,10,0
918,18,2,27,12,1,6,8,20,1,120,1,0.91,15,0
1455,6,1,3,21,0,1,1,18,2,60,0,0.77,30,0
1593,19,3,10,3,1,4,6,18,4,60,1,0.2,15,1
1444,15,3,9,8,3,4,10,20,1,120,1,0.28,30,1
1337,6,2,17,28,0,0,0,18,0,90,1,0.34,30,1
1037,12,2,2,27,4,6,10,16,5,90,1,0.36,20,0
1536,9,2,30,20,3,1,7,8,3,90,0,0.12,30,0
860,7,3,3,23,1,3,5,14,5,90,1,0.38,10,1
983,9,3,17,15,0,7,7,10,3,90,1,0.4,20,0
912,16,1,25,7,0,5,5,16,0,60,0,0.22,20,0
1208,9,2,1,29,5,0,10,14,5,90,1,0.27,10,0
1392,14,3,22,0,4,1,9,14,3,90,0,0.82,15,0
899,7,3,5,3,1,3,5,8,4,60,0,0.39,30,0
1062,12,3,22,30,0,3,3,22,4,60,1,0.64,20,1
1218,20,1,2,7,4,0,8,20,6,120,1,0.73,10,0
1219,8,2,30,15,2,1,5,16,2,120,1,0.32,30,1
1326,7,2,19,25,2,7,10,16,4,90,0,0.35,30,0
1230,16,2,6,23,0,4,4,20,4,90,1,0.72,10,0
1033,18,1,29,0,2,3,7,20,0,90,1,0.57,20,1
1317,17,3,14,18,2,1,5,22,2,120,0,0.03,15,0
831,8,3,20,8,4,7,10,16,2,90,0,0.08,15,0
1384,14,3,6,6,1,6,8,8,3,90,0,0.02,30,0
1442,17,1,29,2,5,7,10,16,5,90,0,0.86,10,0
1348,20,3,24,6,2,2,6,20,4,60,0,0.53,30,0
1394,18,2,25,2,1,1,3,18,5,60,0,0.49,30,0
1415,20,1,3,27,0,0,0,10,0,120,0,0.02,30,0
1285,15,3,6,10,5,7,10,8,0,120,1,0.43,15,0
882,20,3,18,15,3,1,7,10,4,90,0,0.98,30,0
820,7,2,25,26,2,2,6,18,0,120,1,0.13,10,1
1060,11,1,1,10,4,6,10,22,1,90,1,0.66,10,0
1361,16,2,17,1,0,5,5,18,4,90,0,0.87,20,0
854,14,1,18,18,0,2,2,20,2,60,0,0.47,20,0
1140,6,2,17,1,5,0,10,8,2,90,1,0.34,10,0
1056,15,1,20,6,2,7,10,18,6,90,1,0.46,20,0
1213,9,2,15,28,1,2,4,16,2,90,0,0.65,30,0
1263,12,1,30,1,2,3,7,8,2,60,0,0.09,10,0
938,16,1,28,7,0,7,7,20,1,120,0,0.4,20,0
929,16,3,25,10,2,1,5,14,1,120,0,0.76,15,0
998,18,3,15,15,1,1,3,18,0,120,0,0.67,15,0
1348,7,3,7,16,5,4,10,8,6,60,0,0.9,30,0
1113,8,2,21,2,0,7,7,20,6,120,0,0.93,30,0
1135,20,2,14,26,3,7,10,14,2,90,0,0.65,30,0
803,16,3,1,29,0,0,0,22,0,120,1,0.54,20,1
805,15,1,22,3,2,3,7,10,5,60,1,0.39,10,0
1013,10,3,8,14,5,0,10,22,6,60,1,0.46,20,0
1178,13,1,5,20,3,7,10,16,1,120,0,0.45,15,0
853,6,3,1,2,2,4,8,16,3,120,0,0.49,30,0
1356,10,1,20,11,2,3,7,22,4,120,1,0.09,30,0
1596,14,2,26,26,3,0,6,14,0,90,1,0.18,20,1
1599,18,3,10,16,4,7,10,14,5,60,1,0.63,20,0
1003,13,2,15,6,4,4,10,10,3,90,0,0.04,20,0
1349,18,1,21,7,0,5,5,20,1,120,0,0.66,15,0
1261,20,1,15,11,4,2,10,22,5,90,0,0.73,20,0
1260,18,3,6,9,2,2,6,20,1,90,1,0.8,20,1
965,9,1,7,12,0,7,7,22,5,120,1,0.85,10,0
1056,7,3,29,8,2,6,10,22,3,90,1,0.33,15,0
1455,13,1,20,15,2,2,6,10,0,120,1,0.04,15,1
1573,8,1,25,12,2,6,10,16,0,120,0,0.5,30,0
1208,19,1,8,19,4,1,9,10,4,60,1,0.61,10,0
1492,14,3,7,21,5,0,10,16,5,90,1,0.78,15,0
1306,6,2,30,5,0,7,7,20,5,60,1,0.77,10,1
845,8,1,2,8,5,5,10,20,6,120,0,0.36,10,0
1571,17,2,27,19,4,2,10,10,5,120,0,0.08,10,0
1175,11,3,9,29,5,1,10,22,2,60,0,0.68,20,0
1295,20,1,21,11,4,0,8,18,5,90,1,0.93,10,0
1250,11,1,9,25,3,5,10,22,4,90,1,0.32,20,0
933,8,1,4,3,1,0,2,22,3,120,1,0.77,10,1
1216,8,2,11,22,3,7,10,8,1,60,0,0.85,30,0
1464,6,1,5,26,4,5,10,22,2,120,0,0.82,15,0
1033,14,2,29,3,3,0,6,8,4,60,0,0.88,15,0
1519,13,1,28,23,3,6,10,22,3,90,1,0.84,30,0
1014,10,1,27,6,0,7,7,18,0,60,1,0.36,20,1
1324,14,1,17,26,5,7,10,10,5,90,0,0.18,30,0
904,8,3,12,25,1,3,5,10,2,60,1,0.83,15,0
1196,13,2,14,13,1,5,7,16,6,60,1,0.15,10,0
1183,12,1,8,3,4,2,10,10,2,60,0,0.09,30,0
1529,20,1,18,22,5,2,10,18,5,90,0,0.33,30,0
1228,9,3,14,25,5,1,10,18,5,60,0,0.24,15,0
1312,15,1,17,25,0,7,7,18,4,90,0,0.62,10,0
824,17,1,27,20,2,5,9,22,0,120,0,0.48,15,0
870,12,3,14,28,5,4,10,20,3,120,0,0.46,30,0
1273,16,3,1,27,4,1,9,20,4,120,0,0.93,20,0
1494,15,3,1,12,3,6,10,20,2,60,0,0.79,15,0
1537,9,1,2,18,5,6,10,14,3,60,1,0.85,30,0
1564,19,2,8,21,3,5,10,8,5,60,1,0.18,30,0
868,16,2,25,28,4,1,9,14,1,120,0,0.25,10,0
979,8,2,27,20,0,7,7,14,6,60,1,0.18,10,1
1142,19,1,10,28,5,7,10,14,6,90,1,0.33,10,0
1435,14,2,3,25,4,1,9,18,4,60,0,0.31,20,0
823,11,2,14,30,3,0,6,22,2,90,1,0.61,10,0
912,11,2,18,25,4,2,10,16,6,60,1,0.84,30,0
1068,18,1,7,28,1,5,7,20,3,90,1,0.57,20,1
1297,11,2,11,23,2,1,5,10,5,120,0,0.84,10,0
1102,19,3,26,9,1,5,7,10,4,60,0,0.06,20,0
1214,7,3,20,22,0,5,5,10,3,60,1,0.92,30,0
1015,14,1,28,0,1,6,8,22,2,60,1,0.94,30,0
1163,17,2,27,17,0,3,3,18,4,90,1,0.17,10,1
861,6,1,28,5,1,4,6,8,2,60,0,0.2,15,0
1179,11,3,14,11,2,1,5,14,5,60,0,0.78,15,0
1356,20,1,7,15,4,0,8,18,6,90,1,0.01,15,0
1545,12,3,22,14,2,4,8,14,6,120,1,0.86,30,0
1393,10,1,26,26,2,6,10,22,3,120,1,0.79,10,0
903,16,1,20,15,0,1,1,18,6,60,0,0.78,30,0
870,12,3,8,11,2,5,9,22,5,90,0,0.9,15,0
1512,10,2,7,4,1,2,4,22,5,120,0,0.7,30,0
1262,16,2,9,12,5,2,10,18,3,120,0,0.82,30,0
977,7,2,25,0,4,4,10,10,0,90,1,0.07,10,0
1590,6,3,15,23,1,5,7,10,0,60,0,0.39,15,0
1049,14,3,17,15,0,0,0,22,0,90,0,0.08,15,0
918,15,3,11,26,0,4,4,14,1,60,1,0.69,30,1
900,14,2,20,21,2,1,5,18,2,60,1,0.29,20,1
1195,14,2,15,7,1,7,9,22,2,60,1,0.81,10,0
858,10,1,16,21,4,3,10,10,1,60,1,0.8,30,0
1470,17,2,29,22,1,0,2,20,1,60,1,0.5,15,1
1332,20,3,19,2,0,2,2,16,3,120,1,0.97,15,1
969,19,2,22,13,0,1,1,20,4,60,0,0.56,20,0
1491,13,3,0,18,2,5,9,10,6,60,1,0.23,30,0
917,16,3,22,8,3,6,10,22,4,90,0,0.53,15,0
821,18,1,11,9,1,3,5,14,3,60,1,0.13,15,0
1057,11,3,5,22,4,2,10,16,4,90,0,0.15,10,0
1591,14,2,2,25,5,3,10,20,1,120,0,0.57,15,0
1066,19,1,21,15,4,4,10,22,2,60,1,0.3,15,0
1589,10,2,16,6,2,5,9,20,4,120,1,0.1,20,0
1540,6,1,16,14,5,3,10,8,6,90,0,0.1,15,0
1235,15,3,19,8,2,0,4,22,3,90,1,0.88,20,0
1518,6,2,28,14,3,5,10,10,6,90,1,0.2,20,0
1198,13,2,17,16,5,0,10,10,1,60,1,0.81,30,0
1459,8,2,30,12,0,4,4,16,3,120,1,0.82,15,1
1061,15,3,5,13,3,7,10,14,1,120,0,0.57,10,0
1536,6,1,25,21,2,4,8,16,2,90,0,0.63,20,0
957,10,3,13,8,3,4,10,8,0,120,0,0.37,10,0
1215,7,3,9,12,2,7,10,8,6,120,1,0.63,30,0
1360,14,3,13,25,0,5,5,22,1,60,0,0.13,30,0
1467,8,3,7,8,5,0,10,20,4,60,0,0.26,15,0
1010,14,3,11,23,0,6,6,14,6,60,1,0.24,10,0
1195,19,3,24,29,0,4,4,18,3,120,0,0.94,30,0
985,9,2,14,18,5,6,10,14,3,120,0,0.93,20,0
1311,14,2,30,18,4,1,9,8,1,90,1,0.4,30,0
1486,6,3,6,20,1,3,5,8,3,60,1,0.12,15,1
1017,13,2,16,15,2,6,10,20,0,120,1,0.14,15,0
1453,10,3,23,14,4,5,10,18,2,60,0,0.52,15,0
1006,12,2,12,15,5,5,10,22,2,60,0,0.86,20,0
1498,9,2,16,11,5,4,10,14,0,60,1,0.45,20,0
1314,9,1,6,28,3,5,10,22,4,90,1,0.35,20,0
886,8,1,6,5,5,1,10,14,6,60,0,0.45,15,0
1403,7,3,8,12,3,1,7,14,3,90,1,0.97,15,0
1087,12,3,28,7,5,2,10,18,6,120,0,0.55,15,0
1197,14,1,7,21,3,5,10,10,4,60,1,0.48,20,0
1099,20,3,0,2,3,2,8,16,1,90,0,0.7,30,0
1547,9,3,2,27,5,1,10,10,3,90,1,0.62,30,0
1496,8,2,7,4,5,4,10,14,5,120,1,0.58,30,0
1256,17,3,13,3,5,6,10,22,0,90,0,0.21,10,0
1475,20,2,22,5,5,1,10,22,4,90,0,0.25,20,0
1195,13,3,3,24,0,6,6,20,4,60,1,0.06,15,1
1523,7,2,16,25,4,0,8,16,0,120,0,0.38,20,0
1508,16,2,28,9,3,4,10,16,0,60,0,0.53,10,0
1335,16,1,0,4,3,2,8,20,3,120,1,0.61,15,0
1416,11,1,23,25,1,2,4,8,6,60,0,0.53,20,0
1043,7,3,7,23,1,0,2,14,3,120,0,0.2,15,0
1086,20,1,19,7,5,6,10,10,3,90,1,0.44,15,0
1262,6,2,1,25,2,2,6,20,2,90,0,0.17,20,0
1307,7,2,13,30,4,7,10,22,6,60,0,0.22,20,0
1061,11,2,1,5,1,7,9,10,5,60,1,0.16,15,0
875,16,3,0,3,4,4,10,10,4,120,1,0.83,15,0
1241,9,3,3,23,2,2,6,10,6,120,0,0.83,20,0
1462,15,2,15,12,1,0,2,8,1,90,1,0.75,30,1
1183,16,3,22,16,5,4,10,8,0,90,0,0.97,30,0
1192,20,2,2,18,5,1,10,8,4,60,1,0.52,15,0
1251,20,3,3,12,0,7,7,20,1,120,0,0.37,10,0
1116,15,2,29,0,3,3,9,16,5,60,1,0.59,30,0
1532,18,3,24,5,0,4,4,22,0,60,1,0.31,15,0
1164,17,2,3,8,4,3,10,8,2,120,0,0.86,20,0
1074,11,3,13,12,3,3,9,18,2,120,0,0.89,30,0
1304,6,1,2,4,3,2,8,16,0,60,1,0.96,20,0
900,18,2,17,15,0,2,2,14,4,60,0,0.03,30,0
1383,7,2,30,11,3,6,10,16,6,90,1,0.75,20,0
1586,20,1,17,3,0,5,5,18,2,120,1,0.77,30,1
960,7,1,3,3,4,6,10,10,0,120,1,0.37,30,0
897,18,1,21,26,4,4,10,18,3,90,0,0.33,15,0
926,11,1,12,16,4,4,10,20,3,90,0,0.48,15,0
915,16,2,7,1,3,2,8,16,2,120,0,0.15,15,0
1561,8,1,2,23,5,4,10,14,5,60,1,0.83,20,0
1465,7,1,23,24,2,4,8,10,3,120,1,0.95,20,0
1468,10,3,21,19,0,2,2,14,3,120,1,0.24,15,1
810,15,3,4,12,2,4,8,18,3,90,0,0.08,10,0
1110,18,2,24,27,2,7,10,22,1,120,0,0.17,30,0
1408,11,3,26,10,4,1,9,14,6,120,1,0.22,15,0
1421,18,1,22,27,3,5,10,10,0,60,0,0.26,10,0
1266,20,3,26,13,5,6,10,16,0,90,0,0.39,30,0
852,11,2,16,0,3,6,10,14,5,60,0,0.16,10,0
1549,20,3,24,29,4,6,10,22,2,60,0,0.42,20,0
1172,12,1,29,11,2,2,6,10,3,90,0,0.96,15,0
838,10,2,2,29,3,7,10,20,1,120,1,0.58,20,0
1149,9,2,20,4,5,5,10,16,5,120,0,0.03,15,0
1185,15,1,30,22,3,2,8,18,6,120,1,0.34,30,1
1164,16,1,13,5,4,5,10,20,6,120,0,0.21,15,0
1560,18,3,30,15,2,0,4,22,1,120,0,0.0,30,0
1071,9,2,30,28,2,6,10,16,3,60,0,0.34,30,0
1358,9,1,9,1,4,2,10,8,4,60,0,0.12,10,0
1174,7,3,8,15,2,2,6,22,4,120,0,0.04,10,0
1219,9,3,7,29,4,2,10,8,0,60,1,0.48,30,0
1581,6,1,6,8,1,1,3,14,3,90,1,0.35,10,1
886,20,1,8,26,1,6,8,22,0,120,1,0.01,30,0
1521,16,1,6,2,1,1,3,14,1,90,1,0.21,15,1
1140,19,2,23,7,1,7,9,20,1,120,1,0.73,15,0
1472,12,2,14,11,0,3,3,8,2,60,0,0.22,10,0
1563,13,2,14,4,0,0,0,8,6,90,0,0.14,15,0
1042,17,2,4,22,5,0,10,10,0,120,1,0.64,15,0
1088,13,2,2,21,1,7,9,14,5,90,0,0.4,20,0
981,19,2,18,30,4,4,10,14,0,120,0,0.47,30,0
1234,15,3,18,25,2,6,10,8,4,60,1,0.5,10,0
909,6,1,8,5,1,0,2,10,0,90,1,0.77,30,1
1140,19,2,8,6,2,2,6,22,4,90,1,0.24,30,1
1550,12,2,4,4,5,3,10,22,2,60,1,0.26,15,0
1379,13,1,3,24,3,1,7,8,5,120,1,0.2,15,0
1469,7,2,25,21,1,4,6,10,4,120,0,0.63,20,0
1001,18,2,4,13,1,0,2,8,2,90,1,0.58,10,0
1578,15,3,0,10,5,6,10,18,0,60,1,0.07,10,0
1282,12,3,7,17,2,1,5,10,5,60,1,0.11,10,0
916,19,1,13,19,5,7,10,18,1,120,0,0.83,10,0
1424,18,1,3,23,2,5,9,10,2,90,1,0.6,30,0
1245,13,2,24,29,4,5,10,14,2,60,0,0.2,30,0
852,11,3,16,18,2,3,7,16,3,90,1,0.96,30,0
1258,12,3,4,7,0,5,5,8,1,60,1,0.81,10,0
854,6,3,1,2,0,2,2,14,1,60,1,0.54,15,1
1424,12,1,29,21,1,1,3,16,6,90,1,0.22,10,1
860,16,2,23,28,0,4,4,16,4,60,0,0.58,15,0
1167,10,2,27,24,5,3,10,8,3,60,0,0.46,15,0
1505,8,1,1,13,2,1,5,16,6,90,0,0.29,10,0
888,13,1,27,25,5,3,10,18,6,120,1,0.54,10,0
1296,10,2,24,18,5,1,10,14,2,60,1,0.85,10,0
1482,9,1,18,7,5,4,10,20,0,60,1,0.83,10,0
1347,19,3,20,20,0,1,1,16,3,90,1,0.98,30,1
1416,18,3,20,28,2,4,8,8,2,120,0,0.29,30,0
1008,11,3,10,28,2,2,6,10,5,60,0,0.93,20,0
932,11,1,28,5,2,2,6,20,1,60,0,0.05,10,0
1210,14,2,25,0,0,5,5,8,6,120,0,0.81,10,0
908,14,2,29,20,1,0,2,10,5,120,1,0.08,20,1
1056,8,3,3,2,4,7,10,10,3,120,0,0.47,30,0
960,12,2,18,28,2,0,4,22,6,120,0,0.4,20,0
1193,9,1,15,20,0,4,4,14,0,60,1,0.42,15,1
831,17,1,11,5,5,3,10,10,4,90,1,0.24,30,0
1031,17,1,8,24,4,1,9,14,6,60,1,0.76,30,0
1090,11,1,25,26,3,6,10,14,0,120,1,0.49,30,0
1275,18,2,15,3,5,4,10,22,6,60,0,0.47,15,0
1084,10,3,3,2,4,2,10,16,1,60,0,0.5,15,0
1208,19,2,26,19,2,6,10,22,5,90,1,0.48,20,0
1490,20,2,30,1,4,2,10,16,6,60,1,0.12,10,0
1538,13,1,13,27,5,1,10,22,1,60,1,0.61,10,0
1198,15,1,15,26,0,0,0,10,2,120,0,0.68,20,0
1414,14,3,9,14,4,5,10,8,5,90,0,0.11,20,0
1364,12,1,16,11,5,3,10,10,5,60,0,0.88,10,0
1394,20,1,12,9,5,4,10,16,3,120,1,0.39,15,0
1416,8,2,1,12,2,4,8,10,0,60,0,0.16,20,0
1047,9,1,17,30,0,3,3,22,6,120,0,0.26,20,0
1543,20,1,10,9,5,6,10,16,1,120,1,0.52,15,0
913,19,2,30,13,5,2,10,20,1,90,1,0.81,30,0
1517,6,2,16,16,2,7,10,16,4,90,0,0.69,20,0
1037,11,1,27,2,0,2,2,22,4,90,1,0.41,30,1
1550,15,1,4,26,3,0,6,18,5,60,1,0.87,10,0
1539,6,2,22,8,0,7,7,14,6,90,1,0.74,30,0
1379,12,3,3,3,1,6,8,18,1,60,0,0.16,30,0
1099,8,3,4,24,2,7,10,16,4,120,0,0.75,30,0
1226,16,2,15,25,0,7,7,14,0,90,0,0.49,10,0
1590,18,2,7,17,2,5,9,10,6,90,1,0.86,20,0
908,10,1,24,20,0,7,7,16,5,120,0,0.89,10,0
1534,9,3,13,3,4,5,10,16,5,60,0,0.09,30,0
901,7,2,20,10,0,6,6,22,3,60,1,0.7,30,0
1163,20,3,12,3,3,3,9,14,0,60,0,0.15,10,0
1067,8,1,6,11,2,0,4,20,5,60,1,0.61,10,1
1403,18,1,21,9,2,7,10,18,2,60,0,0.75,30,0
1434,19,2,2,23,0,3,3,10,1,120,0,0.27,20,0
912,6,3,29,29,1,6,8,22,0,120,1,0.53,15,0
817,7,3,28,11,3,5,10,22,6,90,1,0.21,20,0
963,12,1,20,11,3,0,6,20,6,60,1,0.94,15,0
1471,14,3,4,28,2,4,8,16,3,120,0,0.07,15,0
1444,7,1,21,6,3,3,9,8,2,120,0,0.78,30,0
997,16,2,18,3,0,5,5,22,6,60,1,0.19,15,0
984,17,3,30,18,3,2,8,16,5,90,0,0.29,30,0
1362,7,2,21,30,2,3,7,8,0,60,0,0.18,15,0
1587,16,3,12,0,3,5,10,22,5,60,0,0.25,15,0
1553,17,1,20,8,2,2,6,20,2,90,0,0.29,10,0
1379,14,2,29,12,1,6,8,10,3,120,1,0.41,30,0
1465,7,1,3,26,1,6,8,10,5,60,0,0.94,30,0
1352,20,2,9,27,5,3,10,14,2,90,1,0.15,30,0
1493,17,3,28,22,2,2,6,20,1,120,1,0.22,30,1
1000,17,2,18,4,5,3,10,8,5,60,0,0.79,30,0
1358,14,2,17,30,1,2,4,22,6,60,1,0.23,15,1
1005,12,2,26,9,3,0,6,20,5,120,0,0.08,15,0
1054,11,1,5,30,0,3,3,14,0,60,1,0.53,20,1
1427,18,3,23,1,1,7,9,22,5,60,1,0.45,30,0
830,20,3,20,13,4,4,10,10,0,90,0,0.14,15,0
1329,13,1,0,10,1,0,2,10,5,60,1,0.34,15,1
1435,9,3,7,24,0,2,2,8,3,120,0,0.22,20,0
1001,8,1,16,16,4,4,10,14,3,120,1,0.49,30,0
1251,6,2,0,0,3,6,10,20,6,60,1,0.22,20,0
1490,16,1,0,29,5,0,10,16,6,90,0,0.24,30,0
1301,16,3,20,29,3,5,10,22,2,60,1,0.19,20,0
838,15,2,14,18,2,5,9,18,1,90,0,0.28,15,0
1095,19,1,3,16,0,2,2,8,5,120,0,0.02,15,0
1128,12,2,29,28,5,6,10,20,1,60,1,0.67,20,0
1063,9,3,21,13,0,7,7,22,1,60,0,0.12,30,0
1037,20,3,24,11,4,1,9,8,4,120,1,0.09,20,0
1356,9,1,5,15,4,3,10,8,3,120,0,0.04,30,0
1210,11,1,7,11,3,7,10,10,1,90,0,1.0,15,0
1437,14,3,18,5,2,0,4,18,0,60,0,0.74,30,0
815,15,1,28,9,2,3,7,8,4,120,1,0.35,15,0
896,17,2,10,7,5,0,10,14,5,90,1,0.38,20,0
833,19,3,20,1,5,0,10,16,1,90,0,0.03,20,0
854,18,1,20,5,1,6,8,16,3,90,0,0.45,15,0
847,18,2,7,12,3,1,7,16,0,120,1,0.86,20,0
1192,11,1,18,28,4,0,8,14,6,60,1,0.71,30,0
1369,17,1,1,12,0,7,7,22,2,90,1,0.52,30,0
1583,20,3,6,12,3,0,6,16,1,90,0,0.19,15,0
1108,16,2,20,10,1,7,9,16,0,90,1,0.33,30,0
952,8,3,5,6,3,5,10,20,1,90,1,0.61,20,0
1337,14,2,0,13,2,4,8,18,0,120,0,0.16,15,0
1544,9,2,22,22,2,5,9,22,4,90,1,0.76,30,0
1195,6,1,14,28,1,1,3,18,4,60,0,0.57,15,0
1429,12,1,27,30,0,6,6,14,5,90,1,0.5,15,1
1497,16,1,27,14,2,7,10,20,3,120,0,0.11,15,0
1441,7,3,27,29,0,5,5,18,3,120,0,0.32,15,0
1320,17,3,5,11,2,3,7,14,6,90,0,0.63,20,0
833,6,2,8,26,0,2,2,14,1,60,1,0.36,20,1
1267,16,2,20,16,0,6,6,10,3,60,1,0.15,30,1
1308,7,2,26,17,2,5,9,20,6,90,0,0.62,20,0
1093,10,2,15,4,2,3,7,10,2,90,1,0.52,20,0
1074,18,1,7,28,4,0,8,22,5,60,1,0.57,20,0
959,12,3,15,30,1,6,8,18,4,60,1,0.13,30,1
875,9,2,25,26,0,3,3,22,1,90,1,0.67,15,1
1472,15,3,8,5,3,5,10,14,3,60,1,0.82,30,0
952,6,1,30,19,4,2,10,14,4,120,0,0.26,30,0
1100,14,3,11,2,5,3,10,18,1,60,0,0.46,15,0
1364,12,1,4,14,3,3,9,8,2,90,1,0.7,10,0
1233,7,3,21,23,0,5,5,18,0,60,0,0.96,30,0
1539,15,2,8,7,0,1,1,8,2,60,0,0.51,10,0
947,6,3,0,24,4,0,8,20,4,120,0,0.47,20,0
1382,20,2,0,5,5,6,10,10,2,120,0,0.95,10,0
1271,13,2,1,3,1,6,8,10,5,90,1,0.13,20,0
1359,18,2,10,1,5,7,10,10,3,60,1,0.12,20,0
801,13,1,10,4,2,0,4,20,4,60,1,0.09,20,1
899,18,2,7,11,1,3,5,20,4,90,1,0.48,10,0
1050,17,3,20,23,2,1,5,16,5,90,1,0.1,20,1
984,16,3,25,14,3,3,9,18,1,90,1,0.45,20,0
1009,8,1,19,25,0,0,0,16,0,120,1,0.55,20,1
1291,7,3,17,20,2,0,4,16,3,60,1,0.59,15,1
1499,11,1,26,13,1,7,9,20,5,60,1,0.05,20,0
1092,6,2,20,8,2,4,8,14,2,60,1,0.19,15,1
1003,16,1,4,30,4,4,10,8,1,120,1,0.75,20,0
1551,16,1,10,9,3,4,10,18,4,90,1,0.71,15,0
893,16,3,15,15,3,2,8,20,1,120,1,0.64,10,0
1170,14,1,21,2,5,1,10,22,1,90,1,0.06,30,0
860,15,2,14,23,0,4,4,16,6,60,0,0.66,10,0
880,14,2,21,21,4,6,10,22,5,60,0,0.0,20,0
819,7,1,5,20,5,6,10,20,2,60,0,0.33,20,0
1597,6,3,15,23,0,7,7,18,5,90,1,0.31,20,1
1104,11,1,30,24,0,7,7,8,6,90,1,0.9,15,0
1099,16,3,9,27,5,6,10,20,4,60,1,0.44,30,0
1171,10,2,30,22,0,3,3,8,3,120,0,0.38,10,0
988,17,2,21,18,5,4,10,18,2,120,1,0.29,15,0
1509,16,2,11,13,5,3,10,14,3,90,1,0.54,20,0
1020,6,2,29,5,0,6,6,20,3,60,0,0.99,30,0
1030,9,3,16,12,1,1,3,8,0,90,1,0.41,10,1
1151,9,2,8,8,2,7,10,8,5,60,0,0.67,15,0
813,11,1,5,4,2,2,6,10,2,120,0,0.24,10,0
1472,20,2,13,21,5,2,10,16,5,60,0,0.97,15,0
1597,6,2,0,12,3,2,8,8,5,60,0,0.46,10,0
1192,18,3,3,2,5,0,10,20,4,120,1,0.55,30,0
812,17,1,30,30,4,5,10,10,0,60,0,0.64,20,0
1421,8,3,2,8,3,5,10,22,2,120,0,0.42,15,0
1412,15,2,29,14,0,3,3,8,1,60,0,0.63,15,0
1078,6,3,24,28,4,5,10,20,0,90,0,0.09,20,0
1391,7,1,25,24,5,4,10,14,0,90,1,0.2,10,0
1533,14,2,18,23,4,6,10,16,3,90,0,0.29,20,0
981,14,1,21,17,2,7,10,22,2,60,0,0.31,30,0
1331,13,1,20,28,1,1,3,14,4,60,1,0.38,15,1
1439,16,2,12,7,3,7,10,16,1,90,0,0.14,15,0
1221,16,2,19,29,4,6,10,18,1,60,1,0.72,30,0
1252,8,3,1,18,0,1,1,8,4,60,0,0.71,30,0
1099,9,3,18,5,5,4,10,18,1,60,0,0.73,10,0
807,14,2,16,14,0,4,4,14,5,120,1,0.88,30,0
1481,12,1,7,22,1,7,9,14,3,120,0,0.65,15,0
831,18,1,2,11,4,4,10,22,6,60,1,0.41,20,0
952,18,3,7,17,1,1,3,22,0,90,0,0.28,10,0
1573,19,1,10,18,4,0,8,20,6,120,1,0.19,20,1
1462,16,2,24,14,4,4,10,8,0,120,1,0.49,15,0
1408,18,2,2,7,0,6,6,20,6,90,1,0.47,10,0
977,20,2,15,11,4,2,10,20,6,60,1,0.8,10,0
1241,20,3,23,1,4,7,10,16,3,120,1,0.84,20,0
1488,16,2,16,12,3,2,8,18,4,120,0,0.52,20,0
1518,14,3,24,27,1,6,8,22,4,60,1,0.22,15,0
1121,15,2,2,1,4,0,8,18,1,120,1,0.49,20,1
1130,19,2,18,19,5,3,10,20,4,120,1,0.98,15,0
1041,6,3,23,18,1,3,5,14,1,60,1,0.1,10,1
1381,7,3,22,28,5,7,10,20,6,90,0,0.21,30,0
1007,17,3,22,18,5,3,10,8,5,120,0,0.49,20,0
1541,7,1,15,15,4,1,9,20,2,120,1,0.71,15,0
863,15,3,28,30,2,2,6,8,1,90,0,0.18,15,0
1388,18,2,3,4,2,1,5,8,1,60,1,0.46,10,0
1355,12,1,23,16,4,0,8,16,5,120,1,0.46,20,0
1353,14,2,20,13,0,5,5,22,6,120,1,0.36,10,0
1120,15,2,10,24,0,1,1,16,3,90,1,0.51,20,1
1448,15,2,24,21,4,7,10,18,5,60,1,0.51,15,0
1321,13,3,27,20,4,7,10,14,3,90,0,0.66,10,0
1308,7,3,17,18,2,0,4,14,3,90,1,0.26,30,1
1271,19,1,24,18,3,1,7,14,0,60,0,0.36,20,0
1202,13,2,12,21,1,5,7,14,1,120,1,0.84,15,0
1491,19,3,29,15,4,7,10,14,6,90,0,0.15,30,0
1069,9,2,7,9,3,1,7,22,5,60,1,0.69,10,0
1457,11,1,21,3,1,4,6,16,1,90,0,0.1,30,0
863,16,2,30,5,5,4,10,18,4,60,0,0.48,10,0
802,7,1,6,16,0,5,5,18,0,60,1,0.42,20,1
1094,17,3,2,3,3,1,7,16,6,60,0,0.18,15,0
1296,19,3,21,11,4,6,10,8,1,90,1,0.06,20,0
990,6,2,23,16,0,2,2,16,5,90,0,0.83,15,0
1175,13,1,10,3,4,1,9,14,5,90,0,0.24,10,0
1560,15,1,28,15,5,2,10,18,0,90,0,0.37,10,0
838,16,1,13,20,2,1,5,20,4,90,0,0.73,15,0
1586,17,3,6,5,0,2,2,10,3,120,1,0.25,10,1
1098,8,3,2,20,0,7,7,16,5,60,1,0.69,20,1
1559,15,2,8,0,4,0,8,16,0,90,0,0.28,10,0
1182,6,2,29,14,5,4,10,14,6,120,0,0.01,20,0
810,15,3,27,25,1,0,2,16,6,120,1,0.9,30,1
1181,8,2,14,28,5,6,10,10,0,60,0,0.8,15,0
1192,12,3,21,28,0,2,2,16,6,90,1,0.28,10,1
1336,13,2,4,14,2,6,10,8,5,120,0,0.89,20,0
1069,17,2,7,15,3,6,10,18,4,90,0,0.62,10,0
978,7,2,25,27,5,4,10,16,3,90,0,0.66,20,0
1276,16,2,23,30,3,0,6,10,1,90,0,0.43,20,0
1541,14,2,30,20,3,6,10,14,3,90,0,0.4,30,0
1596,10,1,26,24,2,1,5,10,2,90,1,0.38,20,1
1054,11,3,18,6,4,0,8,20,1,90,1,0.93,10,0
1087,9,2,17,22,4,4,10,10,0,90,1,0.04,30,0
1333,16,1,12,4,3,7,10,14,5,90,1,0.77,15,0
1197,9,3,3,16,1,4,6,10,6,90,0,0.74,20,0
949,12,3,2,2,2,3,7,20,6,60,1,0.17,20,1
1182,8,3,19,1,3,0,6,16,4,90,0,0.33,15,0
1275,9,2,26,0,0,5,5,14,0,90,0,0.6,15,0
1578,7,3,4,0,4,1,9,22,1,120,0,0.33,20,0
1195,20,2,8,4,1,6,8,18,2,90,1,0.44,20,1
1291,19,2,18,12,2,5,9,20,0,60,1,0.77,15,0
1544,14,2,6,15,3,3,9,16,4,90,1,0.51,30,0
1008,17,2,5,14,4,4,10,8,4,120,1,0.8,10,0
1424,20,1,17,6,3,2,8,22,6,90,1,0.29,20,0
1174,9,3,14,28,1,7,9,16,4,120,1,0.55,15,0
1047,16,2,30,29,1,6,8,8,6,120,1,0.99,30,0
1364,7,2,12,27,1,7,9,8,3,120,0,0.85,20,0
825,20,2,25,3,4,2,10,8,6,120,0,0.53,15,0
1058,18,1,14,26,3,7,10,18,5,60,0,0.47,30,0
872,17,3,21,5,1,3,5,18,0,120,0,0.52,20,0
1208,18,1,19,20,4,0,8,14,5,120,0,0.97,15,0
1547,12,2,9,5,3,7,10,14,6,120,0,0.07,20,0
1455,8,1,18,18,2,7,10,10,0,90,0,0.08,10,0
972,7,1,17,21,0,3,3,14,2,120,0,0.66,30,0
1538,9,1,30,21,0,6,6,14,1,90,0,0.8,20,0
971,13,2,25,10,3,3,9,20,3,90,1,0.04,15,0
1087,12,1,8,11,2,5,9,16,2,60,1,0.43,15,0
1417,14,3,12,10,4,5,10,20,1,60,1,0.3,10,0
985,11,2,14,19,0,1,1,18,5,120,0,0.44,10,0
1350,16,2,27,8,5,0,10,10,5,90,1,0.84,10,0
1242,11,1,17,10,4,5,10,20,4,90,0,0.56,20,0
1524,11,1,15,7,5,1,10,18,1,120,1,0.19,15,0
1452,10,2,25,8,1,1,3,8,3,90,1,0.42,10,1
1503,12,1,12,7,1,1,3,20,1,90,1,0.46,20,1
951,11,1,20,3,1,4,6,8,0,60,0,0.49,20,0
1316,13,1,19,4,3,6,10,8,4,120,0,0.44,30,0
1125,18,3,16,16,3,4,10,10,1,60,0,0.14,15,0
1221,13,2,13,21,4,7,10,10,0,90,0,0.46,10,0
1066,6,1,29,5,3,4,10,22,0,60,1,0.9,30,0
1467,16,3,10,30,2,6,10,22,1,60,0,0.35,10,0
1035,8,1,12,27,2,2,6,22,0,120,1,0.65,15,0
1090,6,3,12,8,4,7,10,16,2,90,1,0.23,10,1
920,13,1,28,5,2,1,5,20,4,60,0,0.6,30,0
1565,12,3,19,20,5,1,10,18,3,60,1,0.23,15,0
1321,16,2,27,5,0,6,6,16,3,60,1,0.7,10,0
1408,8,3,2,2,0,1,1,18,1,120,0,0.61,20,0
991,20,1,21,16,4,6,10,22,3,60,1,0.14,20,0
1113,20,2,1,20,4,6,10,16,3,60,1,0.54,10,0
1448,7,1,14,7,3,6,10,14,4,60,0,0.25,30,0
1506,14,3,26,27,4,2,10,22,4,90,0,0.53,20,0
1206,9,1,19,7,4,0,8,14,4,120,0,0.13,10,0
1099,15,1,23,25,1,4,6,10,4,120,0,0.96,10,0
1377,16,2,9,2,1,4,6,16,1,60,1,0.15,20,1
1477,8,2,2,23,3,4,10,14,2,120,1,0.84,30,0
1332,16,3,27,5,2,4,8,14,1,90,1,0.51,20,0
1147,9,3,26,16,1,3,5,14,1,60,1,0.23,10,1
1073,7,2,17,16,0,0,0,14,5,60,1,0.58,20,1
1016,20,3,18,9,3,2,8,18,4,90,1,0.35,30,1
1599,10,1,24,20,4,0,8,8,5,90,0,0.2,15,0
1433,9,3,4,18,0,0,0,20,3,60,0,0.2,30,0
832,16,1,3,6,4,1,9,16,6,90,0,0.9,15,0
1583,11,3,20,24,5,1,10,18,6,60,1,0.77,20,0
1329,13,2,3,24,4,6,10,20,2,60,0,0.51,15,0
1145,14,3,2,21,4,2,10,10,1,90,0,0.52,20,0
1351,10,1,26,10,3,0,6,16,4,90,1,0.77,15,1
1116,16,3,23,19,5,2,10,22,1,60,1,0.52,30,0
1203,16,2,9,8,1,1,3,14,0,120,0,0.58,30,0
1196,19,2,12,12,5,6,10,14,0,60,1,0.47,15,0
1226,17,3,30,5,4,3,10,20,6,60,1,0.78,15,0
1595,18,2,1,20,5,6,10,14,5,120,1,0.61,30,0
935,13,2,29,18,0,2,2,22,1,120,1,0.26,10,0
1407,14,3,30,27,1,7,9,18,3,120,1,0.27,20,1
820,15,1,5,25,1,0,2,22,5,90,0,0.42,10,0
1108,7,3,9,27,2,2,6,22,6,120,0,0.03,20,0
1034,17,2,15,7,4,2,10,20,2,60,1,0.64,15,0
1404,8,1,16,13,1,5,7,18,2,60,1,0.6,20,1
1323,18,2,2,28,1,5,7,10,4,90,1,0.27,10,0
1090,12,2,9,28,0,1,1,18,0,120,1,0.39,30,1
914,11,3,6,9,5,4,10,20,5,60,1,0.24,30,0
929,20,3,6,28,2,6,10,16,3,120,1,0.04,30,1
882,10,1,22,22,5,7,10,18,5,60,1,0.19,20,0
1316,12,1,7,6,5,7,10,22,0,90,0,0.43,10,0
1511,8,3,23,29,4,2,10,22,0,90,1,0.48,30,0
1424,11,2,29,8,5,4,10,20,3,120,0,0.83,30,0
824,18,2,7,11,3,6,10,8,3,120,1,0.95,20,0
912,18,2,6,13,2,0,4,14,4,60,1,0.62,10,0
1174,10,1,10,23,0,7,7,8,2,120,1,0.47,30,0
1404,8,3,19,12,0,3,3,8,1,90,0,0.05,10,0
860,20,2,10,12,5,2,10,14,1,90,1,0.04,20,0
1407,20,3,15,1,1,0,2,18,2,120,0,0.44,15,0
1073,12,2,21,26,5,6,10,14,0,60,0,0.09,20,0
1001,9,2,6,1,4,5,10,16,4,90,1,0.78,10,0
1050,14,3,15,1,1,0,2,22,2,120,0,0.99,15,0
1036,14,3,28,22,4,1,9,20,1,120,0,0.83,10,0
1099,15,2,0,7,1,4,6,18,5,120,0,0.05,30,0
1566,8,3,11,23,3,1,7,10,0,120,1,0.21,15,0
978,18,3,2,25,3,4,10,8,3,90,1,0.89,30,0
908,12,2,6,28,1,2,4,16,6,120,0,0.7,20,0
1117,14,2,3,30,0,3,3,20,5,60,0,0.82,15,0
950,15,2,25,18,5,2,10,20,3,120,0,0.62,10,0
1151,11,1,30,19,1,5,7,8,6,120,0,0.49,20,0
1220,13,3,10,3,3,3,9,14,4,60,1,0.14,30,0
1510,17,1,27,3,0,0,0,18,2,90,0,0.21,20,0
1425,6,1,16,0,4,5,10,16,3,60,1,0.15,30,0
901,13,1,20,18,1,1,3,20,2,60,1,0.63,20,1
822,12,2,2,21,1,3,5,16,3,120,1,0.18,30,1
1507,10,1,11,30,0,1,1,10,5,120,0,0.9,10,0
1517,12,1,8,9,0,4,4,10,5,90,0,0.54,30,0
1460,14,1,14,5,3,0,6,14,2,90,0,0.94,10,0
828,17,1,8,19,1,0,2,8,4,120,0,0.71,30,0
1222,6,2,26,11,3,0,6,18,4,90,0,0.69,30,0
900,6,2,19,28,5,0,10,10,4,60,0,0.97,10,0
899,15,2,3,10,4,1,9,18,2,90,1,0.57,20,0
863,12,1,15,23,4,5,10,22,6,120,0,0.33,30,0
1196,15,2,5,25,0,0,0,16,5,90,1,0.23,15,1
1580,10,2,6,8,2,0,4,14,0,60,0,0.18,15,0
1071,18,1,26,22,1,3,5,14,2,120,0,0.57,30,0
1366,13,1,28,21,2,0,4,10,2,120,0,0.32,15,0
1140,10,3,11,28,4,7,10,16,0,60,1,0.29,30,0
1382,14,2,29,18,5,2,10,10,2,120,1,0.36,15,0
929,15,1,17,21,4,6,10,16,4,120,0,0.77,10,0
965,11,3,2,30,3,0,6,14,6,90,1,0.37,20,1
1207,11,2,27,23,4,6,10,16,6,120,1,0.51,20,0
1384,20,1,8,18,5,2,10,8,4,90,0,0.26,10,0
1110,17,1,9,18,1,5,7,22,0,60,0,0.91,10,0
1391,12,2,2,16,3,3,9,16,3,60,1,0.97,30,0
1387,9,2,25,9,4,3,10,8,3,60,0,0.83,10,0
1598,10,3,3,5,2,1,5,10,5,120,0,0.27,20,0
1279,14,1,3,12,4,7,10,18,6,120,0,0.17,10,0
1588,13,2,4,25,3,5,10,18,1,120,0,0.66,10,0
1236,17,2,27,21,1,0,2,14,6,60,0,1.0,30,0
954,8,1,8,19,5,4,10,8,3,120,0,0.35,10,0
824,16,2,17,26,3,7,10,22,6,60,0,0.23,10,0
1087,19,1,21,11,5,5,10,22,2,60,0,0.13,30,0
1311,18,1,12,28,1,2,4,22,2,60,0,0.17,10,0
1296,8,2,2,16,0,4,4,22,6,90,1,0.92,15,0
1430,14,1,26,16,5,0,10,10,2,90,0,0.84,15,0
1033,17,2,12,5,4,6,10,22,2,90,0,0.94,20,0
1519,19,1,29,8,5,4,10,8,3,90,1,0.25,20,0
1078,17,3,15,23,4,3,10,10,3,120,0,0.26,10,0
1112,10,1,1,2,2,3,7,18,3,90,0,0.78,30,0
1111,13,2,9,7,4,0,8,14,3,90,1,0.35,15,1
995,16,1,7,13,5,4,10,20,5,60,0,0.61,30,0
803,9,1,11,30,0,1,1,20,0,90,0,0.1,20,0
896,12,3,26,14,4,1,9,16,4,90,1,0.47,10,0
1358,7,2,30,4,1,2,4,10,0,90,1,0.52,30,0
1110,8,1,25,26,1,1,3,10,4,60,0,0.82,20,0
1103,11,2,25,29,4,4,10,10,6,90,0,0.13,30,0
1116,15,2,27,22,5,1,10,22,0,120,1,0.08,15,0
918,13,3,3,24,4,1,9,22,2,60,0,0.7,20,0
875,18,3,17,2,4,4,10,16,4,90,0,0.11,10,0
1012,11,1,1,13,4,2,10,14,3,90,0,0.21,30,0
1150,17,3,17,26,4,6,10,20,3,120,0,0.11,10,0
889,7,2,5,15,2,7,10,18,4,120,1,1.0,30,0
1205,17,1,21,22,1,4,6,18,1,120,0,0.54,10,0
1357,11,2,29,8,2,3,7,8,2,120,0,0.36,30,0
861,14,2,5,10,3,5,10,14,0,90,1,0.79,10,0
1460,6,2,27,28,2,2,6,22,2,60,1,0.94,20,0
1370,7,3,5,16,5,5,10,20,2,90,1,0.23,20,1
1550,17,3,18,14,1,2,4,16,3,120,1,0.84,15,0
835,8,2,24,18,2,5,9,14,3,60,0,0.16,20,0
1166,6,3,18,25,3,5,10,10,1,90,0,0.3,20,0
1548,8,1,20,19,5,6,10,10,2,90,1,1.0,15,0
1140,20,1,8,27,0,3,3,20,5,60,1,0.59,30,1
1185,12,2,8,13,4,1,9,18,6,90,1,0.2,30,0
1029,8,3,16,16,5,6,10,10,2,120,1,0.13,10,0
981,9,2,4,30,2,4,8,10,1,120,0,0.92,30,0
928,10,2,0,2,2,7,10,10,5,60,0,0.97,20,0
1389,9,3,0,9,2,1,5,18,0,90,0,0.77,20,0
1471,15,2,21,17,0,3,3,14,3,120,0,0.54,30,0
946,19,2,16,29,3,2,8,10,4,120,1,0.46,20,0
972,18,1,2,13,1,1,3,14,4,120,0,0.71,10,0
837,12,2,7,21,4,1,9,16,3,120,1,0.79,30,0
1289,13,3,19,22,2,5,9,8,0,60,1,0.76,20,0
1258,7,2,24,8,3,0,6,10,2,60,1,0.13,20,1
1268,19,3,27,18,5,3,10,20,4,90,1,0.12,30,1
1287,20,2,10,27,2,4,8,18,2,120,0,0.22,10,0
1427,19,1,8,7,1,1,3,18,3,90,0,0.33,10,0
969,8,2,14,16,1,4,6,20,2,60,1,0.45,30,1
1249,10,2,29,3,3,5,10,22,3,120,1,0.05,30,0
1272,14,2,0,30,3,7,10,14,1,60,1,0.9,30,0
1255,9,3,17,11,1,6,8,8,4,60,0,0.03,10,0
1281,10,3,12,23,1,2,4,16,2,60,1,0.11,15,1
1064,8,1,24,8,3,6,10,14,6,60,0,0.72,15,0
1583,8,2,2,11,5,7,10,16,4,90,0,0.29,20,0
929,8,2,8,3,3,0,6,18,6,120,1,0.77,20,1
1003,17,1,7,22,3,5,10,10,6,120,0,0.07,20,0
1000,20,1,19,29,5,2,10,22,0,120,0,0.42,20,0
991,20,3,13,10,4,1,9,20,6,90,0,0.8,30,0
1263,15,3,1,11,5,3,10,8,2,60,0,0.99,20,0
906,18,1,18,20,2,6,10,18,2,120,0,0.4,15,0
1224,13,2,18,15,3,0,6,10,5,90,0,0.99,30,0
1243,17,2,4,25,0,1,1,16,6,60,1,0.86,30,1
1511,6,3,3,25,5,7,10,10,2,60,0,0.88,20,0
1222,9,1,14,3,1,4,6,16,4,60,1,0.52,10,1
1459,7,3,20,9,0,6,6,20,5,120,1,0.45,15,1
843,11,3,24,18,1,0,2,10,0,90,1,0.09,30,1
902,7,2,26,12,2,4,8,16,1,60,1,0.3,15,1
1371,18,2,15,28,0,1,1,8,5,120,1,0.26,10,0
1453,16,3,24,20,4,1,9,22,2,90,1,0.55,10,0
993,9,2,4,16,0,4,4,16,2,120,1,0.95,10,1
1419,10,1,10,5,1,2,4,14,3,120,0,0.53,30,0
1530,8,2,5,12,3,5,10,10,6,90,0,0.83,30,0
834,7,1,25,15,2,2,6,22,4,90,0,0.09,10,0
1339,15,3,25,26,3,1,7,18,0,90,0,0.58,10,0
1083,6,3,8,28,1,6,8,14,2,90,0,0.45,15,0
1557,8,3,25,21,4,1,9,18,3,90,0,0.46,10,0
932,13,2,7,18,5,1,10,22,6,60,0,0.73,10,0
1072,6,3,15,6,0,0,0,8,6,60,1,0.55,20,1
1568,8,2,12,24,4,0,8,8,1,60,0,0.62,15,0
1127,17,3,6,9,0,2,2,8,5,120,1,0.25,10,1
998,18,3,30,4,4,4,10,10,5,120,1,0.25,10,0
803,15,2,4,19,3,2,8,8,3,120,0,0.87,30,0
1129,9,2,17,3,1,4,6,20,0,90,1,0.94,20,1
1554,11,2,26,23,0,2,2,14,5,120,1,0.07,30,1
1551,17,1,3,8,3,2,8,8,2,90,1,0.38,30,0
1400,7,2,23,20,4,1,9,14,5,60,1,0.59,15,0
1374,12,3,14,21,4,5,10,8,0,90,0,0.35,20,0
938,11,1,2,5,0,3,3,22,0,120,1,0.26,15,1
1280,14,3,30,23,5,1,10,10,4,60,1,0.59,10,0
1113,11,2,28,11,4,2,10,22,0,120,0,0.55,20,0
1189,17,3,14,23,2,4,8,18,6,120,1,0.6,20,1
926,6,2,12,28,4,6,10,22,0,120,1,0.53,30,0
1552,12,3,13,13,5,3,10,10,0,90,1,0.31,20,0
1594,12,3,24,29,0,6,6,14,5,60,1,0.84,15,0
1314,9,2,24,7,2,5,9,18,4,120,0,0.38,30,0
1572,17,3,20,18,3,3,9,16,5,60,0,0.02,10,0
1279,7,1,10,0,3,6,10,20,6,60,1,0.13,30,0
1141,17,2,11,30,2,3,7,20,5,60,1,0.26,15,0
1408,12,2,24,22,0,5,5,8,5,120,1,0.13,30,1
936,7,3,1,30,4,3,10,14,2,60,1,0.68,30,0
1569,10,3,26,27,2,2,6,18,4,60,1,0.41,10,1
1048,7,3,14,22,2,0,4,20,4,120,0,0.92,10,0
813,16,2,1,0,2,0,4,8,5,60,1,0.62,15,0
1051,7,1,5,5,2,5,9,16,0,120,1,0.84,10,0
1376,20,3,9,27,5,0,10,18,6,90,1,0.31,15,0
1470,20,3,12,9,2,3,7,18,1,60,0,0.22,10,0
1465,17,3,5,11,0,1,1,16,2,90,1,0.68,10,1
1582,12,1,19,8,4,2,10,10,4,120,0,0.28,15,0
828,19,3,30,17,1,6,8,22,6,60,0,0.28,20,0
1384,9,3,29,7,4,3,10,14,4,60,1,0.8,30,0
1524,16,3,0,3,2,0,4,16,1,120,1,0.77,10,1
1393,17,2,25,2,1,1,3,16,6,90,1,0.7,10,1
1115,14,2,18,19,3,0,6,8,3,60,1,0.41,30,0
1596,9,1,26,26,3,7,10,18,3,90,1,0.58,15,0
1191,16,1,21,9,2,3,7,10,5,90,1,0.57,20,0
1100,20,2,0,27,1,7,9,14,5,120,0,0.05,20,0
1116,17,3,14,30,3,2,8,20,1,60,0,0.58,30,0
1415,12,2,0,26,4,4,10,20,4,60,0,0.62,20,0
1353,18,3,9,9,4,0,8,18,5,60,1,0.58,15,0
961,14,2,9,0,3,7,10,18,1,90,0,0.96,30,0
1008,16,2,25,5,3,3,9,20,2,60,0,0.9,30,0
1441,17,1,11,11,3,0,6,22,5,60,0,0.13,10,0
1156,12,3,1,30,1,5,7,10,2,90,0,0.45,20,0
1100,10,3,2,27,1,5,7,8,2,60,1,0.72,10,0
1089,13,1,14,20,4,6,10,8,2,90,0,0.71,20,0
1060,8,3,10,22,2,0,4,22,6,90,0,0.26,30,0
1347,8,3,24,5,0,7,7,22,5,60,1,0.74,10,0
1406,9,1,30,11,4,0,8,16,6,90,1,0.97,15,0
1151,16,3,28,25,3,6,10,16,1,90,0,0.6,10,0
819,10,2,15,18,2,1,5,16,5,120,1,0.82,30,1
1222,13,3,3,29,3,6,10,16,2,120,1,0.92,30,0
1491,15,2,13,25,4,1,9,20,2,120,0,0.39,30,0
1047,12,1,6,7,1,4,6,8,4,120,0,0.02,10,0
1102,17,2,28,17,5,6,10,14,4,120,1,0.11,20,0
855,6,1,4,14,2,4,8,8,6,120,1,0.22,20,0
1178,16,3,17,8,5,6,10,20,2,60,1,0.36,20,0
1375,10,1,23,27,4,5,10,14,0,120,1,0.71,30,0
936,6,1,25,6,2,3,7,8,4,60,1,0.99,15,0
905,9,1,26,18,2,6,10,18,1,90,1,0.92,10,0
920,18,1,0,4,4,2,10,14,0,60,1,0.68,10,0
1120,11,3,19,23,3,7,10,10,6,90,1,0.75,10,0
1207,13,3,24,7,2,1,5,10,5,90,1,0.7,15,1
1316,12,1,10,2,3,1,7,20,6,90,0,0.36,30,0
1327,10,3,22,22,1,6,8,10,4,60,1,0.88,20,0
1170,11,2,7,28,2,5,9,10,4,90,1,0.5,15,0
969,18,3,12,9,0,1,1,18,6,60,1,0.84,30,1
1504,6,1,4,10,1,4,6,22,5,90,1,0.65,30,0
1568,6,3,20,29,4,5,10,10,4,90,1,0.17,20,0
978,14,3,29,23,5,4,10,8,3,60,0,0.12,20,0
1326,13,3,12,3,2,0,4,16,1,90,1,0.48,10,1
1091,17,1,18,23,3,4,10,20,3,60,0,0.09,10,0
1035,6,3,21,28,0,4,4,20,5,90,0,0.27,15,0
806,16,3,27,2,1,6,8,18,1,120,1,0.82,10,0
1061,11,1,10,19,0,5,5,22,5,120,1,0.77,10,0
1082,8,2,28,22,3,1,7,16,4,120,0,0.41,30,0
838,8,2,19,26,3,6,10,10,3,120,1,0.46,15,0
1290,10,2,23,16,2,3,7,10,3,60,1,0.5,10,0
1172,15,3,16,24,4,0,8,10,0,120,0,0.2,30,0
1142,10,3,16,6,5,5,10,18,0,120,1,0.58,30,0
1050,6,3,18,10,3,7,10,8,1,120,1,0.67,10,0
1136,11,1,0,15,0,3,3,8,0,120,1,0.28,15,1
1516,6,3,7,25,5,0,10,22,5,90,0,0.65,15,0
1193,9,2,12,9,2,3,7,10,6,90,1,0.11,10,0
1419,18,2,21,2,2,1,5,18,6,90,0,0.85,20,0
1041,18,1,4,14,2,5,9,20,3,90,1,0.73,15,0
1251,20,3,15,29,0,6,6,20,3,90,0,0.17,30,0
1385,16,3,14,23,5,4,10,10,1,120,1,0.26,20,0
1389,17,3,26,28,5,5,10,14,5,90,1,0.34,10,0
1102,15,2,22,29,5,6,10,22,4,60,0,0.01,30,0
1258,10,2,14,15,0,1,1,20,4,60,0,0.5,10,0
1482,14,1,9,26,4,4,10,18,3,90,0,0.98,10,0
1126,6,1,14,24,4,5,10,20,6,120,1,0.48,20,0
1178,10,1,3,1,2,6,10,16,3,60,1,0.98,15,0
944,13,2,2,26,5,7,10,16,5,60,0,0.76,10,0
1376,17,1,0,21,2,7,10,18,6,90,1,0.14,15,0
1093,19,1,11,0,0,3,3,14,4,120,1,0.41,15,0
962,8,3,12,24,2,2,6,8,6,90,0,0.24,30,0
1254,15,2,1,7,5,0,10,22,2,120,0,0.97,10,0
1125,6,3,9,25,5,7,10,16,1,90,1,0.72,15,0
1539,19,3,28,19,4,2,10,18,1,120,0,0.81,15,0
973,6,2,30,3,2,5,9,18,0,60,0,0.78,20,0
1351,16,3,19,15,2,2,6,22,2,60,1,0.86,30,0
1427,12,2,4,17,4,0,8,16,4,90,0,0.08,10,0
1475,15,3,16,30,3,6,10,22,1,120,1,0.84,15,0
961,18,1,6,0,0,7,7,10,1,90,0,0.89,20,0
1033,20,2,20,5,0,2,2,8,3,60,1,0.85,20,0
979,14,1,3,24,4,2,10,10,3,60,0,0.58,10,0
1588,11,3,10,22,2,4,8,20,6,120,0,0.27,15,0
1518,13,3,16,7,3,4,10,10,3,120,0,0.33,15,0
1127,9,1,6,6,2,6,10,22,3,60,1,0.37,30,0
1498,8,2,11,13,0,0,0,10,0,90,0,0.96,10,0
1072,20,2,28,24,4,2,10,20,3,120,0,0.94,15,0
924,18,2,27,0,1,4,6,22,6,120,1,0.53,20,0
889,19,1,2,13,5,7,10,18,5,90,1,0.17,20,0
1007,17,1,12,10,2,3,7,14,6,90,1,0.31,10,0
1018,10,1,17,25,3,2,8,20,1,60,0,0.79,30,0
867,7,1,7,16,2,7,10,16,4,120,0,0.08,30,0
1059,13,3,7,5,2,3,7,22,2,60,0,0.66,30,0
989,16,3,24,23,3,7,10,10,5,90,1,0.79,15,0
1331,11,1,13,6,3,0,6,22,3,120,0,0.56,10,0
1138,19,1,5,4,3,5,10,22,5,90,1,0.94,30,0
809,13,3,23,29,3,4,10,22,4,90,0,0.86,15,0
1109,15,1,19,3,5,3,10,18,4,90,0,0.56,20,0
956,14,3,15,0,1,6,8,18,3,120,1,0.36,10,0
1429,19,1,15,9,5,1,10,20,4,90,0,0.29,10,0
1060,11,1,28,7,4,7,10,10,2,90,1,0.29,15,0
1512,6,2,3,28,1,5,7,22,1,60,1,0.05,20,0
1010,12,1,29,10,4,4,10,14,3,90,1,0.21,30,0
883,17,2,4,12,5,7,10,22,4,120,1,0.85,30,0
1587,18,2,25,1,3,0,6,10,6,120,0,0.05,30,0
959,17,3,14,8,5,7,10,16,4,90,1,0.29,10,0
1460,7,3,0,30,5,2,10,22,0,120,1,0.08,15,0
1014,9,3,10,14,5,2,10,14,0,60,0,0.19,15,0
1263,19,1,28,11,3,4,10,8,4,60,0,0.39,15,0
1360,16,1,0,3,5,1,10,10,3,60,0,0.49,10,0
1387,16,1,24,20,0,1,1,14,1,90,0,0.09,15,0
1070,6,3,18,28,5,1,10,18,6,90,1,0.32,10,0
1317,11,2,20,8,5,4,10,22,4,60,0,0.25,20,0
1538,18,3,16,8,0,2,2,10,4,60,1,0.88,30,0
971,20,1,30,10,0,1,1,20,2,60,0,0.23,10,0
1185,20,1,13,8,1,5,7,8,2,60,1,0.66,15,0
987,7,1,24,10,1,0,2,20,4,120,0,0.46,20,0
1327,7,1,8,9,1,0,2,18,2,90,1,0.67,10,1
1406,14,2,8,4,2,4,8,20,1,90,1,0.51,20,1
1415,7,1,15,23,0,5,5,18,5,120,0,0.52,30,0
1080,19,2,27,12,1,6,8,20,3,60,0,0.55,15,0
1449,10,1,30,4,0,7,7,22,5,60,1,0.42,20,0
809,17,1,7,14,0,7,7,22,5,120,0,0.09,20,0
1156,9,1,25,3,2,5,9,10,1,120,0,0.36,10,0
1351,7,2,17,30,1,2,4,8,1,120,1,0.61,20,0
981,12,1,19,1,3,2,8,8,0,60,0,0.69,20,0
1254,13,2,1,21,5,1,10,16,2,120,0,0.8,15,0
1388,17,3,5,25,3,5,10,20,5,60,0,0.3,10,0
814,14,2,28,29,1,1,3,20,1,120,0,0.47,30,0
889,18,2,30,17,1,5,7,8,1,120,1,0.07,30,0
889,18,2,22,8,2,5,9,22,5,120,1,0.02,20,0
1209,7,2,0,11,5,6,10,22,2,60,1,0.87,15,0
1316,17,2,14,1,0,6,6,10,3,120,0,0.9,30,0
854,7,1,0,18,5,6,10,14,3,90,1,0.29,15,0
1092,8,2,25,5,2,3,7,14,4,90,1,0.78,30,0
1363,7,1,17,15,2,0,4,18,0,120,1,0.47,20,1
896,20,1,6,5,2,5,9,10,4,120,1,0.2,15,0
1518,8,1,5,19,5,1,10,20,4,120,0,0.79,20,0
939,11,2,2,25,0,6,6,20,5,60,1,0.77,30,1
1060,13,1,14,6,1,2,4,10,3,120,1,0.11,20,1
887,12,2,27,19,5,2,10,8,0,60,1,0.62,10,0
1491,8,1,1,8,2,7,10,16,5,120,0,0.53,10,0
1135,15,1,18,26,5,3,10,10,6,90,0,0.48,10,0
1172,6,3,1,27,4,7,10,8,3,60,0,0.66,30,0
1527,16,1,15,10,2,2,6,14,5,60,0,0.88,30,0
1054,8,2,8,23,0,4,4,10,5,90,1,0.1,15,1
1055,14,2,1,2,2,0,4,10,2,60,1,0.99,30,0
1262,13,3,27,24,5,1,10,18,6,90,1,0.24,10,0
1447,7,3,11,24,0,7,7,14,5,60,0,0.75,10,0
1058,7,3,17,18,3,5,10,10,1,90,1,0.24,20,0
1260,12,1,20,7,4,5,10,18,1,120,1,0.02,20,0
1190,18,2,3,27,1,1,3,22,1,90,1,0.24,30,1
853,6,1,8,4,4,2,10,18,3,60,1,0.59,10,0
1461,20,2,30,11,1,6,8,18,3,60,1,0.7,10,0
985,14,3,14,0,1,3,5,22,6,90,0,0.42,30,0
1126,8,3,23,30,2,4,8,16,4,90,0,0.24,10,0
1066,6,3,30,22,5,4,10,20,2,60,0,0.38,20,0
904,15,1,7,9,1,5,7,16,5,120,0,0.85,10,0
1542,18,2,10,25,5,2,10,14,0,120,0,0.48,30,0
1219,19,2,17,10,0,3,3,10,3,90,1,0.32,20,1
1080,8,3,28,13,5,2,10,20,0,90,1,0.25,20,1
1031,6,2,3,16,5,7,10,8,0,120,1,0.71,15,0
1005,17,3,6,27,4,2,10,8,4,90,0,0.47,10,0
1052,6,2,9,27,1,7,9,22,1,120,0,0.56,10,0
1419,16,2,25,20,4,0,8,16,2,120,0,0.52,15,0
1430,8,2,6,5,2,0,4,20,1,120,1,0.9,15,1
1257,12,1,19,7,4,0,8,10,2,120,1,0.8,10,0
1183,13,1,29,13,2,7,10,16,6,60,1,0.03,30,0
1026,8,1,5,8,1,0,2,20,4,90,1,0.56,10,1
1578,20,3,26,11,4,5,10,18,1,90,0,0.98,20,0
1282,20,3,29,17,0,4,4,16,4,90,0,0.88,30,0
1371,17,3,6,25,3,6,10,10,6,90,1,0.97,10,0
1584,13,2,8,19,1,7,9,22,5,60,0,0.98,10,0
963,19,2,0,24,4,4,10,18,6,120,1,0.83,20,0
1507,17,2,23,8,0,4,4,18,0,60,1,0.51,30,1
1240,20,3,22,6,0,4,4,8,2,120,1,0.76,20,1
1366,9,1,18,28,1,2,4,16,6,60,0,0.95,20,0
1150,13,3,30,9,4,3,10,8,5,120,1,0.87,10,0
1545,12,2,18,6,0,5,5,20,6,60,0,0.03,10,0
907,16,3,23,15,3,6,10,14,0,90,0,0.71,30,0
1075,20,2,26,20,1,4,6,10,6,120,0,0.08,30,0
1122,18,3,1,6,5,0,10,8,1,120,1,0.8,10,0
951,14,3,25,9,5,5,10,22,5,60,1,0.24,15,0
1222,9,2,27,30,3,3,9,14,1,60,0,0.89,20,0
1083,20,2,6,15,3,5,10,20,6,120,1,0.28,15,0
1304,6,2,18,24,2,4,8,14,6,120,1,0.59,10,0
921,10,2,19,30,5,5,10,8,0,90,0,0.05,10,0
971,8,2,17,10,3,6,10,14,6,90,0,0.87,15,0
1362,13,2,0,10,5,6,10,20,2,120,1,0.14,30,0
1482,13,3,16,26,1,4,6,18,6,120,1,0.66,20,1
1348,19,3,2,26,3,5,10,10,6,120,0,0.46,15,0
1596,10,2,23,29,0,3,3,8,1,90,1,0.14,10,1
1342,9,2,19,6,5,4,10,20,2,60,1,0.14,20,0
1230,20,3,22,29,2,5,9,10,5,60,0,0.91,10,0
1131,6,2,17,26,1,6,8,22,0,90,0,0.35,15,0
931,18,1,15,15,5,7,10,16,2,90,1,0.73,30,0
1443,6,1,16,15,1,1,3,10,4,90,0,0.23,20,0
1277,18,3,19,22,4,6,10,14,0,120,0,0.4,15,0
1173,11,2,17,11,0,3,3,22,4,120,1,0.28,10,0
986,12,1,29,29,0,2,2,14,6,90,1,0.47,20,1
954,18,1,14,2,4,5,10,22,0,120,1,0.7,20,0
1449,17,2,30,3,5,4,10,8,2,90,1,0.32,20,0
1033,7,1,6,0,1,2,4,8,2,60,1,0.96,10,0
1047,11,3,4,20,2,6,10,22,6,120,0,0.91,10,0
1392,11,1,0,10,4,1,9,20,6,90,1,0.18,20,0
1315,13,3,13,28,2,5,9,14,4,90,1,0.12,15,0
1198,7,1,19,30,5,1,10,8,2,90,1,0.93,30,0
1019,6,2,10,25,3,0,6,10,1,120,1,0.09,10,1
1206,13,1,16,20,5,6,10,16,4,60,0,0.41,15,0
1569,14,1,15,4,1,2,4,18,4,120,0,0.87,20,0
1524,17,3,16,19,2,4,8,8,2,60,1,0.93,30,0
852,10,3,29,16,2,5,9,22,3,90,0,0.6,15,0
1372,13,2,24,24,5,6,10,14,2,60,0,0.19,15,0
1425,17,2,6,13,4,1,9,8,5,90,1,0.37,20,0
930,7,2,7,20,0,0,0,16,4,90,1,0.03,15,1
1133,12,3,21,6,0,7,7,16,1,120,0,0.91,20,0
1579,19,2,29,12,2,2,6,20,6,90,0,0.86,30,0
1550,20,3,6,26,0,6,6,10,6,60,1,0.23,15,0
1444,7,1,25,3,4,7,10,10,6,120,1,0.58,20,0
1485,13,2,25,16,5,2,10,14,5,120,0,0.82,30,0
1527,9,1,26,30,4,0,8,14,5,60,1,0.96,30,0
952,20,1,6,16,2,1,5,22,1,60,1,0.83,15,0
1027,13,3,25,12,1,7,9,16,5,60,0,0.66,30,0
1469,13,3,27,4,1,2,4,22,5,60,0,0.1,30,0
1563,13,3,15,24,3,6,10,18,4,120,0,0.17,10,0
1475,6,2,8,29,2,4,8,8,2,60,1,0.85,10,0
1512,13,3,29,9,3,3,9,20,3,60,0,0.92,15,0
1499,17,1,20,2,3,5,10,18,6,60,1,0.08,10,0
1132,17,3,29,12,3,2,8,22,4,60,0,0.45,15,0
1328,18,2,14,23,2,4,8,20,5,60,1,0.08,15,0
1160,8,3,29,5,5,2,10,14,6,60,0,0.96,10,0
1135,7,3,26,26,1,1,3,22,0,90,1,0.79,15,1
1370,11,3,7,29,0,4,4,18,2,60,1,0.33,10,1
1571,9,3,27,8,2,6,10,16,1,60,0,0.89,30,0
1385,6,1,15,29,0,4,4,10,4,90,1,0.07,30,1
1384,14,2,23,20,2,1,5,10,6,60,1,0.2,10,0
1396,15,1,15,11,5,5,10,14,1,60,1,0.65,15,0
1200,19,1,20,30,4,0,8,10,5,90,0,0.59,10,0
1019,13,1,7,26,1,1,3,8,1,120,0,0.76,15,0
1401,19,3,11,11,1,6,8,14,6,60,1,0.98,10,0
1331,13,3,4,15,1,4,6,8,3,120,1,0.99,10,0
931,7,1,24,29,1,2,4,10,5,120,1,0.74,20,0
1125,11,3,4,3,2,7,10,18,6,60,1,0.32,10,0
1368,12,1,14,25,3,7,10,18,3,120,1,0.06,15,0
1410,18,1,25,27,4,3,10,18,0,120,0,0.53,15,0
964,6,2,25,22,2,3,7,10,6,60,0,0.35,20,0
887,10,3,17,8,1,2,4,18,4,60,0,0.71,10,0
954,17,3,25,4,0,7,7,22,4,60,1,0.94,15,0
1074,18,2,7,13,2,6,10,10,2,120,1,0.39,15,0
1500,8,1,4,25,4,0,8,16,2,60,0,0.65,20,0
1524,18,2,11,22,1,6,8,18,0,60,0,0.26,30,0
1509,10,3,12,16,5,4,10,22,2,90,0,0.55,30,0
854,6,1,11,18,1,6,8,16,2,120,1,0.24,15,1
1462,9,2,9,23,4,2,10,16,0,90,0,0.24,15,0
1231,19,1,19,6,3,1,7,14,6,90,1,0.64,10,0
934,9,2,7,7,2,7,10,22,4,90,0,0.63,15,0
976,13,3,11,2,1,4,6,14,1,120,1,0.81,10,0
1103,20,3,4,4,3,1,7,20,2,90,0,0.57,30,0
1205,16,1,28,5,5,4,10,10,6,90,0,0.14,20,0
1288,20,1,13,4,0,6,6,18,4,120,0,0.24,30,0
847,14,2,22,22,1,1,3,16,5,60,0,0.31,30,0
1127,17,1,29,29,0,2,2,18,3,120,0,0.47,15,0
1505,13,1,27,14,0,2,2,20,6,60,0,0.69,10,0
1089,9,1,22,2,1,2,4,20,6,120,0,0.91,20,0
1108,12,3,17,29,1,7,9,22,6,90,0,0.33,15,0
1282,13,2,2,28,4,3,10,20,0,90,1,0.04,30,0
1530,19,2,9,21,4,6,10,20,1,120,1,0.01,10,0
1447,8,2,23,28,5,0,10,16,0,60,0,0.39,20,0
1467,11,1,15,11,0,6,6,20,6,60,1,0.96,30,1
950,11,1,25,5,4,3,10,10,2,90,0,0.14,30,0
1404,20,3,5,6,4,5,10,18,4,60,1,0.47,20,0
1592,20,2,23,11,3,2,8,18,1,90,0,0.12,10,0
1036,7,2,9,27,4,0,8,14,5,60,1,0.23,10,0
1109,8,1,3,27,1,4,6,18,1,60,1,0.77,10,1
1464,15,1,26,4,4,1,9,20,5,120,1,0.31,10,0
991,6,1,0,25,1,3,5,18,4,60,0,0.04,10,0
1342,19,2,25,10,1,3,5,10,0,90,0,0.51,10,0
878,15,3,21,26,0,4,4,22,3,120,1,0.69,20,0
1335,7,3,18,15,5,5,10,18,4,60,1,0.75,10,0
1234,8,3,30,29,3,1,7,22,2,60,0,0.77,15,0
1158,7,1,24,10,2,5,9,18,3,120,0,0.22,15,0
1337,18,1,8,29,3,5,10,20,5,90,1,0.15,30,0
1015,19,3,8,3,1,1,3,18,3,90,0,0.62,10,0
1243,13,3,15,23,0,1,1,18,0,90,1,0.84,10,1
1565,6,3,2,28,2,6,10,10,3,90,1,0.56,20,0
834,17,2,4,9,3,6,10,10,1,120,0,0.43,15,0
1522,9,2,8,6,4,5,10,14,5,120,0,0.56,15,0
1589,14,2,27,9,4,2,10,20,1,90,1,0.84,30,0
965,11,2,26,22,1,4,6,22,0,60,0,0.39,15,0
1112,16,3,1,10,4,1,9,10,2,120,0,0.05,10,0
1215,8,2,21,23,2,2,6,14,6,90,0,0.79,30,0
1501,15,2,28,22,4,1,9,10,0,90,0,0.29,10,0
1140,7,3,19,25,3,2,8,20,2,90,1,0.14,15,1
1311,13,3,21,8,4,4,10,10,2,60,0,0.17,30,0
904,16,1,21,2,0,6,6,18,0,120,1,0.46,15,0
1577,8,3,18,2,5,3,10,16,4,120,0,0.82,10,0
1189,19,3,0,7,3,4,10,18,1,120,1,0.7,20,0
1496,17,2,4,4,5,0,10,22,4,120,0,0.03,20,0
1157,20,2,18,9,3,6,10,8,2,90,1,0.44,15,0
1425,20,1,24,27,2,7,10,18,4,120,1,0.94,15,0
1100,14,1,1,3,5,1,10,22,2,60,0,0.17,15,0
1209,12,3,3,10,2,0,4,8,3,90,0,0.1,15,0
1491,7,1,9,15,5,7,10,14,1,120,0,0.49,15,0
1396,13,3,22,13,0,2,2,10,5,120,1,0.03,20,1
1340,19,1,5,3,2,2,6,22,4,90,1,0.96,20,0
1215,17,3,12,23,2,1,5,22,5,120,0,0.01,30,0
1041,18,3,6,21,4,3,10,14,4,120,1,0.19,20,0
1138,20,3,26,29,5,1,10,22,1,90,0,0.46,20,0
874,6,2,9,11,0,0,0,14,0,120,0,0.6,20,0
1316,18,1,17,10,5,7,10,8,2,120,1,0.16,30,0
829,19,3,23,10,0,4,4,14,0,90,0,0.87,15,0
814,20,1,1,23,5,3,10,22,0,60,1,0.63,15,0
1481,19,1,24,21,2,4,8,8,5,90,0,0.34,20,0
883,11,1,16,28,3,5,10,16,6,60,0,0.42,30,0
1533,13,2,12,26,3,6,10,8,6,60,1,0.61,30,0
1334,18,3,30,21,1,1,3,18,2,90,0,0.27,20,0
1234,17,2,25,2,4,6,10,8,3,90,0,0.38,10,0
1282,17,2,27,26,0,2,2,22,1,60,1,0.94,15,0
1084,15,2,23,14,4,1,9,14,6,120,0,0.87,10,0
1432,17,3,14,1,3,2,8,8,0,60,0,0.04,10,0
1114,14,3,30,11,5,2,10,8,3,60,0,0.48,30,0
1516,10,2,6,23,0,0,0,14,1,60,0,0.6,15,0
1246,20,2,24,10,5,1,10,8,3,90,0,0.08,30,0
1055,8,3,2,6,4,2,10,16,3,60,1,0.24,20,0
1537,11,1,20,27,0,3,3,22,5,120,1,0.77,15,1
1128,11,3,17,23,0,4,4,20,5,90,0,0.82,20,0
985,10,1,17,26,4,2,10,16,4,60,0,0.05,15,0
1298,7,1,19,26,1,4,6,8,2,90,1,0.85,20,0
859,19,2,22,2,1,2,4,20,1,120,0,0.61,10,0
1470,13,3,23,11,0,3,3,8,3,60,1,0.85,30,0
1519,18,3,29,9,5,7,10,22,3,120,1,0.77,15,0
1390,11,3,4,15,4,2,10,18,0,60,0,0.52,30,0
1455,7,2,5,28,3,4,10,18,5,60,1,0.02,15,0
1442,19,3,11,1,4,4,10,22,4,120,1,0.47,30,0
1481,17,1,24,14,3,0,6,16,2,120,0,0.46,15,0
809,13,1,27,18,0,2,2,22,5,60,0,0.06,10,0
1560,8,3,10,25,4,7,10,14,3,60,0,0.21,10,0
815,8,3,15,25,4,6,10,18,1,120,1,0.62,30,0
992,10,2,7,16,0,3,3,18,3,60,0,0.78,15,0
1221,20,3,26,21,1,1,3,14,6,90,1,0.07,10,1
1187,15,3,12,12,3,5,10,20,1,90,1,0.36,10,0
1460,19,3,19,20,1,0,2,22,1,60,0,0.63,15,0
1491,11,2,16,15,4,6,10,20,2,60,0,0.67,15,0
1501,20,2,9,22,4,6,10,22,3,60,1,0.5,30,0
958,6,2,22,15,3,2,8,16,2,90,1,0.37,20,1
1413,8,2,15,24,3,4,10,10,4,120,0,0.16,20,0
1292,8,3,2,7,3,2,8,10,4,90,1,0.6,20,0
866,10,1,13,21,1,3,5,22,3,90,1,0.19,15,1
1003,10,1,14,0,2,0,4,10,6,120,0,0.06,20,0
1538,9,2,18,11,1,1,3,8,2,120,1,0.81,10,0
1423,12,2,22,20,3,6,10,10,3,60,1,0.68,15,0
1144,16,1,22,30,5,6,10,16,0,120,0,0.43,15,0
1491,15,1,14,6,1,2,4,8,3,60,1,0.55,20,0
980,6,3,14,12,4,5,10,22,1,120,0,0.02,10,0
908,15,1,9,29,1,4,6,20,3,90,1,0.38,15,1
1493,18,3,14,6,5,4,10,20,2,90,0,0.84,20,0
1062,14,1,17,0,5,7,10,10,3,60,0,0.97,10,0
904,10,2,9,15,2,3,7,10,4,120,1,0.16,10,0
966,16,1,16,23,1,0,2,10,3,60,0,0.83,20,0
1207,17,3,22,27,2,3,7,22,6,60,0,0.53,15,0
962,16,1,2,13,5,2,10,18,0,120,0,0.31,10,0
951,9,3,23,2,1,5,7,16,5,120,0,0.54,30,0
1539,9,3,23,20,5,0,10,14,1,120,0,0.87,10,0
1051,8,2,19,18,2,6,10,10,5,90,1,0.21,15,0
1512,19,1,13,10,4,2,10,10,5,120,0,0.88,15,0
1530,7,3,17,0,5,7,10,14,0,60,0,0.7,10,0
1385,10,1,11,30,4,4,10,22,4,90,0,0.02,30,0
976,10,2,28,0,4,2,10,16,3,120,1,0.13,10,0
1573,20,2,1,7,5,0,10,22,4,60,1,0.43,20,0
1176,11,3,27,30,4,4,10,16,4,90,1,0.29,10,0
1100,11,2,3,2,1,6,8,8,5,120,1,0.45,10,0
960,15,3,25,20,5,1,10,18,2,60,0,0.21,20,0
1255,20,3,0,15,0,7,7,8,2,60,0,0.72,10,0
1130,13,1,2,21,1,5,7,8,6,60,0,0.55,30,0
887,18,1,3,19,3,4,10,10,2,90,0,0.73,20,0
1276,6,1,7,15,2,6,10,10,0,60,0,0.25,20,0
892,14,1,24,15,4,1,9,22,3,90,1,0.63,30,0
1074,18,2,25,7,5,4,10,20,3,90,1,0.69,10,0
1548,11,2,15,7,4,4,10,14,1,90,1,0.82,15,0
979,11,1,29,4,0,3,3,16,1,120,1,0.55,20,1
926,10,2,19,30,2,6,10,18,1,90,1,0.69,30,0
1442,18,1,26,27,4,4,10,10,4,120,0,0.06,15,0
1523,14,1,29,29,2,3,7,14,1,90,0,0.43,15,0
928,14,3,9,18,1,7,9,10,1,120,1,0.47,15,0
1062,19,2,28,12,0,0,0,14,0,90,1,0.91,30,1
1119,13,1,19,17,0,7,7,8,1,90,1,0.61,10,0
1520,11,1,25,21,5,6,10,22,5,60,0,0.87,30,0
1581,7,1,14,11,0,6,6,20,1,60,0,0.48,20,0
946,8,2,24,29,1,6,8,14,1,120,0,0.79,15,0
1241,19,1,16,10,3,6,10,18,3,120,1,0.73,15,0
1223,9,1,29,1,0,5,5,18,0,120,1,0.51,10,1
1122,15,3,13,19,3,6,10,10,5,60,0,0.44,15,0
1499,17,2,26,3,2,7,10,16,2,60,1,0.35,30,0
1202,20,3,8,25,0,1,1,20,0,90,0,0.79,15,0
1478,9,2,11,22,0,3,3,22,2,60,0,0.08,20,0
800,17,1,3,16,0,0,0,22,6,120,1,0.62,10,0
1595,18,2,0,4,1,7,9,18,2,90,1,0.19,30,0
1466,11,1,13,3,0,1,1,8,1,120,0,0.05,15,0
1593,7,3,15,27,3,5,10,22,4,120,0,0.7,15,0
1470,6,1,30,1,5,1,10,18,6,60,1,0.18,30,0
1065,10,2,8,3,4,5,10,16,3,120,0,0.6,15,0
827,10,3,26,19,1,1,3,22,6,90,1,0.06,20,1
947,8,2,14,17,4,1,9,22,2,60,0,0.12,10,0
1525,18,2,23,4,0,1,1,16,4,90,1,0.82,20,1
1026,17,2,8,14,2,6,10,8,4,90,0,0.71,30,0
990,9,2,27,22,5,1,10,14,3,90,0,0.53,15,0
1495,6,3,7,19,1,3,5,16,4,60,1,0.04,10,1
1431,12,1,29,26,4,3,10,8,0,60,1,0.65,20,0
1395,13,2,4,14,3,3,9,20,2,120,1,0.45,10,0
1029,8,2,12,15,2,4,8,14,3,90,0,0.49,10,0
1481,16,1,0,6,3,1,7,20,2,120,1,0.22,10,0
919,11,3,18,24,0,7,7,14,0,60,1,0.07,15,1
1108,11,2,27,21,0,3,3,8,3,60,0,0.44,10,0
975,8,1,5,28,5,4,10,8,2,90,1,0.64,20,0
1478,9,1,7,20,4,4,10,18,4,90,1,0.2,15,0
878,6,3,27,20,1,1,3,22,5,120,1,0.63,20,1
904,17,3,12,11,3,3,9,22,2,120,0,0.06,20,0
1499,20,2,24,4,1,3,5,8,3,90,0,0.14,30,0
1180,18,2,16,9,1,7,9,14,5,120,1,0.62,30,0
930,17,1,9,10,5,5,10,20,3,90,1,0.1,30,0
1478,15,2,13,21,5,1,10,10,4,60,0,0.03,30,0
1091,14,1,5,17,0,3,3,22,2,90,0,0.02,15,0
944,8,2,30,11,1,2,4,22,1,120,1,0.03,20,1
1231,9,1,8,15,2,4,8,22,6,60,1,0.5,10,0
901,13,2,1,5,0,7,7,8,3,60,0,0.53,30,0
1093,8,3,10,22,4,4,10,8,4,90,1,0.55,30,0
1319,7,2,9,15,0,0,0,16,0,60,1,0.19,10,1
1267,14,2,10,1,2,3,7,18,2,120,0,0.26,15,0
1382,7,2,15,25,5,3,10,10,2,90,1,0.16,20,0
809,15,2,19,12,3,1,7,16,6,120,0,0.56,30,0
1267,7,1,16,8,2,6,10,20,0,60,1,0.04,15,0
1214,8,1,28,12,4,5,10,8,1,120,1,0.44,20,0
1250,19,1,24,14,0,5,5,22,5,120,0,0.49,10,0
1024,8,1,30,27,3,0,6,20,4,60,0,0.92,10,0
1429,6,1,4,25,0,7,7,14,0,90,1,0.52,30,0
1002,17,3,3,5,0,2,2,8,0,120,1,0.58,30,1
1257,15,1,5,1,1,5,7,22,5,120,1,0.23,30,0
1382,17,1,11,4,4,6,10,18,5,90,1,0.04,30,0
1456,15,3,6,3,5,4,10,16,5,120,0,0.05,10,0
1291,10,3,10,12,1,7,9,18,5,120,0,0.61,30,0
1082,12,1,11,30,5,4,10,20,5,120,1,0.61,10,0
1423,9,1,19,6,5,1,10,20,4,60,0,0.28,15,0
1237,15,2,10,10,2,0,4,8,5,90,1,0.91,10,0
1597,17,3,29,25,4,6,10,18,3,90,1,0.56,20,0
988,19,2,13,15,1,3,5,18,0,60,1,0.42,20,1
1512,11,3,18,25,4,7,10,20,3,60,1,0.14,15,0
841,19,1,27,17,1,6,8,22,1,90,0,0.01,15,0
884,13,3,20,11,3,4,10,10,2,90,0,0.93,20,0
1338,9,1,5,6,1,3,5,14,1,90,0,0.95,20,0
1448,9,2,25,23,1,4,6,20,5,90,1,0.37,10,1
988,19,2,21,8,4,6,10,8,5,120,0,0.43,10,0
1037,18,3,13,12,2,1,5,8,1,90,0,0.97,15,0
1591,7,2,8,16,5,4,10,8,2,90,1,0.56,20,0
1570,13,2,30,11,0,7,7,16,6,120,1,0.5,30,1
853,14,2,27,1,3,5,10,16,6,120,0,0.5,10,0
1005,6,3,8,9,4,0,8,18,3,90,0,0.55,20,0
854,15,1,30,22,3,3,9,20,3,90,0,0.97,15,0
1100,12,3,16,23,5,3,10,20,4,60,1,0.31,20,0
949,9,2,26,12,2,4,8,16,2,120,1,0.7,20,1
1342,19,3,9,7,5,6,10,18,3,60,0,0.68,30,0
1349,13,2,12,17,4,2,10,14,2,60,0,0.36,30,0
1025,10,1,0,19,2,6,10,14,2,60,1,0.45,10,0
1108,7,3,29,15,2,7,10,16,1,120,1,0.41,10,0
1282,14,1,6,18,4,7,10,18,3,90,1,0.38,15,0
1536,19,3,22,0,2,1,5,16,2,120,0,0.02,10,0
1456,10,3,9,24,2,4,8,20,4,120,0,0.11,30,0
1354,9,1,23,4,0,1,1,20,2,90,1,0.42,30,1
1517,13,2,14,3,3,6,10,22,0,90,0,0.34,10,0
865,20,3,17,1,1,3,5,10,2,120,1,0.21,30,1
1337,13,3,25,11,2,5,9,16,3,60,0,0.74,15,0
1258,9,1,8,16,5,0,10,14,1,120,1,0.12,30,0
998,16,3,22,20,2,3,7,14,2,90,1,0.77,30,0
1030,14,3,29,28,0,1,1,10,5,60,0,0.32,20,0
1059,20,2,8,20,3,5,10,8,1,120,0,0.66,10,0
1347,20,1,0,21,1,7,9,10,6,90,1,0.02,20,0
1062,20,1,11,28,1,7,9,20,4,60,1,0.36,15,0
980,10,2,23,15,2,1,5,16,1,60,0,0.77,15,0
1355,13,3,9,6,1,2,4,10,2,120,1,0.88,15,0
910,6,3,25,1,5,2,10,20,6,120,0,0.79,30,0
1555,6,1,9,3,4,6,10,10,5,60,0,0.81,10,0
1191,16,1,2,26,2,2,6,22,0,90,1,0.12,20,1
1424,8,3,8,17,3,0,6,22,0,90,0,0.86,10,0
1101,12,3,18,25,2,3,7,18,4,90,0,1.0,10,0
1312,18,2,29,21,2,6,10,10,5,60,0,0.79,20,0
1231,7,1,2,22,2,4,8,10,0,120,1,0.29,10,0
1074,18,3,2,6,0,5,5,16,0,120,0,0.85,15,0
1598,7,3,5,30,2,5,9,8,0,60,0,0.29,20,0
919,15,1,22,4,0,2,2,8,3,60,1,0.6,30,1
1595,14,1,7,29,5,2,10,14,2,60,1,0.61,15,0
1549,7,2,19,9,5,2,10,10,3,90,0,0.16,30,0
1074,20,1,26,7,2,6,10,14,1,60,1,0.22,15,0
1271,9,1,11,24,4,6,10,20,5,120,0,0.57,20,0
1130,8,1,20,12,2,6,10,16,3,120,0,0.61,20,0
1291,10,2,15,6,1,6,8,16,1,90,1,0.78,10,1
1403,16,3,9,8,4,4,10,8,4,120,1,0.62,15,0
1488,20,1,12,20,5,1,10,16,5,60,0,0.06,30,0
1203,15,3,5,7,4,0,8,10,5,90,0,0.82,20,0
907,6,3,21,18,1,3,5,10,3,60,0,0.54,20,0
1352,11,2,11,25,5,1,10,18,3,60,1,0.83,15,0
1412,11,2,2,14,3,6,10,10,5,60,1,0.7,30,0
972,12,3,10,11,5,3,10,10,4,90,1,0.94,15,0
1570,15,1,25,18,3,0,6,18,1,90,1,0.58,30,1
1432,15,3,29,7,5,3,10,16,4,90,1,0.38,10,0
1096,18,1,1,25,2,3,7,10,2,60,1,0.85,15,0
1395,9,3,17,6,4,3,10,14,0,120,1,0.67,20,0
1166,6,3,0,6,5,3,10,10,0,120,0,0.78,30,0
1024,17,3,30,28,2,6,10,18,2,90,1,0.07,30,1
1564,10,1,1,25,5,1,10,20,6,90,0,0.25,15,0
1075,9,1,9,6,4,5,10,16,0,120,1,0.61,30,0
1007,19,2,10,4,3,2,8,10,6,120,0,0.04,15,0
891,13,1,8,21,2,4,8,18,3,90,0,0.4,20,0
1447,10,3,24,14,3,7,10,22,2,90,1,0.38,15,0
1554,12,3,30,13,4,0,8,8,6,90,0,0.25,30,0
1056,15,3,21,14,1,7,9,18,0,90,0,0.2,10,0
1002,7,3,18,20,5,7,10,16,4,90,1,0.28,20,1
1598,17,2,27,25,4,1,9,10,3,60,1,0.37,30,0
1111,19,3,13,30,0,4,4,20,5,60,1,0.83,30,1
810,19,3,28,9,2,5,9,8,2,120,0,0.98,20,0
1422,20,2,3,1,1,6,8,18,6,90,1,0.69,15,0
1203,14,3,23,22,2,5,9,10,1,120,0,0.53,10,0
1038,13,1,7,30,2,3,7,22,3,60,1,0.84,30,0
1073,15,1,30,27,5,1,10,16,6,60,1,0.04,30,0
1567,19,2,19,10,4,3,10,20,2,120,0,0.1,20,0
982,10,1,13,24,4,3,10,22,5,60,0,0.49,30,0
1126,18,2,25,10,0,5,5,10,1,120,0,0.82,30,0
1056,10,2,7,2,1,0,2,8,2,60,0,0.31,15,0
1343,10,1,21,26,2,7,10,22,1,90,0,0.78,30,0
815,19,1,2,14,0,3,3,14,6,120,1,0.54,30,1
1555,14,2,2,8,0,6,6,14,4,120,1,0.86,10,0
1172,10,1,22,24,2,4,8,22,0,60,0,0.33,30,0
929,11,2,5,18,1,6,8,10,3,120,0,0.75,20,0
1433,20,2,16,21,2,6,10,20,5,60,0,0.38,30,0
1237,8,2,1,5,1,6,8,20,0,90,1,0.15,15,1
1022,14,1,26,10,2,1,5,22,1,60,1,0.27,15,1
1240,9,1,1,17,1,2,4,18,6,90,0,0.85,15,0
810,17,2,10,0,5,4,10,8,5,90,0,0.66,10,0
1346,12,1,3,23,2,7,10,8,2,120,0,0.71,30,0
1245,20,1,29,21,4,0,8,20,0,60,0,0.24,15,0
1450,14,2,14,17,5,0,10,10,5,120,0,0.78,15,0
1360,18,3,22,3,1,4,6,16,6,60,1,0.53,15,0
1248,19,3,26,5,1,7,9,18,0,120,0,0.75,10,0
1366,20,1,13,4,5,1,10,8,0,90,1,0.48,20,0
1567,9,1,10,27,2,1,5,20,0,90,1,0.22,20,1
913,18,1,28,18,0,6,6,16,6,120,1,0.1,20,1
1593,19,1,7,26,3,4,10,8,6,90,0,0.28,10,0
975,12,3,22,13,4,1,9,8,1,60,1,0.93,20,0
1379,17,2,16,13,2,6,10,16,6,60,0,0.28,15,0
966,11,3,17,6,3,3,9,22,0,90,0,0.58,10,0
1301,17,3,6,0,2,5,9,18,3,90,0,0.09,15,0
1334,9,1,12,6,0,6,6,14,5,90,0,0.19,15,0
1176,7,1,11,13,1,4,6,14,3,90,1,0.76,30,1
891,16,2,1,28,5,2,10,20,0,120,1,0.44,15,0
1437,14,3,7,23,5,4,10,20,2,120,0,0.49,20,0
1531,19,1,24,26,4,5,10,16,3,90,1,0.63,20,0
1103,7,2,4,17,4,5,10,18,3,120,0,0.26,20,0
1267,7,3,4,9,5,3,10,14,6,90,1,0.16,10,0
1401,11,1,10,30,3,0,6,10,0,120,0,0.41,15,0
960,6,2,11,30,4,4,10,14,6,90,0,0.06,15,0
1477,10,2,7,8,2,2,6,14,4,120,1,0.2,20,1
1132,12,3,2,29,0,3,3,16,4,90,1,0.17,20,1
1223,12,1,20,24,2,0,4,14,1,90,1,0.35,15,1
1320,9,2,7,16,0,6,6,14,4,90,0,0.76,15,0
1165,10,3,29,22,2,7,10,22,5,120,0,0.39,20,0
1213,16,3,6,19,4,1,9,18,6,60,0,0.94,10,0
1177,14,1,18,2,3,3,9,8,6,90,0,0.4,10,0
1040,11,1,27,9,5,6,10,20,4,60,1,0.13,30,0
1225,11,2,16,23,0,7,7,10,3,90,1,0.45,10,0
1495,9,3,7,27,5,0,10,14,2,90,1,1.0,20,0
998,9,1,2,22,4,1,9,10,4,60,1,0.78,15,0
842,14,1,4,2,1,1,3,22,2,60,1,0.33,10,0
1087,11,1,4,2,0,1,1,20,2,60,1,0.46,10,1
1312,17,3,10,11,2,0,4,16,4,120,0,0.77,30,0
1022,17,2,19,28,0,2,2,10,0,60,0,0.84,30,0
1051,18,2,20,29,0,0,0,14,6,120,0,0.76,20,0
876,12,2,15,10,5,5,10,22,1,90,0,0.64,15,0
1564,19,1,7,24,5,7,10,8,4,90,1,0.43,30,0
1542,16,2,1,11,0,2,2,10,2,90,1,0.65,15,0
1013,14,2,0,18,5,6,10,22,2,60,0,0.54,20,0
1006,7,2,19,24,3,2,8,14,4,120,0,0.24,15,0
1369,7,2,16,1,4,3,10,14,2,120,1,0.73,10,0
1019,7,1,15,7,4,5,10,10,0,60,0,0.28,30,0
1014,11,2,27,27,4,2,10,8,6,60,1,0.54,10,0
1440,15,2,27,17,5,3,10,10,5,120,1,0.73,30,0
1177,17,2,26,15,1,3,5,14,0,120,1,0.39,30,1
1097,12,2,8,16,4,6,10,8,0,90,0,0.39,15,0
853,17,3,7,12,0,4,4,22,3,60,0,0.87,15,0
888,20,3,14,30,5,4,10,18,2,120,1,0.82,20,0
1432,10,3,24,20,5,0,10,14,0,60,0,0.0,15,0
1127,17,1,10,2,0,4,4,22,5,90,1,0.01,15,0
1403,14,2,21,16,1,4,6,14,4,90,1,0.3,10,0
871,10,1,17,24,5,5,10,20,4,90,0,0.31,10,0
1450,17,3,26,25,0,1,1,10,0,120,0,0.05,15,0
1278,18,2,26,4,1,3,5,20,5,60,0,0.95,15,0
1534,11,2,6,25,1,4,6,16,6,120,1,0.83,20,1
1301,11,3,24,6,0,4,4,18,0,120,0,0.28,20,0
1213,17,2,1,3,0,0,0,20,0,90,0,0.87,15,0
1166,7,3,10,5,3,7,10,14,0,90,0,0.6,20,0
1373,14,3,8,13,3,2,8,16,5,120,1,0.06,10,0
974,8,1,19,23,3,5,10,10,4,60,1,0.17,15,0
1170,20,3,23,13,1,4,6,10,3,120,1,0.63,30,1
1259,20,2,11,12,3,1,7,14,3,60,1,0.01,20,1
1107,9,3,11,26,5,1,10,8,5,120,1,0.53,10,0
1561,20,2,4,15,2,2,6,20,0,90,0,0.99,20,0
1357,10,2,4,3,5,4,10,18,3,90,1,0.64,30,0
1006,16,1,25,12,0,7,7,8,0,120,0,0.33,20,0
885,18,3,13,28,5,2,10,16,6,60,0,0.1,10,0
1030,10,1,2,17,2,5,9,22,1,120,1,0.59,20,0
1147,11,3,21,1,5,7,10,20,2,120,0,0.86,30,0
1016,6,3,28,10,5,1,10,8,5,90,0,0.98,15,0
925,10,2,27,9,4,4,10,14,5,90,0,0.09,10,0
946,11,2,24,30,4,3,10,18,6,120,1,0.61,10,0
1516,8,1,6,23,3,6,10,10,3,90,0,0.24,30,0
1421,19,2,6,8,3,3,9,16,5,90,1,0.18,20,0
812,12,2,24,26,4,0,8,16,3,90,0,0.83,10,0
1355,14,2,10,3,2,5,9,10,3,120,1,0.01,30,0
1207,16,3,11,17,1,4,6,8,1,120,1,0.68,15,0
1064,16,3,18,24,5,1,10,10,0,120,1,0.41,20,0
887,14,3,5,10,5,4,10,8,2,60,1,0.92,10,0
1426,17,1,9,5,2,3,7,18,6,120,1,0.92,20,0
1344,18,3,13,17,3,3,9,10,0,60,1,0.63,15,0
875,14,1,0,7,1,2,4,22,1,120,1,0.07,20,1
950,19,3,14,24,3,4,10,22,4,120,0,0.38,10,0
1398,6,1,21,14,5,3,10,18,4,90,1,0.75,20,0
1075,20,1,4,21,0,0,0,8,3,120,0,0.41,30,0
1546,12,3,8,29,1,7,9,22,1,120,0,0.51,20,0
1438,10,2,13,17,4,4,10,16,5,120,1,0.74,15,0
1413,8,1,16,30,5,6,10,8,2,60,0,0.31,20,0
1479,14,1,28,21,3,4,10,22,4,60,1,0.28,15,0
1163,17,3,2,10,0,1,1,22,5,60,0,0.16,30,0
1447,15,1,17,5,2,1,5,10,2,60,1,0.18,15,1
1548,9,2,15,17,2,2,6,14,4,90,0,0.35,10,0
1238,17,1,15,2,2,3,7,18,3,60,1,0.18,10,0
1126,12,1,28,12,1,6,8,14,2,90,0,0.23,10,0
1047,12,2,19,27,0,4,4,20,4,90,1,0.88,30,1
1358,15,3,11,10,1,2,4,20,2,90,0,0.77,10,0
1452,19,2,18,14,1,4,6,16,5,120,1,0.76,20,1
1302,10,2,5,12,4,0,8,22,4,120,0,0.89,15,0
845,7,1,14,1,1,7,9,16,4,120,1,0.43,10,0
978,12,2,14,4,0,4,4,18,1,60,1,0.62,10,0
1531,17,1,22,3,3,7,10,18,0,120,1,0.09,20,0
1215,6,3,16,12,3,5,10,10,3,60,0,0.02,30,0
829,11,2,2,15,0,7,7,18,0,90,0,0.91,30,0
1600,18,2,25,4,1,5,7,20,4,120,1,0.96,15,0
1500,17,3,19,8,0,5,5,8,5,90,1,0.91,15,0
1107,16,2,20,25,3,6,10,10,4,120,1,0.09,10,0
1371,16,2,4,30,5,6,10,20,3,60,1,0.54,30,0
1090,19,1,25,29,0,0,0,22,2,90,0,0.22,15,0
1185,13,2,7,14,4,7,10,8,2,60,1,0.73,15,0
1450,15,1,28,27,3,7,10,10,0,90,0,0.16,30,0
1595,20,3,21,25,4,4,10,20,1,90,1,0.57,20,0
1194,9,2,8,25,3,6,10,14,0,90,1,0.19,15,0
1518,13,3,24,5,2,5,9,16,2,120,1,0.59,10,0
937,16,3,12,3,2,4,8,20,5,120,0,0.36,10,0
1036,17,2,30,22,2,4,8,20,1,60,1,0.28,10,0
844,16,2,25,26,5,6,10,20,1,90,0,0.61,30,0
1316,13,3,21,15,5,3,10,18,0,60,1,0.13,15,0
1566,9,2,3,10,3,7,10,22,1,120,1,0.56,30,0
904,18,2,24,1,0,1,1,18,1,90,1,0.09,15,1
1423,11,2,11,2,1,1,3,20,6,90,0,0.98,30,0
1274,9,2,3,19,3,5,10,14,2,120,1,0.62,30,0
1477,13,1,19,7,4,2,10,8,5,60,0,0.74,10,0
1366,18,1,11,7,2,5,9,18,4,120,1,0.88,30,0
1485,15,2,17,22,1,6,8,8,4,60,1,0.38,10,0
1457,20,2,21,26,1,0,2,22,0,60,1,0.87,30,0
1192,9,2,26,19,4,1,9,22,5,90,1,0.01,20,0
901,12,1,12,28,4,4,10,8,0,60,0,0.48,10,0
890,10,1,28,30,0,4,4,16,3,120,1,0.56,15,1
831,8,2,10,4,1,7,9,16,4,60,0,0.12,30,0
1313,15,2,28,10,4,7,10,20,1,60,0,0.03,30,0
998,13,3,30,22,0,0,0,14,4,90,0,0.79,10,0
1333,16,3,7,14,0,4,4,16,2,120,0,0.51,15,0
1222,10,2,9,17,4,1,9,16,0,90,1,0.89,20,0
1021,20,3,28,6,2,7,10,18,4,60,0,0.63,20,0
1489,12,2,0,1,1,7,9,20,1,90,1,0.71,10,0
891,17,3,5,18,5,7,10,22,3,60,1,0.74,20,0
1238,9,2,11,1,1,4,6,10,5,90,1,0.92,30,0
1165,8,3,12,29,0,7,7,18,5,60,0,0.99,15,0
1357,13,2,22,11,3,6,10,18,1,60,1,0.43,30,0
840,10,2,27,1,4,6,10,20,2,120,1,0.42,30,0
1528,16,3,12,11,0,6,6,20,1,120,0,0.5,15,0
1461,6,1,6,16,3,0,6,10,3,120,1,0.27,30,1
1229,12,1,12,19,4,6,10,16,5,60,0,0.62,20,0
821,16,2,29,16,4,5,10,18,3,120,1,0.38,20,0
1554,7,1,2,6,2,0,4,14,2,90,1,0.35,20,1
1304,7,2,22,23,0,3,3,22,3,120,1,0.65,30,1
928,8,3,17,3,0,6,6,14,4,60,1,0.89,10,0
976,10,1,30,8,3,6,10,10,5,90,0,0.58,15,0
1228,16,3,5,24,4,0,8,14,2,120,0,0.79,10,0
1500,12,1,10,21,4,2,10,8,2,120,0,0.95,10,0
1442,10,1,21,30,1,2,4,18,5,90,1,0.21,30,1
1336,15,2,26,26,3,1,7,20,5,90,1,0.56,10,0
1379,17,3,6,10,3,2,8,18,0,120,0,0.66,20,0
955,11,1,11,6,1,4,6,14,1,120,1,0.44,15,1
1175,12,3,24,26,1,6,8,18,6,120,1,0.0,10,0
1330,10,1,9,16,1,0,2,22,6,120,0,0.87,10,0
1090,20,1,10,21,1,1,3,10,2,90,1,0.19,30,1
1276,11,3,27,4,5,3,10,18,3,120,0,0.83,30,0
1557,12,1,23,9,0,1,1,16,4,60,1,0.87,15,1
1232,20,3,21,10,5,1,10,10,2,120,0,0.28,30,0
1535,20,2,1,16,1,0,2,18,5,60,0,0.68,15,0
1558,8,2,23,24,0,1,1,18,2,120,1,0.79,15,1
1495,7,2,24,10,2,4,8,10,0,120,1,0.75,10,0
1234,18,3,9,2,3,2,8,8,3,60,1,0.38,10,0
1516,14,2,2,3,5,1,10,16,4,90,0,0.8,10,0
1396,19,1,11,26,5,6,10,14,6,90,0,0.77,15,0
890,20,3,19,25,2,6,10,16,5,120,1,0.62,30,0
914,7,3,10,1,2,0,4,18,0,90,0,0.2,20,0
1541,10,3,24,8,5,2,10,10,1,60,0,0.64,20,0
1507,9,1,9,6,0,7,7,10,2,60,1,0.07,10,0
1155,9,1,21,15,5,3,10,8,6,60,0,0.1,20,0
1286,15,1,26,25,0,3,3,18,3,60,0,0.27,15,0
1209,12,1,27,9,5,1,10,22,1,60,1,0.42,10,0
1263,17,1,24,7,4,1,9,14,3,120,0,0.82,10,0
1182,20,3,15,8,4,4,10,8,3,90,0,0.76,10,0
1223,11,2,0,14,3,6,10,8,2,90,1,0.6,15,0
1034,19,1,6,18,1,3,5,10,5,60,1,0.37,10,0
1595,18,2,11,5,2,0,4,16,0,60,0,0.46,10,0
1594,15,3,11,24,2,0,4,8,3,90,1,0.59,15,1
1565,8,2,0,28,5,4,10,22,6,90,1,0.02,20,0
1104,8,3,13,27,1,5,7,18,0,120,1,0.49,15,1
1227,14,3,25,15,1,1,3,22,1,120,1,0.54,10,0
949,7,1,19,10,4,0,8,8,2,120,1,0.69,20,0
947,6,1,9,23,5,7,10,20,2,90,0,0.67,30,0
1458,8,1,1,24,1,0,2,8,5,120,0,0.19,30,0
903,20,3,14,17,0,4,4,16,3,90,1,0.67,30,1
1424,18,3,3,24,1,0,2,22,6,60,0,0.3,10,0
1056,20,1,19,5,3,0,6,10,3,120,0,0.75,20,0
1498,12,3,0,24,4,3,10,22,4,60,1,0.85,15,0
965,13,2,27,12,1,2,4,14,2,120,1,0.61,30,1
914,17,3,1,22,5,6,10,14,2,60,0,0.78,10,0
1104,13,3,28,15,0,6,6,16,3,60,1,0.52,15,1
1475,15,3,6,1,1,7,9,20,2,60,1,0.34,15,0
1135,11,2,11,26,0,3,3,16,4,120,0,0.38,20,0
809,14,3,27,17,0,2,2,14,5,60,1,0.87,15,1
1038,20,3,7,2,0,1,1,8,4,60,1,0.75,30,1
924,6,1,27,1,0,0,0,22,6,60,0,0.51,30,0
1190,10,3,4,10,0,0,0,14,6,120,0,0.13,10,0
1393,6,3,15,14,3,0,6,10,4,90,0,0.37,20,0
1559,11,3,24,16,0,1,1,20,4,90,0,0.17,15,0
1404,17,2,13,25,3,6,10,16,5,120,1,0.98,30,0
1592,16,3,2,11,2,0,4,22,6,90,1,0.13,15,0
1288,10,3,11,6,0,2,2,8,5,120,0,0.65,15,0
1057,14,3,7,7,5,3,10,18,5,120,0,0.08,30,0
1481,20,1,7,14,4,4,10,18,6,120,0,0.05,30,0
1044,10,1,5,21,1,4,6,18,3,60,0,0.78,30,0
873,20,2,1,25,0,3,3,8,2,120,1,0.28,10,0
1326,9,2,27,0,3,7,10,22,6,60,1,0.33,20,0
1491,14,1,9,17,0,0,0,8,0,60,0,0.36,10,0
981,15,3,16,0,2,2,6,18,5,90,1,0.38,10,1
1375,16,1,14,12,1,4,6,10,5,90,0,0.28,15,0
1107,10,2,23,3,0,2,2,20,6,90,1,0.39,20,1
1032,14,2,18,3,4,1,9,10,4,60,0,0.99,30,0
812,6,1,30,9,3,4,10,16,2,120,0,0.64,10,0
1054,11,1,11,30,4,7,10,10,6,120,1,0.54,10,0
997,17,3,5,2,3,2,8,8,2,120,1,0.83,10,0
1002,17,1,0,4,2,2,6,10,4,120,0,0.02,15,0
1282,10,3,16,29,3,1,7,8,6,120,1,0.5,20,0
1218,6,3,12,28,5,4,10,16,3,90,0,0.09,10,0
1423,7,1,13,23,1,2,4,8,6,90,1,0.15,20,1
1008,8,2,8,9,0,0,0,18,6,120,1,0.32,20,1
1257,10,1,7,3,4,0,8,16,4,60,0,0.39,20,0
1053,19,3,0,27,3,1,7,8,6,120,1,0.44,10,0
823,13,1,27,11,2,2,6,10,5,60,0,0.77,30,0
1501,18,2,24,22,1,2,4,16,2,60,0,0.84,10,0
1275,17,1,11,6,3,1,7,14,6,120,1,0.95,20,0
950,13,1,20,12,2,5,9,8,5,60,1,0.69,20,0
1296,17,1,11,26,1,5,7,22,1,90,1,0.56,15,0
1538,9,1,12,12,0,7,7,20,2,60,1,0.61,15,1
1105,12,2,24,14,0,2,2,8,1,60,0,0.42,30,0
980,6,1,29,14,4,1,9,22,4,60,0,0.61,15,0
1449,9,2,26,2,3,7,10,16,1,90,1,0.52,10,0
1338,18,3,7,1,2,3,7,22,0,90,1,0.15,30,0
1186,7,3,24,22,1,6,8,18,6,60,0,0.2,30,0
1531,13,1,3,21,3,3,9,20,1,90,1,0.04,30,0
1170,10,2,13,17,2,0,4,8,2,120,1,0.35,15,1
916,12,2,3,4,5,2,10,10,1,90,1,0.56,30,0
1502,8,1,1,13,0,4,4,8,1,60,1,0.3,15,1
968,6,2,26,19,0,7,7,8,0,60,1,0.2,20,0
1584,18,1,15,19,3,3,9,18,2,120,0,0.54,15,0
992,20,1,9,3,5,7,10,14,0,90,0,0.35,30,0
918,10,1,3,15,1,1,3,8,6,90,0,0.04,10,0
1528,10,2,19,25,1,2,4,14,2,120,0,0.09,30,0
1058,20,1,5,4,2,6,10,14,0,120,0,0.59,15,0
1142,7,2,9,7,1,0,2,14,3,90,0,0.27,20,0
1277,9,3,14,9,1,1,3,16,6,90,0,0.04,20,0
1476,12,3,18,13,3,7,10,10,5,120,1,0.6,10,0
1207,18,1,19,7,3,6,10,20,2,90,1,0.65,10,0
930,7,1,28,7,4,7,10,8,6,120,1,0.01,15,0
1101,18,2,16,21,1,7,9,8,0,120,1,0.99,20,0
1433,10,1,6,23,1,7,9,20,1,60,0,0.24,10,0
897,16,3,22,9,3,4,10,20,2,120,1,0.34,20,1
832,14,2,23,3,4,1,9,8,6,90,0,0.91,10,0
911,9,1,5,30,3,0,6,16,1,90,1,0.73,15,1
926,17,3,25,24,5,2,10,8,0,90,1,0.85,30,0
1314,9,3,29,27,2,0,4,18,6,60,1,0.56,10,1
1245,6,2,6,13,0,7,7,16,3,60,1,0.55,15,1
909,16,2,12,22,5,7,10,8,2,90,1,0.64,20,0
1067,6,3,8,17,2,7,10,16,5,120,0,0.75,15,0
1130,20,1,2,28,3,2,8,20,2,60,1,0.24,20,1
1212,18,1,12,22,2,7,10,10,4,120,1,0.83,30,0
1026,14,2,16,6,2,5,9,20,6,90,0,0.44,15,0
866,8,2,4,30,3,7,10,8,0,60,0,0.04,30,0
1486,8,1,29,10,5,3,10,22,2,60,0,0.22,20,0
1070,11,3,14,18,5,4,10,18,2,120,0,0.98,20,0
932,8,2,17,16,3,2,8,22,1,90,1,0.26,30,0
851,14,2,18,5,2,1,5,14,4,120,0,0.84,15,0
994,19,3,26,26,2,3,7,8,1,60,0,0.41,10,0
1321,8,2,11,22,3,1,7,22,1,90,0,0.6,10,0
1211,15,1,1,14,3,0,6,20,2,90,0,0.12,30,0
801,14,3,2,15,4,6,10,14,0,120,0,0.05,20,0
916,10,3,1,28,3,0,6,8,2,120,0,0.8,15,0
1324,17,1,11,22,3,1,7,8,0,60,1,0.5,15,0
960,20,3,14,5,4,7,10,22,6,60,1,0.68,30,0
1281,10,2,6,15,4,1,9,14,4,60,0,0.68,15,0
1285,9,1,6,23,5,2,10,10,4,90,1,0.64,10,0
1562,14,1,16,20,3,1,7,14,5,60,0,0.96,10,0
1548,12,2,14,16,3,0,6,14,2,90,0,0.99,15,0
813,8,2,6,5,2,2,6,22,4,90,0,0.46,30,0
1109,11,2,7,16,1,3,5,18,0,120,1,0.75,30,1
1463,19,1,3,9,0,2,2,22,6,90,0,0.28,15,0
1106,15,2,9,7,5,0,10,16,3,120,0,0.53,30,0
927,11,2,19,25,4,4,10,22,1,120,0,0.53,10,0
855,14,2,2,2,5,5,10,8,3,90,1,0.13,15,0
1146,15,3,0,30,4,7,10,22,4,120,1,0.96,10,0
960,7,1,1,19,0,3,3,18,1,60,1,0.4,20,1
811,20,1,26,22,0,6,6,8,4,90,0,0.91,15,0
1515,19,3,4,10,1,0,2,18,2,120,0,0.19,15,0
1093,19,3,5,15,3,6,10,10,3,60,1,0.38,30,0
1441,10,1,13,16,2,7,10,8,2,120,1,0.02,20,0
1572,14,3,27,24,2,2,6,10,2,60,1,0.03,15,1
1509,7,1,9,11,1,0,2,14,5,90,0,0.66,30,0
1267,12,2,8,22,3,6,10,16,1,90,0,0.99,20,0
922,6,2,26,26,0,4,4,22,0,120,1,0.16,30,1
1435,6,3,27,25,1,4,6,14,4,90,0,0.88,20,0
1552,12,2,23,26,1,1,3,10,0,120,0,0.96,30,0
1348,11,3,14,6,1,4,6,20,1,90,1,0.58,10,1
1483,12,1,6,30,3,5,10,14,5,120,0,0.39,15,0
1049,13,2,14,4,0,3,3,8,3,90,0,0.5,15,0
1469,6,3,15,28,3,5,10,22,5,120,0,0.63,20,0
1178,18,2,1,30,0,1,1,14,5,60,1,0.26,30,1
1146,7,2,19,16,4,5,10,8,6,60,0,0.29,20,0
908,18,2,1,8,2,2,6,18,4,90,0,0.15,30,0
1482,19,2,30,23,0,2,2,8,4,60,0,0.93,20,0
1170,20,2,7,28,0,6,6,8,3,90,0,0.54,15,0
1232,19,3,20,18,5,5,10,18,3,60,1,0.38,20,0
1230,12,1,16,13,4,0,8,22,0,90,0,0.55,30,0
1089,11,1,17,24,4,1,9,20,6,60,0,0.39,30,0
1156,9,2,4,5,4,7,10,16,6,90,1,0.7,20,0
1408,7,3,19,4,5,6,10,22,0,60,0,0.62,30,0
880,9,3,15,24,0,2,2,22,0,120,0,0.38,20,0
983,14,3,3,16,0,1,1,14,2,90,0,0.96,20,0
1346,9,1,20,5,3,3,9,20,1,60,1,0.07,10,0
1218,10,3,16,8,4,1,9,16,0,90,1,0.27,10,1
1126,19,3,24,18,3,4,10,16,3,120,0,0.13,10,0
914,7,1,14,30,0,2,2,18,2,90,0,0.46,10,0
841,12,2,19,28,3,4,10,22,5,120,0,0.34,20,0
1080,17,3,22,1,1,7,9,22,2,120,0,0.5,20,0
1422,15,2,3,18,5,7,10,10,6,60,1,0.68,15,0
936,19,2,26,3,4,5,10,20,4,60,1,0.92,20,0
1073,11,2,30,12,0,2,2,8,3,60,0,0.5,30,0
1551,15,2,26,1,1,6,8,16,5,60,0,0.86,30,0
836,18,3,0,14,5,1,10,8,4,90,1,0.95,10,0
1115,6,2,9,22,0,6,6,16,5,90,1,0.52,30,1
1480,18,3,23,6,3,4,10,20,6,60,1,0.77,10,0
1056,14,3,7,23,4,3,10,20,6,120,0,0.14,30,0
1017,13,2,29,17,1,2,4,20,3,90,1,0.34,30,1
1292,19,2,21,27,3,2,8,22,6,60,0,0.53,15,0
952,11,3,3,6,5,4,10,14,5,60,0,0.05,10,0
1073,6,2,2,14,3,0,6,18,5,60,0,0.84,15,0
1273,14,3,10,29,0,7,7,22,4,90,0,0.8,30,0
888,8,1,7,1,1,3,5,10,2,120,0,0.72,30,0
1310,11,3,15,9,0,1,1,10,1,60,1,0.46,30,1
1361,12,2,14,12,5,3,10,22,1,120,1,0.84,10,0
1218,20,3,4,28,4,3,10,8,6,90,0,0.35,10,0
1294,19,1,8,10,4,3,10,18,0,60,1,0.55,15,0
889,18,2,26,7,0,6,6,16,4,90,0,0.57,20,0
975,20,1,10,29,2,1,5,18,0,120,0,0.57,20,0
1238,12,1,16,6,3,4,10,8,0,90,1,0.08,10,0
1201,12,3,24,1,1,4,6,10,2,60,0,0.24,30,0
897,12,3,14,18,3,0,6,8,0,90,0,0.8,20,0
1119,19,3,17,24,3,7,10,8,1,120,1,0.49,15,0
1310,16,1,9,7,4,7,10,22,0,90,0,0.24,20,0
1259,19,1,2,1,0,3,3,20,5,120,0,0.64,15,0
1097,8,1,19,22,4,6,10,20,1,60,1,0.85,10,0
1187,13,2,18,1,1,6,8,18,3,120,1,0.76,30,1
830,15,2,29,2,4,7,10,10,4,60,0,0.36,20,0
1014,16,2,6,4,4,6,10,18,4,120,0,0.59,20,0
1098,17,1,24,3,5,2,10,16,4,60,0,0.75,20,0
1132,6,1,6,13,0,4,4,16,3,60,1,0.29,30,1
892,11,1,19,18,2,5,9,18,1,120,0,0.15,10,0
1220,9,1,15,4,1,0,2,22,5,90,1,0.94,15,0
970,16,1,3,22,0,3,3,14,2,90,1,0.11,15,1
1560,6,1,12,11,0,1,1,18,0,60,0,0.2,15,0
1333,15,3,5,26,4,2,10,10,6,60,1,0.33,15,0
1022,10,1,2,6,5,2,10,8,3,60,0,0.39,15,0
1074,11,3,27,16,0,1,1,22,0,60,1,0.73,20,1
1487,7,2,29,8,3,5,10,8,3,60,0,0.45,20,0
1305,20,1,4,19,2,5,9,22,4,120,1,0.96,20,0
1549,16,1,22,17,0,2,2,22,5,120,0,0.32,10,0
1472,17,3,26,0,3,4,10,8,0,60,0,0.56,10,0
1016,7,1,17,18,4,1,9,8,0,90,0,0.86,20,0
1144,14,3,1,8,2,2,6,14,4,60,0,0.99,20,0
1570,16,2,11,12,5,2,10,14,2,60,1,0.33,20,0
1110,13,3,30,5,0,3,3,16,0,60,0,0.03,20,0
1465,14,1,2,3,4,1,9,22,3,60,0,0.31,10,0
1074,15,2,7,30,3,4,10,8,2,60,0,0.66,20,0
809,20,2,29,12,4,3,10,22,5,90,1,0.32,15,0
1108,10,2,20,30,1,6,8,10,6,120,0,0.51,10,0
1132,9,2,8,24,4,7,10,10,4,120,1,0.5,10,0
1215,11,2,23,4,3,3,9,20,0,60,1,0.59,30,0
1106,14,2,14,18,2,6,10,16,1,120,1,0.75,30,0
899,16,1,16,10,4,1,9,8,1,90,0,0.25,10,0
1373,19,1,12,4,2,0,4,14,5,120,0,0.03,10,0
1388,20,3,14,9,4,3,10,22,6,60,1,0.4,15,0
1189,11,1,12,28,5,5,10,20,2,60,0,0.05,10,0
1199,15,3,7,8,2,5,9,16,2,120,1,0.47,30,0
933,9,3,13,23,5,6,10,10,5,90,1,0.35,15,0
968,20,3,19,27,5,7,10,8,0,60,1,0.97,20,0
1531,14,3,23,6,4,6,10,8,6,120,0,0.69,30,0
990,9,1,21,15,4,5,10,8,4,120,0,0.22,15,0
1212,18,3,0,8,5,0,10,8,4,60,1,0.63,20,0
1557,17,2,13,5,4,5,10,18,4,60,1,0.84,15,0
1046,9,2,22,1,3,7,10,22,1,90,0,0.6,15,0
1203,19,2,22,17,1,3,5,16,5,120,1,0.85,30,1
1036,6,2,30,8,1,4,6,10,1,120,1,0.45,20,0
1424,7,1,4,8,0,3,3,20,4,120,1,0.77,20,1
912,20,2,25,2,0,4,4,8,2,60,0,0.0,20,0
909,18,2,27,18,1,5,7,10,0,60,0,0.78,15,0
1445,17,2,27,14,4,5,10,22,2,120,1,0.14,30,0
1501,19,1,21,28,1,0,2,20,5,60,1,0.74,10,1
1110,6,1,9,18,1,2,4,10,3,120,1,0.8,10,0
1299,13,3,4,0,4,1,9,22,1,90,1,0.35,10,0
1343,14,1,23,26,1,7,9,18,1,90,0,0.58,30,0
1180,7,1,14,17,1,0,2,16,1,60,1,0.44,10,1
1436,11,1,30,12,0,3,3,10,2,60,0,0.53,15,0
1252,18,3,19,0,2,6,10,10,3,60,1,0.76,10,0
1514,19,3,6,23,5,2,10,22,1,120,0,1.0,20,0
811,6,2,2,17,2,6,10,22,0,90,1,0.99,30,0
822,12,2,6,5,4,2,10,18,6,90,0,0.99,10,0
1178,8,2,1,27,3,1,7,8,2,90,0,0.42,20,0
1029,10,1,6,25,1,2,4,16,3,60,1,0.98,30,1
1214,16,1,14,15,5,1,10,14,4,90,1,0.29,15,0
1478,15,3,16,22,0,4,4,20,6,90,1,0.94,15,1
1548,16,1,13,20,3,3,9,8,6,120,1,0.99,10,0
1261,15,2,19,7,5,2,10,20,6,60,1,0.87,20,0
890,20,2,24,22,2,1,5,18,6,120,1,0.9,10,0
1447,12,3,18,30,5,4,10,18,3,60,1,0.01,10,0
1457,14,3,6,28,0,5,5,10,6,60,0,0.74,30,0
1413,9,2,12,20,4,7,10,16,4,90,1,0.86,10,0
927,12,1,19,12,5,6,10,18,4,120,1,0.06,15,0
1404,18,1,13,25,5,3,10,18,3,120,1,0.86,30,0
996,12,2,0,8,3,5,10,18,0,90,1,0.25,10,0
1322,17,1,22,18,0,3,3,22,1,60,1,0.67,15,0
1028,18,3,14,20,0,1,1,14,5,90,0,0.19,15,0
1188,10,3,0,13,5,2,10,14,5,120,1,0.32,10,0
1211,20,2,11,1,0,2,2,10,3,120,0,0.05,20,0
1570,9,2,23,15,5,0,10,20,2,120,1,0.88,15,0
1473,16,2,21,23,3,2,8,16,4,120,1,0.91,10,0
1124,15,1,19,28,5,5,10,10,3,120,0,0.77,15,0
853,17,1,0,26,4,4,10,18,5,90,1,0.34,15,0
951,18,2,3,9,1,5,7,14,5,60,1,0.33,10,0
1292,18,3,16,16,2,5,9,18,1,60,0,0.21,15,0
1384,10,1,17,24,4,4,10,16,2,60,0,0.07,10,0
1574,19,3,28,12,5,3,10,18,0,120,0,0.3,15,0
993,13,3,8,6,1,2,4,10,1,60,1,0.77,20,0
1262,8,1,8,11,0,6,6,22,5,120,0,0.47,20,0
1283,15,2,28,10,1,3,5,18,6,120,0,0.53,15,0
1322,9,1,0,7,3,6,10,8,6,60,1,0.84,15,0
1328,18,2,16,7,3,5,10,18,5,120,0,0.7,10,0
1422,9,1,19,22,1,4,6,10,1,60,1,0.02,20,1
1239,6,1,21,14,3,2,8,16,6,90,1,0.37,30,1
823,16,1,8,7,0,0,0,10,4,60,0,0.15,10,0
1117,11,1,6,16,5,5,10,14,0,120,1,0.61,15,0
1132,13,1,21,15,3,6,10,10,2,90,0,0.76,30,0
1541,17,3,1,22,1,0,2,14,1,90,0,0.47,15,0
1173,15,1,17,23,2,1,5,16,1,120,1,0.27,15,1
1162,17,1,28,18,1,7,9,14,5,60,0,0.78,10,0
1203,16,1,18,15,0,1,1,18,2,60,1,0.85,10,0
943,19,1,16,3,2,1,5,14,3,60,0,0.34,20,0
1065,18,3,16,27,0,0,0,18,1,90,1,0.6,30,1
1595,12,2,30,16,3,5,10,8,4,90,0,0.64,10,0
1208,20,3,3,21,3,2,8,22,6,120,1,0.04,20,0
1004,9,3,18,16,3,7,10,16,2,120,1,0.37,30,1
802,18,1,6,13,2,0,4,8,3,60,1,0.98,20,0
809,8,1,24,14,2,6,10,8,0,120,0,0.05,20,0
1273,7,2,10,24,2,0,4,16,0,60,1,0.0,20,1
1321,19,2,12,28,4,4,10,20,1,120,0,0.07,10,0
804,11,1,29,11,0,1,1,8,3,90,1,0.72,30,1
1253,11,3,16,14,3,5,10,18,4,90,0,0.98,30,0
951,17,1,24,18,3,2,8,22,1,90,0,0.51,15,0
844,11,1,12,0,2,3,7,18,0,90,0,0.56,20,0
1529,15,1,28,23,3,3,9,8,1,90,1,0.52,15,0
890,17,2,13,28,1,5,7,20,5,120,0,0.92,30,0
969,18,3,11,18,1,4,6,20,2,90,0,0.5,30,0
1557,14,3,13,21,5,2,10,10,1,90,0,0.8,10,0
934,13,3,18,3,2,6,10,16,1,120,0,0.27,15,0
883,17,3,0,13,0,3,3,20,4,60,1,0.19,20,1
833,10,2,5,13,0,2,2,10,4,90,0,0.99,20,0
1039,11,2,29,16,3,6,10,20,1,90,0,0.61,30,0
1414,16,1,22,15,4,0,8,20,4,120,1,0.06,30,1
944,20,2,28,21,0,7,7,10,6,60,0,0.41,15,0
1599,14,2,17,30,4,3,10,10,5,60,1,0.29,10,0
916,15,1,14,17,3,7,10,8,1,60,0,0.41,20,0
1241,16,1,3,26,1,7,9,14,0,90,0,0.32,20,0
1256,16,1,16,11,4,7,10,20,6,90,1,0.19,30,0
1578,15,2,26,14,5,4,10,8,0,90,0,0.45,20,0
1348,7,2,24,6,1,7,9,22,2,90,0,0.31,15,0
1048,17,2,18,27,3,5,10,18,4,120,1,0.6,10,0
1412,9,1,2,4,5,1,10,22,3,90,0,0.14,15,0
916,6,1,24,23,1,4,6,20,1,60,0,0.28,30,0
1125,11,2,29,7,3,5,10,8,6,60,1,0.52,15,0
1599,16,3,16,29,5,7,10,8,1,120,1,0.45,10,0
1047,10,2,6,22,2,0,4,18,5,120,1,0.12,10,1
1308,10,2,21,6,3,0,6,10,2,60,1,0.25,15,1
910,11,2,21,12,4,5,10,20,1,90,1,0.98,10,0
990,9,2,13,6,2,2,6,18,5,60,1,0.34,30,1
1401,17,2,16,28,4,4,10,22,1,90,1,0.15,30,0
1034,8,3,15,29,2,2,6,22,2,60,1,0.9,15,0
1059,18,3,3,28,3,3,9,10,2,60,0,0.55,15,0
1235,6,3,11,27,5,0,10,14,5,60,1,0.46,30,0
1378,18,3,13,16,3,2,8,16,2,90,1,0.92,20,0
1315,20,2,22,13,0,1,1,10,5,120,1,0.62,20,1
1012,8,2,10,17,4,4,10,14,0,90,0,0.4,15,0
1098,10,3,6,16,3,1,7,22,6,90,1,0.02,30,0
1426,16,3,22,6,5,5,10,8,3,90,0,0.86,10,0
1275,16,1,27,2,0,5,5,20,5,120,1,0.69,20,1
1474,12,1,5,18,0,4,4,22,3,60,1,0.14,15,1
811,11,2,23,25,5,7,10,18,1,90,0,0.56,20,0
1420,14,2,18,13,0,3,3,8,6,90,1,0.18,20,1
1400,13,2,25,15,2,2,6,14,6,90,0,0.63,30,0
1131,18,1,8,23,1,0,2,18,5,90,1,0.85,30,1
1020,15,3,26,11,1,6,8,16,2,60,0,0.72,30,0
1396,14,1,7,13,2,4,8,14,4,90,0,0.35,20,0
1394,14,1,20,15,0,2,2,10,3,60,1,0.85,10,0
1050,17,1,24,7,5,4,10,18,5,60,0,0.13,10,0
1239,6,3,0,19,0,6,6,14,4,90,1,0.42,15,1
1321,8,1,3,20,5,3,10,16,0,60,0,0.05,20,0
925,18,2,25,19,4,0,8,22,3,90,1,0.04,15,0
1390,15,3,6,6,3,6,10,8,1,90,1,0.61,20,0
821,14,1,24,5,0,4,4,10,5,60,0,0.44,15,0
1563,15,3,10,15,5,7,10,14,4,90,1,0.33,20,0
1327,8,2,23,19,4,2,10,10,5,90,1,0.13,20,0
1384,6,1,1,24,1,2,4,18,4,120,1,0.68,15,1
1115,8,1,30,29,3,5,10,22,2,60,0,0.42,15,0
1589,14,1,23,30,0,5,5,16,3,90,0,0.66,15,0
1095,20,2,20,6,0,3,3,14,3,120,1,0.64,10,0
1021,16,1,28,5,0,0,0,8,0,120,0,0.01,20,0
1450,18,3,20,9,0,7,7,16,5,90,0,0.12,30,0
1215,11,1,15,9,3,4,10,16,2,60,1,0.93,30,0
1044,11,1,20,29,1,5,7,10,5,120,0,0.24,10,0
992,9,3,1,0,2,5,9,22,0,120,1,0.9,10,0
943,13,1,6,24,1,4,6,16,4,120,0,0.89,15,0
1475,12,3,19,5,4,2,10,18,0,90,1,0.31,10,0
803,18,2,23,29,3,1,7,14,2,120,0,0.94,10,0
1294,10,3,17,23,4,6,10,18,5,90,0,0.63,15,0
1243,10,1,1,10,5,5,10,10,4,90,0,0.68,10,0
851,15,2,10,28,0,7,7,10,2,120,1,0.14,15,0
1528,12,3,18,8,4,7,10,20,3,90,0,0.92,10,0
1036,10,3,15,6,3,5,10,18,1,90,0,0.63,15,0
803,19,2,4,11,0,1,1,18,1,120,0,0.94,10,0
811,11,2,4,20,2,1,5,18,3,90,1,0.42,10,0
916,15,2,15,2,1,4,6,14,6,120,0,0.36,15,0
1084,18,2,4,0,4,0,8,8,5,60,0,0.16,10,0
1171,7,2,8,26,4,7,10,20,6,90,1,0.17,10,0
1050,13,1,28,5,2,4,8,8,3,120,1,0.31,30,0
1534,7,2,11,28,3,7,10,18,5,90,1,0.57,10,0
1030,15,2,3,3,2,2,6,14,1,120,0,0.16,30,0
1129,6,2,19,18,0,3,3,22,0,90,0,0.61,15,0
1413,17,2,9,25,4,3,10,10,1,90,1,0.26,15,0
1482,11,2,3,8,4,1,9,22,3,60,1,0.11,15,0
1076,18,2,26,28,2,4,8,18,0,90,0,0.03,10,0
1093,14,2,12,26,2,7,10,8,2,60,1,0.76,15,0
1519,8,2,4,11,0,1,1,18,3,60,1,0.37,10,1
1371,17,1,23,14,2,4,8,8,0,90,1,0.25,10,0
1590,18,1,1,27,1,6,8,22,4,60,0,0.35,20,0
1577,14,1,5,18,3,5,10,18,6,90,1,0.58,30,0
819,10,2,5,12,0,7,7,14,0,120,1,0.55,10,0
1557,11,1,16,6,1,1,3,8,5,120,1,0.85,10,0
1393,7,2,30,4,5,5,10,20,6,60,0,0.68,10,0
1262,10,3,13,10,2,6,10,22,4,60,0,0.49,20,0
813,17,1,19,13,2,7,10,14,0,120,1,0.59,30,0
1335,11,2,8,4,2,3,7,16,3,120,1,0.82,20,0
1539,6,3,12,25,5,0,10,8,3,60,0,0.46,15,0
1225,8,3,6,14,1,5,7,18,0,120,0,0.72,15,0
1190,12,1,17,6,4,6,10,22,5,90,0,0.5,20,0
1463,12,2,1,21,4,0,8,20,1,120,1,0.5,30,1
955,18,1,20,20,3,2,8,14,3,90,0,0.42,20,0
1460,7,1,26,21,3,5,10,20,4,90,1,0.05,15,0
1108,10,2,17,27,0,1,1,14,6,60,0,0.78,30,0
1125,15,3,12,0,1,5,7,18,5,90,1,0.32,30,1
1194,6,1,26,29,1,3,5,20,5,120,1,0.02,20,1
1143,17,2,24,20,3,1,7,14,0,90,0,0.36,30,0
1151,14,3,5,16,4,0,8,8,2,90,0,0.59,10,0
1307,12,1,13,5,2,0,4,8,4,120,1,0.47,10,0
1507,8,2,9,0,2,7,10,20,1,120,1,0.46,15,0
1264,18,3,8,3,0,6,6,10,3,90,0,0.27,30,0
801,6,3,6,10,2,6,10,20,3,90,1,0.08,10,1
861,11,1,7,1,4,5,10,8,0,120,1,0.62,30,0
1371,6,1,0,28,5,1,10,16,4,120,1,0.47,10,0
1306,16,3,27,29,1,3,5,20,0,90,1,0.41,10,1
1158,17,2,1,22,4,3,10,8,3,90,1,0.53,20,0
1526,13,2,24,1,4,2,10,18,0,90,0,0.63,20,0
1456,12,3,24,30,5,2,10,20,3,60,1,0.69,30,0
971,16,3,6,5,3,6,10,22,6,60,1,0.37,20,0
1550,18,3,28,8,1,2,4,20,0,120,1,0.96,30,1
1292,6,1,17,14,0,6,6,22,4,120,0,0.62,20,0
1442,13,2,30,30,2,4,8,8,1,60,1,0.41,30,0
1241,6,3,27,29,1,6,8,10,0,120,1,0.95,20,0
968,11,1,24,28,3,1,7,10,6,120,0,0.68,30,0
1474,19,2,20,15,1,2,4,16,0,90,1,0.68,10,0
1588,7,1,24,8,4,2,10,14,3,90,0,0.97,10,0
1401,13,3,0,1,3,3,9,20,4,120,0,0.74,30,0
1412,16,1,5,24,3,0,6,8,4,90,1,0.06,15,0
1207,7,3,8,0,3,0,6,20,5,90,0,0.36,30,0
1385,10,2,25,30,5,4,10,10,3,90,1,0.39,30,0
1045,17,1,5,27,0,4,4,18,4,90,1,0.85,30,1
1129,10,2,7,7,4,0,8,10,3,120,1,0.77,20,0
882,19,1,13,3,0,3,3,8,3,90,1,0.99,15,0
889,14,3,24,8,1,4,6,18,3,60,0,0.99,20,0
1196,19,1,3,28,1,5,7,10,2,120,1,0.67,20,0
1430,13,2,18,7,0,0,0,10,5,90,0,0.51,15,0
1390,8,3,15,30,3,6,10,8,0,60,0,0.93,10,0
1464,19,2,19,15,3,4,10,20,2,90,1,0.38,20,0
1051,19,2,3,0,4,7,10,14,6,120,0,0.3,15,0
1124,17,2,22,16,5,5,10,16,0,90,1,0.32,15,0
1525,7,1,17,29,2,3,7,18,1,120,0,0.72,30,0
927,19,1,2,3,0,3,3,18,1,60,1,0.69,30,1
1157,18,1,12,30,4,0,8,8,6,60,0,0.33,10,0
864,7,1,30,22,5,1,10,22,3,90,1,0.39,30,0
1013,15,2,0,5,2,5,9,18,3,90,1,0.47,15,0
1251,7,3,29,10,2,4,8,8,0,60,0,0.46,10,0
1552,7,2,9,26,4,4,10,8,6,90,0,0.45,10,0
1549,16,3,15,6,4,5,10,10,4,60,1,0.68,20,0
1217,20,1,0,18,3,4,10,22,5,60,0,0.59,15,0
1032,12,2,10,29,0,6,6,8,1,90,0,0.84,30,0
1244,19,3,18,19,0,7,7,22,5,60,0,0.43,15,0
1573,19,1,25,29,5,7,10,16,6,60,1,0.95,20,0
826,14,3,22,19,1,6,8,20,4,120,0,0.32,15,0
1383,8,2,29,7,0,3,3,22,1,90,1,0.19,20,1
936,20,3,22,29,4,5,10,18,0,60,0,0.59,20,0
1554,13,2,18,13,1,3,5,18,0,120,1,0.22,15,1
930,14,2,9,4,0,4,4,20,4,60,1,0.83,15,1
1398,11,1,28,29,3,5,10,20,3,60,0,0.14,15,0
1103,9,3,8,14,0,7,7,10,4,90,0,0.62,20,0
905,10,1,28,21,2,1,5,8,5,120,0,0.41,10,0
912,12,2,1,1,5,7,10,18,3,120,1,0.07,15,0
1241,15,2,9,11,0,7,7,8,0,90,1,0.43,10,0
1428,8,3,10,11,5,1,10,14,3,60,0,0.5,10,0
842,17,2,20,0,4,5,10,14,1,90,0,0.51,15,0
1153,20,3,14,15,2,0,4,22,3,120,0,0.37,30,0
1370,10,3,2,28,1,4,6,20,2,120,1,0.15,20,1
1542,20,1,7,26,2,3,7,18,4,60,1,0.79,20,1
1059,15,3,6,3,3,5,10,8,4,60,0,0.14,30,0
971,9,1,19,14,3,0,6,16,4,60,1,0.18,30,1
1377,7,3,4,21,2,1,5,14,6,120,1,0.65,15,1
1338,18,1,27,10,2,5,9,16,6,60,0,0.86,15,0
1355,17,1,15,27,1,6,8,10,0,90,0,0.26,15,0
1328,11,1,29,4,4,4,10,8,0,60,1,0.41,10,0
1096,19,2,21,7,2,2,6,14,6,90,0,0.06,20,0
1582,8,3,12,18,4,7,10,18,0,120,0,0.77,15,0
1452,18,3,25,15,1,1,3,20,0,60,0,0.5,20,0
860,7,3,8,12,4,3,10,22,2,60,1,0.25,30,0
1194,18,1,5,0,2,2,6,16,4,90,0,0.43,10,0
1042,6,3,19,27,2,6,10,14,4,90,1,0.43,10,0
922,13,2,3,11,1,2,4,22,6,60,0,0.3,20,0
1331,16,1,28,14,5,5,10,16,6,60,0,0.53,20,0
1249,12,2,7,3,1,5,7,8,6,90,0,0.26,15,0
982,19,3,28,12,5,2,10,14,6,60,0,0.97,30,0
1218,11,2,18,26,0,4,4,20,4,90,1,0.29,15,1
1513,11,1,9,23,2,4,8,22,0,90,0,0.7,15,0
856,15,2,2,2,3,6,10,22,1,60,0,0.06,10,0
1320,16,2,17,1,3,5,10,18,4,60,1,0.94,30,0
1472,20,3,26,27,5,7,10,16,5,60,1,0.14,10,0
1090,12,1,14,21,3,6,10,16,4,90,1,0.8,20,0
1178,17,1,17,18,1,1,3,10,0,120,1,0.91,30,0
1356,17,1,6,28,5,7,10,8,6,90,1,0.73,10,0
1149,10,1,4,7,0,3,3,20,4,60,1,0.52,20,1
1589,13,1,19,22,0,2,2,18,6,90,1,0.51,30,1
1143,14,3,2,5,4,1,9,8,1,90,1,0.21,30,0
1257,7,2,8,3,5,1,10,20,0,90,0,0.38,30,0
1558,8,3,29,2,5,2,10,16,6,60,1,0.71,15,0
1022,11,1,14,13,3,4,10,22,6,60,0,0.7,30,0
1374,9,1,22,19,4,7,10,16,0,120,0,0.78,15,0
1255,11,2,18,22,2,6,10,16,1,90,1,0.8,30,0
841,17,3,27,10,3,0,6,22,3,90,1,0.55,10,0
1287,13,1,18,11,2,5,9,10,2,60,0,0.38,20,0
899,20,3,3,14,2,3,7,20,6,90,0,0.24,20,0
1098,20,2,6,4,2,2,6,18,3,60,1,0.02,15,1
1358,14,1,11,27,0,1,1,8,5,60,1,0.87,10,0
1543,19,3,20,21,3,0,6,20,1,90,1,0.87,20,1
804,17,1,14,28,5,4,10,22,1,60,1,0.61,20,0
1508,11,1,10,5,1,1,3,22,6,120,0,0.51,10,0
807,9,3,12,17,5,2,10,18,4,90,1,0.09,15,1
1460,10,1,30,12,2,0,4,10,3,90,0,0.45,30,0
1322,16,2,5,6,4,5,10,16,0,60,0,0.64,20,0
831,7,2,2,1,4,1,9,16,5,120,0,0.68,30,0
876,14,3,7,20,4,3,10,18,5,60,0,0.45,15,0
1033,16,1,23,23,1,0,2,16,0,60,1,0.19,10,1
1060,17,2,14,14,1,1,3,16,6,120,0,0.7,10,0
949,14,2,15,30,1,6,8,22,5,90,0,0.1,20,0
1376,6,3,17,6,3,3,9,22,0,90,0,0.22,15,0
988,17,3,16,23,3,3,9,18,1,90,0,0.33,20,0
1241,13,3,24,5,5,5,10,22,3,120,1,0.76,10,0
1147,15,3,19,26,1,0,2,14,5,60,0,0.38,10,0
810,17,2,20,8,5,3,10,14,2,90,0,0.42,30,0
1464,7,3,14,19,5,0,10,18,1,120,1,0.24,30,1
806,14,2,26,1,1,4,6,14,4,120,1,0.35,30,1
1570,10,2,9,24,4,5,10,22,6,120,0,0.28,10,0
1173,15,2,28,29,3,0,6,10,6,60,0,0.23,20,0
1540,12,3,8,4,3,2,8,22,0,90,1,0.86,30,0
800,19,1,2,2,5,1,10,22,3,90,1,0.8,10,0
1446,13,2,11,12,1,1,3,16,1,90,1,0.64,15,1
1153,12,2,2,18,4,4,10,16,4,120,0,0.15,10,0
1304,12,2,10,17,4,4,10,14,3,60,0,0.44,10,0
1436,12,3,4,15,0,5,5,20,3,90,1,0.93,30,1
1532,17,1,5,15,3,4,10,16,4,90,0,0.62,10,0
1527,13,3,15,28,3,7,10,18,3,60,1,0.54,20,0
888,9,2,15,5,5,3,10,20,4,90,0,0.33,30,0
1421,18,3,15,29,0,7,7,10,2,90,1,0.55,30,0
1401,9,3,6,16,0,0,0,20,3,90,0,0.78,10,0
1459,7,2,18,12,0,6,6,22,6,90,0,0.61,20,0
1384,10,1,26,1,5,1,10,14,6,90,0,0.45,15,0
1182,13,3,27,15,3,3,9,22,1,60,0,0.94,10,0
1087,7,3,0,7,3,7,10,8,3,60,0,0.58,15,0
1562,15,2,11,6,1,2,4,14,0,90,0,0.07,15,0
1230,11,3,1,8,2,0,4,18,0,90,0,0.43,15,0
1378,12,2,13,23,0,1,1,14,0,120,0,0.9,10,0
810,16,1,16,21,5,7,10,10,5,60,0,0.81,30,0
1518,9,1,3,27,3,6,10,18,4,120,1,0.38,20,0
1076,7,3,16,8,4,5,10,22,4,120,1,0.95,15,0
1548,17,2,5,13,4,0,8,10,1,90,1,0.37,20,0
898,8,2,1,7,0,7,7,8,3,120,1,0.66,15,0
800,15,1,16,9,1,4,6,14,6,60,1,0.78,15,1
889,11,1,29,29,5,3,10,10,4,90,0,0.15,30,0
1502,17,2,28,16,3,5,10,14,4,60,1,0.53,30,0
1252,10,1,26,13,0,0,0,20,5,60,0,0.21,20,0
1106,19,3,20,14,4,3,10,22,3,90,1,0.81,30,0
1076,15,2,10,28,3,7,10,16,2,90,0,0.79,20,0
1563,19,3,28,7,4,5,10,20,5,90,1,0.62,30,0
921,10,1,1,24,1,6,8,16,5,60,0,0.7,20,0
1248,18,1,6,9,4,6,10,16,0,90,1,0.5,10,0
1072,13,1,14,5,2,4,8,22,4,90,0,0.14,15,0
1397,14,3,1,30,4,5,10,16,1,90,1,0.81,20,0
1313,20,1,4,16,1,1,3,18,5,90,0,0.14,15,0
916,8,3,29,25,2,2,6,20,4,60,0,0.97,20,0
1509,14,1,26,17,0,5,5,10,4,60,1,0.42,10,0
1478,14,1,2,19,2,7,10,14,3,120,1,0.87,20,0
877,9,1,2,7,4,4,10,8,2,120,0,0.07,30,0
1444,13,1,12,17,0,0,0,16,5,90,0,0.12,10,0
880,8,2,22,29,0,5,5,14,0,90,0,0.07,30,0
1129,12,3,2,5,3,0,6,14,6,120,1,0.1,20,1
1115,16,3,22,16,4,3,10,22,4,120,0,0.18,20,0
1208,15,3,8,0,2,0,4,14,3,120,1,0.3,15,1
1124,16,3,14,6,5,5,10,22,3,90,0,0.39,20,0
1192,12,2,0,16,1,2,4,10,0,90,0,0.3,15,0
1203,17,3,26,1,2,6,10,14,3,60,1,0.38,10,0
1316,7,2,5,22,5,1,10,8,2,60,1,0.93,15,0
930,20,2,23,20,4,7,10,22,6,90,1,0.05,20,0
1168,18,1,20,26,3,5,10,18,6,60,0,0.59,15,0
1021,18,3,4,24,3,5,10,16,6,90,1,0.62,10,0
1078,10,2,0,22,1,5,7,22,6,60,1,0.55,30,0
1290,10,3,10,15,0,5,5,10,1,60,0,0.53,20,0
1461,16,3,18,10,4,6,10,18,4,120,1,0.58,20,0
1298,18,1,29,6,0,0,0,18,6,120,1,0.98,30,1
1562,12,3,29,26,5,6,10,18,0,60,0,0.48,20,0
1111,6,2,11,24,0,3,3,10,6,60,1,0.35,10,1
1090,11,1,23,20,0,3,3,16,6,60,1,0.29,30,1
1336,10,1,4,14,4,6,10,18,0,60,1,0.77,20,0
1377,6,2,13,0,1,1,3,20,3,90,0,0.87,20,0
963,13,2,25,14,5,3,10,10,3,120,0,0.15,15,0
1134,7,1,17,11,2,5,9,18,6,120,1,0.17,15,0
1520,19,2,5,3,5,0,10,16,1,60,0,1.0,20,0
1435,10,3,25,13,4,0,8,18,5,60,0,0.01,15,0
983,19,3,22,22,4,0,8,20,5,120,1,0.82,20,0
1390,15,1,1,30,0,7,7,14,4,60,0,0.57,15,0
1116,10,1,26,7,3,3,9,10,1,90,1,0.72,10,0
922,13,1,17,29,0,3,3,22,5,60,0,0.34,10,0
1353,12,1,1,23,4,6,10,20,6,60,1,0.17,20,0
893,20,2,20,28,0,2,2,22,3,120,1,0.24,30,1
1267,12,3,12,22,1,3,5,22,6,90,1,0.72,20,0
841,12,2,29,25,4,1,9,16,2,120,1,0.53,30,0
1043,7,2,17,10,1,5,7,10,0,120,1,0.68,20,0
1506,15,1,21,18,5,1,10,8,1,120,0,0.14,15,0
1459,19,2,19,11,0,4,4,16,3,60,0,0.9,20,0
1419,12,2,27,13,3,0,6,10,1,120,1,0.8,30,0
1154,10,2,4,3,5,6,10,10,2,90,0,0.33,10,0
1549,10,3,30,1,5,4,10,14,2,120,0,0.14,15,0
1415,19,2,19,22,2,1,5,10,6,60,0,0.34,30,0
1320,18,2,15,14,3,1,7,22,5,90,1,0.07,20,0
875,12,1,2,22,5,1,10,14,5,90,1,0.95,15,0
852,15,2,12,24,4,0,8,8,2,60,0,0.27,20,0
1362,17,1,26,21,1,0,2,22,0,90,1,0.35,10,0
1008,10,2,10,6,3,5,10,14,5,60,1,0.41,20,0
1209,8,2,3,30,2,5,9,20,6,90,1,0.45,15,0
1203,19,3,11,21,2,0,4,14,4,120,1,0.78,10,0
1073,8,3,1,28,2,6,10,20,2,60,0,0.79,10,0
1496,13,2,26,4,2,0,4,22,6,120,1,0.87,30,0
1455,20,3,7,11,4,1,9,8,2,120,1,0.01,10,0
997,12,1,15,3,1,0,2,18,5,60,1,0.28,10,1
1065,6,3,12,21,1,1,3,8,1,90,1,0.97,10,1
1144,13,2,20,12,0,7,7,8,4,60,1,0.16,30,0
1300,7,3,27,15,1,4,6,10,6,120,0,0.58,20,0
1251,15,2,22,0,3,0,6,18,4,60,0,0.84,15,0
1277,9,2,3,23,1,2,4,16,4,90,0,0.11,30,0
1465,6,1,29,23,4,6,10,20,5,120,0,0.51,20,0
1162,13,1,23,1,3,4,10,16,5,90,0,0.74,30,0
1295,15,2,14,13,3,7,10,10,3,60,0,0.39,15,0
938,6,1,27,30,3,7,10,10,2,90,1,0.54,10,0
971,20,2,5,4,3,6,10,8,3,120,0,0.04,20,0
1474,12,2,28,24,2,4,8,14,0,60,1,0.06,20,1
1303,19,2,17,1,5,7,10,14,5,120,0,0.07,15,0
1054,12,3,0,22,5,6,10,18,3,60,1,0.81,10,0
1140,13,2,21,22,1,5,7,16,1,90,0,0.64,10,0
813,17,2,5,25,0,0,0,20,6,90,1,0.9,30,1
1288,20,3,22,30,2,5,9,18,6,60,1,0.28,20,0
1170,13,1,24,23,5,2,10,16,2,120,0,0.73,15,0
1099,7,1,1,25,5,6,10,10,6,90,0,0.3,15,0
1542,18,3,20,15,1,7,9,8,0,90,0,0.56,15,0
1276,10,2,11,3,3,6,10,20,4,90,0,0.47,15,0
1599,7,3,21,12,2,5,9,20,2,90,0,0.28,20,0
1529,8,3,28,10,5,3,10,22,1,90,0,0.8,20,0
1497,7,3,9,15,0,6,6,16,1,90,1,0.54,10,1
1247,9,3,30,0,2,0,4,16,5,120,0,0.98,15,0
1225,15,2,5,25,2,2,6,14,6,60,0,0.25,30,0
1534,20,1,20,11,1,3,5,16,1,90,0,0.41,30,0
1132,11,1,6,28,1,4,6,16,5,120,1,0.93,10,0
1368,9,3,29,25,5,5,10,10,3,120,1,0.72,10,0
1511,6,1,0,13,0,2,2,18,0,60,1,0.54,15,1
1396,18,3,28,0,1,7,9,14,4,90,0,0.68,10,0
1370,18,1,2,27,2,1,5,10,6,90,0,0.37,20,0
1043,10,3,13,15,1,3,5,18,6,90,1,0.34,10,1
1126,14,1,18,5,2,1,5,20,3,90,1,0.27,20,1
1574,10,2,25,11,4,1,9,8,1,90,1,0.25,20,0
854,12,1,13,13,3,3,9,18,6,60,1,0.12,30,0
1475,18,1,22,29,5,2,10,8,3,120,1,0.64,15,0
918,7,1,21,23,0,1,1,22,0,60,1,0.05,15,1
979,6,2,6,30,4,7,10,20,5,120,0,0.49,10,0
1160,20,2,23,9,5,7,10,14,4,60,0,0.72,10,0
1427,12,1,0,20,3,6,10,22,6,120,0,0.76,10,0
943,9,2,11,19,1,6,8,8,2,60,0,0.22,15,0
867,18,2,14,1,0,5,5,16,3,60,0,0.47,10,0
817,17,2,27,25,4,2,10,8,4,120,1,0.07,20,0
1587,7,2,2,21,3,7,10,8,5,120,0,0.63,20,0
1582,9,2,17,28,4,1,9,22,0,90,1,0.63,10,0
986,18,2,28,9,2,6,10,18,4,60,0,0.69,20,0
1394,6,2,17,26,1,2,4,20,4,120,1,0.23,20,1
1434,17,2,22,10,0,5,5,18,1,60,1,0.14,10,1
1018,8,3,14,25,0,4,4,16,3,120,1,0.47,10,1
1046,13,2,21,2,5,6,10,22,4,120,1,0.88,10,0
1382,9,3,17,26,0,7,7,18,1,90,1,0.62,10,1
981,14,1,15,30,4,5,10,18,3,90,1,0.73,20,0
1322,17,1,19,29,1,1,3,20,4,90,1,0.36,20,1
1090,8,2,4,20,3,2,8,22,6,60,0,0.1,30,0
1045,17,1,18,25,4,0,8,16,2,120,1,0.38,15,0
1473,8,2,6,2,2,7,10,22,3,90,1,0.01,30,0
1146,16,3,15,11,4,3,10,14,4,90,1,0.48,30,0
1053,19,3,0,18,3,4,10,14,4,60,1,0.82,10,0
1059,15,2,30,24,0,5,5,14,5,60,1,0.84,30,0
1401,7,1,23,22,4,3,10,20,6,60,0,0.68,20,0
1061,18,2,16,8,0,5,5,18,3,90,1,0.65,20,1
1020,19,1,15,30,1,5,7,18,3,120,1,0.48,15,0
826,10,2,5,4,1,7,9,20,5,90,1,0.5,20,0
1383,14,3,30,8,2,2,6,22,5,120,1,0.4,20,0
1596,8,2,4,3,2,5,9,22,5,90,0,0.21,20,0
1372,15,2,24,16,4,2,10,18,5,90,0,0.41,10,0
1244,9,2,21,21,2,7,10,10,5,120,1,0.22,15,0
1173,14,3,5,12,0,6,6,18,3,120,1,0.92,30,1
1168,16,2,27,23,1,1,3,10,6,60,0,0.55,15,0
1308,13,2,18,9,4,0,8,16,4,120,1,0.6,15,1
1576,19,1,27,0,0,5,5,18,3,90,0,0.62,15,0
1283,8,3,26,11,1,5,7,16,3,120,0,0.33,20,0
1369,13,3,19,1,2,7,10,16,4,60,0,0.67,30,0
1211,19,3,1,21,1,5,7,18,6,60,1,0.34,15,0
819,17,1,23,25,3,1,7,20,0,90,0,0.68,10,0
1140,15,2,9,29,5,1,10,10,4,120,1,0.42,30,0
1218,13,1,22,22,5,0,10,10,1,90,1,0.79,30,0
1256,16,1,3,29,3,2,8,20,2,60,1,0.69,30,1
843,20,2,1,4,5,4,10,14,3,120,0,0.23,30,0
1375,19,2,19,8,2,7,10,14,2,60,1,0.04,20,0
850,12,1,24,15,1,5,7,14,6,60,0,0.97,15,0
1128,16,2,6,12,0,2,2,10,0,120,0,0.39,15,0
1234,12,3,6,11,1,3,5,20,5,90,0,0.49,20,0
1031,19,1,28,9,2,1,5,14,3,120,1,0.71,10,0
1166,14,2,10,8,3,1,7,8,5,90,1,0.61,15,0
1286,7,1,1,9,4,5,10,8,0,90,0,0.89,30,0
929,15,1,17,14,5,0,10,18,5,60,1,0.52,15,0
1153,7,3,24,7,4,7,10,14,0,120,1,0.1,30,0
1459,17,3,4,14,5,7,10,10,5,60,0,0.11,15,0
1301,12,3,24,22,2,6,10,20,1,60,1,0.86,20,0
1074,10,1,1,18,1,6,8,18,2,90,0,0.67,30,0
1111,16,3,30,26,4,3,10,10,6,90,1,0.62,15,0
1310,20,3,6,22,4,7,10,22,0,60,0,0.36,20,0
1384,19,3,7,14,2,5,9,20,0,120,0,0.25,20,0
1169,20,2,13,24,0,3,3,10,6,120,1,0.73,10,0
1002,15,3,29,26,5,4,10,20,0,90,0,0.72,30,0
960,6,3,3,5,3,5,10,22,0,90,1,0.46,10,0
1023,14,2,23,9,1,3,5,18,2,90,0,0.4,10,0
1068,10,1,28,20,2,6,10,18,6,60,0,0.09,10,0
1456,7,2,1,28,1,5,7,10,0,120,0,0.29,20,0
986,18,3,22,20,0,4,4,16,6,60,0,0.61,30,0
1430,10,2,14,1,5,5,10,20,6,90,1,0.2,30,0
1574,11,1,1,10,3,2,8,22,1,90,0,0.75,30,0
1471,12,2,12,23,0,5,5,10,4,60,0,0.84,30,0
902,8,2,25,22,5,5,10,16,5,90,0,0.66,30,0
1410,16,3,9,9,2,2,6,20,1,90,1,0.25,30,1
1474,15,2,10,8,0,5,5,22,0,90,1,0.76,20,0
1219,19,2,5,21,0,0,0,18,2,90,1,0.94,10,0
1541,16,1,30,17,0,0,0,18,1,60,0,0.72,20,0
835,14,3,30,22,5,7,10,16,5,60,0,0.3,20,0
1048,17,1,1,6,5,1,10,18,4,60,1,0.74,10,0
1279,10,1,11,17,0,5,5,16,3,120,1,0.34,20,1
999,20,3,23,21,0,4,4,14,6,120,1,0.73,30,1
1386,17,1,27,30,5,1,10,22,0,90,1,0.62,30,0
955,20,1,29,10,0,1,1,10,4,60,0,0.62,30,0
1329,12,1,9,21,2,2,6,18,2,90,0,0.63,10,0
1037,18,2,22,25,5,4,10,16,0,90,0,0.49,30,0
1289,17,3,21,28,1,6,8,16,0,120,1,0.37,10,0
1479,16,1,0,11,2,1,5,20,6,60,0,0.29,10,0
1011,15,3,8,12,5,0,10,14,3,60,1,0.9,10,0
803,7,1,29,25,2,4,8,22,1,120,1,0.36,10,0
1301,11,1,19,15,3,4,10,10,6,60,1,0.29,30,0
1409,15,2,25,7,3,5,10,10,5,120,0,0.72,10,0
1180,11,2,24,27,3,2,8,20,3,90,1,0.14,10,0
988,11,1,27,0,2,6,10,16,0,60,0,0.19,30,0
1547,16,2,14,20,2,3,7,22,6,60,0,0.05,10,0
968,14,3,28,7,2,4,8,8,4,60,1,0.34,30,0
1464,12,1,6,27,1,2,4,14,4,90,1,0.43,10,0
1290,6,1,15,30,2,0,4,16,3,90,1,0.24,20,1
1275,7,2,29,22,3,6,10,10,5,90,0,0.49,30,0
1454,8,1,16,22,1,0,2,20,3,90,0,0.89,20,0
873,8,1,15,12,0,6,6,14,4,120,1,0.25,10,1
869,7,2,28,13,0,0,0,14,1,120,1,0.77,20,1
1295,7,3,5,0,5,1,10,8,0,60,1,0.26,15,0
1053,7,3,28,1,3,6,10,22,6,60,1,0.78,15,0
921,14,1,30,2,0,6,6,22,2,90,1,0.15,10,0
1171,18,1,11,10,1,5,7,14,1,120,0,0.43,15,0
1237,7,1,20,22,1,6,8,8,2,60,0,0.21,15,0
1469,19,3,11,9,0,6,6,22,0,120,1,0.15,20,1
920,18,1,24,21,3,4,10,10,2,120,1,0.33,10,0
1486,13,3,25,29,2,6,10,20,0,90,1,0.36,30,1
1197,15,1,19,23,0,3,3,22,4,90,0,0.91,20,0
1486,9,3,27,10,1,0,2,18,3,60,1,0.2,20,1
1428,17,1,15,13,2,3,7,22,1,120,0,0.93,20,0
1048,6,1,30,5,0,0,0,16,5,120,0,0.04,10,0
1542,7,2,21,3,2,0,4,22,1,90,1,0.44,10,0
841,12,1,30,20,2,2,6,16,6,90,1,0.4,30,1
871,15,1,29,9,5,0,10,8,1,120,0,0.25,20,0
935,11,3,23,21,1,2,4,10,2,120,1,0.55,15,1
1354,13,2,29,2,3,4,10,14,3,60,0,0.31,15,0
1123,18,3,19,30,1,0,2,18,5,120,1,0.13,20,1
1210,7,2,5,4,2,7,10,16,2,90,0,0.2,10,0
855,15,2,14,13,2,0,4,16,3,90,1,0.06,15,1
1589,7,3,3,1,2,1,5,10,1,120,1,0.6,20,1
1142,19,1,15,14,1,4,6,8,4,90,1,0.88,30,0
1223,12,1,17,21,0,5,5,16,1,90,1,0.41,15,1
830,17,2,30,4,5,4,10,14,4,60,1,0.32,15,0
1457,7,2,30,24,1,6,8,14,1,90,1,0.98,15,0
885,11,1,22,1,4,6,10,18,1,120,1,0.86,30,0
1348,14,1,5,15,3,4,10,20,2,60,0,0.41,15,0
956,12,1,24,6,4,0,8,20,2,120,1,0.42,20,1
1211,6,1,26,16,3,1,7,8,2,60,0,0.06,15,0
1275,10,1,16,15,5,1,10,16,5,120,0,0.45,20,0
880,17,1,25,29,2,1,5,20,0,90,0,0.6,10,0
1270,10,3,2,18,3,0,6,22,3,120,0,0.14,20,0
1468,15,3,5,5,4,3,10,14,4,90,1,0.85,20,0
1408,6,3,9,0,4,3,10,14,3,120,0,0.49,15,0
854,13,2,2,30,4,2,10,22,0,60,1,0.36,20,0
1590,16,3,15,4,3,6,10,8,2,120,1,0.55,10,0
896,12,3,28,23,0,0,0,10,1,60,1,0.96,15,0
1529,13,3,28,2,3,6,10,18,6,90,0,0.0,15,0
883,6,2,9,13,5,4,10,8,1,90,0,0.79,20,0
1061,9,2,2,22,4,4,10,22,0,90,0,0.05,30,0
1147,18,3,4,2,3,0,6,18,4,120,1,0.34,30,1
1009,8,2,26,8,3,6,10,16,1,120,0,0.86,20,0
1193,6,2,5,25,4,6,10,20,1,120,0,0.6,10,0
949,11,1,7,3,0,7,7,18,5,90,1,0.28,20,1
1220,17,1,10,23,2,6,10,18,0,60,1,0.25,20,0
1342,19,1,1,15,5,3,10,14,3,90,1,0.96,15,0
1324,18,2,25,19,0,5,5,16,2,120,1,0.2,30,1
1573,13,2,7,30,1,5,7,10,1,90,0,0.27,30,0
1363,16,2,5,21,3,7,10,22,6,120,0,0.79,20,0
1085,13,2,14,4,4,3,10,20,0,90,1,0.49,30,0
1408,18,1,2,15,5,2,10,20,2,90,1,0.82,20,0
821,9,3,8,7,5,6,10,10,5,120,1,0.86,30,0
812,13,3,11,5,5,4,10,10,1,120,0,0.37,20,0
1228,7,1,6,30,0,2,2,14,4,60,1,0.84,20,1
964,17,3,25,22,0,1,1,10,0,90,1,0.97,30,1
1250,20,1,11,1,3,7,10,22,6,60,0,0.94,30,0
1324,19,3,26,14,1,7,9,22,4,120,0,0.17,15,0
1533,8,1,19,15,3,6,10,16,1,120,1,0.09,30,0
1068,16,1,5,17,5,3,10,8,1,90,1,0.43,15,0
1269,9,3,29,6,3,2,8,22,3,120,0,0.36,20,0
1105,18,2,0,28,5,7,10,16,4,120,1,0.62,10,0
1572,16,1,13,30,5,2,10,8,2,120,1,0.9,15,0
1116,16,3,15,10,0,0,0,16,0,60,0,0.33,10,0
950,6,2,18,25,5,5,10,16,2,120,0,0.06,10,0
1281,18,3,1,4,0,2,2,10,5,90,0,0.3,15,0
1360,8,2,5,0,3,2,8,14,6,60,1,0.25,15,0
1417,20,1,5,6,4,4,10,18,4,120,0,0.37,15,0
909,15,1,11,17,0,5,5,18,6,90,0,0.67,10,0
1465,11,3,21,7,2,7,10,16,4,90,0,0.55,20,0
1243,19,3,3,23,4,0,8,16,0,120,1,0.88,15,0
1049,6,2,23,4,0,6,6,16,0,120,1,0.8,20,1
864,8,3,5,29,1,0,2,10,4,90,1,0.75,30,1
1187,20,1,24,8,5,5,10,18,2,90,1,0.15,10,0
902,9,1,10,4,5,4,10,14,0,90,1,0.28,15,0
1188,17,1,17,29,0,1,1,20,2,90,1,0.25,10,1
1058,16,2,10,10,4,4,10,14,4,120,0,0.63,30,0
1322,8,3,20,20,0,6,6,14,4,120,1,0.9,10,1
1431,9,2,22,14,0,3,3,8,3,60,1,0.68,20,1
939,9,3,13,13,2,3,7,16,1,120,1,0.56,20,1
854,16,3,4,24,1,4,6,8,1,60,0,0.74,20,0
981,13,2,8,23,3,1,7,22,5,60,1,0.7,30,0
1433,16,2,23,6,5,3,10,14,0,90,0,0.56,20,0
1071,10,2,6,1,2,2,6,20,1,60,1,0.39,30,1
1432,13,2,1,3,1,1,3,8,1,120,0,0.37,30,0
1011,7,2,20,1,0,0,0,14,2,60,1,0.37,15,1
1574,11,3,3,11,4,2,10,22,3,60,0,0.36,30,0
943,16,3,24,13,4,0,8,14,5,60,0,0.88,10,0
889,13,2,22,25,1,1,3,16,6,60,1,0.94,20,1
1155,7,2,24,0,0,3,3,14,1,120,0,0.77,15,0
1171,14,2,5,16,4,0,8,20,5,120,0,0.41,30,0
930,19,1,11,26,3,6,10,10,6,120,1,0.08,10,0
1469,16,1,27,20,4,3,10,20,5,120,1,0.58,10,0
1007,15,2,8,16,2,7,10,18,0,90,1,0.45,30,0
973,19,3,6,25,4,2,10,20,3,120,1,0.07,30,1
1596,13,3,26,1,0,2,2,20,4,60,1,0.95,30,1
1012,15,1,18,5,3,4,10,18,4,90,0,0.18,30,0
1272,18,3,19,21,2,5,9,8,6,90,0,0.22,20,0
928,20,1,6,0,0,1,1,10,5,90,0,0.61,30,0
1137,13,1,25,7,3,0,6,22,1,90,1,0.33,15,1
1598,14,1,17,18,1,7,9,18,1,90,0,0.53,10,0
1110,6,2,8,25,4,3,10,22,4,60,1,0.56,30,0
830,20,3,22,13,3,6,10,10,2,120,0,0.57,20,0
1321,18,1,20,27,2,1,5,14,4,60,0,0.06,15,0
893,8,3,18,21,2,3,7,8,6,90,1,0.28,20,0
1121,9,3,15,27,1,4,6,16,0,90,1,0.07,30,1
1294,11,1,24,20,4,4,10,20,3,90,1,0.91,20,0
1131,15,3,19,7,2,2,6,10,2,120,1,0.58,15,1
906,10,1,24,7,5,6,10,10,4,60,1,0.81,10,0
1375,7,1,17,19,3,2,8,10,0,120,1,0.72,10,0
1350,14,1,19,27,5,3,10,22,4,120,1,0.31,10,0
864,10,1,19,30,1,0,2,10,0,90,0,0.4,30,0
1471,17,1,29,28,1,2,4,20,3,90,0,0.31,20,0
914,17,1,28,0,1,7,9,16,3,90,1,0.62,15,0
807,7,2,10,0,1,5,7,10,4,120,0,0.1,30,0
1170,6,2,11,6,3,5,10,18,3,60,1,0.32,30,0
891,9,1,24,6,3,2,8,14,4,60,0,0.38,15,0
1156,17,3,23,17,0,5,5,20,6,90,0,0.04,20,0
1025,7,3,11,24,2,4,8,18,1,120,1,0.42,30,1
1468,20,2,29,27,5,4,10,20,4,90,1,0.47,10,0
1561,18,2,10,21,3,4,10,20,0,90,0,0.92,10,0
875,18,3,18,19,5,2,10,22,0,90,0,0.57,10,0
1228,7,2,26,22,4,0,8,20,0,60,1,0.2,15,1
1102,16,1,14,22,1,7,9,8,4,120,0,0.17,15,0
1203,16,1,11,16,1,7,9,20,1,90,1,0.96,20,0
1197,17,2,12,15,5,7,10,20,6,120,1,0.6,15,0
1005,7,1,19,20,0,5,5,8,0,60,1,0.65,15,0
1550,19,3,20,8,4,2,10,8,1,90,0,0.72,15,0
1350,19,1,2,15,4,5,10,22,3,120,0,0.67,30,0
859,16,1,11,29,2,5,9,20,4,90,0,0.14,15,0
1247,17,2,9,20,3,4,10,20,5,120,1,0.34,30,0
1364,7,2,24,28,4,2,10,8,5,90,1,0.21,15,0
811,11,3,17,20,0,1,1,18,5,60,0,0.65,30,0
1031,6,1,13,10,0,2,2,14,3,120,1,0.24,30,1
970,18,2,18,4,4,5,10,8,0,60,1,0.89,10,0
832,16,3,3,5,1,6,8,20,0,90,0,0.27,30,0
1202,18,1,14,13,0,2,2,22,0,90,1,0.66,10,0
1074,15,3,16,6,4,5,10,14,2,90,0,0.39,15,0
934,9,1,8,15,3,4,10,18,5,120,1,0.33,10,0
1266,16,3,19,13,1,7,9,16,1,60,1,0.35,15,0
1366,19,1,2,19,5,6,10,14,3,120,0,0.87,10,0
1162,19,2,14,26,0,2,2,8,2,60,1,0.71,15,0
1552,11,3,17,10,1,7,9,18,2,90,1,0.53,10,0
1559,13,2,11,7,1,2,4,8,0,90,1,0.09,20,1
1083,17,1,26,6,1,0,2,18,1,120,0,0.11,15,0
1134,15,1,28,16,3,1,7,22,2,90,1,0.24,10,0
1460,7,2,0,17,4,7,10,20,0,120,1,0.46,15,0
1421,20,2,15,30,2,7,10,20,0,120,0,0.01,20,0
883,10,2,8,4,2,0,4,16,0,60,1,0.55,10,1
872,6,1,20,0,0,5,5,10,0,90,0,0.26,10,0
1021,20,3,4,29,4,2,10,18,1,120,0,0.43,15,0
1467,11,3,15,23,2,7,10,22,3,60,0,0.93,15,0
1326,19,1,7,1,1,2,4,14,5,120,1,0.39,15,0
966,12,1,30,7,4,3,10,8,1,60,1,0.21,15,0
1256,18,2,23,26,4,0,8,20,2,60,1,0.13,20,1
1503,17,2,26,22,5,0,10,14,0,120,1,0.99,30,0
1465,7,3,29,2,1,3,5,22,1,120,1,0.92,30,0
967,15,1,15,1,1,5,7,10,4,120,0,0.71,10,0
1514,18,2,17,18,5,7,10,22,3,90,0,0.31,20,0
802,19,1,6,15,0,4,4,14,3,120,0,0.21,30,0
1365,19,2,11,26,1,6,8,22,5,120,1,0.32,15,0
1086,9,2,20,29,5,2,10,10,1,120,0,0.36,15,0
938,8,2,7,24,2,1,5,20,3,120,1,0.55,30,1
1554,6,3,26,10,2,4,8,14,4,90,1,0.37,15,1
828,19,2,10,18,1,7,9,22,3,120,1,0.56,10,0
1427,7,3,21,28,0,1,1,14,4,60,0,0.25,20,0
924,19,1,8,22,0,4,4,18,1,90,1,0.23,15,1
1287,17,2,14,30,0,6,6,10,4,90,1,0.68,10,0
1149,16,2,11,23,4,2,10,10,4,60,1,0.03,10,0
1140,20,2,4,15,3,7,10,8,0,90,1,0.57,10,0
1142,17,1,9,29,5,5,10,18,1,60,1,0.57,30,0
1495,11,2,20,10,3,5,10,16,0,90,1,0.86,15,0
1554,17,3,5,25,5,2,10,8,0,60,0,0.22,30,0
1054,12,2,12,1,2,4,8,20,4,60,1,0.5,10,0
1573,10,3,21,30,0,5,5,8,0,90,1,0.22,10,1
1381,16,3,23,22,0,1,1,18,5,120,0,0.19,15,0
1358,7,3,29,17,0,5,5,22,5,120,0,0.35,10,0
1043,7,2,0,16,1,6,8,20,5,60,0,0.89,30,0
1438,11,3,13,14,1,4,6,8,5,60,1,0.39,30,1
1069,9,1,29,15,3,0,6,22,6,120,1,0.27,30,0
1037,19,2,8,17,0,4,4,18,5,120,1,0.46,20,1
1469,11,1,11,9,4,7,10,18,0,60,0,0.81,30,0
1094,10,1,1,27,3,0,6,22,4,90,1,0.9,20,0
835,8,1,30,6,0,0,0,18,6,90,1,0.39,15,1
1377,12,3,16,8,0,7,7,10,3,120,1,0.47,30,0
934,8,3,21,28,3,7,10,10,1,60,1,0.88,10,0
1124,13,1,16,11,0,3,3,16,0,90,0,0.18,20,0
1423,8,3,25,8,2,3,7,18,1,90,0,0.49,20,0
984,12,3,22,18,1,3,5,16,6,120,0,0.69,20,0
1146,19,1,3,28,1,7,9,10,0,120,0,0.96,30,0
842,7,2,8,16,1,0,2,22,0,60,0,0.47,20,0
900,13,3,4,11,0,3,3,8,6,90,1,0.45,10,0
1429,10,3,22,13,3,0,6,8,6,60,0,0.21,10,0
947,13,1,3,22,4,3,10,22,4,120,1,0.89,10,0
1455,19,2,17,28,3,2,8,22,2,120,1,0.78,15,0
828,9,2,2,26,3,4,10,20,2,90,0,0.64,30,0
1539,11,3,8,18,0,2,2,10,6,120,0,0.13,10,0
1479,18,1,20,11,1,6,8,16,2,120,1,0.41,30,1
1572,6,2,0,9,2,5,9,16,4,120,0,0.74,10,0
1566,9,1,16,17,5,2,10,14,4,120,0,0.28,30,0
945,11,3,25,15,4,2,10,16,3,90,1,0.17,15,1
1448,19,2,24,22,2,4,8,16,2,90,1,0.59,30,1
1393,10,1,11,27,4,1,9,14,3,120,0,0.34,10,0
1544,9,3,16,24,3,7,10,14,3,120,0,0.86,20,0
1037,18,3,0,16,2,0,4,20,2,60,1,0.36,30,1
1592,9,2,18,28,3,1,7,18,0,60,1,0.0,30,1
903,9,3,16,10,5,2,10,8,2,90,1,0.17,15,0
1390,13,2,22,23,3,6,10,10,1,90,1,0.66,20,0
1519,14,1,19,28,4,5,10,16,2,60,0,0.21,15,0
1189,10,1,12,30,4,6,10,8,2,60,0,0.89,10,0
1083,9,2,16,0,4,5,10,14,2,120,0,0.33,20,0
1510,14,2,7,16,4,4,10,8,0,90,1,0.31,10,0
1363,18,2,28,23,3,7,10,14,5,90,0,0.16,30,0
851,19,1,9,20,2,6,10,10,1,120,1,0.59,15,0
1229,17,3,26,23,1,4,6,18,3,60,1,0.33,10,1
1003,10,2,2,16,0,7,7,16,0,90,1,0.6,10,1
861,6,1,10,29,1,2,4,10,3,90,1,0.76,30,0
1439,14,2,26,23,2,2,6,14,3,90,1,0.29,30,1
1597,6,1,2,10,2,1,5,14,2,90,0,0.04,10,0
1247,12,3,18,22,5,6,10,20,4,90,1,0.94,15,0
1391,11,1,6,7,2,1,5,16,5,120,1,0.2,15,1
1313,6,3,5,3,2,1,5,16,4,120,1,0.54,15,1
1592,13,2,6,24,3,7,10,10,6,120,0,0.89,15,0
896,13,1,2,23,5,3,10,8,0,60,1,0.45,10,0
1043,15,1,1,2,1,4,6,20,1,120,1,0.92,20,1
1247,18,1,5,22,5,3,10,18,6,60,1,0.32,15,0
1033,18,2,30,17,3,0,6,20,5,120,0,0.92,20,0
1533,11,2,11,22,1,7,9,20,4,120,1,0.5,30,0
1412,18,3,7,0,2,6,10,18,4,60,0,0.43,10,0
1347,7,3,9,12,5,5,10,22,4,60,0,0.06,30,0
1360,8,3,5,4,4,7,10,10,3,60,1,0.94,30,0
1097,19,1,20,24,3,6,10,14,0,60,0,0.37,30,0
1228,14,3,9,8,2,7,10,10,5,90,1,0.68,20,0
969,7,1,22,12,3,1,7,16,0,60,0,0.85,30,0
1567,12,2,20,1,5,6,10,18,1,120,0,0.78,20,0
1478,13,1,13,22,4,3,10,18,0,60,0,0.04,15,0
1260,10,3,6,10,1,4,6,18,1,120,1,0.4,30,1
1263,14,2,27,4,5,2,10,18,3,90,1,0.12,15,0
1550,11,1,11,20,2,3,7,22,4,90,1,0.0,10,0
829,20,3,30,19,1,7,9,22,0,60,0,0.62,20,0
1154,11,1,26,26,3,2,8,10,2,60,1,0.69,10,0
1431,10,2,10,26,1,5,7,22,1,120,0,0.52,20,0
1498,20,3,29,15,5,3,10,20,4,120,1,0.72,20,0
1003,14,1,24,9,2,2,6,14,0,120,1,0.02,20,1
1401,13,3,26,5,4,1,9,20,1,120,0,0.1,20,0
943,16,2,29,7,3,1,7,8,4,90,1,0.6,20,0
1532,20,3,18,10,4,1,9,22,4,90,0,0.77,20,0
965,16,2,1,9,2,4,8,18,1,120,1,0.77,30,1
828,18,2,6,1,2,7,10,14,4,60,0,0.3,30,0
1233,17,1,15,2,3,7,10,20,4,90,0,0.24,10,0
1301,12,2,22,21,2,2,6,10,5,90,1,0.81,15,0
1258,12,1,8,20,3,2,8,22,1,60,1,0.02,15,0
1084,17,1,20,26,2,3,7,20,2,60,0,0.32,20,0
1064,10,3,10,5,4,3,10,14,4,90,1,0.36,20,0
842,7,2,24,2,1,4,6,8,0,120,1,0.11,15,1
1221,20,2,11,29,5,6,10,18,5,60,1,0.37,10,0
858,12,1,16,26,2,7,10,14,6,90,1,0.62,10,0
1080,9,1,11,24,1,6,8,8,1,60,0,0.84,15,0
1026,19,2,5,6,5,0,10,16,3,90,0,0.71,20,0
1184,8,1,6,27,1,1,3,20,6,120,0,0.77,10,0
1199,12,2,18,24,3,5,10,16,5,90,1,0.57,10,0
1464,6,3,27,4,2,1,5,20,0,90,1,0.23,20,1
1092,17,3,26,4,4,3,10,10,2,120,1,0.37,20,0
878,18,1,2,0,5,4,10,14,3,60,0,0.58,15,0
1589,19,2,2,21,0,6,6,16,6,60,0,0.07,10,0
1380,12,2,13,26,1,2,4,10,5,60,1,0.74,20,0
846,16,3,18,14,4,7,10,16,2,90,1,0.92,10,0
1435,12,1,7,28,5,1,10,16,4,60,0,0.16,30,0
1197,15,3,11,20,2,6,10,20,2,120,1,0.03,15,1
1493,14,2,22,11,1,7,9,10,5,60,0,0.9,20,0
1129,18,3,12,6,4,4,10,22,2,90,0,0.57,30,0
1158,14,2,30,13,3,6,10,18,3,120,1,0.3,30,0
1591,11,2,22,14,3,5,10,14,5,120,0,0.33,30,0
926,9,1,25,9,5,3,10,22,6,120,1,0.24,10,0
836,16,2,9,8,4,6,10,22,6,120,0,0.29,30,0
1088,20,2,1,19,5,7,10,16,5,90,0,0.85,15,0
1153,6,1,11,29,5,6,10,20,3,60,1,0.08,10,0
1106,18,2,17,6,1,2,4,18,5,120,0,0.1,15,0
1234,17,1,8,6,3,3,9,18,1,90,1,0.87,10,0
1062,9,2,7,12,3,1,7,18,5,120,0,0.87,10,0
829,7,3,10,22,5,4,10,20,4,120,1,0.91,30,0
1399,20,2,5,27,4,6,10,18,0,90,1,0.53,30,0
878,18,3,21,21,5,1,10,14,6,90,1,0.23,15,0
1575,15,1,5,24,2,4,8,16,6,90,0,0.49,15,0
1255,20,2,24,25,2,7,10,20,2,90,0,0.25,15,0
1575,12,3,24,21,1,5,7,8,0,60,0,0.33,15,0
1083,13,2,2,8,0,1,1,8,3,120,0,0.92,15,0
1369,19,2,1,29,3,2,8,8,5,120,0,0.82,20,0
1387,12,1,29,15,0,5,5,10,6,90,0,0.73,20,0
1378,8,2,4,4,0,0,0,14,5,60,1,0.53,20,1
1008,8,1,21,12,3,0,6,22,5,60,1,0.06,20,0
931,16,3,14,30,0,7,7,16,4,90,1,0.32,15,0
1032,10,2,21,27,3,7,10,20,0,90,1,0.56,10,0
1430,16,3,7,21,3,2,8,8,5,120,1,0.25,20,0
1282,12,2,14,9,2,0,4,20,6,60,0,0.32,30,0
1033,13,1,5,14,2,7,10,14,3,60,0,0.04,10,0
1014,8,1,19,8,2,6,10,16,4,120,1,0.06,15,0
1342,14,1,6,6,2,5,9,14,6,120,0,0.43,15,0
1577,11,2,21,14,1,6,8,8,0,60,1,0.78,15,0
1197,17,1,30,1,3,0,6,14,0,90,0,0.8,15,0
1104,7,1,11,29,0,5,5,16,5,120,0,0.08,10,0
1046,12,1,16,2,5,2,10,16,1,90,0,0.63,10,0
890,12,2,21,30,3,3,9,18,5,60,0,0.81,15,0
830,11,2,10,4,4,4,10,8,6,90,1,0.05,30,0
993,13,1,28,2,3,6,10,8,1,120,1,0.3,10,0
923,7,3,22,0,1,0,2,14,4,60,0,0.22,15,0
1014,11,3,12,0,1,5,7,22,3,120,0,0.37,10,0
1528,14,3,17,10,1,2,4,22,6,60,0,0.75,30,0
1571,7,2,8,6,5,7,10,14,0,60,1,0.13,10,0
838,18,1,7,19,2,3,7,20,5,120,1,0.78,30,1
1106,17,1,0,5,5,0,10,18,2,60,0,0.96,15,0
1062,16,3,4,23,2,0,4,14,6,60,1,0.74,20,1
1113,9,2,0,1,4,2,10,10,6,120,1,0.25,15,0
920,6,1,24,5,2,7,10,20,4,60,1,0.99,20,0
949,20,2,18,28,3,3,9,10,1,120,0,0.38,20,0
1402,11,1,5,6,2,3,7,16,3,120,0,0.55,20,0
1341,19,2,18,22,5,5,10,16,5,60,1,0.17,20,0
1565,8,3,12,12,4,2,10,14,4,60,0,0.12,10,0
1471,19,1,3,20,2,7,10,8,4,120,0,0.04,30,0
1339,8,1,17,2,5,6,10,10,0,60,1,0.58,10,0
1334,20,1,16,3,0,5,5,22,3,60,1,0.41,10,0
811,17,3,23,14,4,2,10,16,1,90,0,0.68,10,0
892,8,1,4,29,3,1,7,14,0,90,1,0.21,10,1
1001,6,3,16,0,5,7,10,10,3,60,1,0.45,20,0
964,9,1,13,23,3,6,10,8,1,90,0,0.82,30,0
1485,16,3,30,13,1,3,5,16,2,120,0,0.07,15,0
1072,9,1,22,8,4,1,9,18,1,120,1,0.91,30,0
1330,10,3,14,17,0,6,6,10,1,120,1,0.98,20,0
861,18,2,14,16,0,7,7,18,1,60,1,0.18,30,1
1046,15,2,17,9,0,6,6,20,5,90,0,0.86,10,0
1369,19,3,24,27,1,4,6,20,0,60,0,0.76,15,0
1134,17,3,1,7,2,3,7,18,0,90,0,0.3,15,0
1252,18,1,8,0,5,4,10,10,3,90,0,0.29,10,0
1079,16,1,1,4,5,2,10,18,5,90,0,0.63,15,0
1392,18,2,6,2,5,4,10,22,6,90,1,0.79,30,0
802,15,2,10,5,3,2,8,22,4,120,1,0.78,10,0
1370,18,1,15,12,5,5,10,10,6,90,1,0.26,10,0
1209,9,3,6,11,4,3,10,8,5,120,1,0.35,15,0
1514,7,3,2,9,3,7,10,10,6,120,0,0.19,20,0
1260,11,3,26,8,1,2,4,18,6,60,1,0.17,30,1
1334,19,1,27,3,4,3,10,10,5,60,1,0.57,30,0
1427,9,1,15,24,2,3,7,20,1,120,1,0.44,10,1
1026,17,3,21,13,3,0,6,22,2,120,1,0.28,15,0
1325,17,2,8,1,2,3,7,8,3,120,0,0.67,10,0
1377,9,3,8,17,4,7,10,20,6,120,1,0.91,30,0
862,18,3,11,12,5,7,10,10,3,60,1,0.92,20,0
1006,11,3,3,21,1,5,7,14,5,120,0,0.0,15,0
875,18,2,8,0,4,4,10,8,4,90,1,0.83,10,0
1085,15,1,25,27,1,5,7,18,1,120,1,0.35,20,1
926,16,2,25,2,0,4,4,10,3,120,1,0.36,15,0
1462,18,1,5,27,0,1,1,22,0,60,1,0.19,30,1
1148,13,1,12,11,3,7,10,22,1,60,0,0.64,30,0
1234,10,1,0,15,0,6,6,8,0,120,1,0.01,30,1
1016,20,1,23,8,3,5,10,16,2,90,0,0.83,10,0
1338,8,2,10,11,5,3,10,18,5,90,1,0.4,10,0
1400,18,3,5,2,1,1,3,16,5,90,0,0.63,10,0
915,12,1,30,4,1,5,7,8,0,90,1,0.97,30,0
857,10,2,24,17,5,6,10,20,6,60,0,0.53,15,0
1398,14,3,29,30,0,5,5,18,5,60,0,0.26,15,0
1585,10,3,17,9,4,0,8,10,0,90,0,0.77,15,0
1524,11,3,19,13,5,5,10,8,5,120,1,0.06,20,0
1088,16,3,27,10,4,5,10,14,4,120,1,0.88,10,0
874,13,3,20,24,0,7,7,14,3,60,1,0.27,30,1
1461,12,2,22,13,5,3,10,20,0,120,0,0.01,15,0
1371,17,1,2,5,2,4,8,14,3,120,0,0.55,20,0
1106,11,2,29,1,5,1,10,14,6,60,1,0.82,20,0
1079,15,1,25,25,5,3,10,20,0,60,0,0.33,20,0
1178,16,3,15,20,5,5,10,16,6,120,1,0.54,20,0
1062,13,1,0,15,4,4,10,18,3,60,1,0.39,10,0
1136,12,3,4,5,0,5,5,14,6,120,1,0.44,20,1
1329,20,2,1,4,2,4,8,22,6,60,0,0.57,10,0
1517,18,1,25,12,4,5,10,20,6,60,0,0.61,15,0
990,13,3,17,15,5,2,10,10,0,60,1,0.21,30,0
1145,9,1,29,8,5,6,10,20,5,60,0,0.06,30,0
1264,13,2,16,6,5,4,10,10,3,120,0,0.78,15,0
1208,11,2,13,2,5,3,10,20,3,60,1,0.42,30,0
1598,9,2,12,6,4,5,10,8,3,90,0,0.43,30,0
935,9,3,29,10,5,1,10,14,0,120,1,0.84,20,0
1471,18,2,23,0,1,3,5,10,5,120,1,0.83,20,0
1075,11,3,21,27,0,6,6,14,0,90,1,0.47,10,0
1229,16,1,7,28,1,7,9,14,3,90,0,0.35,30,0
933,14,2,18,21,3,3,9,22,2,60,0,0.05,30,0
958,13,2,12,11,1,2,4,16,1,60,1,0.4,15,1
992,18,3,28,19,2,2,6,22,6,120,1,0.49,20,0
1385,6,1,2,4,2,2,6,20,3,60,1,0.6,30,1
983,6,2,29,30,5,7,10,16,0,60,0,0.73,10,0
898,17,3,6,9,5,1,10,16,5,120,0,0.63,15,0
1392,14,2,2,15,2,2,6,16,6,60,1,0.39,10,1
1523,13,1,27,14,0,6,6,18,2,60,1,0.34,30,1
1317,7,1,17,13,5,1,10,10,4,120,0,0.73,10,0
1369,17,3,25,0,5,6,10,20,5,120,1,0.86,20,0
818,8,1,21,6,2,1,5,10,2,60,0,0.03,15,0
822,7,3,18,17,4,6,10,8,5,120,0,0.15,20,0
1204,16,2,16,13,2,4,8,16,0,60,1,0.22,20,1
982,12,2,16,0,2,0,4,16,5,90,1,0.05,10,1
948,12,1,5,5,4,1,9,14,5,120,0,0.32,30,0
1289,15,2,0,27,5,1,10,20,3,60,0,0.59,30,0
800,8,2,22,21,2,7,10,14,2,120,0,0.66,10,0
1220,10,1,22,9,0,6,6,10,6,60,0,0.52,20,0
1499,18,1,8,12,4,0,8,10,6,60,0,0.15,10,0
997,14,3,7,1,1,2,4,10,6,90,1,0.72,30,1
1555,14,3,3,11,0,1,1,8,3,120,0,0.41,20,0
1134,11,3,13,30,4,1,9,10,5,90,0,0.7,30,0
905,18,1,21,8,1,4,6,14,0,120,1,0.48,15,0
1034,8,2,20,28,0,6,6,20,6,120,1,0.34,15,1
1165,7,1,27,8,0,3,3,22,5,60,1,0.99,15,0
1318,7,1,13,16,1,4,6,14,5,60,1,0.08,20,1
1058,12,2,24,7,4,4,10,10,4,90,0,0.16,10,0
1281,17,3,25,6,0,1,1,18,3,90,0,0.1,20,0
1385,19,3,8,7,3,7,10,8,6,90,0,0.77,15,0
837,16,1,30,3,1,3,5,10,0,120,0,0.75,10,0
873,16,1,16,26,4,7,10,10,2,120,1,0.06,30,0
1103,11,3,6,8,5,0,10,8,0,120,0,0.43,10,0
1392,18,2,10,30,1,6,8,22,1,60,1,0.15,15,0
857,17,1,29,25,4,4,10,18,5,90,0,0.48,30,0
860,8,3,26,9,4,6,10,18,0,90,1,0.79,20,0
1088,6,1,14,30,2,0,4,16,4,120,0,0.02,15,0
1454,18,2,19,4,0,0,0,10,4,90,0,0.02,30,0
1168,18,2,20,13,1,3,5,10,5,120,1,0.09,10,0
903,11,3,26,4,0,1,1,22,6,120,1,0.71,15,1
1546,6,1,28,27,5,0,10,18,1,60,1,0.64,30,0
1528,17,2,22,6,5,1,10,18,0,90,1,0.46,20,0
1019,6,3,18,17,1,1,3,22,3,120,1,0.23,30,1
1198,9,1,22,8,1,7,9,14,4,90,1,0.54,10,0
1379,8,1,13,2,5,2,10,8,1,60,1,0.09,10,0
954,10,3,30,22,5,5,10,14,3,120,1,0.07,10,0
1304,16,1,5,12,0,2,2,8,1,120,1,0.4,30,1
1252,19,2,26,4,1,0,2,22,2,120,1,0.11,15,0
1475,18,3,0,21,3,5,10,10,0,120,1,0.22,20,0
1145,12,3,0,25,4,6,10,20,2,90,1,0.3,30,1
977,13,1,2,16,3,2,8,22,0,60,0,0.96,15,0
1308,6,3,14,9,2,6,10,22,3,120,0,0.38,20,0
922,17,2,30,8,5,5,10,18,0,60,1,0.66,20,0
1060,14,2,13,6,4,5,10,16,1,60,1,0.86,10,0
1493,17,2,15,7,1,0,2,16,0,90,1,0.55,15,1
1246,13,2,29,17,2,4,8,10,5,60,1,0.58,20,0
1453,14,3,29,25,5,5,10,20,3,90,0,0.87,10,0
816,9,2,24,5,0,0,0,10,3,90,0,0.75,10,0
1165,17,3,16,7,2,7,10,16,5,90,0,0.07,10,0
1524,10,1,30,22,0,4,4,14,5,90,0,0.52,20,0
1391,15,1,22,23,4,7,10,8,1,120,1,0.83,30,0
1592,14,3,2,30,3,5,10,22,1,90,1,0.19,15,0
1494,9,1,14,22,5,4,10,14,4,90,1,0.77,10,0
954,8,3,2,16,1,4,6,10,5,60,0,0.2,15,0
1303,11,1,17,14,5,3,10,22,1,60,0,0.48,15,0
834,8,1,16,2,5,0,10,16,0,120,1,0.16,30,0
999,7,3,24,4,5,1,10,20,1,60,1,0.99,30,0
1325,14,1,25,15,1,2,4,20,5,90,0,0.32,30,0
911,14,1,28,25,4,6,10,22,5,120,1,0.66,10,0
1591,16,3,5,19,2,3,7,20,1,120,0,0.62,20,0
1591,20,1,13,25,1,5,7,20,0,60,1,0.9,20,0
1145,13,3,9,17,4,3,10,22,5,60,1,0.04,15,0
1477,6,3,7,16,2,2,6,14,2,90,0,0.3,20,0
1403,6,1,16,8,0,6,6,14,6,120,0,0.25,15,0
1521,13,2,17,26,1,2,4,20,0,60,1,0.17,30,1
894,17,2,13,16,2,2,6,10,5,60,0,0.42,30,0
1346,6,1,26,24,5,3,10,16,2,60,1,0.53,15,0
1177,12,3,7,3,2,4,8,20,5,120,1,0.22,10,0
1473,17,2,2,6,4,2,10,20,3,120,1,0.07,30,0
1572,9,1,20,0,4,3,10,22,4,90,0,0.56,30,0
1426,20,3,20,22,3,7,10,20,4,60,0,0.69,30,0
1475,19,2,23,29,0,7,7,14,6,120,1,0.19,10,0
873,20,1,18,12,3,2,8,22,4,120,0,0.26,30,0
1045,12,2,5,20,1,7,9,22,0,90,1,0.26,15,0
1150,6,1,29,5,3,2,8,10,0,120,1,0.06,10,0
809,18,3,30,0,4,7,10,10,6,60,1,0.73,15,0
1534,11,2,29,11,2,4,8,20,3,90,1,0.39,20,1
1589,20,2,15,1,0,0,0,14,6,120,0,0.04,30,0
1290,8,3,9,27,3,7,10,16,1,120,1,0.69,30,0
1374,8,3,29,18,5,4,10,8,3,60,1,0.98,20,0
1115,15,1,1,7,5,5,10,20,6,120,1,0.83,10,0
1548,11,2,0,6,5,5,10,10,6,90,0,0.52,15,0
1396,10,2,5,15,0,0,0,22,1,60,1,0.46,10,1
1343,11,3,18,19,0,5,5,10,4,90,0,0.6,30,0
1253,7,2,28,11,0,0,0,18,0,60,1,0.88,15,1
887,11,2,6,6,3,6,10,16,5,60,1,0.72,10,0
1185,15,2,0,0,0,3,3,20,4,120,0,0.05,15,0
959,9,1,9,6,2,4,8,10,4,90,1,0.18,20,0
852,11,2,9,16,4,6,10,16,1,60,0,0.21,20,0
1370,11,3,0,24,1,4,6,8,6,120,1,0.57,10,0
1486,15,1,13,9,5,2,10,14,5,90,0,0.94,10,0
1106,16,2,17,15,1,4,6,18,2,60,1,0.44,10,0
1347,17,1,29,9,0,7,7,18,2,120,0,0.65,10,0
1587,17,3,23,28,1,2,4,18,4,90,0,0.76,20,0
922,6,2,30,0,5,4,10,18,6,90,0,0.81,10,0
944,7,1,13,6,3,1,7,16,3,120,0,0.69,30,0
1307,17,3,5,2,5,3,10,16,1,120,1,0.14,30,1
1385,20,3,2,21,5,5,10,16,4,60,0,0.54,20,0
1278,12,2,14,8,0,7,7,16,4,60,0,0.12,30,0
969,12,1,5,23,1,5,7,14,6,120,1,0.94,20,0
842,9,2,5,18,1,2,4,14,4,90,0,0.34,15,0
833,14,3,19,1,1,7,9,22,6,120,1,0.53,10,0
1206,14,2,8,7,0,5,5,16,6,90,1,0.26,15,1
1417,16,1,22,15,4,2,10,18,3,120,1,0.2,30,0
1096,11,1,27,14,4,3,10,10,3,120,0,0.58,30,0
931,12,1,19,15,3,7,10,14,6,60,1,0.94,30,0
1241,15,3,19,27,4,4,10,14,0,90,1,0.37,15,0
1465,19,2,12,1,0,3,3,10,0,120,1,0.16,10,0
1459,15,1,15,4,5,7,10,20,6,90,1,0.75,10,0
1450,19,1,27,25,5,3,10,8,2,90,0,0.66,15,0
965,14,1,26,16,5,4,10,20,5,120,0,0.66,20,0
942,11,2,0,8,0,2,2,10,3,90,0,0.11,30,0
1195,13,1,11,3,0,4,4,22,5,60,0,0.69,10,0
1153,10,3,21,6,2,6,10,22,6,90,1,0.65,20,0
1094,16,2,5,6,2,3,7,22,0,120,0,0.88,10,0
1530,10,1,22,7,1,0,2,18,2,90,1,0.75,30,1
866,6,3,0,12,4,6,10,16,0,60,0,0.39,10,0
1462,15,2,10,12,1,4,6,8,5,90,1,0.17,10,0
1442,13,2,4,14,2,7,10,20,6,120,0,0.74,20,0
1283,11,1,30,0,1,1,3,8,6,60,0,0.51,10,0
1406,12,2,16,4,3,2,8,10,6,120,0,0.6,10,0
917,9,2,27,25,5,6,10,18,1,90,0,0.66,20,0
971,6,1,10,13,2,5,9,10,3,60,0,0.18,15,0
1228,9,1,3,11,2,7,10,10,0,60,1,0.7,15,0
1383,12,2,3,21,3,1,7,10,2,60,1,0.4,10,0
1328,9,1,27,10,5,3,10,8,1,60,0,0.18,20,0
1004,7,3,11,30,1,1,3,22,1,120,1,0.72,10,1
1354,15,1,21,5,5,6,10,10,2,60,1,0.89,10,0
1018,9,1,3,3,4,1,9,22,3,60,0,0.77,10,0
962,7,1,10,17,2,0,4,8,5,60,0,0.97,15,0
1137,18,3,18,29,1,5,7,22,0,120,1,0.06,15,0
1374,19,3,5,14,4,7,10,22,2,60,1,0.88,30,0
1297,19,2,28,9,4,4,10,18,3,60,0,0.94,20,0
1529,9,3,10,17,1,0,2,18,0,120,0,0.12,30,0
960,18,1,28,29,4,7,10,10,3,120,0,0.09,15,0
1390,8,3,17,18,5,2,10,20,5,90,0,0.49,10,0
1519,7,2,26,13,1,2,4,22,4,120,1,0.28,15,1
1030,8,1,6,5,2,2,6,16,5,60,1,0.36,15,1
1321,7,3,2,2,3,6,10,16,2,60,1,0.3,30,0
1516,11,2,22,13,2,2,6,14,2,120,1,0.31,30,1
1298,11,3,27,22,2,1,5,8,1,120,1,0.44,15,1
1359,6,2,18,1,3,1,7,10,5,60,0,0.09,20,0
825,15,1,1,9,4,0,8,8,0,60,1,0.42,30,0
866,13,3,22,5,3,7,10,16,0,120,0,0.48,10,0
983,18,1,23,3,2,2,6,16,5,120,1,0.43,20,1
1349,13,3,28,13,2,6,10,18,2,60,0,0.85,10,0
1350,17,1,1,5,5,2,10,18,6,120,0,0.65,20,0
1279,16,1,5,25,5,6,10,8,2,120,1,0.93,15,0
1354,7,1,22,21,3,6,10,20,3,120,1,0.95,20,0
1525,16,2,13,2,5,5,10,14,5,90,0,0.34,20,0
1325,20,3,6,25,1,4,6,18,6,120,1,0.38,10,1
1063,11,2,12,9,2,6,10,10,4,60,1,0.81,20,0
937,7,1,15,25,0,7,7,18,4,90,1,0.89,30,0
1144,14,2,4,5,2,1,5,18,5,120,0,0.5,30,0
1526,18,2,26,24,3,7,10,22,2,90,0,0.59,10,0
1560,11,3,18,19,0,1,1,22,6,90,1,0.7,15,1
1016,10,1,22,4,0,6,6,16,5,120,1,0.62,15,1
1111,14,3,23,19,0,1,1,14,4,60,0,0.06,30,0
1103,20,2,9,6,3,7,10,10,0,120,1,0.09,20,0
958,17,2,3,29,3,0,6,8,5,60,0,0.5,15,0
1060,19,1,6,7,4,0,8,14,2,90,0,0.65,30,0
1580,10,3,17,8,3,5,10,8,4,90,0,0.64,20,0
1122,14,2,9,29,1,2,4,16,2,90,1,0.7,30,1
1304,13,2,1,6,5,5,10,16,2,60,1,0.82,20,0
1268,7,1,13,22,1,6,8,8,2,90,1,0.58,30,0
849,13,1,21,27,2,3,7,20,4,120,1,0.42,20,1
1496,20,1,23,30,5,2,10,14,3,120,1,0.67,20,0
1376,15,1,15,14,4,7,10,20,1,60,0,0.62,10,0
1015,13,2,8,12,4,4,10,14,0,120,1,0.45,10,0
1224,8,3,2,28,4,7,10,22,1,120,0,0.76,30,0
970,15,2,3,25,0,6,6,8,4,90,1,0.07,10,0
1339,15,2,10,0,1,0,2,14,1,90,0,0.24,10,0
1151,6,3,4,30,1,7,9,16,4,120,1,0.16,10,1
1120,6,1,20,20,0,1,1,20,2,60,1,0.23,30,1
1338,15,1,22,20,2,0,4,22,3,90,1,0.97,10,0
893,13,3,29,27,4,2,10,16,0,120,0,0.68,30,0
1192,19,3,10,27,1,0,2,10,0,90,1,0.02,30,1
1411,18,2,18,2,0,5,5,18,6,60,0,0.04,15,0
1594,11,2,29,7,1,0,2,18,4,120,0,0.24,30,0
1383,9,1,11,23,5,7,10,10,3,120,1,0.88,10,0
832,19,1,21,29,2,3,7,16,1,120,0,0.25,15,0
1565,19,3,0,12,1,0,2,22,1,90,1,0.91,10,0
807,18,2,8,18,3,3,9,22,2,60,1,0.36,30,0
846,6,1,17,30,4,3,10,16,0,60,1,0.98,15,0
1037,9,3,17,6,0,4,4,20,1,90,0,0.45,10,0
915,19,2,12,4,1,4,6,8,4,60,1,0.22,30,1
1577,18,2,10,5,0,7,7,10,6,60,1,0.81,15,0
1139,13,1,9,6,5,3,10,14,4,60,0,0.02,20,0
1168,20,2,6,21,0,0,0,18,3,120,0,0.23,15,0
1301,9,2,16,30,0,0,0,16,3,60,1,0.58,30,1
1163,18,3,5,29,1,2,4,22,2,90,1,0.03,10,0
1434,10,3,0,0,0,2,2,14,1,90,1,0.86,30,1
1098,10,3,19,26,5,3,10,10,4,120,1,0.37,20,0
1233,18,3,18,30,3,2,8,22,2,120,1,0.42,10,0
902,18,3,4,8,1,7,9,8,3,120,0,0.32,10,0
936,15,1,6,13,4,5,10,10,6,60,0,0.36,30,0
1214,13,1,23,5,5,7,10,22,2,60,0,0.59,20,0
1292,15,1,26,3,4,1,9,20,4,60,0,0.21,10,0
886,16,1,1,29,3,7,10,20,3,120,0,0.72,30,0
933,11,3,6,28,5,7,10,22,4,120,0,0.17,20,0
1389,12,1,11,16,3,3,9,8,0,60,1,0.0,30,0
1409,18,1,4,1,5,5,10,16,1,90,0,0.81,15,0
958,19,3,24,4,1,1,3,20,0,60,1,0.34,20,1
1037,8,3,7,7,0,7,7,20,1,90,1,0.83,30,0
1064,10,3,29,24,0,7,7,18,1,60,0,0.44,10,0
1132,19,3,29,5,3,1,7,8,2,120,0,0.56,20,0
1277,20,3,2,29,0,7,7,8,1,90,0,0.01,10,0
1015,15,2,19,0,5,7,10,14,4,60,1,0.93,15,0
1175,7,2,24,15,2,5,9,22,3,60,1,0.89,30,0
1543,14,3,13,3,4,0,8,20,2,60,0,0.83,30,0
1110,19,3,23,22,3,6,10,20,0,90,0,0.02,15,0
957,17,1,15,2,1,2,4,16,6,90,1,0.85,15,0
1402,9,2,27,0,1,1,3,22,3,120,1,0.76,15,1
1370,6,2,23,9,0,4,4,20,0,90,1,0.34,20,1
1444,7,2,0,25,5,0,10,18,2,90,1,0.17,15,0
930,7,3,29,0,4,4,10,20,3,60,0,0.5,15,0
983,11,2,14,6,0,4,4,8,6,120,1,0.98,15,0
867,18,3,2,21,5,0,10,16,4,90,0,0.53,10,0
1404,16,3,21,20,0,1,1,22,1,120,1,0.45,30,1
1055,20,2,5,18,0,1,1,20,2,120,1,0.74,15,1
1373,6,1,19,2,2,0,4,22,2,60,1,0.84,10,0
980,17,1,24,0,0,3,3,8,2,90,0,0.54,20,0
1316,10,3,8,19,5,3,10,8,4,90,1,0.71,10,0
1243,8,1,20,12,3,3,9,14,1,60,0,0.86,20,0
1449,10,1,13,29,0,5,5,10,0,60,0,0.94,15,0
845,15,3,20,9,3,7,10,20,6,120,0,0.55,10,0
912,14,3,28,26,5,4,10,18,1,60,1,0.76,10,0
1002,8,2,27,13,4,3,10,20,6,90,1,0.57,20,0
1431,8,3,26,24,3,5,10,14,1,90,0,0.49,15,0
1576,8,2,17,27,4,0,8,8,1,60,0,0.55,10,0
1130,20,2,23,12,4,1,9,16,0,120,0,0.9,30,0
1004,13,3,19,8,4,5,10,20,4,60,0,0.5,10,0
1448,6,2,2,14,4,4,10,22,1,120,0,0.89,10,0
1162,19,2,23,14,0,4,4,10,3,90,0,0.57,10,0
1578,17,3,4,16,0,3,3,22,0,120,0,0.04,20,0
961,8,3,6,19,1,5,7,10,2,60,0,0.7,15,0
1248,9,2,3,10,3,0,6,22,5,120,0,0.4,10,0
1405,6,3,30,11,4,0,8,10,6,90,0,0.23,20,0
1519,20,2,29,15,0,5,5,10,5,120,0,0.57,30,0
1227,15,3,7,7,1,2,4,8,0,90,1,0.49,10,0
1009,12,1,8,22,1,6,8,22,1,120,0,0.29,15,0
1501,13,2,30,9,4,7,10,10,5,120,1,0.69,30,0
1373,7,1,11,29,4,1,9,18,5,60,0,0.36,15,0
1143,9,1,19,23,2,4,8,14,5,90,1,0.59,15,0
1351,6,2,15,2,3,0,6,10,2,60,0,0.23,20,0
1048,14,1,18,15,5,2,10,20,1,120,0,0.76,10,0
1035,17,3,10,19,2,3,7,22,3,120,1,0.4,15,0
1222,19,3,22,8,4,0,8,22,2,90,0,0.93,10,0
1171,7,1,14,23,0,3,3,18,0,90,1,0.54,15,1
1110,14,1,29,16,4,6,10,20,2,120,1,0.56,15,0
838,9,1,20,6,3,1,7,14,3,120,0,0.7,20,0
1408,16,2,4,2,1,1,3,16,5,120,1,0.92,20,1
1204,7,2,9,16,2,3,7,16,6,90,0,0.5,10,0
1321,18,3,3,2,5,1,10,14,3,60,0,0.32,20,0
1065,7,3,16,12,1,3,5,10,6,120,1,0.64,30,1
1480,18,2,14,5,0,4,4,22,3,120,1,0.64,30,0
1532,17,2,0,24,4,1,9,20,3,60,1,0.51,10,0
1070,14,1,2,12,5,6,10,14,0,60,1,0.77,10,0
1578,18,2,4,20,1,3,5,18,1,90,0,0.72,30,0
981,20,2,5,7,2,1,5,8,1,60,1,0.58,20,0
998,15,1,10,3,5,1,10,16,1,120,0,0.35,20,0
1375,19,2,2,19,1,0,2,20,1,120,0,0.92,30,0
949,19,3,7,7,4,4,10,8,6,90,0,0.97,20,0
1080,11,1,14,5,1,0,2,20,0,120,0,0.37,30,0
912,15,2,10,12,3,2,8,20,3,120,1,0.57,30,1
823,16,2,16,23,4,3,10,22,0,60,1,0.64,30,0
943,8,3,7,15,2,0,4,10,4,60,1,0.52,20,0
954,6,1,3,22,2,6,10,16,2,120,0,0.62,30,0
1123,7,2,5,21,5,1,10,18,2,120,1,0.94,20,0
1451,18,2,8,14,0,1,1,16,6,60,1,0.13,30,1
1319,14,2,11,29,2,6,10,20,3,60,1,0.2,20,0
1489,9,1,5,25,1,0,2,8,3,60,0,0.48,10,0
1147,6,2,27,15,5,6,10,16,4,90,1,0.87,20,0
1065,19,1,19,24,1,6,8,14,3,90,1,0.21,10,0
1254,17,1,12,19,3,3,9,20,0,90,1,0.4,20,0
973,7,1,4,3,3,4,10,22,3,120,0,0.76,30,0
1221,13,1,24,19,5,1,10,22,3,90,0,0.29,30,0
1232,12,1,13,18,3,1,7,18,3,90,1,0.58,20,1
1012,11,3,20,6,1,1,3,10,3,120,1,0.22,10,1
1455,6,3,15,28,2,3,7,14,4,120,1,0.86,10,0
1174,16,1,2,15,3,0,6,20,6,60,0,0.4,15,0
854,18,1,25,10,3,4,10,8,1,120,0,0.59,15,0
1329,19,3,2,24,4,1,9,22,2,120,1,0.84,30,0
1228,16,2,27,15,3,5,10,14,1,120,0,0.89,15,0
935,19,2,23,8,4,4,10,20,6,120,1,0.63,20,0
1583,8,3,27,6,0,3,3,16,5,120,0,0.94,10,0
1093,19,3,21,20,5,1,10,14,4,120,0,0.06,15,0
1374,14,3,27,28,0,1,1,22,3,90,0,0.09,30,0
976,11,3,6,1,4,6,10,18,2,120,1,0.19,20,1
816,18,2,18,2,2,4,8,16,6,120,0,0.79,10,0
1341,16,3,0,4,2,2,6,14,3,60,0,0.73,15,0
1362,12,1,5,21,5,7,10,8,4,120,0,0.55,10,0
1108,16,1,7,11,4,6,10,14,5,90,1,0.66,15,0
1089,16,3,1,20,3,3,9,22,3,90,0,0.88,15,0
825,17,3,0,29,1,1,3,22,4,60,1,0.9,15,0
994,9,3,21,6,5,3,10,22,4,90,1,0.69,10,0
1291,20,3,8,19,2,0,4,22,3,90,1,0.54,15,0
1075,13,2,28,22,1,7,9,10,5,120,1,0.86,15,0
804,15,1,30,6,3,4,10,8,6,60,1,0.29,30,0
957,16,1,10,25,3,4,10,8,2,90,1,0.18,20,0
1366,16,3,12,17,2,6,10,18,0,60,0,0.25,20,0
1460,9,3,8,13,3,6,10,22,5,90,1,0.78,20,0
1539,19,2,13,8,1,5,7,20,5,120,1,0.03,30,1
1468,17,1,27,17,1,5,7,22,4,90,1,0.36,15,0
1243,7,2,6,7,4,2,10,22,5,60,1,0.57,20,0
1098,9,2,5,11,1,1,3,22,2,120,0,0.34,10,0
943,16,1,23,24,3,7,10,20,2,120,0,0.17,30,0
1450,10,2,9,6,2,5,9,20,1,120,0,0.87,10,0
1350,6,3,24,17,4,5,10,8,5,90,1,0.6,15,0
1310,17,2,23,18,0,2,2,14,0,120,0,0.04,30,0
1431,13,3,6,16,5,5,10,16,4,120,0,0.19,20,0
1325,13,2,13,17,2,6,10,8,0,90,0,0.7,20,0
1483,16,1,28,5,5,2,10,18,5,60,1,0.72,15,0
890,7,2,25,23,0,0,0,16,1,90,0,0.2,10,0
1425,13,2,19,8,2,1,5,18,6,90,1,0.66,20,1
1500,11,2,3,11,2,1,5,8,3,90,1,0.01,10,0
943,9,3,3,27,3,3,9,16,6,90,0,0.47,30,0
1066,12,2,15,14,2,0,4,20,3,60,1,0.31,10,1
953,13,1,17,15,3,7,10,8,4,60,0,0.03,20,0
1002,9,1,6,3,5,7,10,16,0,120,0,0.17,15,0
1363,10,3,28,18,4,3,10,18,2,60,0,0.77,15,0
1351,11,2,22,4,5,6,10,18,6,120,1,0.2,30,0
891,10,2,6,21,0,2,2,10,6,120,1,0.35,30,1
1072,18,2,14,9,1,4,6,20,2,60,1,0.58,10,0
1297,20,1,19,26,0,2,2,10,3,60,0,0.53,10,0
881,20,1,26,22,2,4,8,18,1,60,0,0.15,30,0
1291,14,3,2,11,5,0,10,18,3,60,0,0.68,20,0
1380,17,2,21,7,4,3,10,14,1,60,0,0.76,20,0
803,13,2,23,26,0,0,0,18,6,120,1,0.19,15,1
1600,8,3,14,28,1,0,2,22,3,120,0,0.26,15,0
1157,9,1,21,0,1,0,2,14,3,120,1,0.82,30,1
1580,10,3,8,27,5,5,10,8,4,60,0,0.79,30,0
963,13,2,27,24,4,7,10,10,4,60,0,0.72,20,0
824,18,1,25,7,2,4,8,8,4,90,0,0.81,30,0
1527,10,3,13,7,5,6,10,20,3,60,1,0.04,20,0
1030,8,1,5,11,5,2,10,20,1,120,0,0.97,20,0
876,8,1,30,6,3,4,10,14,1,90,0,0.17,10,0
822,19,1,25,18,2,0,4,22,2,120,1,0.34,30,1
1181,19,2,28,15,1,2,4,10,4,120,1,0.79,10,0
972,19,3,25,17,2,5,9,22,3,60,0,0.68,15,0
1548,20,3,22,6,2,3,7,22,0,120,1,0.36,30,0
1047,12,3,14,27,0,3,3,22,4,90,1,0.6,20,1
1586,20,2,18,28,5,4,10,18,3,60,1,0.77,10,0
811,10,1,1,26,2,3,7,20,1,60,1,0.19,30,1
865,9,2,27,14,5,1,10,16,5,120,0,0.41,10,0
1511,6,3,16,10,0,7,7,20,6,90,1,0.19,10,1
976,12,1,2,26,5,6,10,16,6,120,0,0.44,30,0
1343,11,1,29,1,2,0,4,22,6,60,1,0.27,30,1
1398,11,3,21,30,1,5,7,22,1,60,0,0.67,20,0
1199,12,3,21,24,1,0,2,10,2,90,1,0.35,30,1
1102,14,1,30,11,4,6,10,22,1,120,1,0.69,15,0
871,16,3,8,22,0,0,0,18,5,120,0,0.25,20,0
904,10,3,0,2,5,3,10,8,2,60,1,0.92,30,0
977,13,3,9,28,1,3,5,8,0,120,0,0.03,30,0
1358,9,2,29,16,0,0,0,8,6,60,0,0.72,30,0
1369,18,2,12,4,2,0,4,20,4,60,1,0.4,30,1
1142,20,3,4,24,5,4,10,20,6,60,0,0.67,20,0
950,7,3,3,18,5,5,10,16,1,90,1,0.13,20,1
1510,6,3,13,3,3,1,7,20,0,60,0,0.49,10,0
1384,13,3,16,1,5,0,10,14,5,60,0,0.42,15,0
1548,15,2,8,22,3,2,8,14,4,120,1,0.13,10,0
1050,12,2,3,8,5,6,10,16,5,120,1,0.81,10,0
1081,14,3,6,13,1,6,8,8,3,60,0,0.8,30,0
1044,8,1,16,1,4,6,10,20,3,60,1,0.73,10,0
1178,19,3,4,1,3,1,7,18,0,60,1,0.2,10,0
994,11,2,22,19,1,1,3,14,2,120,1,0.18,15,1
1238,10,1,19,4,3,6,10,20,6,60,1,0.47,15,0
1405,17,2,29,24,1,2,4,8,6,120,1,0.83,15,0
1517,11,1,11,15,1,0,2,10,6,60,1,0.74,10,0
1113,20,1,27,1,0,7,7,8,5,120,0,0.27,15,0
921,16,1,2,26,2,0,4,22,2,120,1,0.69,30,0
1466,12,2,22,14,0,3,3,14,4,120,1,0.89,15,1
1572,8,2,2,4,4,5,10,8,2,120,1,0.92,10,0
931,17,3,4,28,0,7,7,22,3,90,0,0.06,15,0
802,17,2,2,0,3,5,10,10,6,120,1,0.73,20,0
1027,19,1,19,30,0,5,5,16,2,120,0,0.82,15,0
1394,14,2,25,11,5,6,10,14,5,120,0,0.31,30,0
1187,9,1,27,27,4,7,10,18,2,120,1,0.92,15,0
1554,15,3,21,21,5,7,10,16,4,90,0,0.13,15,0
1037,7,3,9,10,1,4,6,10,1,90,0,0.62,20,0
1192,19,2,0,3,1,7,9,22,1,90,0,0.33,15,0
1399,12,2,5,29,4,4,10,22,1,60,0,0.88,30,0
1222,18,2,15,5,1,5,7,14,4,90,0,0.38,30,0
1294,14,2,13,23,1,5,7,14,3,90,1,0.79,30,0
1237,6,2,10,9,0,2,2,18,3,120,1,0.18,10,1
1045,16,2,0,1,2,4,8,14,1,90,1,0.39,20,1
1182,14,2,20,25,0,4,4,8,4,90,1,0.33,10,0
1506,8,1,15,13,3,4,10,14,3,90,0,0.5,20,0
914,11,2,14,10,3,1,7,8,4,60,1,0.77,10,0
1416,11,1,23,5,3,5,10,18,3,120,0,0.42,30,0
1545,10,2,11,8,5,6,10,14,5,120,0,0.61,10,0
1313,15,3,8,4,3,3,9,8,0,120,0,0.91,15,0
1133,17,3,21,26,5,6,10,16,1,90,0,0.61,10,0
882,6,3,6,15,0,4,4,22,6,120,0,0.25,20,0
802,10,2,22,14,4,3,10,20,5,120,0,0.48,10,0
1299,7,2,17,28,2,1,5,14,0,90,0,0.73,30,0
896,17,2,2,8,1,5,7,20,2,120,1,0.15,15,0
1283,16,1,30,26,2,2,6,14,5,90,0,0.53,30,0
1426,19,2,6,21,4,4,10,14,6,60,1,0.69,20,0
1342,9,3,30,1,5,6,10,10,6,120,1,0.9,20,0
928,11,2,2,20,1,6,8,18,2,90,1,0.1,20,1
1016,15,1,27,8,4,0,8,10,6,120,0,0.22,15,0
1325,7,2,26,5,5,1,10,18,4,120,1,0.45,30,0
1035,13,2,5,3,2,7,10,22,1,60,0,0.76,20,0
1224,9,1,19,5,5,7,10,20,0,120,0,0.76,15,0
1416,11,2,0,10,4,3,10,18,6,90,0,0.7,15,0
1007,8,2,9,13,2,6,10,22,0,60,1,0.09,10,0
1114,11,2,14,14,2,1,5,20,0,60,0,0.9,30,0
1487,11,1,22,1,5,6,10,10,2,90,0,0.15,15,0
1241,6,2,14,5,0,5,5,18,0,60,0,0.71,20,0
1555,8,2,9,21,3,7,10,20,4,120,1,0.89,10,0
823,8,2,3,10,5,2,10,8,6,120,0,0.68,30,0
1381,9,3,30,10,2,1,5,16,4,60,0,0.63,30,0
1315,10,2,20,19,1,4,6,8,0,60,1,0.65,20,0
1036,13,3,10,27,0,3,3,8,0,90,0,0.05,15,0
1516,15,2,28,0,0,7,7,22,3,60,1,0.49,15,0
1351,12,1,15,20,4,3,10,8,5,90,1,0.77,30,0
1367,15,2,0,24,4,0,8,22,5,90,0,0.1,10,0
1132,13,3,14,14,3,6,10,8,3,60,1,0.1,20,0
1285,9,3,0,12,4,5,10,10,6,120,0,0.84,30,0
1133,6,1,19,9,1,6,8,16,1,120,1,0.99,20,0
1539,9,1,26,27,3,5,10,8,4,60,0,0.05,10,0
1384,17,2,23,10,0,6,6,22,1,120,0,0.49,15,0
1425,9,3,12,23,3,3,9,18,6,90,0,0.53,10,0
1165,15,3,13,16,5,6,10,10,5,120,1,0.0,10,0
1367,12,2,4,14,2,3,7,20,6,90,1,0.98,30,0
1135,6,3,23,23,1,1,3,14,4,90,0,0.99,20,0
992,7,2,10,22,4,6,10,16,3,90,0,0.79,20,0
1594,15,3,28,16,0,0,0,10,1,120,1,0.24,15,1
948,20,2,1,29,4,7,10,10,2,90,1,0.16,30,0
1333,17,1,26,26,3,0,6,16,0,120,1,0.61,10,0
1485,13,2,10,3,1,7,9,18,3,60,1,0.2,15,0
1238,11,2,21,30,5,5,10,16,3,90,0,0.94,15,0
987,19,3,18,20,0,6,6,14,4,90,1,0.79,10,0
1408,9,2,24,18,4,7,10,10,2,120,0,0.87,20,0
1516,9,2,25,21,4,1,9,14,1,60,0,0.9,10,0
809,15,2,12,22,5,6,10,16,2,90,0,0.52,15,0
1254,8,1,29,25,0,0,0,8,5,60,0,0.41,10,0
830,16,3,5,16,2,0,4,18,0,90,0,0.51,30,0
810,18,2,20,29,2,0,4,16,2,60,0,0.57,20,0
1378,17,2,1,25,5,6,10,8,4,60,1,0.12,30,0
1467,11,2,10,15,4,6,10,16,4,60,1,0.87,15,0
1460,11,2,21,19,5,2,10,16,3,60,1,0.17,20,0
1192,11,3,25,9,4,6,10,18,0,60,1,0.3,30,0
1510,9,1,3,23,3,5,10,16,5,60,1,0.29,30,0
1434,8,3,28,5,0,6,6,22,3,120,1,0.03,30,1
1262,20,1,28,29,5,3,10,14,6,60,1,0.11,15,0
1022,13,1,4,0,4,4,10,22,1,60,1,0.17,15,0
1386,13,2,17,4,3,4,10,22,5,90,0,0.64,30,0
953,8,1,26,10,2,2,6,10,1,90,0,0.43,20,0
1479,7,3,18,11,2,3,7,18,1,60,1,0.46,15,1
1099,14,2,30,28,4,5,10,16,5,90,0,0.12,15,0
1336,20,1,24,16,5,4,10,16,4,60,0,0.05,15,0
996,19,1,9,17,5,3,10,16,6,60,1,0.88,20,0
1453,7,2,0,23,4,0,8,10,1,90,1,0.09,10,0
1474,13,1,0,21,3,5,10,8,5,90,0,0.24,10,0
1035,20,1,29,15,5,3,10,8,1,60,0,0.53,30,0
894,19,2,25,20,5,1,10,16,4,120,0,0.85,20,0
1387,6,2,6,16,1,4,6,10,1,90,0,0.24,20,0
1432,7,1,29,19,4,1,9,8,5,90,1,0.49,15,0
1014,20,2,21,7,2,7,10,8,6,120,1,0.5,15,0
1327,14,2,5,5,5,6,10,10,4,120,1,0.73,15,0
1186,11,2,25,6,1,5,7,10,0,120,0,0.18,10,0
1348,17,2,21,9,3,0,6,16,2,60,0,0.09,10,0
1402,14,2,23,3,1,0,2,14,6,120,0,0.64,20,0
1354,10,3,14,3,5,6,10,8,4,60,1,0.65,15,0
1494,6,1,25,25,4,6,10,16,5,60,1,0.64,20,0
1043,17,3,3,24,3,3,9,10,6,60,0,0.81,20,0
1128,20,3,17,4,5,2,10,18,4,90,1,0.81,20,0
1069,9,2,1,13,4,2,10,16,5,120,1,0.4,15,0
1496,17,2,28,2,3,4,10,20,4,90,0,0.67,20,0
1352,6,3,16,7,0,4,4,18,3,60,0,0.34,15,0
1573,8,1,17,4,5,2,10,16,0,120,0,0.04,15,0
1124,11,1,14,22,0,5,5,22,3,120,0,0.38,10,0
812,6,1,8,0,5,0,10,16,0,90,0,0.24,15,0
1374,20,3,29,29,0,2,2,22,5,60,0,0.46,10,0
1542,19,1,22,25,5,2,10,22,5,90,1,0.07,20,0
1331,11,1,29,20,2,6,10,20,0,90,1,0.5,10,0
1351,11,1,25,20,5,1,10,18,0,120,1,0.56,30,0
1136,16,1,30,3,5,5,10,18,5,90,0,0.99,30,0
1461,19,3,26,2,1,7,9,22,1,120,1,0.47,20,0
818,7,1,13,16,1,6,8,14,5,60,0,0.78,20,0
1244,19,2,21,23,1,4,6,20,2,60,0,0.72,30,0
811,7,3,0,8,4,0,8,14,2,120,1,0.82,30,0
1478,8,3,19,21,4,4,10,10,4,90,1,0.33,15,0
1169,10,1,9,7,2,7,10,14,1,60,1,0.46,15,0
1580,7,3,26,1,1,1,3,14,6,60,1,0.47,20,1
1599,7,3,5,3,1,1,3,20,1,120,1,0.34,15,1
1007,17,2,22,23,3,3,9,16,1,90,0,0.57,30,0
1184,6,2,19,7,1,4,6,10,2,120,1,0.59,10,0
1436,9,2,0,26,5,4,10,10,0,90,0,0.6,30,0
1536,7,3,21,5,4,2,10,20,5,60,0,0.26,30,0
818,6,2,0,1,1,3,5,16,2,90,1,0.3,10,1
1187,14,1,8,8,0,6,6,8,5,90,1,0.45,20,0
1043,14,1,2,11,3,1,7,20,4,90,0,0.08,10,0
841,9,3,25,1,3,7,10,22,2,60,1,0.32,15,0
1292,12,2,12,20,2,6,10,14,1,120,0,0.63,20,0
805,6,2,8,17,3,2,8,20,0,90,0,0.31,30,0
898,18,1,25,10,1,2,4,16,5,90,1,0.31,30,1
1004,18,1,14,29,4,3,10,14,0,60,0,0.42,15,0
991,13,1,2,17,2,2,6,10,4,60,0,0.21,30,0
1471,9,2,3,25,4,2,10,22,6,120,0,0.48,15,0
1539,16,1,10,7,5,7,10,20,6,90,1,0.73,15,0
1466,13,3,23,28,1,6,8,8,1,120,0,0.79,30,0
1025,14,2,5,9,1,2,4,8,5,90,0,0.33,10,0
1541,14,2,3,14,1,4,6,16,0,60,0,0.38,20,0
1338,8,3,30,26,0,0,0,22,3,60,0,0.52,20,0
1481,17,3,20,14,1,2,4,18,4,90,1,0.51,30,1
1425,11,3,25,11,4,1,9,8,0,90,0,0.74,10,0
1038,13,1,15,11,5,3,10,16,4,90,1,0.52,30,0
898,12,3,24,2,0,4,4,20,1,120,1,0.41,20,1
1458,15,3,21,5,0,7,7,16,6,120,0,0.17,20,0
950,8,2,18,27,3,4,10,14,2,120,0,0.43,20,0
1265,13,2,15,16,3,4,10,22,0,90,0,0.05,30,0
1052,18,3,18,28,5,1,10,18,3,90,1,0.49,10,0
876,7,2,26,25,2,4,8,16,0,60,0,0.37,15,0
1553,14,1,12,18,2,4,8,18,6,90,0,0.6,10,0
1345,17,1,8,9,1,1,3,16,1,60,0,0.82,30,0
1296,14,1,4,16,5,0,10,22,5,90,0,0.96,20,0
1136,15,2,6,21,4,6,10,18,1,60,0,0.45,10,0
1112,19,3,26,9,2,0,4,10,3,60,0,0.06,15,0
1306,10,1,8,1,0,0,0,14,0,60,1,0.43,10,1
982,10,2,25,27,4,1,9,22,6,90,0,0.42,30,0
1029,16,1,25,23,0,6,6,16,4,60,0,0.22,15,0
1462,20,2,20,6,4,1,9,8,0,90,1,0.83,30,0
913,14,3,18,27,2,6,10,14,0,90,0,0.88,30,0
1170,11,3,28,25,2,2,6,18,4,120,1,0.47,10,1
911,7,3,17,14,2,6,10,10,3,90,0,0.91,20,0
957,16,3,0,29,5,2,10,22,4,60,1,0.68,30,0
977,8,2,0,0,3,3,9,8,4,60,1,0.57,20,0
1340,15,3,21,15,4,1,9,18,3,90,0,0.82,30,0
1256,19,2,17,12,4,3,10,20,3,120,0,0.32,10,0
1037,8,3,12,4,5,2,10,20,2,120,1,0.81,10,0
1259,7,1,20,19,4,5,10,22,5,90,1,0.66,10,0
956,16,2,2,18,1,7,9,20,6,60,0,0.6,10,0
1457,6,2,22,25,2,5,9,18,6,120,1,0.2,10,0
1365,11,3,3,22,2,2,6,10,3,90,0,0.33,10,0
897,8,1,23,13,4,5,10,22,0,120,0,0.03,20,0
955,10,1,10,30,0,5,5,10,6,90,1,0.69,20,0
1110,17,1,16,24,0,7,7,18,3,90,1,0.14,30,1
978,13,3,25,30,1,3,5,18,1,120,1,0.8,20,1
1053,20,2,14,14,3,7,10,8,1,60,0,0.56,10,0
1498,6,3,8,28,4,6,10,18,0,90,1,0.79,30,0
1598,19,1,12,28,2,2,6,8,0,60,0,0.17,10,0
1357,8,1,8,10,3,7,10,16,5,60,0,0.17,10,0
881,17,2,14,17,5,4,10,8,2,90,0,0.48,15,0
1066,10,3,7,4,2,3,7,14,2,60,0,0.03,20,0
1211,20,3,29,30,5,1,10,22,1,120,0,0.5,10,0
1591,13,3,20,18,1,5,7,20,5,90,1,0.13,15,1
1238,13,3,16,28,5,7,10,8,0,60,1,0.33,30,0
949,14,2,28,27,0,4,4,14,6,60,0,0.39,15,0
1020,17,2,2,16,5,1,10,22,5,120,0,0.61,15,0
1442,8,2,9,29,2,6,10,20,3,120,1,0.42,15,0
955,10,3,20,10,2,6,10,14,2,120,1,0.81,20,0
954,11,3,19,6,0,6,6,18,5,60,0,0.68,15,0
1103,11,1,5,21,0,1,1,16,2,120,0,0.78,20,0
1300,10,1,13,15,3,1,7,16,3,120,1,0.75,30,1
1051,8,1,14,15,2,2,6,20,5,60,1,0.65,15,1
1545,9,3,20,25,3,4,10,20,0,90,0,0.0,20,0
1525,12,2,19,22,1,7,9,20,4,90,1,0.77,15,0
965,17,2,5,21,5,1,10,20,2,120,1,0.56,15,0
875,19,3,13,9,3,4,10,14,5,60,1,0.0,15,0
1312,8,1,7,23,0,3,3,10,5,90,1,0.9,15,0
832,14,2,12,8,1,4,6,8,6,90,1,0.31,20,1
1171,18,1,1,14,5,1,10,10,4,120,0,0.12,15,0
1052,6,2,12,8,2,7,10,22,0,60,1,0.69,15,0
1048,16,3,27,3,0,4,4,22,5,120,1,0.62,30,0
1554,13,1,21,18,3,3,9,8,0,120,0,0.59,30,0
1391,7,3,2,13,0,2,2,22,5,90,0,0.87,30,0
1124,20,1,5,20,1,6,8,22,4,60,0,0.24,10,0
886,15,3,27,20,3,3,9,18,3,90,0,0.28,20,0
1416,20,3,1,20,4,7,10,18,2,90,1,0.99,15,0
1572,11,2,16,1,0,2,2,18,0,90,0,0.13,10,0
1188,17,2,23,26,3,4,10,10,6,60,0,0.6,10,0
1393,12,1,21,6,0,2,2,14,5,90,0,0.91,10,0
1109,11,1,20,22,0,4,4,8,3,90,0,0.02,30,0
1285,10,2,6,14,1,2,4,16,4,120,0,0.24,15,0
1242,15,2,19,26,3,3,9,10,0,60,1,0.54,20,0
911,19,1,11,1,2,4,8,18,0,60,1,0.3,15,0
1107,12,3,29,20,3,4,10,8,4,60,1,0.52,10,0
1190,15,3,17,0,3,6,10,8,0,60,0,0.94,15,0
1526,11,1,21,9,3,2,8,14,2,60,1,0.07,20,1
1133,12,2,13,30,5,1,10,14,3,60,1,0.55,30,0
1268,13,2,20,26,2,3,7,16,1,120,0,0.58,30,0
991,14,2,15,23,4,5,10,16,2,60,1,0.48,10,0
1448,19,1,14,0,4,1,9,22,0,60,1,0.6,20,0
1428,14,2,7,28,0,3,3,8,1,90,0,0.58,30,0
1338,18,1,12,5,2,0,4,8,6,60,1,0.06,10,0
961,13,3,4,20,3,5,10,14,1,120,1,0.7,30,0
945,13,2,7,3,3,3,9,22,6,90,0,0.27,20,0
1578,13,3,16,7,2,4,8,8,2,120,1,0.62,10,0
1029,11,1,8,10,0,6,6,14,2,120,0,0.02,30,0
812,20,3,2,1,4,3,10,18,2,60,0,0.98,10,0
1460,20,2,0,20,3,7,10,16,2,120,1,0.45,20,0
999,19,2,1,5,5,5,10,16,3,90,1,0.83,20,0
1433,18,3,22,11,2,0,4,14,6,120,1,0.75,30,1
1447,18,1,9,3,0,2,2,8,1,120,1,0.69,20,1
1426,9,1,17,29,2,0,4,10,2,120,1,0.97,10,0
868,16,3,21,19,5,6,10,18,2,60,1,0.77,20,0
1491,13,1,17,18,3,2,8,8,0,90,1,0.19,15,0
1094,17,3,0,12,5,4,10,14,0,60,1,0.08,15,0
1362,19,2,5,19,5,6,10,8,2,90,0,0.99,15,0
860,11,2,17,15,5,6,10,18,1,120,1,0.18,15,0
1497,6,1,9,3,1,6,8,18,2,60,1,0.55,15,1
1129,9,3,13,23,1,0,2,16,3,90,0,0.18,30,0
1074,16,3,29,18,5,6,10,8,3,60,1,0.53,10,0
959,13,2,25,25,1,4,6,14,4,60,1,0.74,30,1
1040,10,3,11,6,1,4,6,10,0,90,1,0.3,30,1
1544,16,2,24,17,5,3,10,18,6,90,1,0.75,15,0
1116,14,2,24,14,0,7,7,18,3,60,0,0.83,15,0
1496,13,1,2,19,4,4,10,10,1,120,1,0.76,20,0
1359,7,3,1,23,5,3,10,16,1,90,1,0.76,10,0
981,13,1,4,28,1,5,7,8,5,90,1,0.12,15,0
1156,6,2,10,23,1,5,7,18,4,60,1,0.56,20,1
888,8,1,14,24,5,4,10,16,4,120,0,0.07,15,0
1339,16,3,18,20,2,0,4,10,4,60,1,0.37,20,1
1283,8,3,13,25,2,4,8,22,5,60,1,0.38,10,0
941,7,2,10,14,4,7,10,14,1,90,0,0.98,10,0
1112,7,1,4,28,2,5,9,14,0,60,0,0.8,10,0
1455,12,2,20,30,5,2,10,20,0,60,0,0.84,10,0
855,13,1,16,12,3,6,10,18,2,90,1,0.04,15,0
1523,17,2,3,16,5,3,10,10,4,60,0,0.73,30,0
910,14,1,8,27,4,1,9,16,2,120,0,0.23,15,0
1234,7,2,12,6,4,6,10,18,5,60,0,0.14,10,0
911,11,3,20,6,4,6,10,22,0,120,1,0.39,10,0
937,12,3,19,9,5,4,10,8,5,60,0,0.85,30,0
1423,6,3,2,12,2,1,5,10,6,120,1,0.31,15,1
1416,11,1,22,28,5,1,10,14,2,90,0,0.62,20,0
1071,14,2,11,20,1,5,7,20,6,60,1,0.55,30,1
1183,15,1,12,24,2,1,5,16,5,90,1,0.02,20,1
1548,18,2,25,7,4,6,10,10,5,60,1,0.79,15,0
1027,16,2,12,3,0,7,7,18,6,60,0,0.54,10,0
1129,10,1,22,19,2,1,5,22,2,60,0,0.62,20,0
1325,19,2,25,26,3,5,10,22,1,90,0,0.98,10,0
1051,10,2,30,6,1,7,9,10,3,60,0,0.61,15,0
1527,18,2,22,23,5,0,10,22,2,120,0,0.87,15,0
1415,17,1,14,5,1,1,3,18,1,120,1,0.36,15,1
1269,8,1,8,26,4,1,9,22,6,60,0,0.28,15,0
1295,6,3,19,25,4,2,10,16,1,120,0,0.3,20,0
985,12,1,20,29,0,1,1,22,2,60,0,0.04,15,0
1496,9,1,24,30,1,0,2,10,6,120,1,0.19,30,1
1499,16,3,2,28,5,4,10,14,5,90,1,0.37,30,0
1333,13,3,10,1,5,1,10,22,3,60,1,0.08,20,0
843,7,2,6,22,1,6,8,20,1,60,0,0.93,15,0
1429,9,2,11,20,1,0,2,18,1,60,0,0.53,15,0
1194,16,1,30,2,5,0,10,22,6,60,1,0.58,20,0
1331,19,1,27,17,3,0,6,22,3,120,0,0.13,15,0
1300,12,3,19,26,0,0,0,14,3,120,0,0.79,15,0
982,12,3,24,12,1,3,5,14,0,60,0,0.4,20,0
1268,17,3,11,27,2,2,6,8,3,90,0,0.58,10,0
1211,14,3,22,13,1,0,2,16,5,90,0,0.39,20,0
1242,15,2,12,3,2,6,10,16,2,60,1,0.7,10,0
1349,12,3,25,4,1,0,2,16,2,90,0,0.46,20,0
907,18,2,18,28,0,5,5,10,2,90,0,0.93,20,0
1060,17,2,26,0,0,2,2,18,5,60,1,0.37,15,1
1330,11,3,21,11,2,1,5,16,6,60,1,0.66,15,1
947,8,2,14,4,0,7,7,22,4,120,1,0.39,30,0
1261,15,2,20,8,2,6,10,14,4,90,0,0.51,10,0
1375,17,1,17,2,1,3,5,8,5,90,1,0.96,10,0
858,10,2,4,26,0,3,3,18,3,120,1,0.56,30,1
1427,12,3,13,15,2,6,10,8,0,90,0,0.33,10,0
1039,11,2,9,8,3,6,10,20,5,120,0,0.47,10,0
1209,10,2,27,23,0,3,3,20,5,120,0,0.69,30,0
1162,15,2,7,1,3,5,10,22,1,90,0,0.38,10,0
1407,13,3,20,7,2,0,4,16,5,120,0,0.11,15,0
935,7,1,13,8,2,0,4,20,4,120,0,0.98,15,0
1388,17,3,4,23,2,7,10,8,0,120,0,0.98,20,0
1429,8,1,29,27,4,4,10,8,1,120,0,0.38,20,0
1293,8,3,25,25,4,1,9,8,3,120,0,0.45,30,0
1137,19,3,14,6,5,7,10,18,0,90,0,0.16,30,0
1144,13,3,13,30,1,4,6,14,2,90,1,0.33,20,1
1092,18,3,14,15,5,5,10,14,0,120,1,0.16,10,0
1117,18,1,9,9,4,5,10,20,0,60,0,0.32,20,0
1144,6,1,1,17,4,2,10,22,6,120,0,0.88,10,0
1510,15,2,3,0,2,1,5,20,5,60,1,0.63,10,0
1009,9,1,22,10,3,4,10,18,6,120,0,0.53,10,0
926,16,1,21,10,2,4,8,14,5,90,1,0.09,10,0
1075,13,2,4,12,5,5,10,20,3,120,0,0.56,10,0
1379,7,3,19,7,5,7,10,10,2,90,1,0.63,10,0
1039,12,3,23,30,3,6,10,8,1,120,1,0.3,30,0
817,10,1,1,21,0,2,2,22,6,90,1,0.64,30,1
1446,13,1,23,27,4,6,10,20,1,90,0,0.39,15,0
1386,16,3,12,19,3,2,8,14,6,90,0,0.63,20,0
1480,20,1,30,17,2,0,4,20,3,90,0,0.79,30,0
1594,18,1,2,28,4,4,10,22,3,60,1,0.5,15,0
1122,13,2,19,0,0,6,6,10,3,120,1,0.36,30,1
1377,7,1,6,18,2,3,7,8,0,90,0,0.08,20,0
1361,12,2,1,23,4,3,10,16,0,90,0,0.03,10,0
1183,20,1,12,30,4,0,8,22,2,120,1,0.93,30,0
1449,20,3,23,3,0,0,0,16,3,90,0,0.22,10,0
1193,7,1,25,23,4,4,10,14,3,120,0,0.28,30,0
890,13,1,25,5,0,6,6,20,4,60,0,0.74,15,0
1478,16,2,13,16,2,7,10,16,1,120,1,0.01,10,0
976,8,1,16,24,0,2,2,18,5,120,0,0.66,15,0
1282,11,2,2,24,3,0,6,22,6,60,0,0.63,15,0
1220,9,3,3,6,4,4,10,20,5,120,1,0.62,20,0
1394,7,1,16,5,2,3,7,10,3,60,0,0.82,20,0
1358,12,2,3,21,2,0,4,8,5,120,1,0.46,30,0
916,11,3,16,24,1,2,4,20,2,60,0,0.54,20,0
871,10,3,14,4,3,6,10,10,0,120,0,0.61,20,0
1352,9,2,28,20,4,6,10,14,2,90,1,0.17,15,0
1060,14,1,0,3,3,7,10,18,5,90,1,0.76,20,0
1578,11,3,20,21,5,5,10,22,1,120,1,0.96,30,0
1479,7,1,10,5,3,2,8,10,6,90,0,0.29,15,0
1385,10,1,1,8,0,5,5,10,4,90,1,0.07,20,1
1368,18,2,16,5,2,4,8,10,5,60,1,0.14,30,0
1239,17,1,28,20,4,2,10,16,2,60,1,0.19,30,0
1124,6,1,11,28,1,1,3,16,5,120,0,0.12,20,0
919,10,3,24,25,4,3,10,18,5,60,0,0.77,20,0
1241,8,1,25,2,0,0,0,16,2,90,0,0.68,20,0
1269,12,2,7,30,0,7,7,16,3,120,1,0.81,20,0
1132,15,3,6,27,1,2,4,18,1,90,0,0.49,15,0
1449,19,2,22,27,2,5,9,20,6,60,0,0.87,30,0
1470,19,3,12,24,3,5,10,8,5,120,0,0.26,20,0
890,15,1,17,16,0,2,2,16,6,60,0,0.37,15,0
986,12,2,15,27,5,4,10,20,5,90,0,0.41,20,0
1120,17,2,19,3,3,2,8,10,2,60,0,0.12,30,0
1084,8,3,12,10,5,5,10,14,5,90,1,0.27,30,0
1362,6,1,9,23,2,0,4,18,2,120,1,0.63,30,1
1005,18,1,12,14,3,6,10,18,4,120,1,0.68,15,0
1567,17,3,9,19,2,2,6,22,6,120,0,0.49,15,0
1553,12,1,3,10,3,2,8,10,1,120,0,0.12,20,0
831,7,1,11,3,1,0,2,20,0,90,1,0.39,15,1
1056,10,3,14,15,5,1,10,14,0,90,1,0.04,30,0
1082,18,1,10,9,2,4,8,16,5,120,1,0.84,20,0
1486,16,1,0,27,0,7,7,20,0,120,0,0.8,15,0
987,11,1,8,20,0,3,3,16,5,60,0,0.69,20,0
1243,15,1,14,29,3,4,10,8,6,60,1,0.21,10,0
1126,6,3,18,11,3,6,10,8,6,60,1,0.35,20,0
805,13,3,13,1,4,3,10,16,3,60,0,0.87,15,0
1443,9,1,21,13,5,4,10,22,1,90,1,0.79,15,0
1512,9,3,7,11,4,0,8,16,6,60,1,0.64,15,0
1166,8,1,27,22,2,4,8,16,3,120,1,0.06,10,1
1280,11,2,26,5,4,3,10,20,3,120,0,0.09,20,0
828,19,2,23,0,2,3,7,14,2,60,1,0.88,20,0
1387,6,1,30,8,2,4,8,10,2,90,1,0.11,20,0
827,15,2,18,29,1,4,6,8,5,120,1,0.71,15,0
1113,19,2,23,11,5,7,10,10,5,90,1,0.56,20,0
821,13,1,24,30,4,6,10,14,6,60,1,0.62,20,0
1174,16,2,22,26,4,4,10,16,5,90,0,0.94,20,0
1202,12,3,12,2,3,1,7,16,1,60,1,0.48,30,1
1083,13,2,4,5,2,4,8,10,6,60,1,0.46,20,0
1175,9,3,22,14,3,6,10,14,6,120,0,0.08,10,0
1404,17,1,8,2,1,5,7,20,4,60,1,0.9,30,0
1421,18,3,28,1,5,1,10,16,0,90,1,0.91,20,0
1151,13,3,11,3,0,7,7,18,0,90,0,0.62,15,0
1518,11,3,26,10,1,1,3,16,0,60,1,0.72,15,1
868,19,2,14,14,2,1,5,22,0,120,1,0.66,30,0
1476,14,3,26,16,3,0,6,18,2,60,1,0.25,20,1
1212,10,1,25,12,4,1,9,16,1,90,1,0.37,20,0
1055,12,3,0,12,4,3,10,16,0,120,0,0.93,30,0
1159,11,1,1,29,3,4,10,10,3,90,0,0.38,10,0
811,13,1,15,25,1,5,7,14,5,120,0,0.16,30,0
995,11,1,16,15,0,1,1,8,5,90,1,0.35,30,1
1353,19,2,1,9,0,3,3,8,3,120,0,0.89,15,0
886,17,3,5,27,0,5,5,16,3,60,0,0.63,20,0
820,6,3,8,5,3,6,10,18,1,60,0,0.13,10,0
831,14,2,16,18,4,1,9,8,5,90,1,0.41,15,0
1194,19,1,5,9,2,4,8,18,4,120,0,0.53,20,0
1055,9,2,14,25,3,3,9,20,1,60,0,0.61,15,0
1591,7,3,22,13,3,6,10,10,0,90,1,0.75,20,0
1417,19,1,25,4,2,4,8,20,4,90,0,0.73,30,0
1081,15,2,5,10,4,6,10,10,4,90,1,0.46,15,0
1278,20,3,21,12,2,3,7,16,4,90,0,0.06,20,0
1146,14,3,25,12,0,2,2,10,5,60,0,0.13,30,0
1147,15,2,29,2,1,7,9,20,2,60,0,0.86,15,0
1574,12,1,11,25,1,5,7,16,0,60,1,0.35,10,0
1034,13,3,23,20,3,0,6,8,2,90,1,0.16,15,1
1346,12,1,21,27,2,1,5,18,0,60,0,0.56,10,0
918,6,1,0,11,2,7,10,14,2,60,1,0.22,30,0
1033,6,1,29,20,5,5,10,16,3,90,1,0.91,20,0
983,6,2,15,20,4,1,9,14,2,120,0,0.75,20,0
920,9,2,25,16,0,0,0,10,4,60,0,0.36,20,0
1454,9,3,20,6,1,0,2,18,3,60,1,0.95,10,1
1249,15,2,21,12,3,7,10,8,0,90,1,0.92,20,0
850,17,2,26,3,4,5,10,20,6,120,1,0.84,20,0
1028,6,1,4,5,5,4,10,16,3,90,1,0.87,15,0
1585,12,2,29,6,2,5,9,20,4,90,1,0.95,10,0
1074,9,2,4,8,5,1,10,16,3,90,1,0.58,10,0
1202,11,1,8,29,5,4,10,10,0,120,0,0.87,30,0
1379,7,1,13,21,4,5,10,22,5,90,0,0.31,15,0
1252,12,3,17,30,2,3,7,10,4,120,0,0.24,30,0
1469,7,1,28,11,2,0,4,22,6,90,0,0.61,30,0
1123,10,2,27,24,1,6,8,14,1,120,0,0.87,10,0
1335,15,3,15,27,4,0,8,10,1,90,1,0.39,10,0
1414,17,1,0,23,5,1,10,18,6,60,1,0.61,20,0
879,16,1,24,18,5,0,10,22,3,60,1,0.65,10,0
1017,19,2,24,15,0,2,2,14,6,120,0,0.21,30,0
1047,19,3,4,29,4,3,10,20,2,120,1,0.86,30,0
889,14,3,30,23,4,6,10,20,5,60,0,0.66,15,0
1143,11,3,16,20,3,3,9,20,6,90,0,0.73,15,0
1203,16,2,10,30,3,7,10,22,5,60,0,0.99,30,0
814,12,3,30,23,0,5,5,10,5,120,1,0.88,15,0
1339,20,2,5,23,3,5,10,20,0,120,1,0.53,30,0
1158,13,1,1,27,1,5,7,14,5,120,0,0.39,20,0
1069,17,3,10,29,3,7,10,10,1,120,1,0.66,10,0
1282,14,3,24,18,4,6,10,10,2,90,1,0.33,10,0
1021,10,1,26,27,2,2,6,18,2,60,0,0.19,15,0
1332,18,2,26,11,1,5,7,18,4,120,1,0.44,10,0
1403,16,2,13,19,3,2,8,16,5,60,0,0.81,15,0
1072,20,2,10,23,0,3,3,14,2,60,0,0.03,10,0
1045,16,2,4,23,1,1,3,20,2,120,1,0.23,20,1
1050,10,3,11,13,0,7,7,22,1,90,1,0.27,10,0
1247,16,1,23,10,2,2,6,20,6,60,1,0.01,15,1
1445,18,3,26,27,5,3,10,10,3,90,0,0.65,30,0
1231,8,1,23,0,1,7,9,18,5,60,1,0.54,20,0
1186,18,2,21,1,0,0,0,20,4,90,0,0.12,15,0
1315,17,2,27,6,4,0,8,22,2,120,1,0.59,10,0
1052,17,1,12,28,1,2,4,8,4,120,0,0.77,30,0
1250,11,2,0,8,3,0,6,16,2,90,0,0.19,30,0
1254,10,1,6,16,3,7,10,14,5,120,0,0.16,30,0
1025,10,3,19,0,2,7,10,20,1,120,1,0.55,15,0
1160,16,2,2,20,2,0,4,22,3,90,0,0.93,10,0
1112,15,3,15,12,5,5,10,18,0,60,0,0.19,30,0
1554,7,3,29,15,4,3,10,20,3,60,1,0.1,30,0
1109,8,1,2,2,0,7,7,10,4,90,0,0.88,30,0
1591,19,3,15,10,4,0,8,14,0,120,1,0.45,20,0
1227,12,1,9,7,2,4,8,8,1,60,0,0.87,30,0
953,14,3,8,29,5,0,10,14,5,60,0,0.13,20,0
1347,8,3,1,4,1,1,3,16,6,90,1,0.08,10,1
1156,13,3,20,15,2,0,4,16,1,90,0,0.11,30,0
1380,12,3,12,9,0,4,4,22,6,120,1,0.49,20,0
901,10,2,30,27,2,5,9,20,0,90,1,0.71,30,0
1209,8,3,18,19,4,1,9,14,3,90,1,0.45,20,0
1198,20,1,8,13,5,7,10,18,5,60,1,0.89,20,0
1338,18,3,25,0,5,5,10,20,6,60,0,0.66,30,0
846,6,1,24,20,1,6,8,8,6,60,0,0.18,10,0
1437,12,3,14,1,2,1,5,8,0,90,0,0.52,30,0
1459,8,3,0,26,4,5,10,8,4,120,0,0.75,10,0
990,6,2,29,24,4,1,9,8,4,90,1,0.44,15,0
1496,12,3,13,16,2,3,7,10,1,60,0,0.06,10,0
1287,18,2,20,14,3,4,10,18,3,120,1,0.13,15,0
826,15,2,21,3,1,1,3,22,3,60,1,0.41,10,0
1198,8,1,6,9,2,1,5,18,1,90,1,0.21,20,1
1225,9,1,3,1,1,1,3,10,1,60,1,0.24,20,1
1333,18,2,16,8,3,7,10,10,2,120,0,0.53,10,0
930,6,1,14,0,5,0,10,18,4,120,0,0.73,30,0
1193,6,1,2,25,2,0,4,14,0,90,0,0.05,15,0
1247,14,3,5,28,0,2,2,8,0,90,1,0.93,15,1
816,17,2,29,20,1,1,3,18,6,120,0,0.04,15,0
1525,19,3,11,8,2,3,7,16,1,60,1,0.14,15,0
1553,19,3,12,14,0,4,4,18,5,120,0,0.64,30,0
925,9,3,23,13,3,3,9,20,1,90,1,0.19,20,1
997,17,3,9,8,5,1,10,10,2,60,1,0.0,20,0
909,10,2,30,20,3,5,10,10,3,60,0,0.54,30,0
952,11,3,6,10,2,4,8,22,0,60,0,0.33,15,0
1445,6,3,23,25,0,6,6,22,1,120,1,0.5,10,0
1018,11,3,23,27,2,5,9,8,3,120,1,0.1,10,0
965,16,1,27,2,0,6,6,20,0,120,1,0.3,30,1
999,20,3,24,24,3,3,9,22,3,60,1,0.03,10,0
906,9,1,13,20,1,4,6,14,4,90,0,0.84,10,0
1060,10,3,18,8,5,4,10,10,3,60,1,0.81,30,0
884,15,3,24,8,4,2,10,16,6,120,1,0.49,20,0
1396,11,1,10,19,0,3,3,10,0,120,1,0.6,20,1
1039,16,3,29,27,3,2,8,8,5,120,1,0.82,10,0
1570,15,3,26,26,3,4,10,14,5,120,0,0.3,10,0
868,10,1,3,19,4,0,8,18,6,120,1,0.99,30,0
1469,13,3,28,16,5,0,10,22,4,60,1,0.66,15,0
1587,6,1,22,6,0,3,3,14,5,120,0,0.18,20,0
1418,10,1,0,23,5,1,10,10,5,120,0,0.6,15,0
1157,19,2,5,3,5,2,10,8,1,60,1,0.6,10,0
1033,19,2,16,19,0,7,7,20,5,120,1,0.52,20,1
1216,8,1,8,2,4,3,10,14,0,120,0,0.1,10,0
806,16,1,16,9,1,4,6,10,3,120,1,0.92,20,0
1286,11,3,28,14,0,4,4,16,0,120,0,0.67,20,0
1536,18,3,24,3,4,0,8,8,1,120,0,0.75,15,0
1049,11,3,0,5,5,3,10,10,6,120,1,0.46,15,0
1165,11,2,3,4,3,3,9,16,6,120,1,0.35,15,0
1540,13,2,1,30,5,6,10,18,5,90,0,0.35,20,0
1573,9,2,5,8,3,4,10,18,5,90,0,0.66,10,0
1417,10,2,14,11,3,6,10,20,2,60,0,0.54,10,0
1564,14,2,15,6,4,7,10,8,5,120,1,0.52,20,0
1362,10,1,5,25,4,4,10,8,4,120,0,0.9,20,0
1090,10,2,26,15,1,2,4,20,6,60,1,0.73,15,1
1457,19,1,2,20,1,3,5,14,6,120,0,0.22,30,0
1596,11,1,25,30,5,5,10,8,4,60,0,0.17,20,0
835,15,3,25,21,3,5,10,18,2,120,1,0.43,20,0
1159,7,1,25,21,1,0,2,22,3,120,0,0.87,10,0
969,10,2,5,15,4,4,10,18,2,120,1,0.42,30,0
1252,12,3,14,6,1,2,4,22,2,90,1,0.54,20,0
1072,12,3,12,25,3,3,9,22,0,120,0,0.06,10,0
994,17,1,13,29,2,3,7,14,1,90,0,1.0,15,0
1488,19,1,27,25,2,5,9,20,3,120,1,0.4,10,0
1135,7,1,26,16,2,5,9,10,3,90,1,0.35,15,0
1283,11,1,30,20,3,5,10,20,5,60,1,0.27,15,0
1546,20,3,21,27,0,3,3,20,3,60,0,0.14,10,0
806,9,1,24,5,3,4,10,20,1,60,0,0.02,10,0
1578,20,3,0,8,1,5,7,22,0,90,1,0.96,15,0
1460,8,2,14,17,4,0,8,8,4,90,0,0.58,15,0
1574,20,1,4,7,4,3,10,8,3,120,1,0.37,15,0
1547,7,2,2,26,2,7,10,22,6,90,1,0.59,15,0
807,10,1,2,24,1,2,4,16,6,60,1,0.17,15,1
1376,12,2,23,14,1,4,6,18,5,90,1,0.68,10,0
1050,13,3,24,15,1,7,9,14,6,60,0,0.18,30,0
918,7,1,6,25,1,7,9,18,5,90,1,0.13,10,0
939,9,2,19,25,1,7,9,20,4,120,1,0.4,15,0
1546,13,1,8,11,5,6,10,18,1,120,1,0.91,10,0
878,20,1,17,24,0,1,1,16,3,120,1,0.68,10,1
805,11,2,10,26,0,6,6,20,0,120,0,0.06,15,0
885,19,2,16,10,1,7,9,18,4,60,0,0.27,10,0
1168,13,2,29,21,2,4,8,22,6,120,0,0.62,10,0
984,15,1,5,24,0,5,5,8,3,90,0,0.94,15,0
1542,18,2,17,7,0,4,4,14,6,120,0,0.85,30,0
1166,10,2,25,30,5,0,10,22,1,60,1,0.66,20,0
1592,8,3,10,27,3,7,10,16,3,90,0,0.18,30,0
1563,20,3,7,2,4,1,9,16,6,90,1,0.29,15,0
1098,19,3,21,8,1,0,2,10,2,120,0,0.99,10,0
1416,9,1,3,14,2,2,6,20,1,90,0,0.7,10,0
839,18,3,30,22,1,0,2,20,5,60,1,0.27,30,1
829,16,3,6,23,5,4,10,8,3,60,0,0.81,10,0
1523,8,3,25,3,0,4,4,8,4,60,0,0.05,30,0
1377,19,3,15,21,4,2,10,20,5,60,0,0.85,20,0
1372,15,1,27,15,0,1,1,22,6,120,0,0.85,20,0
881,19,3,6,4,5,3,10,20,0,60,1,0.26,15,0
1083,13,3,21,20,1,6,8,18,3,60,0,0.15,20,0
1254,13,2,15,13,4,4,10,10,4,120,0,0.16,20,0
1396,8,3,6,1,5,3,10,16,2,120,1,0.39,10,1
1315,11,2,0,22,3,7,10,8,0,120,0,0.0,15,0
821,8,1,1,15,4,5,10,20,4,90,0,0.89,30,0
1054,8,3,12,26,2,6,10,22,6,60,0,0.66,15,0
1287,16,2,5,23,5,1,10,14,6,120,0,0.41,10,0
1034,11,1,25,1,0,1,1,22,1,60,0,0.25,10,0
1404,18,1,6,4,2,0,4,14,5,60,1,0.44,20,1
1555,11,2,17,16,1,7,9,8,6,120,0,0.85,10,0
932,6,1,15,1,0,3,3,14,1,120,0,0.21,15,0
1220,9,3,30,14,2,4,8,18,1,90,1,0.09,30,1
1510,9,1,28,27,2,2,6,8,6,60,0,0.85,15,0
1220,14,3,18,25,0,4,4,16,0,90,1,0.48,30,1
1413,20,1,6,5,5,5,10,10,6,90,0,0.33,10,0
976,7,3,28,27,0,2,2,16,5,60,1,0.64,30,1
1381,16,3,1,29,3,6,10,18,3,90,0,0.35,20,0
1133,9,1,28,24,2,4,8,10,2,90,0,0.9,15,0
1170,16,1,13,2,0,7,7,16,6,120,0,0.19,30,0
1034,7,2,20,0,4,0,8,14,0,120,1,0.27,20,1
1442,19,3,25,5,0,3,3,20,5,120,0,0.81,10,0
1454,19,3,18,15,3,2,8,14,1,90,0,0.38,15,0
1559,16,1,5,9,4,3,10,20,5,60,0,0.7,30,0
1469,7,1,21,30,4,1,9,20,1,120,0,0.1,20,0
1362,11,2,18,8,2,4,8,20,0,60,1,0.67,20,1
1581,17,3,9,17,0,0,0,20,2,120,1,0.08,20,1
1590,7,3,5,6,0,4,4,14,5,60,1,0.85,15,0
1578,12,1,20,2,3,3,9,10,3,90,1,0.61,30,0
886,15,2,11,13,5,2,10,22,4,120,1,0.43,15,0
1246,8,2,13,6,0,5,5,18,3,90,1,0.32,20,1
817,13,3,22,21,2,1,5,14,0,90,0,0.99,30,0
817,7,1,9,27,0,4,4,8,3,90,1,0.28,20,1
822,18,2,2,17,4,6,10,22,2,120,0,0.25,30,0
1325,20,2,25,21,2,2,6,22,6,60,0,0.71,15,0
1410,6,2,16,0,1,6,8,20,2,120,0,0.99,30,0
844,17,2,25,18,3,5,10,20,0,90,1,0.83,30,0
1472,7,3,16,3,0,1,1,16,4,60,0,0.22,30,0
943,6,2,5,5,3,5,10,10,0,90,1,0.54,10,0
1174,16,3,28,25,1,2,4,10,1,120,0,0.35,15,0
1154,19,3,8,7,4,5,10,18,5,120,0,0.59,20,0
948,15,1,4,30,3,1,7,14,5,120,0,0.25,15,0
1460,20,1,26,28,0,0,0,22,4,120,0,0.94,30,0
900,16,1,12,21,0,4,4,8,0,90,0,0.78,10,0
1131,16,1,3,19,5,2,10,8,0,60,0,0.09,30,0
884,12,3,0,15,0,0,0,20,1,120,1,0.75,20,1
1169,20,1,2,12,4,5,10,8,1,60,1,0.85,10,0
912,16,1,27,8,2,6,10,14,4,60,0,0.69,15,0
974,18,1,23,1,5,0,10,16,4,120,1,0.28,20,0
1458,16,1,18,5,3,2,8,22,2,120,0,0.48,30,0
1557,9,1,8,15,4,5,10,14,4,90,0,0.88,20,0
1460,13,2,29,27,5,7,10,22,2,60,1,0.12,10,0
1053,10,2,14,2,5,1,10,18,5,90,1,0.89,10,0
999,7,3,24,16,5,6,10,22,0,120,0,0.94,30,0
1213,12,3,20,22,2,6,10,10,1,120,1,0.99,30,0
1136,11,2,20,27,5,5,10,16,3,60,1,0.59,10,0
946,19,3,30,19,0,4,4,22,0,120,1,0.44,10,0
1012,17,1,11,24,4,4,10,10,5,90,0,0.53,10,0
1001,6,2,1,23,0,7,7,16,5,90,0,0.38,30,0
1050,17,1,12,29,5,3,10,20,4,90,0,0.99,20,0
868,10,1,11,11,2,2,6,20,4,90,1,0.72,15,1
1032,13,1,0,0,2,3,7,18,3,60,0,0.78,10,0
1212,8,1,10,21,1,5,7,18,3,60,1,0.04,30,1
1516,17,2,4,18,4,4,10,14,1,60,1,0.7,20,0
1142,15,1,10,16,1,2,4,10,3,60,0,0.64,20,0
1177,7,1,16,2,1,5,7,14,0,60,1,0.67,20,0
1482,16,1,21,29,4,7,10,20,3,60,1,0.02,15,0
1249,17,2,13,25,0,5,5,20,0,120,0,0.19,20,0
952,15,3,30,14,4,4,10,16,4,60,1,0.91,15,0
898,19,1,2,11,0,1,1,14,3,90,0,0.9,30,0
1339,10,2,13,18,4,5,10,14,6,90,0,0.72,10,0
1458,15,2,16,28,5,1,10,10,5,60,0,0.65,15,0
874,19,2,12,23,4,3,10,8,1,120,0,0.06,20,0
1310,6,3,18,2,3,5,10,20,0,60,0,0.29,20,0
1573,16,3,12,25,2,6,10,18,0,90,1,0.22,15,0
1224,7,3,4,4,4,2,10,8,3,60,0,0.33,20,0
883,10,1,2,27,1,1,3,10,6,120,1,0.17,30,1
1385,19,1,22,10,3,5,10,20,0,60,0,0.16,20,0
1401,12,1,23,28,3,7,10,22,4,60,1,0.13,30,0
1530,12,2,27,22,1,0,2,14,2,90,1,0.11,20,1
800,17,2,26,15,4,0,8,8,3,120,1,0.25,10,0
1392,19,1,21,12,5,0,10,22,1,90,0,0.22,30,0
1008,11,3,10,26,4,7,10,22,0,60,1,0.45,15,0
1547,16,2,30,21,5,6,10,10,3,60,1,0.18,30,0
1054,17,3,0,5,2,0,4,16,0,120,1,0.07,30,1
1394,20,2,29,23,2,7,10,10,3,120,1,0.86,10,0
1278,16,3,21,15,1,7,9,16,6,120,1,0.61,20,0
1127,9,3,9,3,1,3,5,8,4,90,1,0.17,30,1
1536,15,2,15,4,3,0,6,16,4,90,1,0.61,20,1
1373,11,2,3,6,3,4,10,14,4,120,0,0.76,10,0
1598,14,3,11,30,4,5,10,8,0,60,0,0.42,20,0
1314,18,1,2,23,4,2,10,10,3,60,1,0.93,15,0
1043,16,1,27,6,5,4,10,10,4,120,0,0.82,20,0
1191,10,3,3,15,1,2,4,14,6,60,1,0.52,10,1
1598,15,2,19,5,1,4,6,18,2,120,0,0.42,10,0
1078,8,2,13,9,2,4,8,18,0,90,1,0.87,20,0
820,15,1,5,26,2,3,7,22,5,120,0,0.01,15,0
1191,9,3,22,30,3,5,10,20,3,90,0,0.58,30,0
1355,17,2,14,1,2,1,5,8,0,60,1,0.32,30,1
929,7,1,25,6,4,4,10,10,3,90,1,0.01,20,0
953,20,3,8,5,4,4,10,22,1,90,0,0.1,30,0
857,11,1,22,28,0,4,4,18,0,120,0,0.84,15,0
1131,16,3,23,25,4,4,10,20,2,90,0,0.15,10,0
1577,17,3,24,15,0,3,3,22,4,90,1,0.71,15,0
1311,10,3,10,26,3,6,10,16,2,90,0,0.94,20,0
1521,12,3,1,4,3,2,8,18,3,90,1,0.82,10,0
1119,6,2,25,19,3,6,10,10,5,90,1,0.02,15,0
875,16,2,1,26,1,0,2,14,2,60,0,0.74,15,0
1258,7,3,19,25,1,4,6,22,4,60,1,0.16,20,1
1518,20,2,19,29,3,4,10,14,0,120,0,0.26,20,0
1509,12,1,27,29,3,2,8,10,0,60,1,0.48,30,0
1448,15,1,23,13,3,6,10,16,0,120,0,0.41,10,0
991,20,3,20,20,4,4,10,18,6,120,0,0.79,20,0
854,7,2,14,16,5,1,10,10,4,60,0,0.25,10,0
1421,18,1,15,22,0,5,5,16,0,90,0,0.73,30,0
1423,12,3,29,13,3,5,10,10,3,60,1,0.02,15,0
1533,9,3,7,5,5,6,10,14,5,60,1,0.93,20,0
1282,10,2,20,10,3,3,9,14,5,60,1,0.86,30,0
1060,8,1,27,26,5,0,10,10,0,60,0,0.74,10,0
1335,11,1,1,26,5,0,10,14,3,120,0,0.66,30,0
1191,8,3,18,25,0,7,7,18,3,90,0,0.52,30,0
973,10,1,9,24,4,2,10,20,1,60,0,0.47,20,0
1384,18,3,16,9,3,5,10,8,0,120,1,0.43,20,0
1368,9,1,1,2,3,0,6,8,2,120,0,0.19,20,0
1044,7,3,16,6,3,0,6,22,6,60,1,0.96,30,0
1580,9,2,15,21,3,6,10,20,5,60,1,0.99,15,0
1352,14,1,21,25,3,2,8,8,0,60,1,0.51,20,0
950,20,2,20,21,4,3,10,18,5,120,1,0.01,15,0
1318,16,3,30,25,2,4,8,8,3,120,0,0.61,15,0
1327,18,2,28,19,0,6,6,10,6,90,0,0.62,20,0
1352,10,2,12,28,3,6,10,16,2,90,1,0.83,10,0
1486,19,1,1,25,0,5,5,22,3,60,1,0.64,20,0
1087,10,2,30,26,3,2,8,10,3,120,1,0.09,15,0
1146,13,3,13,26,3,3,9,16,6,60,1,0.19,15,0
1139,17,2,21,22,4,5,10,14,5,90,1,0.05,15,0
850,20,2,9,7,0,4,4,10,1,60,1,0.19,30,1
1395,8,1,25,0,0,2,2,14,4,60,0,0.08,20,0
972,13,1,2,0,4,1,9,22,2,90,1,0.42,20,0
858,18,1,9,15,2,0,4,14,5,60,1,0.12,15,0
1072,7,3,5,17,2,0,4,20,2,60,0,0.24,10,0
1028,18,3,27,23,1,6,8,20,4,90,0,0.22,20,0
976,15,2,21,12,5,2,10,18,4,120,0,0.68,30,0
1483,17,3,8,5,3,0,6,22,3,60,1,0.07,30,1
1457,16,2,13,30,4,7,10,8,4,60,1,0.57,10,0
1091,8,2,26,8,2,6,10,20,0,120,1,0.31,30,0
990,13,2,9,24,5,2,10,14,2,60,1,0.08,20,0
1006,6,3,1,28,1,7,9,10,0,60,1,0.53,10,0
862,15,1,0,12,0,2,2,18,1,90,0,0.76,10,0
1054,17,2,23,30,2,1,5,16,6,120,1,0.69,20,1
1431,17,2,7,26,3,7,10,8,2,60,0,0.33,15,0
893,17,1,0,2,1,0,2,16,4,60,0,0.57,20,0
836,17,1,15,23,3,3,9,8,6,120,0,0.94,15,0
1100,12,1,24,14,1,4,6,18,0,120,1,0.65,10,0
1398,11,2,3,14,0,2,2,18,4,90,0,0.76,15,0
1548,12,2,21,24,2,3,7,22,6,90,0,0.11,15,0
1441,8,1,17,10,0,3,3,22,2,120,0,0.98,20,0
979,14,3,11,6,2,2,6,8,4,120,1,0.35,30,1
1087,20,1,19,0,1,1,3,8,1,60,1,0.99,15,0
1236,20,2,29,12,1,5,7,8,1,60,0,0.79,30,0
1588,14,2,13,11,5,7,10,14,0,120,1,0.82,10,0
1127,16,1,17,16,2,7,10,14,3,90,1,0.18,10,0
1350,15,2,10,19,4,6,10,14,3,90,0,0.78,15,0
859,14,2,25,15,4,3,10,10,5,60,1,0.22,10,0
1273,16,2,7,16,3,6,10,18,0,60,0,0.37,10,0
1470,7,2,29,9,2,1,5,22,4,120,0,0.75,15,0
1437,13,2,0,26,5,5,10,22,4,90,1,0.18,30,0
943,7,1,16,17,0,5,5,18,4,120,0,0.91,30,0
1150,14,3,8,11,3,2,8,22,6,60,0,0.15,10,0
1348,20,3,23,2,2,5,9,18,4,120,1,0.56,20,0
951,20,1,18,7,5,2,10,10,1,60,1,0.26,10,0
1055,6,2,15,20,0,1,1,10,1,120,0,0.66,10,0
1581,10,2,6,8,3,3,9,18,1,60,0,0.96,20,0
1040,20,1,29,2,5,6,10,20,3,60,1,0.38,15,0
1379,18,2,21,24,2,6,10,10,4,120,1,0.52,15,0
1464,18,3,4,14,0,4,4,18,0,120,0,0.78,20,0
1395,20,1,27,18,5,4,10,18,6,60,1,0.12,30,0
1347,16,1,22,2,5,2,10,16,4,120,1,0.05,30,0
1035,13,3,19,11,5,3,10,18,6,120,0,0.73,30,0
1480,10,1,4,5,5,1,10,16,1,90,0,0.65,10,0
1564,6,2,1,14,4,0,8,20,3,120,1,0.43,30,1
857,19,1,23,9,3,0,6,10,4,90,0,0.92,30,0
1428,9,1,22,26,2,1,5,20,6,60,1,0.2,30,1
1333,19,1,29,26,3,1,7,20,1,60,0,0.9,30,0
1005,9,1,12,30,5,1,10,10,4,120,0,0.2,20,0
971,13,1,19,16,0,7,7,16,6,90,1,0.95,10,0
1428,8,1,5,17,0,1,1,14,0,60,0,0.54,30,0
1365,14,3,22,16,0,4,4,8,0,60,1,0.89,10,0
1212,9,1,19,29,2,2,6,20,3,90,1,0.35,30,1
1066,18,3,9,21,5,5,10,8,0,120,1,0.57,30,0
981,11,2,3,0,4,7,10,14,5,90,1,0.33,10,0
1221,9,2,0,7,4,2,10,22,3,90,1,0.69,30,0
1058,8,3,7,25,4,7,10,16,2,90,1,0.18,20,1
1185,7,1,15,28,4,4,10,10,2,120,0,0.62,15,0
1291,13,3,14,29,4,7,10,20,0,120,1,0.55,20,0
1581,10,3,18,10,4,4,10,10,6,60,1,0.2,15,0
1171,17,1,7,7,4,5,10,18,3,60,0,0.29,30,0
1046,13,2,22,22,0,7,7,8,4,90,0,0.23,30,0
1075,16,1,2,18,2,2,6,22,4,60,0,0.65,20,0
931,13,1,11,4,2,7,10,20,4,120,1,0.84,15,0
1257,7,2,10,11,1,4,6,14,6,120,0,0.73,10,0
1432,7,1,0,18,2,6,10,16,6,60,0,0.72,15,0
1199,18,2,24,28,4,5,10,22,5,60,1,0.39,10,0
840,18,3,2,8,4,2,10,22,3,120,1,0.97,20,0
1109,6,2,1,14,5,3,10,16,0,120,1,0.4,10,0
1054,12,3,6,18,4,1,9,22,2,90,0,0.85,10,0
900,20,2,11,24,5,4,10,14,1,60,0,0.58,10,0
1345,6,3,8,18,0,5,5,10,5,120,0,0.56,15,0
842,16,1,21,13,1,2,4,20,4,60,0,0.53,10,0
977,19,1,0,6,0,3,3,18,4,120,1,0.32,15,1
1543,14,3,13,10,5,3,10,20,6,120,0,0.77,15,0
1117,7,1,20,27,2,3,7,10,0,60,1,0.28,20,0
1434,19,1,16,7,5,3,10,8,5,90,1,0.33,10,0
1130,7,3,23,21,3,1,7,10,3,60,1,0.89,15,0
837,8,3,15,11,0,5,5,10,1,120,1,0.06,30,1
1015,8,3,24,13,1,6,8,22,6,90,1,0.33,10,0
1505,14,2,8,21,3,2,8,22,3,90,0,0.72,20,0
1158,16,2,15,29,4,0,8,10,1,120,0,0.11,10,0
1193,12,3,8,2,0,7,7,20,2,120,1,0.88,15,0
1275,9,3,28,7,1,2,4,22,5,60,0,0.92,10,0
1051,13,3,24,15,2,1,5,20,1,120,1,0.98,15,1
1312,6,2,27,7,5,6,10,14,5,90,0,0.12,15,0
1398,14,2,14,13,3,5,10,8,4,90,1,0.54,20,0
937,8,1,13,30,1,0,2,14,5,90,1,0.69,30,1
1245,7,2,16,13,2,0,4,18,5,90,0,0.35,30,0
886,11,2,10,23,5,7,10,18,5,120,1,0.27,10,0
1444,14,2,27,27,2,0,4,20,6,90,0,0.11,15,0
1221,18,1,10,25,1,2,4,10,2,60,1,0.76,10,0
1013,14,2,4,29,3,6,10,16,2,90,1,0.25,20,0
1570,18,2,21,7,0,1,1,18,0,60,1,0.21,10,1
1219,13,3,8,27,3,7,10,20,5,60,1,0.4,15,0
1197,17,2,12,16,2,6,10,14,0,120,0,0.81,15,0
867,19,2,14,9,4,2,10,18,3,60,0,0.36,15,0
1375,16,1,3,30,4,7,10,10,4,60,0,0.28,20,0
882,17,3,14,2,0,7,7,20,2,60,1,0.73,20,1
1587,10,1,1,17,3,5,10,22,0,120,1,0.45,20,0
1260,16,3,0,22,4,0,8,8,0,90,1,0.16,10,0
841,19,3,23,13,5,4,10,16,0,120,1,0.0,20,1
1074,7,1,29,21,3,0,6,10,2,120,1,0.66,10,0
1274,13,1,24,12,2,5,9,18,6,90,1,0.0,30,0
958,12,2,5,2,0,4,4,10,1,90,1,0.07,15,1
1441,18,1,0,8,3,3,9,14,3,60,0,0.4,30,0
1130,19,2,20,11,5,3,10,14,6,60,0,0.83,10,0
983,13,1,9,12,3,5,10,16,2,120,0,0.73,10,0
1026,13,1,23,18,1,4,6,14,6,60,1,0.79,10,0
887,13,1,12,21,5,5,10,22,3,90,0,0.1,30,0
1339,13,1,25,24,1,6,8,8,3,60,0,0.62,30,0
1199,13,2,16,29,5,0,10,8,2,60,0,0.69,15,0
1086,10,3,9,30,2,1,5,22,3,120,0,0.16,10,0
1220,11,3,13,1,2,4,8,20,1,120,1,0.49,20,1
1137,11,1,19,12,2,2,6,10,6,60,1,0.55,20,0
1052,10,3,30,23,4,7,10,14,4,90,0,0.26,20,0
977,10,3,2,13,0,4,4,8,4,120,1,0.53,15,1
829,17,2,3,14,3,0,6,22,2,120,0,0.82,15,0
1181,6,3,20,26,1,2,4,20,5,60,0,0.28,15,0
1427,12,2,8,8,2,2,6,8,6,90,1,0.5,10,0
1224,17,1,9,21,3,5,10,8,2,90,1,0.75,20,0
1520,12,3,27,12,3,1,7,14,4,90,0,0.92,30,0
1525,8,1,28,25,0,0,0,14,6,60,0,0.33,15,0
1590,6,2,20,5,3,4,10,18,2,90,0,0.01,30,0
1592,15,1,2,7,2,2,6,16,6,60,0,0.9,30,0
959,6,3,5,16,5,6,10,8,2,90,1,0.73,15,0
954,18,2,27,14,3,2,8,20,3,60,1,0.54,30,1
1297,18,2,28,9,5,0,10,14,5,120,1,0.63,20,0
1520,15,2,14,3,2,6,10,22,1,120,1,0.67,15,0
810,15,2,11,29,3,0,6,16,1,60,1,0.55,30,1
1340,9,3,29,10,3,3,9,18,1,90,0,0.58,10,0
1527,9,3,15,21,2,1,5,8,5,90,1,0.39,10,1
1150,18,3,3,0,2,1,5,22,1,60,0,0.82,30,0
1243,18,1,24,5,4,7,10,14,5,90,0,0.41,10,0
1030,20,2,22,25,1,5,7,22,3,90,1,0.71,15,0
937,17,2,30,18,0,5,5,8,4,90,0,0.83,15,0
1204,16,2,3,4,0,2,2,22,1,60,0,0.73,10,0
1421,12,3,29,22,4,1,9,10,6,120,1,0.88,20,0
1445,8,1,17,7,5,7,10,22,4,90,0,0.66,30,0
826,8,3,18,14,0,1,1,16,4,120,1,0.13,30,1
856,20,3,6,27,1,2,4,18,3,90,1,0.14,10,1
1534,13,3,28,28,1,7,9,22,0,120,1,0.97,10,0
1197,14,1,3,21,1,0,2,22,5,120,1,0.39,30,1
1521,19,1,3,13,3,1,7,8,0,120,1,0.05,20,0
1116,9,3,25,22,1,5,7,18,6,90,0,0.89,15,0
1561,13,1,29,26,4,5,10,22,6,120,1,0.82,30,0
999,10,2,20,11,2,5,9,14,6,60,1,0.82,20,0
918,11,3,15,27,4,4,10,10,4,120,0,0.53,30,0
1094,12,2,23,4,2,7,10,8,1,120,1,0.78,15,0
1026,14,1,5,2,3,2,8,8,6,120,0,0.94,30,0
1535,6,3,17,14,5,3,10,16,4,60,0,0.31,20,0
841,6,1,8,16,1,5,7,8,2,90,0,0.94,20,0
1532,18,2,14,28,0,2,2,18,6,60,0,0.57,15,0
838,19,1,27,1,3,2,8,20,0,60,0,0.34,30,0
1031,8,3,3,5,2,6,10,10,4,120,1,0.04,30,0
859,9,1,17,25,0,7,7,8,4,90,0,0.85,10,0
1206,17,3,8,28,2,5,9,8,3,90,0,0.86,20,0
1288,16,1,17,17,2,4,8,8,6,120,1,0.87,10,0
1261,19,3,16,27,1,7,9,14,4,120,1,0.67,20,0
1139,19,1,12,8,5,6,10,14,6,120,1,0.79,30,0
1335,9,2,12,28,2,5,9,10,4,90,0,0.81,20,0
1009,10,3,11,23,5,0,10,20,0,60,0,0.3,30,0
909,11,1,27,28,3,6,10,8,1,120,1,0.15,20,0
1026,11,1,15,4,4,4,10,16,3,60,0,0.86,20,0
1469,20,2,28,30,0,6,6,22,6,90,1,0.34,20,1
998,15,1,29,13,5,4,10,18,0,90,1,0.95,20,0
1081,12,1,16,21,4,6,10,16,4,120,0,0.17,15,0
1328,10,1,27,28,4,3,10,14,1,90,0,0.94,15,0
1222,13,1,14,18,3,5,10,22,4,120,1,0.97,30,0
1139,14,2,26,27,1,0,2,18,5,120,1,0.11,30,1
942,13,2,30,20,5,6,10,16,5,60,1,0.41,15,0
1474,9,3,26,20,2,7,10,14,0,120,1,0.08,15,0
800,8,2,27,12,2,7,10,10,5,90,1,0.07,10,0
1212,7,2,8,0,0,5,5,16,6,90,0,0.5,10,0
1537,15,3,20,17,3,4,10,20,1,120,0,0.2,15,0
807,19,1,7,25,5,5,10,18,5,90,1,0.28,15,0
1295,19,1,7,21,0,7,7,22,6,120,1,0.74,15,0
1298,7,3,23,9,2,2,6,10,0,60,0,0.21,30,0
1273,14,3,3,30,4,3,10,16,0,90,0,1.0,20,0
846,11,3,26,15,1,1,3,18,4,60,1,0.01,15,1
1482,20,2,4,27,2,7,10,20,2,90,0,0.96,20,0
1401,20,2,19,3,1,6,8,16,6,120,1,0.22,10,0
1499,6,2,13,23,3,2,8,16,1,60,0,0.81,10,0
908,11,1,10,7,4,6,10,16,2,120,1,0.03,10,0
909,15,3,1,21,5,1,10,16,2,60,1,0.87,20,0
1206,16,3,29,23,0,7,7,22,5,90,0,0.6,30,0
1567,14,1,29,1,0,3,3,18,1,90,1,0.86,30,1
1417,18,2,21,19,5,0,10,20,2,120,1,0.26,30,0
1171,12,2,18,4,4,0,8,20,6,120,1,0.89,30,0
1121,9,3,5,8,1,3,5,16,5,120,1,0.87,20,1
1556,19,2,27,8,5,5,10,20,4,90,1,0.62,30,0
1078,8,2,4,2,4,1,9,20,0,60,1,0.14,15,0
1241,20,1,6,0,4,4,10,14,0,90,1,0.08,15,0
1194,9,2,14,29,5,3,10,20,4,90,1,0.48,20,0
818,9,1,10,1,3,2,8,16,5,90,1,0.06,10,1
869,13,3,17,17,4,7,10,22,5,90,1,0.35,15,0
1073,16,1,27,28,4,3,10,22,2,120,0,0.13,15,0
1281,7,2,16,10,1,1,3,16,1,60,0,0.02,10,0
1341,9,1,0,5,2,4,8,18,3,60,1,0.34,15,1
1464,17,1,14,9,5,4,10,8,0,90,1,0.26,10,0
1119,16,3,18,14,2,6,10,22,4,120,0,0.07,10,0
1410,12,3,5,4,3,3,9,10,6,90,0,0.25,15,0
1269,7,1,9,10,0,2,2,18,2,120,1,0.17,15,1
1290,18,3,6,12,4,0,8,16,2,90,1,0.05,15,0
1579,12,2,5,29,0,6,6,10,6,60,1,0.95,30,0
1029,10,1,21,10,3,5,10,8,3,120,1,0.43,15,0
1467,9,1,1,13,3,2,8,16,0,90,0,0.95,30,0
952,10,2,24,17,2,0,4,18,5,120,1,0.58,20,1
1181,7,2,21,14,2,3,7,20,0,120,1,0.31,15,1
1363,16,2,9,5,5,6,10,14,1,120,0,0.82,10,0
1549,14,1,14,18,2,4,8,20,3,90,1,0.07,30,1
1405,9,3,17,17,0,5,5,18,3,120,0,0.06,15,0
903,15,3,30,17,5,3,10,16,1,90,0,0.7,10,0
1099,14,2,11,17,1,3,5,22,6,120,1,0.5,15,0
1271,10,3,21,10,4,6,10,8,5,60,1,0.28,30,0
1218,15,3,5,22,0,6,6,10,2,90,1,0.88,30,0
957,6,1,30,3,2,3,7,16,0,60,0,0.83,10,0
1010,15,2,21,22,3,2,8,18,3,120,1,0.44,10,0
1152,19,2,19,3,1,6,8,14,3,120,1,0.96,20,0
992,9,1,7,28,3,7,10,10,1,90,0,0.01,15,0
1062,19,1,14,6,3,3,9,20,2,120,0,0.99,20,0
985,17,2,0,13,1,4,6,14,0,90,0,0.43,15,0
1473,11,2,22,4,2,6,10,10,6,120,0,0.9,15,0
1427,6,3,26,11,5,3,10,14,3,60,1,0.02,30,0
1100,20,2,30,9,1,4,6,8,3,60,0,0.47,15,0
928,18,2,3,30,1,5,7,14,4,90,1,0.81,30,0
1528,11,2,29,28,3,7,10,18,1,120,1,0.38,20,0
840,13,1,13,2,1,7,9,18,2,60,1,0.4,10,0
1463,16,3,5,6,3,2,8,10,2,120,1,0.79,30,0
1153,9,2,6,12,1,4,6,20,1,120,0,0.03,30,0
1591,15,3,20,20,0,0,0,18,1,90,0,0.04,20,0
1587,9,2,30,19,0,6,6,8,1,120,0,0.62,30,0
980,20,1,2,25,0,6,6,20,3,60,1,0.84,10,0
1227,6,3,18,18,0,2,2,8,1,120,1,0.82,10,1
1494,16,2,7,23,1,1,3,16,6,90,0,0.34,10,0
1177,6,1,16,10,4,7,10,16,2,120,1,0.39,20,0
1379,15,3,15,6,2,0,4,10,4,120,0,0.75,10,0
1536,9,3,23,16,4,2,10,20,6,60,1,0.2,15,0
894,9,3,22,23,4,7,10,14,4,120,0,0.02,20,0
1131,15,1,27,3,1,5,7,8,1,90,1,0.82,20,0
1342,16,1,25,2,5,7,10,18,2,60,0,0.49,10,0
1273,12,2,22,25,3,1,7,14,0,90,1,0.71,30,0
904,15,2,28,6,2,4,8,20,0,60,0,0.01,20,0
941,17,2,28,30,1,6,8,16,2,120,1,0.47,20,1
1570,7,3,27,12,1,5,7,18,1,60,0,0.71,20,0
1302,16,1,1,5,3,5,10,22,5,90,0,0.21,10,0
920,10,2,14,6,3,7,10,20,6,120,0,0.97,20,0
1292,18,1,26,12,0,0,0,22,3,60,1,0.46,20,1
1196,10,2,1,14,4,1,9,8,3,60,1,0.98,20,0
1410,15,1,17,21,0,6,6,16,6,60,0,0.17,10,0
1418,16,2,22,6,4,1,9,20,3,90,1,0.35,15,0
1332,8,2,29,4,5,5,10,16,3,60,0,0.58,20,0
944,9,1,17,13,1,0,2,10,6,120,1,0.59,30,1
920,17,2,3,2,2,2,6,22,0,90,1,0.54,30,0
1216,11,2,4,10,1,1,3,18,6,60,0,0.99,20,0
1497,6,3,16,10,5,0,10,14,0,90,0,0.31,30,0
1236,17,2,25,11,4,4,10,20,4,90,0,0.37,10,0
1085,10,3,10,17,0,3,3,20,4,90,1,0.54,20,1
1023,20,3,0,15,2,0,4,10,2,120,1,0.36,10,0
1597,6,3,20,4,5,3,10,16,1,90,1,0.94,15,0
988,11,1,7,26,2,2,6,18,5,120,1,0.87,10,0
1291,19,2,11,26,0,4,4,16,5,60,0,0.97,10,0
804,9,3,2,18,0,0,0,8,5,90,1,0.55,15,1
1508,16,1,1,15,4,5,10,14,5,120,0,0.12,10,0
1511,10,1,26,10,5,1,10,18,2,90,0,0.24,10,0
870,15,3,26,26,2,2,6,14,6,60,0,0.9,30,0
1449,8,2,22,14,1,3,5,16,2,90,0,0.81,10,0
1339,13,3,12,10,5,7,10,18,1,90,1,0.95,15,0
1361,9,2,4,4,1,0,2,8,5,90,0,0.81,15,0
1368,17,3,21,19,4,1,9,20,1,120,1,0.77,20,0
1504,20,3,11,13,4,0,8,14,5,90,0,0.51,15,0
1124,8,1,24,0,5,1,10,22,0,120,1,0.35,20,0
1016,11,2,28,3,1,5,7,22,5,60,1,0.9,30,0
1378,10,1,26,26,5,1,10,16,0,90,0,0.71,10,0
1589,15,3,2,8,0,4,4,20,6,90,1,0.87,30,1
1462,7,2,8,28,1,0,2,8,3,90,1,0.13,30,1
1379,13,1,28,4,1,2,4,18,6,120,0,0.87,10,0
991,19,1,22,30,4,7,10,8,2,60,1,0.88,20,0
1144,20,1,22,21,4,6,10,22,5,120,0,0.44,10,0
1051,12,2,3,30,5,0,10,8,4,60,0,0.6,30,0
984,10,2,23,19,5,0,10,22,5,120,0,0.12,10,0
1216,8,3,4,7,4,1,9,14,0,60,0,0.23,10,0
1026,14,1,1,7,5,0,10,22,6,120,1,0.49,15,0
902,12,2,30,9,5,3,10,8,3,120,1,0.7,20,0
1329,8,1,5,14,4,5,10,22,2,60,1,0.9,15,0
1570,13,3,10,9,2,3,7,20,3,60,0,0.64,15,0
1303,19,1,21,26,1,7,9,14,2,60,1,0.97,20,0
1514,6,1,20,8,4,0,8,20,2,60,0,1.0,15,0
897,9,1,13,0,1,6,8,10,0,60,0,0.1,10,0
839,6,1,25,9,0,0,0,14,5,60,1,0.14,10,1
1180,15,2,14,3,4,2,10,10,0,120,1,0.75,15,0
822,7,2,5,17,4,0,8,18,3,90,1,0.23,15,1
1174,10,2,22,1,1,3,5,10,2,60,0,0.5,30,0
1097,8,1,9,6,3,7,10,22,6,90,1,0.36,30,0
1058,14,2,29,14,2,6,10,10,5,90,1,0.7,30,0
1222,20,1,26,24,0,0,0,14,5,120,1,0.52,15,0
1502,6,1,9,22,3,3,9,8,4,60,0,0.91,10,0
1372,18,1,8,6,5,7,10,20,3,60,0,0.77,15,0
1522,16,1,28,30,5,3,10,8,0,120,0,0.25,10,0
1374,14,3,0,14,5,1,10,20,1,90,0,0.51,30,0
808,14,2,27,14,1,2,4,10,1,120,0,0.68,15,0
1331,16,1,12,30,2,3,7,16,1,120,0,0.85,15,0
1453,17,1,17,14,2,2,6,10,3,90,1,0.84,10,0
1096,9,3,0,4,3,7,10,8,4,60,1,0.02,20,0
888,19,1,23,2,3,5,10,10,2,120,1,0.97,20,0
1442,6,3,27,30,0,0,0,16,6,60,0,0.85,30,0
828,11,2,20,13,4,7,10,20,4,60,1,0.99,20,0
874,14,2,25,28,1,3,5,16,4,120,0,0.24,15,0
1355,8,3,1,7,3,5,10,10,5,90,0,0.6,20,0
1234,11,3,8,6,2,3,7,22,0,60,1,0.37,20,0
1275,10,3,16,10,5,5,10,18,1,60,0,0.08,10,0
1050,19,1,12,8,2,2,6,18,1,120,0,0.11,20,0
1261,19,2,21,18,5,3,10,16,6,60,0,0.72,10,0
1376,8,3,9,28,5,1,10,22,0,120,1,0.37,20,0
1526,18,3,16,17,4,0,8,14,2,60,0,0.09,15,0
861,17,1,30,3,3,0,6,22,2,60,1,0.57,10,0
1529,13,2,2,6,2,6,10,22,2,60,0,0.9,10,0
1101,20,2,15,14,3,0,6,18,0,60,0,0.71,20,0
1171,20,3,8,24,0,1,1,10,2,90,0,0.87,15,0
948,12,2,5,17,3,5,10,8,4,90,1,0.33,10,0
1071,7,1,24,0,4,3,10,14,5,120,0,0.82,30,0
1161,14,1,8,15,5,5,10,16,3,120,0,0.06,20,0
1308,7,1,14,30,0,7,7,22,6,60,1,0.04,15,0
1401,15,1,10,20,5,4,10,20,5,60,1,0.53,10,0
1466,8,1,10,27,1,4,6,8,6,120,1,0.96,10,0
1076,10,3,6,19,3,0,6,20,0,120,0,0.13,15,0
1277,19,1,21,19,5,3,10,10,5,90,0,0.01,30,0
826,7,1,28,0,4,0,8,10,0,90,0,0.91,20,0
956,17,3,23,3,2,6,10,22,2,60,0,0.65,10,0
858,12,1,3,13,5,3,10,22,3,90,1,0.15,15,0
919,13,1,16,9,2,1,5,10,2,60,0,0.29,20,0
1459,20,2,19,6,4,5,10,10,3,60,1,0.84,15,0
1246,12,3,26,5,1,5,7,18,6,60,0,0.11,15,0
896,14,1,23,5,2,4,8,20,6,90,1,0.95,30,0
1543,16,1,8,28,0,4,4,18,2,60,1,0.71,15,0
1550,6,1,6,7,3,6,10,18,6,60,1,0.65,20,0
1401,11,1,12,25,4,5,10,18,6,120,1,0.58,30,0
933,8,2,4,7,4,3,10,18,6,120,1,0.67,10,0
975,9,1,1,26,1,5,7,8,2,60,1,0.52,30,0
1550,14,1,23,8,0,0,0,18,4,120,1,0.52,30,1
937,9,3,22,0,2,4,8,20,1,90,1,0.14,10,1
1314,9,3,12,14,5,3,10,20,3,60,0,0.5,20,0
1350,8,2,15,13,0,0,0,22,6,90,0,0.86,15,0
1230,10,3,8,2,1,4,6,14,4,120,1,0.19,30,1
920,7,2,24,3,0,5,5,22,0,60,1,0.1,20,1
1314,10,2,2,13,5,1,10,14,6,90,0,0.0,20,0
1015,15,1,2,14,0,3,3,10,0,60,0,0.18,15,0
1400,8,3,13,26,1,0,2,8,5,90,0,0.29,15,0
1325,8,2,30,6,4,3,10,16,6,90,1,0.99,20,0
1533,8,1,8,5,4,5,10,10,5,90,0,0.39,15,0
1229,11,1,13,15,3,7,10,14,1,60,0,0.71,15,0
973,12,2,18,25,0,4,4,8,4,120,0,0.76,10,0
1353,6,2,16,25,5,2,10,16,3,120,0,0.26,20,0
1384,15,1,29,20,4,4,10,22,5,60,0,0.84,15,0
842,20,1,12,21,4,4,10,20,3,90,1,0.96,10,0
1521,16,2,25,12,0,5,5,14,4,60,0,0.96,15,0
1345,15,1,3,26,5,3,10,18,5,120,1,0.56,20,0
1350,10,2,19,25,1,5,7,14,3,120,1,0.14,15,1
1218,14,2,5,12,0,6,6,16,2,60,0,0.02,10,0
1133,10,1,15,25,3,4,10,8,0,120,1,0.93,15,0
988,15,2,2,7,4,7,10,14,3,90,0,0.63,10,0
1326,8,3,22,7,4,7,10,10,1,120,0,0.38,15,0
836,7,3,17,3,4,7,10,14,6,120,0,0.93,20,0
1031,13,2,18,23,5,2,10,18,1,120,1,0.03,30,0
865,18,3,5,17,1,6,8,20,6,60,0,0.54,15,0
1405,13,2,18,12,3,0,6,18,5,120,1,0.81,20,0
1482,15,3,23,1,2,4,8,8,3,120,1,0.58,10,0
982,14,3,0,23,2,3,7,22,4,90,0,0.48,15,0
919,9,1,9,10,3,3,9,8,2,120,0,0.91,15,0
1075,20,2,17,4,5,7,10,14,6,90,1,0.27,30,0
1301,15,1,10,10,2,5,9,8,3,90,0,0.06,15,0
1227,11,2,15,27,5,3,10,16,6,90,0,0.12,10,0
1262,20,1,30,22,2,1,5,20,1,90,0,0.04,30,0
1158,16,1,0,20,1,7,9,10,3,90,0,0.78,15,0
958,8,3,24,7,0,0,0,18,3,60,0,0.91,10,0
1331,9,3,2,11,2,1,5,10,0,90,1,0.89,15,0
971,14,3,30,25,2,6,10,18,4,120,0,0.25,10,0
1498,14,3,28,26,4,4,10,10,0,90,1,0.74,20,0
1015,16,2,24,18,3,5,10,10,4,60,1,0.29,20,0
891,6,3,14,26,2,2,6,14,5,90,0,0.8,30,0
1493,13,1,22,25,4,1,9,14,3,90,0,0.14,10,0
1042,14,2,21,4,2,2,6,18,3,90,0,0.33,20,0
877,14,3,26,13,0,6,6,8,3,120,1,0.79,15,1
1315,16,1,29,11,1,0,2,22,3,90,0,0.23,30,0
1182,19,2,8,16,4,7,10,14,2,120,0,0.86,20,0
1081,9,1,20,20,4,1,9,20,5,120,1,0.99,20,0
863,19,1,14,7,5,6,10,10,6,120,0,0.69,10,0
894,8,2,29,10,0,7,7,22,5,120,1,0.55,30,0
1443,10,3,7,10,3,5,10,16,0,90,0,0.94,15,0
1578,18,1,18,19,2,1,5,20,1,90,0,0.19,20,0
854,20,2,16,11,2,1,5,8,2,60,0,0.2,20,0
957,13,2,8,10,0,7,7,22,6,60,1,0.09,20,0
1431,9,1,24,24,2,7,10,10,3,90,1,0.92,30,0
1409,10,3,0,25,5,4,10,10,2,120,0,0.59,20,0
937,6,1,25,7,4,1,9,16,6,120,0,0.66,10,0
899,11,3,4,14,4,5,10,14,4,120,0,0.64,20,0
1567,11,1,26,23,1,5,7,20,3,120,0,0.29,20,0
911,6,2,3,0,5,4,10,22,6,60,0,0.35,10,0
1336,11,2,0,7,4,3,10,22,4,90,1,0.33,20,0
1006,7,1,24,1,1,0,2,10,2,90,0,0.14,15,0
1364,17,3,13,22,4,4,10,20,2,90,0,0.31,10,0
1000,17,2,17,15,0,7,7,20,5,60,0,0.06,30,0
1398,14,3,11,16,5,3,10,14,0,90,0,0.59,20,0
812,10,3,25,10,4,1,9,10,0,120,1,0.15,15,0
1014,10,3,15,25,5,4,10,18,0,60,1,0.49,20,0
1392,12,1,21,12,0,0,0,8,6,60,1,0.85,30,0
1018,18,1,14,22,3,4,10,10,6,120,1,0.64,30,0
978,18,2,22,26,1,1,3,16,1,90,0,0.52,10,0
1399,13,3,19,14,4,6,10,22,1,120,0,0.6,20,0
1532,20,3,27,13,0,6,6,14,0,60,1,0.25,30,1
1138,11,3,25,18,4,5,10,10,0,60,1,0.57,15,0
1495,6,3,6,18,2,1,5,14,5,120,0,0.71,30,0
1453,16,2,11,0,5,4,10,8,3,90,0,0.83,10,0
1003,8,3,22,2,0,3,3,20,6,120,1,0.58,30,1
1493,20,1,20,2,4,6,10,20,0,120,0,0.12,15,0
1352,12,3,27,2,1,4,6,22,4,120,0,0.83,15,0
1232,20,1,23,4,3,2,8,16,5,120,0,0.37,20,0
1237,13,1,4,21,2,2,6,20,1,90,1,0.08,20,1
813,7,3,25,18,3,3,9,8,6,60,0,0.76,15,0
1569,10,2,10,30,3,6,10,18,1,60,1,0.63,30,0
1465,13,2,10,3,2,0,4,18,5,120,1,0.73,20,1
1161,8,1,20,6,3,1,7,14,0,120,1,0.05,30,1
1406,18,1,17,22,1,3,5,20,5,90,0,0.88,15,0
1092,19,2,18,10,3,7,10,22,4,120,0,0.58,20,0
985,8,1,6,14,3,1,7,20,0,90,0,0.66,30,0
1412,11,2,29,22,0,6,6,16,6,60,0,0.93,30,0
1280,14,3,6,24,4,6,10,22,3,90,1,0.62,20,0
983,11,1,25,28,0,4,4,14,0,120,1,0.57,10,0
1460,15,1,8,26,4,1,9,16,4,90,0,0.35,15,0
1062,12,3,5,18,4,0,8,14,1,90,0,0.27,20,0
926,18,1,30,24,2,5,9,22,4,120,1,0.14,10,0
931,20,2,3,26,1,6,8,8,0,60,0,0.99,20,0
1236,13,2,17,1,3,2,8,14,6,90,1,0.52,10,0
1203,10,1,5,2,1,7,9,14,1,120,1,0.33,10,0
1500,13,1,10,15,4,6,10,16,0,60,0,0.41,10,0
1058,12,1,21,26,0,7,7,18,6,60,0,0.29,10,0
1579,20,2,2,21,5,6,10,16,2,90,1,0.17,15,0
1264,7,3,20,13,4,2,10,10,4,120,0,0.88,30,0
1340,17,3,4,4,0,1,1,14,4,90,0,0.31,15,0
1388,11,1,15,26,5,5,10,22,0,120,1,0.47,30,0
852,13,2,3,17,0,3,3,18,0,90,1,0.17,15,1
1191,13,1,8,1,3,7,10,22,5,90,1,0.94,30,0
970,8,3,23,20,5,3,10,14,1,60,1,0.81,10,0
805,6,2,14,18,2,3,7,22,2,120,0,0.69,15,0
1202,12,3,4,0,2,0,4,22,2,60,0,0.91,10,0
1234,13,2,19,26,0,3,3,20,1,120,1,0.5,15,1
1051,9,3,9,15,3,0,6,18,3,90,1,0.21,15,1
1008,12,2,20,15,4,1,9,16,5,60,0,0.71,10,0
1490,17,2,8,26,2,0,4,18,1,120,0,0.04,30,0
1090,6,2,6,13,4,6,10,18,4,90,0,0.87,15,0
1581,16,2,15,18,4,6,10,20,5,90,1,0.94,30,0
1313,6,2,25,24,1,0,2,22,2,60,0,0.76,30,0
1420,10,2,19,18,2,5,9,8,3,90,1,0.69,20,0
1119,14,2,3,9,0,4,4,22,2,60,0,0.71,15,0
1351,15,2,30,28,4,0,8,22,2,120,1,0.32,10,0
1198,12,2,0,24,2,0,4,10,2,120,0,0.21,20,0
1513,10,1,1,16,5,3,10,16,2,60,1,0.61,15,0
1136,11,3,5,13,1,6,8,22,0,90,0,0.8,30,0
1014,8,2,0,20,1,1,3,18,3,60,1,0.7,10,1
991,19,3,7,25,0,0,0,16,6,60,1,0.61,30,1
1529,12,1,14,28,1,1,3,14,6,60,0,0.12,20,0
953,16,3,3,27,0,7,7,22,3,90,0,0.46,20,0
946,10,1,25,22,5,5,10,16,1,120,0,0.21,15,0
1132,9,3,30,5,0,2,2,10,4,90,0,0.75,30,0
806,19,1,6,24,0,5,5,18,2,60,0,0.59,10,0
1433,10,3,13,26,4,3,10,14,3,120,0,0.91,15,0
1437,8,1,11,17,2,2,6,18,1,60,0,0.36,30,0
835,20,2,5,2,4,7,10,8,2,120,1,0.25,10,0
1069,7,1,21,18,2,4,8,10,2,90,0,0.13,15,0
1215,20,3,11,19,2,1,5,20,3,60,0,0.21,10,0
1196,19,1,8,0,5,6,10,22,6,120,1,0.97,20,0
1468,17,1,1,30,1,6,8,8,3,90,0,0.76,15,0
1206,7,2,26,18,3,7,10,14,4,90,0,0.14,30,0
1095,13,3,1,27,5,5,10,16,1,120,0,0.81,15,0
1221,13,3,22,18,3,4,10,10,3,90,0,0.88,20,0
1221,16,3,7,25,2,1,5,22,2,90,0,0.31,30,0
1062,13,1,9,15,2,0,4,20,0,120,1,0.19,30,1
1067,10,1,26,9,0,7,7,8,6,120,1,0.54,10,0
965,8,1,25,3,0,3,3,10,6,60,1,0.66,10,1
1095,12,2,6,29,1,0,2,20,5,60,0,0.11,30,0
1230,12,2,4,22,5,2,10,18,1,90,1,0.59,15,0
1401,14,1,21,30,2,1,5,22,0,120,1,0.14,10,0
917,9,3,17,26,2,1,5,14,2,120,1,0.05,20,1
819,7,1,24,19,5,1,10,22,5,60,0,0.77,30,0
1223,12,2,3,24,3,1,7,8,4,60,1,0.18,20,0
1212,16,3,22,18,0,0,0,10,1,90,0,0.64,30,0
1307,8,1,10,15,5,7,10,20,4,60,0,0.06,20,0
820,17,1,5,10,4,3,10,22,2,90,1,0.17,10,0
999,14,3,1,20,5,5,10,8,0,120,1,0.47,15,0
994,18,1,22,2,5,3,10,10,4,120,1,0.58,15,0
1567,12,3,6,28,4,5,10,18,2,60,1,0.96,10,0
1447,14,1,17,3,2,3,7,18,2,90,1,0.0,30,1
846,7,3,23,12,3,3,9,22,0,120,0,0.4,30,0
1064,17,2,29,5,0,2,2,18,5,90,0,0.81,20,0
825,16,3,3,1,3,1,7,14,3,60,0,0.27,15,0
1145,14,3,1,6,1,3,5,10,2,120,0,0.42,15,0
964,6,1,25,23,4,2,10,20,4,60,0,0.94,20,0
1239,13,2,27,25,3,3,9,22,0,120,0,0.82,30,0
1423,18,3,28,19,3,2,8,16,6,60,1,0.19,15,0
909,15,3,30,20,5,5,10,10,6,120,0,0.73,15,0
804,10,1,6,16,5,2,10,14,3,90,1,0.87,10,0
1007,19,3,12,9,1,7,9,16,0,90,0,0.03,10,0
886,15,2,0,8,0,5,5,20,0,60,0,0.18,20,0
923,7,2,9,1,2,6,10,8,4,120,0,0.28,10,0
1367,10,2,7,11,1,3,5,16,5,120,0,0.35,30,0
1055,12,1,2,16,5,1,10,18,5,60,0,0.3,30,0
1195,16,1,21,11,4,4,10,10,5,90,0,0.93,30,0
1479,13,3,23,24,2,2,6,20,2,90,1,0.28,30,1
1297,16,2,20,1,4,4,10,18,3,90,1,0.27,30,0
1138,14,1,1,20,1,6,8,22,5,90,1,0.95,20,0
1400,6,1,1,1,5,5,10,14,4,60,0,0.64,20,0
905,12,1,29,17,2,2,6,16,5,60,0,0.48,10,0
1453,11,2,21,12,0,5,5,8,0,120,0,0.11,20,0
940,14,2,6,19,5,0,10,20,3,90,1,0.81,10,0
1129,12,2,2,28,5,6,10,18,2,60,1,0.08,20,0
1382,8,3,14,12,0,0,0,14,3,90,0,0.38,20,0
935,15,2,1,10,2,4,8,14,5,90,0,0.05,10,0
1441,6,3,5,7,4,7,10,20,2,60,1,0.65,20,0
965,9,1,12,10,2,3,7,14,0,120,0,0.07,30,0
1585,19,3,6,29,4,7,10,16,5,120,0,0.93,20,0
1011,13,1,19,12,5,6,10,16,1,90,0,0.41,30,0
1403,20,3,19,17,1,1,3,16,0,60,1,0.92,20,1
1590,6,3,2,22,4,6,10,14,2,120,1,0.78,20,0
1191,10,3,9,24,3,3,9,22,1,60,0,0.45,15,0
1028,15,2,17,22,4,5,10,10,6,120,0,0.51,30,0
1045,16,2,15,11,3,3,9,18,6,120,0,0.78,15,0
1000,20,3,9,27,4,2,10,10,2,90,1,0.21,10,0
909,19,1,10,13,0,0,0,20,5,60,0,0.8,15,0
863,18,1,26,12,4,6,10,22,3,120,1,0.15,15,0
1296,12,2,17,10,1,1,3,18,0,120,0,0.16,20,0
1458,14,3,17,13,4,2,10,22,3,60,1,0.57,30,0
1295,12,1,16,23,4,3,10,22,0,60,1,0.23,30,0
1273,14,3,26,12,2,2,6,16,5,90,1,0.69,30,1
1370,6,2,28,6,2,3,7,16,0,60,1,0.63,30,1
1086,12,3,20,12,5,2,10,18,1,120,1,0.92,15,0
1093,19,2,13,21,3,0,6,8,5,90,1,0.28,30,0
1380,10,1,30,19,3,6,10,18,0,60,0,0.74,15,0
1342,6,3,4,1,0,0,0,10,5,120,1,0.45,15,1
1362,19,1,4,16,2,5,9,10,2,60,1,0.04,30,0
1196,16,2,10,0,5,7,10,18,4,60,0,0.45,30,0
1159,15,3,16,7,0,6,6,8,4,120,0,0.41,20,0
1459,18,3,18,18,2,1,5,20,4,90,1,0.19,20,1
1150,8,3,21,11,2,0,4,14,2,60,1,0.58,20,1
1160,10,3,25,14,3,5,10,18,0,60,0,0.7,30,0
1246,16,2,9,11,4,1,9,8,4,90,1,0.4,15,0
1366,13,1,0,11,5,7,10,8,3,90,0,0.55,10,0
1399,6,1,15,1,0,1,1,20,6,90,0,0.3,10,0
935,11,2,24,5,5,5,10,20,4,60,0,0.05,20,0
1222,6,1,27,7,3,0,6,20,0,90,1,0.32,10,1
1519,11,1,14,12,1,7,9,20,1,90,0,0.22,10,0
1000,14,2,27,9,4,4,10,14,5,60,0,0.01,20,0
1408,18,2,0,23,0,4,4,20,5,120,1,0.89,15,0
1561,13,3,11,0,0,6,6,18,2,60,1,0.98,10,0
1177,16,1,27,24,3,0,6,16,2,120,0,0.43,20,0
1497,13,3,3,8,1,2,4,8,0,60,0,0.2,30,0
1497,18,1,9,10,4,2,10,20,4,60,0,0.8,15,0
1315,19,3,21,4,1,4,6,16,5,120,1,0.08,15,1
900,9,3,26,1,1,4,6,22,5,60,1,0.33,30,1
1100,7,1,17,8,3,5,10,16,6,120,1,0.45,10,0
1081,13,1,17,20,2,1,5,22,1,120,1,0.05,10,0
1448,13,1,2,3,4,6,10,14,0,60,1,0.28,20,0
1600,15,1,20,18,4,6,10,10,5,60,1,0.03,20,0
1287,10,3,28,24,4,3,10,8,4,90,1,0.97,30,0
1541,13,2,21,28,0,7,7,16,3,90,1,0.2,30,1
845,16,1,23,4,2,5,9,18,6,120,0,0.96,10,0
1515,8,2,17,12,5,1,10,14,0,60,1,0.99,20,0
1052,10,1,27,28,4,5,10,8,0,90,0,0.85,10,0
1216,14,1,22,13,0,1,1,18,0,90,1,0.46,30,1
916,11,3,28,28,5,4,10,20,1,60,0,0.24,15,0
901,17,1,12,1,0,3,3,10,6,90,1,0.35,30,1
1309,16,1,26,8,3,6,10,18,1,60,0,0.33,20,0
823,15,2,26,26,4,7,10,8,0,60,1,0.01,10,0
1232,16,1,16,16,2,5,9,20,3,90,0,0.94,30,0
1324,7,3,7,5,3,0,6,20,1,120,1,0.74,15,1
955,8,1,17,6,0,7,7,8,3,120,1,0.99,10,0
857,17,1,18,1,1,5,7,18,1,120,0,0.09,20,0
1326,9,1,14,2,3,6,10,8,1,120,1,0.93,30,0
1215,9,3,22,4,2,4,8,8,2,90,0,0.03,15,0
971,8,2,4,10,5,4,10,10,4,120,1,0.0,30,0
1067,13,1,29,7,4,0,8,14,6,60,0,0.84,30,0
1074,9,3,27,14,4,4,10,14,3,90,0,0.79,10,0
1284,20,1,7,26,5,1,10,8,0,120,1,0.34,30,0
1005,12,1,11,27,2,5,9,18,1,120,1,0.26,30,0
1219,9,2,6,15,4,1,9,16,4,60,1,0.14,15,0
1133,18,3,27,3,5,6,10,20,0,120,0,0.9,20,0
1090,8,3,25,22,4,3,10,8,0,90,0,0.97,30,0
1385,14,3,12,6,3,6,10,22,3,60,0,0.7,15,0
1453,6,1,29,30,2,4,8,10,2,60,1,0.52,30,0
1155,15,2,22,17,0,7,7,10,5,90,0,0.36,20,0
1051,20,2,8,8,2,1,5,10,1,120,0,0.41,20,0
1464,9,2,4,1,5,1,10,18,1,90,1,0.19,30,0
1321,17,3,20,27,4,6,10,8,3,120,0,0.42,10,0
1502,20,2,13,9,1,4,6,20,6,120,1,0.1,15,1
1291,12,2,29,13,4,4,10,18,3,120,0,0.28,20,0
1590,17,2,15,23,3,0,6,8,3,120,1,0.44,20,0
1403,14,2,2,19,4,1,9,8,2,120,0,0.53,20,0
826,12,3,17,10,2,7,10,18,5,60,1,0.02,10,0
1503,13,3,29,2,3,3,9,20,0,60,0,0.24,15,0
1471,15,2,29,7,0,6,6,18,0,120,1,0.95,10,0
1003,6,3,20,27,1,7,9,20,0,90,1,0.32,10,1
963,18,3,9,19,3,3,9,14,2,90,0,0.21,20,0
1380,20,1,3,23,5,1,10,10,6,60,1,0.06,30,0
1360,6,3,22,1,5,1,10,18,4,90,1,0.95,30,0
935,14,3,30,9,1,7,9,8,1,60,1,0.27,15,0
868,7,1,21,24,5,1,10,10,1,60,0,0.47,10,0
1435,19,2,21,5,3,3,9,8,5,120,1,0.76,20,0
892,11,3,23,16,1,0,2,22,1,90,1,0.13,20,1
1578,12,1,15,7,4,4,10,8,0,60,1,0.26,15,0
1458,14,2,29,4,5,3,10,20,2,90,0,0.21,10,0
998,9,2,8,7,0,6,6,16,3,120,1,0.02,10,1
1270,13,2,11,9,2,1,5,22,0,90,0,0.73,20,0
973,9,3,7,12,0,2,2,8,1,120,0,0.7,15,0
1393,16,1,22,27,5,0,10,18,3,60,1,0.17,10,0
1412,14,3,8,25,5,0,10,22,3,90,0,0.38,15,0
1368,18,1,14,1,0,4,4,22,3,60,0,0.54,15,0
849,15,2,22,26,5,5,10,22,5,60,1,0.97,30,0
1089,11,2,24,19,1,1,3,14,2,120,0,0.33,15,0
801,12,1,18,11,4,5,10,8,2,60,1,0.99,30,0
854,15,1,7,4,5,3,10,16,1,90,0,0.63,15,0
1330,14,3,30,2,1,6,8,20,0,90,0,0.16,15,0
997,19,3,30,20,3,4,10,18,4,60,0,0.57,15,0
1258,13,2,13,18,1,5,7,8,0,90,1,0.95,10,0
844,13,2,17,0,0,7,7,22,4,90,1,0.97,30,0
1070,13,2,17,21,1,3,5,8,2,120,0,0.36,20,0
1280,7,3,26,20,5,6,10,20,0,120,1,0.23,20,1
1112,7,1,3,20,1,0,2,8,6,60,0,0.03,20,0
1357,20,1,6,28,0,1,1,16,0,60,0,0.76,30,0
1483,8,2,20,9,2,0,4,22,1,120,1,0.67,10,0
1111,6,2,2,0,0,5,5,22,5,90,1,0.42,15,0
1191,8,1,29,15,0,6,6,16,3,120,0,0.55,10,0
1131,15,1,17,0,4,1,9,8,1,60,0,0.99,30,0
1516,7,1,7,11,0,7,7,14,5,60,1,0.6,30,0
1224,15,3,23,25,3,2,8,8,1,120,1,0.99,15,0
969,7,2,4,13,4,0,8,22,0,120,0,0.13,10,0
1556,15,2,19,8,0,2,2,16,2,90,1,0.59,30,1
1220,17,2,11,22,5,4,10,8,3,120,1,0.69,20,0
1495,7,3,25,3,0,3,3,16,3,120,1,0.85,20,1
1355,18,3,13,18,0,1,1,14,1,60,0,0.18,20,0
1212,18,2,24,9,5,4,10,22,3,90,1,0.79,15,0
930,12,2,2,20,2,7,10,8,0,90,0,0.81,30,0
1423,11,2,2,6,4,0,8,14,5,60,1,0.75,15,0
1525,9,2,19,29,4,1,9,10,4,60,1,0.56,30,0
904,6,3,16,1,0,7,7,8,1,60,0,0.92,15,0
1152,19,3,29,6,2,6,10,10,0,90,0,0.07,10,0
1007,15,3,20,28,0,6,6,14,2,120,0,0.82,30,0
1326,20,2,10,22,1,3,5,14,2,120,0,0.21,10,0
996,13,2,6,30,4,7,10,18,2,60,1,0.77,30,0
1154,12,1,18,3,4,5,10,18,1,90,0,0.08,30,0
1505,17,1,29,18,0,1,1,10,4,60,1,0.76,15,0
1570,12,2,23,18,3,2,8,20,1,60,0,0.84,30,0
1026,15,1,0,6,4,4,10,16,3,60,1,0.01,15,0
1131,10,1,17,3,5,5,10,8,4,90,1,0.7,30,0
1310,19,1,1,7,4,5,10,10,6,60,1,0.14,20,0
1592,6,3,8,22,1,6,8,8,4,120,1,0.23,15,0
1548,12,2,24,21,3,5,10,20,5,90,1,0.1,10,0
1472,17,3,11,14,3,6,10,10,2,90,0,0.69,15,0
1591,12,2,0,19,1,1,3,10,4,120,1,0.52,30,1
1134,16,3,17,16,3,7,10,14,2,90,0,0.1,10,0
1549,20,1,12,28,5,7,10,10,0,60,0,0.84,20,0
1514,13,3,15,21,5,3,10,10,6,60,0,0.9,20,0
1234,7,1,9,20,1,1,3,10,6,120,0,0.0,20,0
806,10,1,21,21,3,3,9,20,6,120,1,0.91,15,0
1159,12,3,14,5,2,2,6,18,1,120,1,0.74,20,1
1495,7,3,21,22,2,0,4,16,2,90,0,0.69,10,0
1091,17,3,14,12,4,6,10,16,6,90,1,0.76,10,0
1513,7,1,15,14,3,6,10,14,6,60,1,0.59,15,0
966,14,3,23,5,3,2,8,14,3,60,0,0.65,15,0
1023,19,2,1,0,4,1,9,14,0,60,0,0.4,30,0
969,19,1,16,2,2,4,8,22,1,120,1,0.68,15,0
1169,12,2,30,25,4,7,10,8,0,60,1,0.24,10,0
1209,6,3,17,10,1,2,4,10,6,120,1,0.13,10,1
871,12,2,15,27,4,2,10,16,0,120,1,0.7,10,0
1088,18,1,29,29,1,6,8,18,0,120,0,0.26,20,0
1591,20,2,2,0,0,1,1,22,2,90,1,0.96,15,0
1044,19,1,0,5,5,0,10,14,3,90,0,0.82,10,0
803,12,2,22,30,4,0,8,10,4,120,1,0.73,30,0
1535,13,3,20,16,5,3,10,10,0,60,1,0.02,10,0
1041,12,1,21,2,4,4,10,16,4,120,0,0.32,15,0
1431,20,1,4,19,2,4,8,18,2,90,0,0.64,15,0
1513,11,2,23,5,5,3,10,18,1,120,0,0.72,20,0
1001,17,2,12,27,1,7,9,10,1,60,0,0.49,10,0
1403,14,1,1,24,5,7,10,14,4,60,0,0.71,20,0
1096,19,2,13,9,3,0,6,14,4,60,1,0.14,15,0
1167,18,1,16,20,3,0,6,16,6,60,0,0.6,15,0
1572,14,1,16,19,2,7,10,14,5,90,1,0.98,10,0
974,8,3,15,1,1,4,6,22,6,90,1,0.26,30,1
1468,10,2,29,0,3,3,9,14,2,60,1,0.8,10,0
1512,8,1,30,16,1,1,3,10,1,120,0,0.19,30,0
801,14,2,1,24,4,5,10,8,0,120,1,0.99,30,0
1102,20,1,26,9,5,0,10,18,6,120,0,0.98,15,0
1583,16,1,26,0,2,1,5,8,0,90,0,0.82,10,0
851,12,1,24,25,0,0,0,18,0,120,1,0.41,10,1
1089,15,1,26,24,5,1,10,10,1,120,0,0.32,20,0
1458,17,2,9,30,1,3,5,14,2,90,0,0.08,15,0
1545,7,2,21,25,1,2,4,22,1,90,0,0.64,10,0
1347,14,1,17,21,5,0,10,22,1,120,1,0.77,20,0
1279,10,3,27,5,0,5,5,22,4,60,0,0.94,30,0
1141,12,2,29,21,3,6,10,14,1,90,1,0.88,30,0
893,20,3,25,12,2,0,4,8,5,60,1,0.91,30,0
1288,6,2,16,0,5,4,10,8,5,120,1,0.41,30,0
834,7,3,12,12,2,0,4,16,3,120,0,0.43,10,0
909,10,2,30,21,1,5,7,22,4,60,1,0.29,15,0
902,17,1,18,17,5,6,10,10,0,120,1,0.75,15,0
1436,8,2,5,7,3,2,8,22,6,90,0,0.96,15,0
1033,17,1,9,26,1,0,2,8,6,60,0,0.9,15,0
1367,19,3,8,25,2,0,4,18,0,90,1,0.18,20,1
1382,8,1,21,26,4,2,10,14,1,120,1,0.72,15,0
1091,11,1,6,13,1,0,2,20,6,60,0,0.34,20,0
1185,13,2,9,24,1,3,5,22,3,90,1,0.38,10,0
1116,15,1,5,23,0,1,1,18,5,60,0,0.81,20,0
1242,14,3,4,19,0,1,1,22,5,90,0,0.47,30,0
1071,14,1,14,26,3,2,8,8,4,60,0,0.63,10,0
1021,6,2,7,7,4,7,10,10,0,90,1,0.48,30,0
964,7,1,23,11,4,1,9,16,5,120,1,0.06,10,0
1297,8,3,3,27,5,6,10,10,2,60,0,0.75,20,0
1370,13,2,23,16,3,3,9,14,0,120,0,0.53,20,0
1383,8,3,2,4,3,5,10,22,1,60,0,0.9,20,0
1085,17,1,14,13,5,0,10,22,6,60,0,0.29,10,0
1598,15,2,3,4,3,1,7,8,4,120,0,0.86,15,0
1192,11,2,17,5,2,1,5,22,2,120,0,0.53,10,0
1323,12,1,14,30,3,0,6,18,2,120,0,0.7,15,0
801,18,2,24,3,2,3,7,8,0,60,1,0.46,20,0
1029,10,1,28,0,5,2,10,16,0,120,1,0.96,10,0
1338,11,3,20,27,0,4,4,14,6,90,0,0.76,10,0
1069,13,3,14,6,2,3,7,8,2,60,0,0.67,15,0
1551,16,2,8,16,3,2,8,14,0,60,1,0.43,20,0
1230,12,1,0,24,4,0,8,16,3,60,1,0.4,15,1
1527,18,3,16,6,2,1,5,14,2,60,1,0.24,10,0
1011,6,1,0,15,2,5,9,18,3,120,0,0.02,30,0
1494,13,2,9,7,0,7,7,8,6,90,0,0.93,15,0
1387,8,3,11,1,2,4,8,22,3,60,1,0.63,30,0
900,16,1,17,15,4,4,10,8,2,90,1,0.84,30,0
1522,8,2,27,2,2,1,5,20,0,60,0,0.17,15,0
1241,10,2,10,26,2,7,10,16,4,60,0,0.84,10,0
955,9,2,6,30,4,5,10,10,2,120,0,0.09,20,0
871,10,3,26,26,5,2,10,20,3,90,0,0.96,20,0
879,19,1,23,16,4,6,10,14,1,60,1,0.57,30,0
946,16,3,30,16,4,4,10,10,1,60,0,0.13,20,0
1173,15,1,19,23,2,6,10,10,6,90,1,0.3,20,0
1594,12,3,23,29,4,5,10,8,5,90,1,0.75,20,0
1386,11,3,12,13,3,7,10,14,6,60,0,0.27,15,0
1338,15,2,12,0,4,1,9,22,1,120,1,0.49,20,0
1470,8,3,2,14,2,2,6,16,6,90,1,0.93,20,1
1597,14,2,18,4,3,5,10,18,3,120,0,0.67,10,0
1501,13,1,2,13,0,2,2,20,3,90,1,0.3,10,1
822,11,3,11,4,3,3,9,18,4,90,0,0.69,30,0
909,19,1,0,19,4,3,10,16,4,90,0,0.21,30,0
1151,18,2,23,5,2,7,10,18,2,120,1,0.64,15,0
853,14,3,9,4,2,1,5,22,3,90,0,0.94,10,0
1405,15,1,26,20,3,3,9,16,3,60,0,0.78,15,0
1344,18,1,19,29,5,0,10,8,5,90,1,0.97,20,0
905,11,2,1,24,0,7,7,16,3,60,0,0.05,30,0
817,15,1,9,8,5,0,10,22,0,60,0,0.5,15,0
1364,8,3,11,20,2,2,6,20,2,60,0,0.8,15,0
1137,12,3,14,10,3,4,10,14,1,60,0,0.77,10,0
1162,16,2,4,24,5,7,10,16,0,90,1,0.62,30,0
1174,7,3,12,1,0,4,4,20,2,120,1,0.91,15,1
1278,7,3,1,11,0,0,0,10,3,120,1,0.84,20,1
1395,20,1,12,15,3,6,10,10,5,90,1,0.52,30,0
1395,15,2,12,27,3,3,9,22,6,90,1,0.91,20,0
1475,13,3,7,10,4,5,10,10,0,60,1,0.35,15,0
1118,19,3,17,27,4,0,8,10,2,60,0,0.48,20,0
1088,6,1,21,1,3,7,10,10,4,90,1,0.28,10,0
1384,11,2,9,18,1,1,3,20,6,120,0,0.31,20,0
1440,6,2,11,1,0,1,1,8,1,120,1,0.69,15,1
871,10,1,10,25,4,1,9,8,5,120,1,0.85,15,0
1105,10,2,8,12,5,3,10,10,1,120,1,0.48,20,0
1074,8,2,29,17,2,5,9,22,5,60,0,0.66,20,0
980,9,3,20,28,2,3,7,20,0,60,1,0.64,10,1
811,12,1,17,5,4,1,9,18,0,120,0,0.4,15,0
1493,11,3,24,12,0,2,2,20,5,90,1,0.54,30,1
1280,14,1,8,30,2,6,10,10,6,90,0,0.91,10,0
1084,7,1,2,9,4,7,10,14,4,120,0,0.4,30,0
1206,6,3,23,11,1,5,7,10,4,120,0,0.71,10,0
1468,17,3,27,12,5,1,10,16,3,120,0,0.89,20,0
1402,14,3,8,24,1,6,8,18,5,120,1,0.35,15,1
1199,19,3,14,21,3,4,10,18,1,120,1,0.58,15,0
888,20,3,8,7,4,1,9,22,0,60,0,0.0,20,0
1082,10,2,27,4,0,3,3,16,2,120,1,0.25,15,1
960,16,1,5,17,4,2,10,18,6,120,0,0.32,15,0
1371,10,1,25,20,4,3,10,18,0,60,0,0.3,30,0
1236,8,1,16,14,1,1,3,8,5,90,0,0.05,15,0
1348,20,1,23,14,3,6,10,10,0,120,0,0.23,20,0
1436,11,2,19,17,3,7,10,10,0,60,1,0.03,20,0
874,16,2,26,4,3,0,6,20,2,60,0,0.23,10,0
1518,10,2,7,9,1,2,4,22,3,120,0,0.48,10,0
1077,20,3,6,13,1,3,5,8,5,120,1,0.21,30,1
1325,19,2,9,6,1,6,8,18,5,60,0,0.96,20,0
1173,15,1,2,10,0,3,3,20,1,90,1,0.27,10,1
1372,14,1,20,28,2,6,10,10,6,90,1,0.04,20,0
1058,18,3,20,17,1,4,6,18,3,120,0,0.14,30,0
1357,6,2,10,10,4,7,10,8,3,60,0,0.52,10,0
1131,6,1,3,11,0,5,5,10,6,120,1,0.65,20,0
1132,8,1,12,13,3,6,10,18,3,90,0,0.86,20,0
1372,15,3,11,11,0,2,2,20,3,120,1,0.05,30,1
952,6,1,4,24,2,5,9,18,0,120,0,0.46,15,0
1337,8,2,2,25,0,3,3,20,3,120,1,0.13,15,1
866,15,2,28,25,5,6,10,8,4,60,1,0.76,20,0
1012,19,1,5,14,3,5,10,16,3,120,1,0.71,15,0
889,19,3,30,24,0,3,3,22,6,120,0,0.62,15,0
1489,7,1,28,0,1,5,7,20,5,60,1,0.98,10,0
1224,10,1,22,16,4,5,10,16,2,90,1,0.87,30,0
1268,9,1,24,2,0,5,5,16,0,60,1,0.72,20,1
945,20,3,12,13,2,3,7,20,6,90,0,0.09,30,0
1015,12,1,25,5,5,0,10,16,1,120,1,0.47,10,0
876,15,1,16,19,5,5,10,10,3,90,1,0.87,20,0
1316,20,3,24,9,4,6,10,14,6,60,0,0.67,15,0
1131,6,1,3,24,5,7,10,20,6,90,1,0.23,30,0
1044,15,3,23,2,5,2,10,16,6,90,1,0.54,20,0
1209,15,1,25,3,1,2,4,8,1,90,0,0.8,20,0
934,9,2,16,17,5,2,10,22,0,60,0,0.21,30,0
969,15,3,18,2,5,0,10,16,6,120,1,0.56,10,0
1008,18,1,14,14,2,0,4,10,4,60,0,0.4,30,0
1292,16,3,1,30,2,1,5,22,4,120,0,0.63,10,0
806,12,2,28,21,3,6,10,22,6,120,1,0.63,30,0
1301,18,1,0,12,2,2,6,16,0,60,0,0.2,20,0
1574,20,3,2,26,5,4,10,22,3,120,0,0.12,15,0
1214,18,2,29,6,0,0,0,18,3,120,0,0.9,30,0
1065,10,2,6,29,4,3,10,20,6,60,0,0.59,10,0
1224,6,1,20,29,0,5,5,18,0,120,1,0.23,30,1
1462,8,3,15,5,5,1,10,10,6,60,1,0.36,15,0
865,10,2,25,2,5,0,10,20,5,120,0,0.0,10,0
930,13,3,23,18,4,6,10,22,2,60,1,0.81,15,0
1146,17,2,15,1,0,1,1,14,4,120,0,0.39,15,0
1436,13,1,25,8,3,7,10,18,4,60,0,0.07,20,0
1068,15,2,20,20,3,3,9,10,1,120,0,0.08,10,0
952,7,2,20,20,4,2,10,14,5,60,1,0.06,15,0
842,12,2,24,28,1,7,9,8,3,90,0,0.95,20,0
923,17,1,17,27,4,5,10,22,4,60,1,0.11,15,0
1374,10,2,14,10,0,5,5,10,2,90,1,0.92,10,0
929,15,3,12,21,2,2,6,22,2,90,0,0.37,10,0
1281,18,2,25,27,4,5,10,22,3,90,0,0.34,10,0
966,12,2,10,13,5,0,10,10,0,60,1,0.65,30,0
1424,8,3,9,28,4,5,10,22,3,90,0,0.75,30,0
1340,8,1,0,25,0,6,6,22,4,60,1,0.11,10,1
1446,17,1,29,19,5,7,10,18,6,90,1,0.25,10,0
924,13,3,10,15,4,1,9,8,1,120,1,0.13,30,0
1200,20,1,1,30,4,2,10,22,2,90,1,0.3,30,0
1039,8,3,18,10,4,2,10,16,4,120,0,0.85,20,0
1129,14,3,12,3,2,4,8,18,1,120,1,0.35,10,0
1540,11,2,8,28,5,6,10,22,0,120,0,0.45,15,0
923,7,3,0,13,0,0,0,18,2,120,1,0.7,20,1
1100,8,1,12,10,5,0,10,18,3,90,1,0.13,20,0
1005,11,2,8,5,3,5,10,14,0,90,1,0.09,30,0
1348,16,2,6,19,3,2,8,16,5,90,1,0.01,20,1
1487,7,1,10,1,4,2,10,16,3,90,1,0.57,10,0
804,6,1,22,5,4,6,10,22,6,60,1,0.04,30,0
1039,12,2,18,15,5,1,10,8,4,90,0,0.1,15,0
831,10,1,11,19,5,4,10,18,5,90,0,0.78,10,0
1363,7,3,1,3,4,3,10,8,4,120,0,0.34,30,0
1544,18,3,6,12,5,6,10,20,3,120,1,0.93,30,0
954,19,1,28,20,1,2,4,18,3,60,1,0.01,15,1
1537,19,1,24,12,2,7,10,10,3,90,1,0.6,15,0
829,18,2,23,12,5,4,10,14,0,60,1,0.91,20,0
1387,18,3,16,22,1,4,6,22,6,120,0,0.12,20,0
1048,18,3,18,23,3,0,6,22,1,60,0,0.62,10,0
1438,9,2,15,30,2,3,7,18,2,90,0,0.36,20,0
1506,12,2,5,5,1,5,7,16,1,60,0,0.91,30,0
1549,11,1,21,17,5,7,10,22,3,90,0,0.56,15,0
1376,8,1,13,9,2,4,8,20,1,90,1,0.03,15,1
1353,20,1,27,4,4,0,8,14,2,120,1,0.9,10,0
843,19,1,18,5,5,3,10,16,3,60,1,0.16,10,0
1471,8,1,1,16,3,4,10,14,6,90,0,0.95,20,0
1082,17,2,27,10,2,3,7,16,5,120,0,0.67,15,0
1599,15,2,18,1,0,1,1,10,5,60,1,0.02,30,1
948,20,2,10,27,0,2,2,22,5,120,1,0.63,15,0
1306,12,2,7,22,2,1,5,22,4,90,1,0.96,30,0
1165,16,3,3,1,0,3,3,8,6,120,0,0.99,10,0
1397,11,1,5,10,1,6,8,10,0,60,0,0.15,10,0
1307,6,3,16,10,3,1,7,10,5,90,0,0.75,10,0
1252,8,1,18,10,3,0,6,22,0,90,1,0.88,10,0
1254,8,3,10,4,4,2,10,18,5,120,1,0.01,20,0
1564,9,2,15,15,4,1,9,14,6,90,0,0.19,10,0
1367,9,3,28,19,2,7,10,20,4,120,0,0.47,30,0
1304,18,2,2,1,3,6,10,20,1,60,0,0.02,20,0
1504,20,3,8,3,3,6,10,22,4,90,0,0.6,20,0
1558,16,2,28,19,2,5,9,20,4,90,1,0.17,30,0
1281,7,2,29,24,0,1,1,16,6,60,1,0.09,30,1
1053,6,1,13,7,4,3,10,18,2,120,0,0.87,15,0
1389,17,3,17,26,5,7,10,14,6,60,1,0.14,15,0
916,18,2,6,13,3,0,6,14,3,60,0,0.98,20,0
1174,10,1,14,15,5,7,10,22,0,120,0,0.52,10,0
1473,13,1,4,18,2,4,8,22,2,120,0,0.55,30,0
1003,6,2,10,17,1,0,2,22,5,90,1,0.57,20,1
1137,17,2,22,15,1,7,9,8,0,90,0,0.94,15,0
859,9,2,9,17,3,6,10,20,1,90,1,0.48,30,0
971,13,1,8,22,5,5,10,18,5,60,1,0.82,15,0
1108,8,3,17,0,2,3,7,14,2,90,1,0.18,10,1
980,20,1,23,1,3,1,7,22,5,60,0,0.03,20,0
1129,16,2,0,22,3,7,10,22,2,90,0,0.44,30,0
1378,7,3,11,14,5,1,10,10,5,90,1,0.27,10,0
1272,19,1,12,13,2,3,7,16,4,120,1,0.36,10,0
1431,11,1,10,28,5,1,10,10,6,60,0,0.0,10,0
1364,18,3,26,14,5,4,10,10,2,60,0,0.24,20,0
816,6,3,29,23,3,3,9,8,2,120,1,0.16,30,0
1430,19,2,20,6,0,3,3,20,1,120,1,0.16,10,1
1294,12,2,5,21,2,2,6,22,1,60,1,0.88,30,0
1160,9,1,21,6,3,5,10,8,6,90,1,0.66,30,0
1127,17,2,15,7,3,0,6,16,4,60,0,0.31,15,0
1005,8,1,25,25,5,1,10,16,4,90,0,0.99,15,0
1349,20,2,16,14,2,1,5,14,3,120,1,0.45,20,1
1586,11,2,25,3,2,2,6,8,6,120,0,0.2,15,0
1109,20,1,12,27,5,2,10,8,1,90,1,0.92,15,0
1550,14,3,27,2,0,1,1,22,0,60,1,0.5,30,1
883,20,1,24,12,4,1,9,14,3,60,1,0.16,10,0
1498,19,3,25,6,3,7,10,8,4,90,0,0.43,20,0
1393,11,3,21,6,4,6,10,20,6,60,1,0.08,10,0
1446,10,1,11,3,2,3,7,16,3,120,1,0.47,10,1
904,13,2,13,22,0,1,1,10,5,60,1,0.07,20,1
1453,17,1,8,18,0,6,6,22,0,60,1,0.81,30,0
1580,16,1,24,12,5,2,10,8,0,120,1,0.02,10,0
877,15,1,25,0,2,6,10,18,5,90,1,0.2,15,0
1550,17,1,16,14,1,4,6,10,6,120,0,0.0,10,0
877,14,1,7,22,2,6,10,22,6,90,1,0.42,30,0
1508,15,2,15,14,4,5,10,22,4,60,0,0.33,15,0
993,12,3,9,11,5,4,10,18,2,120,1,0.71,30,0
1593,12,1,1,17,5,0,10,8,5,60,0,0.7,15,0
1231,9,3,19,18,5,1,10,20,0,120,1,0.34,30,1
1336,15,3,2,5,4,1,9,18,0,90,0,0.51,10,0
1030,9,3,1,5,2,7,10,20,3,90,1,0.75,15,0
1023,16,2,28,0,4,7,10,8,0,90,0,0.33,15,0
1517,11,3,16,22,0,4,4,20,1,120,1,0.49,10,1
971,14,1,2,7,1,6,8,22,5,90,0,0.58,10,0
1544,12,1,4,19,4,7,10,16,5,60,0,0.91,20,0
1003,20,1,15,2,2,2,6,14,6,120,0,0.04,10,0
1149,18,1,16,10,3,5,10,20,4,60,0,0.04,20,0
1562,11,3,5,21,3,4,10,18,1,120,1,0.92,20,0
1592,8,2,16,14,2,6,10,16,6,90,1,0.4,30,0
1295,18,1,2,10,2,0,4,20,3,120,1,0.2,10,1
1255,14,3,4,16,0,0,0,10,5,120,1,0.32,20,1
1521,10,1,25,14,2,0,4,22,2,60,1,0.89,15,0
1151,9,3,4,28,4,3,10,22,6,120,0,0.5,20,0
1034,10,1,25,4,0,1,1,20,1,120,1,0.69,30,1
1056,7,3,7,16,1,5,7,10,0,90,0,0.32,30,0
814,7,2,13,11,0,4,4,18,2,90,0,0.84,30,0
824,8,2,16,28,2,2,6,14,5,120,1,0.06,20,1
1164,20,1,17,29,2,0,4,18,0,60,1,0.56,15,0
918,16,1,16,23,4,7,10,18,5,120,0,0.82,30,0
1276,10,3,20,16,5,4,10,16,1,120,1,0.33,20,1
1340,14,3,5,24,0,4,4,8,4,120,0,0.75,15,0
1074,15,2,15,24,4,3,10,18,1,120,1,0.73,30,0
1187,18,2,17,0,0,7,7,20,6,120,1,0.84,20,0
1257,10,2,1,23,3,1,7,8,2,90,1,0.85,15,0
1334,18,3,11,18,1,0,2,14,2,90,0,0.93,10,0
949,19,1,3,7,3,4,10,16,4,90,0,0.84,15,0
1255,9,1,29,23,2,5,9,8,0,60,1,0.15,15,0
875,18,1,12,26,5,0,10,20,0,90,1,0.84,10,0
1356,10,2,13,21,5,1,10,8,4,90,0,0.83,20,0
1173,16,3,9,0,4,5,10,18,4,90,1,0.05,30,1
1017,14,1,22,23,3,3,9,22,2,60,0,0.42,20,0
1212,11,2,24,16,1,6,8,16,4,120,0,0.07,30,0
1511,20,1,1,21,4,2,10,14,1,60,1,0.79,20,0
1087,14,3,16,12,3,1,7,8,3,90,0,0.7,20,0
1112,9,1,24,15,1,7,9,10,4,120,0,0.56,10,0
805,8,3,15,5,1,1,3,10,0,90,0,0.0,20,0
1537,20,1,19,13,4,2,10,8,5,60,0,0.6,10,0
1471,9,2,3,26,4,4,10,10,4,60,1,1.0,10,0
1365,18,1,6,25,0,1,1,10,1,60,0,0.92,10,0
824,15,3,17,2,2,1,5,20,3,120,1,0.53,10,1
1341,17,2,11,10,3,7,10,10,4,120,1,0.72,15,0
806,14,2,25,13,4,2,10,10,3,120,0,0.38,30,0
1201,8,3,13,23,5,1,10,22,0,60,0,0.6,10,0
1547,15,1,13,18,5,4,10,22,5,90,1,0.08,30,0
1334,14,3,24,25,5,0,10,8,0,90,1,0.44,30,0
1344,6,3,13,21,5,2,10,22,3,90,1,0.71,15,0
1257,16,3,1,30,1,2,4,20,4,120,0,0.92,10,0
1242,15,3,22,1,3,0,6,8,1,120,1,0.43,10,0
1124,14,2,19,14,3,4,10,10,4,60,1,0.56,15,0
1007,6,2,15,7,5,1,10,16,2,90,1,0.28,15,0
1543,9,2,26,8,3,0,6,14,1,90,1,0.37,10,1
1330,14,1,16,13,1,4,6,18,5,90,1,0.63,10,0
1553,9,1,14,18,2,2,6,18,0,120,1,0.11,30,1
1404,11,3,12,21,5,7,10,16,0,90,1,0.32,15,1
1576,20,3,1,24,4,5,10,22,6,90,1,0.8,10,0
1061,18,1,18,24,3,2,8,10,6,120,1,0.99,30,0
1427,18,1,25,4,1,0,2,10,5,60,1,0.07,15,0
1537,16,3,2,26,2,3,7,8,5,90,1,0.31,10,0
1202,11,2,15,2,0,5,5,14,0,60,0,0.1,30,0
1582,18,2,27,8,2,7,10,16,1,90,0,0.56,20,0
1546,11,1,4,19,0,6,6,8,5,60,1,0.91,15,0
1354,18,1,18,13,4,3,10,22,0,60,1,0.91,15,0
1198,17,1,9,17,1,6,8,18,5,120,0,0.11,10,0
850,17,1,13,9,5,0,10,20,5,60,1,0.87,10,0
1281,20,2,5,3,4,3,10,10,1,60,0,0.85,20,0
880,20,2,11,9,3,2,8,10,2,60,1,0.97,20,0
886,12,1,14,13,3,3,9,14,2,90,1,0.85,20,0
843,15,2,4,16,0,4,4,20,6,90,0,0.33,15,0
1254,18,1,30,20,0,0,0,16,3,90,1,0.32,15,1
1098,9,2,27,2,3,5,10,14,2,120,0,0.97,10,0
1438,6,2,1,12,2,2,6,8,4,60,0,0.97,10,0
873,8,1,8,20,3,6,10,20,2,60,0,0.44,15,0
875,15,1,12,16,5,0,10,18,3,120,1,0.95,30,0
1013,7,1,15,17,2,6,10,10,2,120,0,0.41,15,0
809,10,2,30,20,5,1,10,14,1,60,1,0.34,10,0
1051,20,1,28,14,2,6,10,10,4,60,0,0.96,30,0
1425,16,3,20,20,0,2,2,18,0,90,1,0.4,30,1
1411,19,2,10,27,4,2,10,16,6,120,1,0.34,15,0
1106,19,1,14,23,1,6,8,18,5,120,0,0.77,20,0
1151,20,1,3,5,5,5,10,20,0,120,0,0.51,20,0
1394,18,1,15,6,1,5,7,18,3,120,1,0.35,15,0
871,15,1,8,17,4,1,9,22,3,120,1,0.98,15,0
1370,6,1,13,2,5,6,10,20,5,60,1,0.52,20,0
1370,6,2,8,18,4,5,10,18,3,90,0,0.87,20,0
853,15,2,12,22,3,6,10,22,1,60,1,0.52,20,0
1200,7,1,25,21,0,0,0,20,2,60,1,0.14,30,1
1468,20,1,20,25,0,7,7,16,4,60,1,0.16,20,1
1079,15,2,30,12,5,3,10,14,5,60,0,0.22,15,0
1078,14,3,23,22,2,2,6,8,2,90,1,0.95,10,0
1351,18,3,24,6,1,2,4,18,5,120,1,0.52,20,1
1228,12,3,3,9,5,4,10,16,0,90,0,0.81,20,0
1022,6,3,28,9,4,6,10,14,1,90,1,0.69,10,0
1583,10,2,11,5,2,7,10,16,2,60,1,0.86,20,0
1400,11,2,20,8,5,0,10,8,1,90,1,0.49,10,0
850,16,3,6,19,4,7,10,16,5,120,1,0.61,10,0
1010,19,3,0,19,4,0,8,8,0,120,1,0.61,15,0
843,11,1,22,17,3,2,8,16,3,60,1,0.01,20,1
1030,16,1,2,25,5,0,10,20,0,90,1,0.9,30,0
1272,19,1,7,7,0,0,0,18,0,60,1,0.49,15,1
959,13,1,22,0,4,1,9,10,3,90,1,0.95,15,0
1225,14,1,28,4,2,3,7,20,1,60,1,0.6,15,1
1569,6,1,18,19,5,5,10,22,0,60,0,0.63,15,0
1354,16,1,6,0,3,5,10,18,6,60,1,0.4,10,0
1579,10,1,15,2,2,6,10,20,4,90,1,0.25,15,0
959,18,2,19,8,0,1,1,18,1,120,1,0.8,10,1
808,15,1,22,14,5,7,10,20,1,90,1,0.2,20,0
1324,11,2,23,17,2,4,8,22,1,60,0,0.99,20,0
1090,6,1,23,25,5,1,10,18,0,90,1,0.6,10,0
1279,14,3,29,2,1,1,3,20,0,60,0,0.09,10,0
1558,6,1,16,25,2,7,10,20,6,120,1,0.78,30,0
1452,15,1,28,11,0,4,4,18,0,120,0,0.92,20,0
1527,11,1,23,20,0,6,6,20,6,60,0,0.15,10,0
1114,16,3,18,0,3,0,6,16,6,60,1,0.88,30,0
1027,18,1,6,4,3,6,10,16,2,120,0,0.85,30,0
1533,9,3,21,28,2,2,6,16,0,60,0,0.19,10,0
1254,15,3,30,29,4,6,10,14,1,60,1,0.85,30,0
1076,10,1,5,23,4,5,10,8,4,90,1,0.65,10,0
1160,16,1,14,26,3,0,6,14,4,60,1,0.35,15,0
1531,14,2,14,2,1,3,5,10,5,120,0,0.65,15,0
1503,8,2,1,30,2,0,4,18,6,120,0,0.01,30,0
1283,18,1,20,17,0,7,7,14,2,60,0,0.22,20,0
1156,12,3,29,7,4,7,10,20,0,120,0,0.79,15,0
948,7,3,29,29,5,6,10,18,4,60,1,0.8,15,0
1405,14,1,19,9,2,1,5,8,5,120,1,0.58,20,0
820,10,1,22,11,1,2,4,8,4,90,1,0.74,15,0
1545,6,3,29,28,3,3,9,8,5,90,0,0.13,10,0
1593,16,1,9,14,0,7,7,16,5,60,0,0.37,30,0
827,11,2,8,15,0,4,4,10,6,60,1,0.81,30,0
1313,6,3,8,7,1,4,6,14,3,120,1,0.04,30,1
1437,19,2,16,20,4,6,10,8,2,90,1,0.28,30,0
965,15,3,0,17,1,3,5,20,6,120,0,0.92,20,0
1065,14,1,25,26,3,4,10,14,3,120,0,0.54,30,0
1600,20,2,27,5,4,1,9,16,2,120,1,0.44,15,0
984,8,3,7,12,2,5,9,22,6,60,0,0.2,15,0
913,14,3,7,4,5,2,10,16,5,90,1,0.92,20,0
1545,11,3,22,12,4,1,9,20,3,90,0,0.79,15,0
808,11,2,13,2,0,3,3,16,5,120,0,0.92,15,0
1248,16,3,23,19,1,1,3,16,1,90,0,0.23,15,0
938,17,3,3,22,2,7,10,20,5,90,1,0.99,30,0
1007,10,1,3,27,5,7,10,20,1,120,0,0.24,15,0
1095,13,2,30,8,2,5,9,20,5,60,1,0.69,30,0
1331,7,2,14,11,1,3,5,20,5,120,0,0.12,20,0
1520,11,3,12,26,3,4,10,14,1,120,0,0.91,15,0
807,16,1,26,8,3,4,10,20,1,60,0,0.36,15,0
1324,11,1,27,29,0,0,0,16,2,60,1,0.29,15,1
1571,10,1,7,18,2,4,8,20,3,120,0,0.09,15,0
1334,20,3,15,6,4,5,10,18,5,120,0,0.97,15,0
1072,16,3,10,9,5,3,10,14,5,90,0,0.56,10,0
884,15,1,5,26,1,4,6,10,0,60,1,0.28,15,1
1151,13,1,16,28,2,0,4,22,2,60,1,0.83,30,0
1397,16,3,10,15,3,6,10,16,3,120,0,0.64,20,0
898,15,1,16,13,2,5,9,10,6,90,1,0.85,10,0
1520,19,3,23,11,1,0,2,16,0,60,0,0.76,20,0
1206,18,1,3,17,2,1,5,18,6,90,0,0.38,20,0
1257,18,3,8,30,1,5,7,10,1,90,1,0.18,30,0
889,19,1,1,6,2,3,7,18,2,120,0,0.87,30,0
1549,18,1,22,18,4,1,9,20,6,90,0,0.87,15,0
1025,17,3,23,2,3,0,6,10,3,60,1,0.53,30,0
1064,13,3,5,24,1,2,4,20,5,120,1,0.1,15,1
1138,6,1,15,17,3,3,9,10,2,90,0,0.83,10,0
1502,13,2,30,7,4,7,10,22,1,60,1,0.22,30,0
1505,18,3,28,12,2,5,9,20,3,90,1,0.1,30,1
1569,13,2,12,24,0,3,3,18,3,90,0,0.95,10,0
1142,10,3,21,24,3,5,10,20,6,90,0,0.26,10,0
1414,14,3,6,16,1,5,7,18,2,60,1,0.05,15,1
1055,6,1,12,5,5,1,10,22,2,120,0,0.57,30,0
1258,20,1,25,22,3,2,8,18,2,60,0,0.03,30,0
943,19,2,5,14,0,1,1,10,5,90,1,0.52,20,1
1307,17,1,11,10,5,4,10,16,4,120,0,0.88,15,0
803,9,3,29,22,0,6,6,14,6,60,1,0.32,15,1
804,8,3,18,29,0,4,4,22,4,120,1,0.93,20,0
1596,10,2,15,15,3,1,7,20,5,90,1,0.87,10,0
1410,10,2,7,22,3,6,10,8,5,60,1,0.5,20,0
960,16,3,24,15,1,6,8,10,1,120,1,0.04,30,0
1319,17,1,16,20,3,4,10,10,1,60,0,0.36,15,0
1417,8,2,5,3,3,5,10,18,2,60,0,0.15,10,0
1466,18,2,0,21,1,2,4,16,6,90,0,0.91,20,0
1136,17,3,30,15,4,4,10,22,4,120,1,0.38,30,0
1567,17,3,16,16,4,4,10,18,3,120,0,0.64,30,0
1592,11,2,7,28,0,0,0,16,4,90,1,0.14,10,1
1208,9,1,22,24,5,1,10,16,1,120,0,0.28,10,0
811,10,3,25,6,5,3,10,20,2,90,1,0.72,10,0
1549,20,2,2,6,5,5,10,14,3,60,0,0.16,15,0
1480,20,1,15,18,4,3,10,16,1,90,0,0.29,10,0
1590,11,1,16,2,5,5,10,8,5,90,1,0.37,20,0
1078,13,2,6,10,0,5,5,10,3,90,1,0.11,10,0
1000,14,3,1,25,1,4,6,16,2,90,1,0.62,10,1
1268,8,3,4,24,4,7,10,14,4,90,1,0.68,20,0
1597,7,1,27,28,1,4,6,10,3,120,0,0.44,20,0
1340,9,3,12,5,2,7,10,20,0,90,0,0.91,30,0
1231,12,1,9,2,5,4,10,10,3,90,0,0.19,30,0
926,7,3,30,6,4,2,10,18,5,90,1,0.57,30,0
1327,13,2,9,13,5,1,10,22,1,90,0,0.82,20,0
1369,16,3,7,7,0,5,5,8,4,60,0,0.41,15,0
833,11,3,19,19,5,1,10,20,1,120,1,0.65,15,0
1313,14,1,23,12,0,7,7,22,3,90,1,0.13,15,0
859,20,3,0,24,2,5,9,16,2,60,1,0.96,20,0
972,6,1,9,13,0,7,7,22,5,90,1,0.11,10,0
1055,18,2,10,4,2,2,6,18,0,90,0,0.78,20,0
1506,10,1,23,14,3,4,10,18,0,90,1,0.9,30,0
1048,10,3,24,18,1,0,2,22,6,120,0,0.61,20,0
806,14,3,6,8,5,1,10,8,2,120,0,0.74,30,0
979,16,2,17,26,4,1,9,20,5,120,0,0.08,10,0
1352,11,2,15,14,2,1,5,22,5,90,0,0.39,15,0
991,11,3,22,13,3,6,10,22,6,60,1,0.97,10,0
1434,11,1,11,16,4,1,9,22,6,120,0,0.81,15,0
1283,17,1,11,14,3,7,10,18,2,120,1,0.91,15,0
1549,14,3,25,8,2,1,5,10,1,90,0,0.63,30,0
1489,14,3,15,10,3,3,9,18,5,120,0,0.23,15,0
904,10,2,8,12,4,4,10,22,5,120,0,0.86,30,0
1207,6,1,13,25,2,0,4,14,3,120,0,0.62,15,0
914,18,3,7,30,0,0,0,18,0,60,0,0.6,30,0
927,13,1,25,12,1,1,3,16,2,90,0,0.62,30,0
983,18,1,3,25,4,2,10,10,2,90,0,0.34,10,0
1236,19,3,14,30,2,2,6,10,2,120,0,0.23,20,0
929,12,2,29,13,3,2,8,14,3,60,1,0.23,30,1
1502,14,2,18,15,1,6,8,8,6,90,1,0.56,30,0
1147,19,1,17,20,2,3,7,16,5,90,0,0.66,10,0
1167,17,3,15,22,4,0,8,10,5,120,0,0.37,15,0
1454,13,1,2,25,2,3,7,8,2,60,0,0.8,10,0
902,20,2,1,10,3,4,10,16,3,60,0,0.3,10,0
1379,11,3,10,2,4,1,9,8,1,120,1,0.13,15,0
962,9,1,16,27,4,2,10,10,3,120,0,0.4,30,0
1446,8,2,18,6,1,3,5,20,6,120,0,0.08,30,0
881,8,2,12,28,5,4,10,8,4,120,0,0.91,10,0
991,7,2,23,20,4,2,10,22,6,90,1,0.59,20,0
1311,18,1,18,12,5,3,10,20,3,120,0,0.76,20,0
1515,16,3,8,23,5,2,10,10,5,90,0,1.0,15,0
1170,13,2,29,0,5,1,10,22,2,120,0,0.67,15,0
907,11,1,3,12,3,5,10,16,3,90,1,0.03,10,0
1405,18,3,3,18,1,2,4,16,3,90,1,0.19,10,1
1014,13,2,27,29,5,5,10,14,5,120,0,0.02,20,0
1348,13,3,7,28,1,2,4,10,6,60,1,0.76,30,0
808,8,2,9,2,4,4,10,18,3,60,0,0.85,20,0
1097,14,2,17,18,0,2,2,18,5,60,0,0.49,15,0
806,13,3,3,21,1,7,9,8,2,60,0,0.2,10,0
1490,7,3,27,20,4,1,9,16,0,60,0,0.8,10,0
1296,11,2,1,9,4,1,9,14,2,120,1,0.53,30,0
1345,7,3,25,20,4,7,10,10,6,90,1,0.65,30,0
1072,6,2,6,15,0,1,1,22,2,60,1,0.83,10,0
1455,13,2,28,2,1,5,7,18,0,60,1,0.85,20,0
1243,15,2,23,25,4,7,10,18,6,120,1,0.09,10,0
1099,8,1,12,24,1,3,5,8,3,60,1,0.81,10,0
1329,6,1,7,11,5,6,10,22,2,120,1,0.25,15,0
1413,14,2,0,28,2,4,8,22,1,120,0,0.51,10,0
880,6,3,6,3,4,5,10,20,5,60,0,0.33,20,0
1547,13,1,0,3,1,2,4,14,3,90,0,0.09,10,0
1211,14,1,8,14,5,4,10,22,1,120,1,0.8,30,0
1455,14,2,16,6,3,3,9,22,1,90,0,0.69,30,0
1427,11,3,12,19,1,6,8,16,0,90,1,0.36,10,0
927,8,1,29,26,4,3,10,10,1,90,0,0.08,10,0
1261,20,2,24,20,0,5,5,14,6,90,0,0.75,15,0
1037,8,1,26,5,3,3,9,16,6,90,0,0.45,20,0
1556,9,2,27,18,1,0,2,14,3,60,0,0.24,30,0
1378,13,2,18,29,4,7,10,22,4,120,0,0.7,15,0
1451,9,1,25,14,2,4,8,8,1,120,1,0.43,20,0
1283,13,1,26,18,4,5,10,18,1,120,0,0.79,30,0
955,12,2,9,11,2,6,10,8,2,90,1,0.9,15,0
1072,18,1,0,11,5,6,10,16,4,90,1,0.92,15,0
1513,14,1,0,2,0,4,4,14,1,60,0,0.51,15,0
845,10,1,24,24,3,2,8,14,3,90,1,0.94,30,0
968,7,1,15,30,1,4,6,16,3,60,1,0.56,10,1
1201,17,2,18,29,5,4,10,22,2,60,0,1.0,10,0
1592,9,3,29,4,5,4,10,8,6,120,1,0.18,10,0
1123,6,2,23,2,4,0,8,16,2,90,0,0.99,10,0
1192,12,2,25,27,0,2,2,18,6,90,1,0.42,15,1
903,7,3,21,26,0,0,0,22,6,90,1,0.44,20,1
1327,14,2,12,8,5,3,10,20,0,120,1,0.96,15,0
1000,6,2,16,26,3,5,10,16,1,120,1,0.4,30,0
916,16,3,27,12,2,4,8,22,6,60,0,0.62,10,0
1128,13,1,11,5,1,1,3,14,4,90,1,0.35,15,1
1095,12,2,11,17,5,1,10,14,3,60,1,0.54,10,0
941,12,1,28,12,2,4,8,20,6,120,1,0.85,30,0
1193,15,1,2,14,0,4,4,14,5,90,0,0.15,15,0
1061,14,2,7,27,1,5,7,8,2,90,1,0.9,20,0
1507,6,3,29,9,4,6,10,18,4,60,0,0.52,20,0
1548,8,2,23,14,0,7,7,8,5,120,0,0.66,20,0
1455,16,2,14,3,2,1,5,20,5,60,0,0.77,20,0
1086,17,1,17,21,1,7,9,16,2,60,1,0.6,20,0
912,14,1,17,0,4,3,10,20,2,60,1,0.49,20,0
1490,11,3,3,16,1,5,7,20,6,120,1,0.16,10,0
815,11,2,21,15,1,4,6,16,0,120,0,0.12,30,0
1512,13,2,20,1,2,4,8,22,6,90,1,0.51,10,0
1054,6,1,23,6,3,6,10,20,1,60,0,0.24,30,0
1239,20,1,18,15,2,1,5,8,6,60,0,0.81,20,0
853,19,2,7,9,1,2,4,20,0,90,1,0.63,20,1
969,15,2,24,6,2,4,8,10,1,120,0,0.67,20,0
1294,13,3,25,23,3,5,10,14,1,120,1,0.17,20,0
1242,6,2,7,26,0,4,4,14,6,60,0,0.71,30,0
872,15,2,10,10,2,0,4,18,1,90,1,0.54,20,1
1253,9,2,1,5,5,0,10,14,5,90,1,0.52,30,0
952,17,2,2,17,3,2,8,8,6,90,0,0.48,30,0
1396,10,2,4,21,1,2,4,20,6,60,0,0.15,20,0
942,15,1,21,15,0,6,6,20,5,120,0,0.92,20,0
1528,12,3,30,30,4,2,10,16,2,60,1,0.8,10,0
1535,7,1,27,14,2,3,7,8,1,60,0,0.18,30,0
820,20,2,0,3,3,2,8,22,2,90,1,0.38,30,0
1348,10,3,13,21,4,7,10,16,1,120,1,0.87,30,0
1590,19,3,19,1,0,5,5,20,0,60,0,0.46,20,0
949,9,3,18,2,2,2,6,16,4,90,0,0.92,20,0
1197,11,1,24,1,2,0,4,10,0,60,0,0.9,30,0
1062,18,1,13,10,0,4,4,14,4,60,0,0.29,15,0
1075,6,2,27,3,0,2,2,14,4,90,1,0.18,30,1
1090,7,2,23,12,2,0,4,20,5,120,0,0.41,10,0
1022,9,2,13,26,4,5,10,22,5,90,1,0.77,20,0
1395,18,3,1,13,0,7,7,16,1,120,0,0.92,20,0
1360,16,3,27,7,1,0,2,14,5,60,1,0.11,10,1
1075,13,1,17,10,4,0,8,8,6,120,0,0.62,10,0
1486,16,2,7,27,2,1,5,8,0,90,1,0.37,30,1
1340,8,2,5,27,5,4,10,16,6,60,0,0.28,15,0
1495,10,2,18,16,1,0,2,22,0,120,0,0.45,30,0
1354,20,1,8,12,5,5,10,16,5,60,0,0.63,30,0
1167,15,1,4,8,2,3,7,10,1,60,0,0.88,20,0
1063,16,3,26,9,2,2,6,16,6,120,1,0.04,30,1
1313,7,1,30,14,3,2,8,14,5,60,1,0.08,10,0
887,12,3,19,11,0,4,4,22,5,60,1,0.02,30,1
1337,7,3,20,0,2,1,5,8,5,60,0,0.52,20,0
850,8,1,16,20,2,2,6,22,5,120,1,0.42,30,0
1573,14,1,3,7,0,6,6,14,2,120,0,0.84,15,0
1393,11,3,17,15,3,3,9,14,2,60,0,0.69,10,0
1113,18,3,8,11,4,0,8,22,6,120,1,0.46,10,0
1271,15,3,20,2,2,4,8,20,0,60,0,0.73,15,0
875,11,2,21,29,5,5,10,16,3,90,1,0.81,30,0
1107,8,1,10,11,0,2,2,10,0,120,0,0.53,10,0
1345,12,3,14,26,1,1,3,22,2,90,1,0.67,15,1
1558,8,3,22,27,5,4,10,8,4,120,0,0.57,10,0
1388,20,1,25,20,0,7,7,16,6,90,0,0.67,20,0
1170,7,3,13,20,5,0,10,22,4,90,0,0.24,10,0
1191,16,1,24,22,0,2,2,14,5,60,0,0.73,30,0
993,10,3,10,4,2,3,7,16,3,60,1,0.73,10,1
1133,6,1,29,11,5,5,10,16,0,90,1,0.23,15,0
835,12,3,0,21,0,4,4,22,0,120,0,0.88,30,0
1192,10,3,25,10,0,4,4,18,0,60,0,0.08,30,0
1175,19,1,17,27,0,6,6,14,4,90,1,0.31,15,0
1447,15,1,23,10,3,5,10,22,6,60,1,0.94,10,0
1548,8,3,0,10,2,7,10,20,2,120,1,0.29,30,1
1251,12,2,27,16,0,5,5,10,4,120,0,0.51,20,0
1269,10,1,16,17,1,7,9,20,5,60,1,0.26,20,0
1554,9,1,7,28,5,7,10,8,4,120,1,0.8,10,0
1293,10,1,26,12,3,5,10,10,6,60,1,0.4,30,0
1284,11,3,12,9,1,4,6,18,4,60,0,0.37,10,0
1492,8,1,16,26,2,4,8,20,3,90,1,0.82,20,0
1578,19,1,7,16,2,3,7,20,2,60,1,0.97,20,0
1378,6,1,24,15,4,1,9,16,3,90,0,0.83,20,0
1586,9,2,4,19,0,1,1,20,2,90,0,0.48,30,0
1438,6,1,26,24,5,6,10,10,2,120,0,0.32,15,0
1284,10,2,18,13,3,6,10,16,2,60,1,0.33,20,0
1380,20,1,12,28,0,5,5,14,4,90,0,0.44,10,0
1320,7,3,1,22,0,7,7,14,5,90,0,0.6,15,0
1178,8,3,10,0,0,0,0,18,0,90,0,0.71,10,0
1301,8,3,14,5,0,0,0,16,5,90,1,0.79,30,1
1064,11,2,4,28,2,4,8,16,5,90,1,0.68,30,1
1187,9,3,9,9,3,1,7,14,6,120,0,0.7,15,0
1302,18,1,21,23,1,2,4,18,6,60,1,0.99,30,1
1206,8,2,0,0,1,2,4,20,4,120,0,0.28,10,0
982,8,1,9,3,4,5,10,18,5,90,1,0.81,15,0
937,12,2,8,6,4,6,10,8,1,60,1,0.06,30,0
1323,16,1,12,16,3,7,10,10,0,90,0,0.97,30,0
1199,16,3,6,20,0,7,7,22,2,60,1,0.76,20,0
1483,6,1,29,7,2,2,6,22,2,60,0,0.53,30,0
1164,7,1,4,28,0,0,0,8,1,60,0,0.27,10,0
1271,19,3,9,11,1,5,7,10,2,60,0,0.84,30,0
1398,8,3,17,23,2,2,6,8,6,90,1,0.78,10,1
953,7,3,8,1,0,0,0,18,5,120,1,0.9,10,1
1228,11,3,20,2,0,2,2,10,5,90,1,0.08,10,1
1456,14,3,28,2,5,7,10,16,2,120,1,0.56,30,0
1396,9,1,6,21,4,1,9,10,1,60,0,0.11,20,0
1105,8,2,14,20,4,6,10,22,4,90,0,0.91,20,0
961,7,3,18,2,3,3,9,10,2,60,0,0.17,10,0
828,12,1,21,22,2,4,8,20,0,60,0,0.14,10,0
925,8,2,14,17,3,7,10,10,5,90,0,0.19,30,0
892,8,3,16,20,4,3,10,20,2,120,0,0.39,10,0
822,7,1,29,16,0,5,5,14,4,60,0,0.71,10,0
1263,13,1,25,11,0,2,2,14,4,60,0,0.54,10,0
1216,14,3,0,23,1,1,3,16,1,60,0,0.48,10,0
1195,20,1,25,15,4,7,10,22,4,60,1,0.59,30,0
1540,10,2,9,7,4,5,10,18,1,120,1,0.77,10,0
1298,15,1,17,14,0,0,0,18,0,90,0,0.26,30,0
1044,20,1,10,15,4,5,10,16,5,120,0,0.84,20,0
1503,7,3,10,15,1,6,8,10,1,120,0,0.89,20,0
1483,9,2,17,8,5,5,10,8,1,120,1,0.46,30,0
1573,7,1,10,19,2,3,7,16,0,60,1,0.1,15,1
1117,16,2,17,4,3,0,6,8,0,120,0,0.01,30,0
1521,11,1,18,25,3,7,10,14,2,90,1,0.9,15,0
870,19,2,23,21,0,0,0,10,1,90,0,0.12,10,0
1473,19,3,1,4,5,2,10,18,4,120,0,0.24,20,0
1014,9,2,17,0,3,5,10,20,0,60,1,0.89,20,0
923,8,2,9,30,3,7,10,10,5,90,1,0.23,30,0
1200,8,1,15,30,0,0,0,18,6,60,1,0.19,30,1
1295,8,2,11,24,4,5,10,10,3,120,0,0.79,30,0
899,6,2,1,7,5,3,10,22,6,120,0,0.35,15,0
918,19,3,24,17,3,0,6,22,6,60,0,0.74,10,0
1094,15,3,26,17,3,0,6,18,0,60,0,0.81,20,0
1299,14,2,17,1,4,0,8,10,3,90,0,0.21,30,0
1310,12,1,18,18,0,7,7,22,1,90,1,0.82,20,0
820,11,2,26,29,3,3,9,8,1,60,1,0.91,20,0
1401,8,3,7,4,0,0,0,14,4,90,1,0.38,15,1
1421,16,1,10,17,2,4,8,14,2,120,1,0.62,10,0
1016,6,2,11,6,0,6,6,20,2,120,0,0.12,20,0
1363,17,3,0,13,2,6,10,18,5,120,1,0.4,20,0
1445,6,1,17,22,4,1,9,10,4,90,0,0.48,30,0
1152,15,1,15,17,0,7,7,10,0,120,1,0.63,15,0
1236,7,2,25,16,0,6,6,18,2,60,0,0.32,15,0
1267,12,1,18,15,0,3,3,8,6,120,1,0.65,15,1
873,19,3,6,1,5,3,10,22,4,60,1,0.01,10,0
965,7,2,16,20,0,3,3,10,5,120,0,0.53,15,0
1010,15,1,10,16,3,0,6,8,4,90,1,0.44,20,0
935,11,3,20,20,2,4,8,14,3,60,1,0.67,15,0
1083,8,3,4,8,0,3,3,16,4,60,1,0.93,15,1
1066,8,2,11,25,0,3,3,18,1,60,0,0.55,30,0
957,12,2,29,4,2,3,7,20,1,120,0,0.56,15,0
862,6,2,0,14,3,2,8,10,1,60,0,0.8,30,0
1342,18,3,13,5,3,1,7,18,2,60,0,0.97,30,0
1432,7,1,7,23,4,3,10,22,6,60,0,0.46,20,0
1485,11,2,4,18,2,5,9,14,3,120,0,0.67,15,0
914,10,2,0,26,1,0,2,8,3,120,1,0.78,15,1
1359,14,2,24,2,2,1,5,14,1,90,1,0.7,20,1
1029,12,1,10,2,0,4,4,14,2,120,0,0.76,20,0
1587,8,2,29,9,4,0,8,18,2,120,1,0.04,15,1
1173,15,1,26,9,3,0,6,16,6,60,1,0.71,30,1
1294,18,1,27,5,0,7,7,14,1,90,0,0.31,10,0
1589,9,1,29,19,2,6,10,10,2,60,0,0.36,20,0
1232,15,2,8,25,1,5,7,8,2,120,0,0.1,30,0
1169,7,1,5,29,5,5,10,14,2,60,0,0.44,10,0
1311,20,1,10,9,5,3,10,8,5,120,0,0.31,10,0
902,14,2,11,20,4,7,10,10,6,120,0,1.0,30,0
1253,11,2,2,16,3,0,6,8,0,120,0,0.74,20,0
954,12,2,2,16,4,0,8,8,3,90,1,0.66,10,0
1159,19,2,12,2,2,1,5,22,5,90,1,0.34,30,1
1058,8,2,25,30,3,1,7,16,1,120,1,0.09,15,1
1075,14,3,13,8,2,6,10,8,1,120,0,0.49,30,0
1510,10,1,6,24,0,7,7,8,1,120,0,0.35,30,0
977,9,2,28,20,3,1,7,20,4,60,1,0.94,10,0
937,19,3,22,25,5,7,10,8,5,90,1,0.15,10,0
1274,18,1,14,12,5,3,10,16,1,60,1,0.39,30,0
1146,11,1,1,16,4,3,10,22,1,60,0,0.38,10,0
1238,16,3,26,24,2,5,9,18,5,60,1,0.58,15,0
1221,11,1,28,0,5,5,10,10,3,60,0,0.15,10,0
1054,10,1,8,8,5,1,10,14,3,90,1,0.08,20,0
815,12,2,1,28,1,6,8,10,3,90,1,0.84,30,0
800,9,1,14,11,0,4,4,18,4,60,0,0.3,10,0
852,11,1,12,17,5,7,10,20,0,90,0,0.63,20,0
904,14,1,2,24,1,1,3,18,5,60,0,0.13,15,0
1098,12,3,9,17,2,0,4,16,5,60,0,0.38,10,0
1179,9,3,13,25,4,7,10,20,1,120,1,0.17,10,1
903,11,2,15,24,1,5,7,16,3,120,0,0.17,15,0
902,8,2,16,21,1,5,7,22,2,90,1,0.78,15,0
1105,14,1,20,8,0,7,7,10,1,60,0,0.37,30,0
1084,10,1,23,8,5,7,10,10,4,90,0,0.75,20,0
909,17,1,2,8,5,3,10,14,0,60,0,0.35,20,0
861,12,1,30,3,2,3,7,20,3,60,0,1.0,10,0
1315,13,1,6,13,1,3,5,22,2,60,0,0.28,30,0
1152,11,2,0,27,5,1,10,14,6,90,1,0.67,15,0
930,7,2,1,3,1,1,3,18,5,60,1,0.54,10,1
1495,19,2,1,30,4,5,10,18,4,60,1,0.42,30,0
1304,20,1,21,1,3,1,7,8,6,60,0,0.3,10,0
1471,16,2,9,25,5,7,10,18,1,120,0,0.53,30,0
1188,13,1,25,2,0,6,6,10,3,60,1,0.78,30,0
1117,9,2,16,21,4,3,10,16,6,60,0,0.86,10,0
1083,11,2,5,5,4,6,10,8,1,120,1,0.94,30,0
1564,10,3,19,13,5,2,10,14,5,60,1,0.28,10,0
826,12,3,27,12,3,1,7,18,2,120,1,0.23,20,1
1394,9,3,18,10,4,5,10,10,6,90,1,0.52,10,0
1507,19,3,24,16,4,1,9,10,4,60,1,0.71,10,0
1429,19,3,15,1,5,7,10,14,3,60,0,0.25,30,0
1562,14,2,20,22,4,7,10,20,1,60,1,0.43,15,0
1167,7,1,21,19,4,1,9,16,3,60,0,0.28,20,0
1113,10,1,13,16,5,4,10,14,3,90,1,0.66,10,0
1150,16,3,15,17,2,7,10,14,1,90,1,0.35,30,0
957,13,1,12,8,2,4,8,18,6,90,0,0.8,30,0
1361,17,3,26,29,5,0,10,10,3,60,1,0.15,30,0
1439,20,2,29,3,2,5,9,18,5,60,1,0.28,30,0
1295,19,2,9,2,4,7,10,20,3,90,1,0.0,30,0
1269,6,1,17,28,1,6,8,18,4,120,1,0.78,10,1
807,20,2,15,10,3,5,10,20,4,90,0,0.68,15,0
1334,16,1,24,19,5,2,10,14,1,120,0,0.02,15,0
1523,9,2,11,22,3,3,9,10,5,120,0,0.25,10,0
1528,9,2,22,2,3,3,9,10,2,90,0,0.88,20,0
1346,15,1,22,7,2,0,4,22,3,60,1,0.27,20,1
1213,13,3,15,11,0,4,4,8,4,120,0,0.48,20,0
1124,9,1,29,16,3,3,9,10,5,90,0,0.32,15,0
1399,18,1,21,30,0,3,3,14,1,120,0,0.23,30,0
1083,6,3,29,27,3,1,7,18,1,90,1,0.83,20,0
1419,9,3,21,1,0,5,5,20,6,60,1,0.39,10,1
1018,6,3,10,22,0,1,1,18,6,90,1,0.73,20,1
1238,17,1,14,13,4,1,9,16,0,120,1,0.44,30,0
1447,20,2,29,20,2,2,6,18,0,90,0,0.52,10,0
875,12,3,6,9,2,7,10,14,3,60,0,0.11,10,0
1525,11,3,10,11,3,5,10,10,0,60,0,0.31,20,0
1371,9,1,11,1,2,4,8,20,1,120,1,0.69,20,1
1285,12,2,19,4,1,4,6,22,3,120,0,0.34,10,0
1547,14,2,4,0,5,0,10,18,4,120,0,0.16,20,0
1027,17,3,20,19,3,2,8,22,4,60,0,0.4,10,0
1545,15,3,30,20,3,4,10,20,6,120,0,0.38,30,0
1295,10,1,11,15,3,1,7,16,2,90,0,0.8,20,0
914,15,3,11,2,1,2,4,16,3,90,1,0.15,15,1
1545,14,1,6,17,0,5,5,18,1,120,1,0.46,10,0
863,20,3,10,25,2,1,5,20,6,60,0,0.79,20,0
1024,19,1,10,23,4,0,8,18,4,90,0,0.9,30,0
869,6,2,5,8,1,4,6,22,1,90,0,0.12,10,0
934,11,3,3,17,2,0,4,22,0,60,0,0.89,30,0
1210,17,1,3,13,3,6,10,16,3,90,0,0.16,30,0
980,16,1,9,10,5,1,10,14,4,90,0,0.19,20,0
1029,9,1,17,23,4,2,10,8,4,60,1,0.37,30,0
853,17,1,18,7,0,4,4,14,5,60,1,0.6,20,1
1256,13,2,1,10,4,5,10,10,5,60,0,0.9,10,0
936,10,2,5,27,5,0,10,18,5,60,0,0.1,10,0
996,12,1,0,27,5,2,10,10,1,60,0,0.83,10,0
935,12,1,19,25,4,1,9,10,6,120,0,0.47,15,0
864,16,2,26,8,5,6,10,16,0,90,1,0.81,20,0
935,9,2,30,19,1,3,5,18,5,90,0,0.06,15,0
842,17,3,12,12,3,4,10,18,6,90,1,0.37,15,0
1520,14,2,24,25,4,6,10,16,1,120,1,0.95,10,0
891,18,1,14,10,2,3,7,8,0,90,0,0.71,15,0
1366,19,2,5,2,4,2,10,10,5,120,1,0.31,30,0
1591,13,2,4,5,2,6,10,22,3,90,0,0.61,30,0
1160,11,3,17,27,5,1,10,14,1,60,0,0.93,10,0
1495,14,3,22,26,5,0,10,16,1,120,0,0.92,30,0
1100,15,1,9,29,0,1,1,20,6,60,1,0.68,30,1
1124,12,1,29,23,5,4,10,22,3,90,1,0.51,15,0
1580,14,3,8,11,4,7,10,10,4,90,0,0.25,10,0
809,19,2,12,7,2,6,10,8,4,90,1,0.71,30,0
1054,9,1,19,21,5,1,10,8,0,60,1,0.52,30,0
1450,11,2,30,19,4,7,10,22,1,90,0,0.58,30,0
831,16,3,1,20,4,5,10,22,6,120,1,0.02,20,0
1023,13,3,12,15,1,6,8,18,0,90,1,0.09,20,1
1010,17,1,14,3,2,1,5,22,5,120,1,0.02,20,1
1041,6,1,26,17,4,7,10,16,2,60,1,0.62,15,0
1250,9,2,15,27,3,2,8,8,4,90,0,0.39,20,0
1062,6,1,28,5,2,4,8,18,1,90,1,0.09,30,1
852,18,1,11,14,3,5,10,16,0,60,0,0.7,30,0
1120,11,2,1,2,1,6,8,16,2,60,0,0.0,20,0
1216,15,2,1,16,0,6,6,16,6,60,0,0.53,30,0
1252,18,2,11,25,0,4,4,22,3,120,1,0.66,30,0
1242,13,3,29,6,3,5,10,22,4,120,0,0.82,30,0
1208,15,2,16,20,0,0,0,8,5,120,0,0.93,15,0
1163,12,3,25,3,5,7,10,16,1,60,0,0.22,30,0
951,6,3,24,9,2,0,4,22,1,60,0,0.5,30,0
1349,8,1,20,29,4,3,10,8,4,120,0,0.26,20,0
1307,20,1,18,5,3,7,10,14,6,90,0,0.89,20,0
1370,16,3,25,12,3,1,7,20,3,120,0,0.86,15,0
1006,11,1,15,12,0,0,0,20,3,60,1,0.89,15,1
807,17,1,20,17,4,3,10,14,0,90,0,0.9,15,0
928,18,1,12,25,0,0,0,22,5,120,1,0.48,30,1
1592,12,2,29,13,5,7,10,22,4,90,1,0.75,10,0
978,20,2,8,25,4,1,9,14,3,90,0,0.22,10,0
1423,15,2,0,13,1,5,7,8,0,60,0,0.3,30,0
831,20,2,26,5,3,3,9,14,6,60,0,0.48,15,0
1457,9,2,8,4,3,4,10,10,6,90,1,0.66,20,0
1306,12,2,16,7,2,7,10,8,4,90,0,1.0,20,0
980,10,2,21,10,0,3,3,22,5,60,0,0.45,20,0
885,15,1,16,23,2,5,9,18,5,120,1,0.19,15,0
1544,14,1,20,29,4,5,10,14,2,120,1,0.11,20,0
833,10,2,25,21,4,3,10,22,1,120,0,0.67,30,0
1207,17,1,10,11,0,4,4,20,1,120,1,0.88,20,1
1274,20,2,11,28,5,7,10,20,5,60,0,0.15,15,0
1308,14,1,25,22,0,6,6,20,2,90,0,0.05,30,0
985,18,3,17,5,3,2,8,16,5,120,0,0.7,20,0
1038,15,3,0,19,0,3,3,20,4,90,1,0.12,10,1
1432,6,2,24,24,1,5,7,22,3,60,0,0.75,10,0
1312,19,1,15,27,5,1,10,14,2,90,1,0.57,15,0
1360,18,1,21,11,1,4,6,22,2,60,1,0.86,30,0
905,8,1,29,23,5,1,10,10,2,120,0,0.84,15,0
852,17,2,16,11,1,0,2,14,3,90,1,0.67,10,0
1087,6,2,26,10,2,1,5,18,6,60,0,0.23,15,0
917,9,1,12,24,2,1,5,18,6,90,0,0.24,20,0
1399,19,3,21,22,1,0,2,10,3,60,1,0.31,30,1
1339,12,3,27,9,5,5,10,14,0,90,1,0.85,20,0
1062,19,3,3,7,3,2,8,22,2,90,1,0.93,15,0
1302,11,1,22,3,4,3,10,8,4,120,0,0.44,10,0
1313,19,1,29,30,1,5,7,16,6,90,1,0.72,10,0
1249,6,1,23,19,0,1,1,16,5,120,1,0.9,10,1
1365,18,1,18,24,2,1,5,10,5,120,0,0.36,30,0
824,14,1,1,23,3,0,6,8,6,90,0,0.27,15,0
1520,16,3,1,11,1,1,3,14,6,90,0,0.52,15,0
1134,8,3,27,13,2,3,7,14,2,60,1,0.79,20,0
1145,12,2,13,23,2,7,10,10,0,120,0,0.89,15,0
825,12,2,21,5,2,1,5,16,1,90,1,0.08,20,1
1493,12,1,10,22,5,7,10,16,0,60,1,0.69,10,0
1155,15,2,21,27,0,6,6,16,6,90,0,0.66,15,0
1054,9,2,10,6,2,4,8,10,0,90,0,0.78,20,0
1026,18,2,30,15,1,4,6,16,5,120,0,0.07,20,0
890,14,1,10,9,4,7,10,8,1,60,1,0.02,30,0
1176,13,1,21,2,1,0,2,8,2,60,0,0.2,30,0
1038,10,1,22,19,0,2,2,14,2,120,0,0.48,10,0
1028,17,3,15,1,3,5,10,10,1,60,0,0.83,15,0
1028,17,3,26,29,2,2,6,22,4,90,1,0.74,10,0
1170,18,1,21,23,0,6,6,18,6,90,1,0.06,30,1
1564,12,3,18,7,3,6,10,10,4,90,1,0.53,15,0
920,12,3,22,9,3,0,6,20,6,120,0,0.61,10,0
1059,12,1,15,18,5,5,10,20,1,120,0,0.99,15,0
1401,16,2,13,11,4,5,10,20,0,90,0,0.01,20,0
842,12,3,7,12,3,0,6,16,0,120,0,0.86,30,0
1488,14,3,27,21,5,1,10,10,3,120,0,0.23,30,0
845,11,2,27,29,2,6,10,10,2,90,1,0.76,15,0
1050,18,3,27,29,4,5,10,16,0,90,1,0.19,30,1
1385,8,3,6,28,0,1,1,20,1,60,0,0.67,10,0
1536,20,1,1,11,4,1,9,20,5,120,1,0.36,30,0
1103,11,2,22,2,2,6,10,16,0,120,1,0.68,20,0
1498,20,1,24,14,4,6,10,10,1,120,1,0.01,10,0
1142,11,2,21,5,5,7,10,22,5,60,0,0.44,15,0
1525,12,1,21,6,1,5,7,20,2,120,1,0.8,30,1
824,19,1,5,29,0,4,4,14,1,90,1,0.5,10,0
1339,9,2,6,26,3,7,10,20,4,60,0,0.04,15,0
1065,19,2,14,25,1,6,8,22,3,90,1,0.71,30,0
1574,15,3,28,10,5,4,10,16,6,90,1,0.89,10,0
1236,18,1,24,12,5,5,10,10,6,90,1,0.14,20,0
1389,13,1,0,12,5,6,10,20,2,120,1,0.86,20,0
964,8,2,0,27,5,1,10,14,3,90,1,0.68,20,0
1212,18,2,3,0,5,3,10,10,6,90,0,0.78,20,0
1310,9,1,9,24,4,0,8,10,6,60,1,0.73,30,0
1049,14,2,15,3,0,0,0,14,6,90,0,0.75,10,0
871,7,1,8,25,4,0,8,14,3,60,0,0.52,20,0
1067,9,2,26,13,4,6,10,14,3,90,0,0.53,10,0
949,20,1,16,29,5,2,10,20,0,60,1,0.88,20,0
1004,6,3,1,25,2,7,10,16,6,60,0,0.6,10,0
1534,11,3,21,12,0,4,4,14,3,90,1,0.84,30,1
981,7,2,15,27,2,7,10,22,6,120,1,0.7,10,0
982,16,1,20,14,4,1,9,22,4,60,0,0.99,10,0
1227,15,1,2,13,0,5,5,14,2,90,1,0.32,10,0
843,6,1,29,24,4,0,8,10,5,90,1,0.99,30,0
806,18,3,22,12,2,1,5,10,6,60,0,0.52,20,0
948,19,2,7,20,3,4,10,20,3,60,0,0.0,20,0
1068,6,3,0,20,2,4,8,8,0,60,1,0.93,15,0
1572,6,2,16,10,4,5,10,18,4,120,1,0.11,10,0
1482,11,3,18,29,2,6,10,10,4,60,0,0.99,20,0
1005,13,1,13,7,0,5,5,8,2,120,0,0.8,20,0
1062,8,2,8,25,1,5,7,10,6,120,0,0.73,10,0
1559,10,2,26,9,1,0,2,20,4,60,1,0.07,20,1
1246,11,3,12,24,2,1,5,16,2,60,0,0.3,10,0
919,17,3,13,4,1,2,4,22,0,90,1,0.58,15,0
1466,12,3,14,22,3,6,10,8,1,120,0,0.14,10,0
1538,14,2,9,7,4,2,10,8,4,120,1,0.13,30,0
1588,10,3,23,7,5,5,10,16,1,60,0,0.46,30,0
964,10,2,2,9,3,6,10,16,5,90,1,0.96,15,0
891,15,2,17,15,1,1,3,18,1,120,1,0.29,10,1
856,12,1,4,23,4,3,10,14,1,90,0,0.87,30,0
1292,11,1,2,5,5,4,10,8,0,60,0,0.01,10,0
932,19,2,11,7,5,0,10,22,3,120,0,0.47,10,0
1227,7,1,4,29,3,0,6,10,5,90,0,0.71,15,0
1267,16,1,28,24,1,0,2,22,6,60,0,0.01,30,0
1399,8,2,7,30,5,5,10,16,2,60,0,0.03,30,0
1352,18,3,0,17,4,2,10,22,2,120,1,0.1,10,0
1316,9,1,6,30,0,0,0,22,2,60,0,0.66,15,0
929,8,1,27,13,1,3,5,20,3,60,1,0.92,30,1
1372,17,3,20,21,0,7,7,16,3,90,1,0.34,20,1
952,14,1,26,22,4,2,10,10,0,60,0,0.14,20,0
1457,19,1,10,27,4,3,10,18,6,120,0,0.47,20,0
1268,10,3,18,30,0,0,0,18,3,60,1,0.39,10,1
858,17,3,19,9,0,2,2,10,2,60,0,0.37,20,0
1342,9,3,30,4,2,1,5,14,1,60,1,0.28,20,1
1180,8,2,29,3,5,4,10,16,2,90,0,0.13,30,0
1326,20,1,10,2,3,1,7,18,6,90,0,0.52,20,0
1547,6,3,19,21,4,1,9,16,5,60,0,0.71,10,0
1162,19,3,29,11,3,4,10,16,0,120,1,0.44,20,0
1104,16,1,26,9,0,1,1,20,0,120,1,0.06,10,1
816,8,2,16,0,4,6,10,16,4,90,1,0.79,30,0
1341,16,3,16,27,5,7,10,18,4,120,1,0.9,10,0
1541,10,1,27,9,5,5,10,18,4,60,0,0.46,15,0
1226,15,1,29,24,2,2,6,8,0,60,1,0.35,15,1
801,16,2,13,2,3,4,10,14,4,120,1,0.77,15,0
1073,8,3,14,12,4,4,10,18,0,90,0,0.85,20,0
1422,6,3,22,30,1,3,5,10,6,90,0,0.07,30,0
1558,19,3,15,11,1,0,2,14,1,60,0,0.57,15,0
1337,16,3,11,25,3,2,8,8,2,90,1,0.78,15,0
1473,14,2,20,7,0,2,2,8,3,60,0,0.36,20,0
1487,13,3,4,1,0,7,7,20,2,60,1,0.7,20,1
1026,6,2,29,9,2,5,9,14,0,90,1,0.23,10,0
1406,9,1,25,12,2,4,8,8,5,120,0,0.84,20,0
1556,14,1,14,1,4,2,10,16,3,60,1,0.8,30,0
902,16,3,16,29,5,7,10,10,2,120,0,0.41,10,0
1236,19,1,11,10,3,2,8,18,6,120,0,0.11,30,0
1433,8,2,16,1,3,7,10,22,4,120,0,0.54,15,0
1082,12,2,23,30,0,3,3,20,0,120,1,0.91,15,1
967,7,2,13,14,1,4,6,10,0,90,1,0.27,10,1
930,8,2,6,22,4,4,10,8,4,60,1,0.17,30,0
1506,19,3,10,7,4,2,10,8,3,120,0,0.34,15,0
1316,18,3,16,27,5,0,10,14,0,60,0,0.25,15,0
1131,18,1,20,11,0,1,1,22,0,90,1,0.51,10,0
1020,10,3,0,27,5,3,10,10,6,120,0,0.77,30,0
816,11,1,30,25,5,0,10,10,4,90,1,0.17,20,0
1066,10,1,17,25,2,2,6,14,0,60,0,0.93,30,0
1219,10,1,8,18,5,5,10,20,1,120,1,0.11,20,0
1469,7,3,24,28,4,0,8,20,4,60,1,0.12,20,1
1473,8,3,16,7,1,7,9,20,2,60,1,0.27,30,0
801,15,1,14,27,3,7,10,18,0,90,1,0.62,20,0
1025,7,1,0,3,1,6,8,8,1,60,0,0.08,15,0
1100,6,3,23,4,4,0,8,16,5,60,0,0.83,30,0
858,7,1,6,4,0,1,1,16,1,90,1,0.58,20,1
1063,19,2,1,17,2,2,6,16,1,60,1,0.37,10,1
1237,6,2,22,12,3,4,10,18,5,120,1,0.57,10,0
1067,19,1,26,19,5,2,10,10,5,60,0,0.9,30,0
1043,7,2,30,25,5,7,10,20,5,90,1,0.69,15,0
1284,12,2,3,25,0,3,3,14,3,120,0,0.28,30,0
895,9,2,17,0,1,7,9,18,3,90,0,0.24,10,0
1277,16,1,28,6,4,6,10,8,3,120,1,0.53,30,0
1219,17,2,8,28,5,7,10,8,2,90,0,0.26,15,0
913,19,1,22,19,2,1,5,10,4,120,0,0.71,15,0
1558,16,1,2,2,0,2,2,16,2,90,1,0.61,15,1
1587,18,3,15,22,3,7,10,22,4,60,0,0.29,30,0
1038,6,2,2,4,1,3,5,20,2,90,0,0.85,15,0
1021,8,3,4,12,1,5,7,16,2,120,1,0.73,30,1
1174,14,1,16,16,2,6,10,10,0,90,1,0.18,30,0
1275,12,3,29,9,0,3,3,10,3,60,0,0.35,15,0
1591,12,3,13,2,0,0,0,20,5,120,1,0.32,15,1
824,12,1,14,1,1,2,4,14,4,90,1,0.81,10,0
1247,18,2,12,7,0,3,3,14,2,60,0,0.2,30,0
1337,18,3,30,18,0,6,6,10,0,60,0,0.58,20,0
1010,6,2,15,6,3,1,7,8,4,60,0,0.6,10,0
992,20,1,20,16,3,5,10,14,4,90,1,0.07,10,0
1012,14,3,11,30,5,1,10,20,2,60,0,0.83,10,0
1044,16,2,12,7,4,5,10,22,1,90,1,0.29,20,0
1384,8,2,7,13,2,3,7,8,0,120,0,0.2,30,0
879,12,2,10,10,1,7,9,20,2,60,0,0.64,20,0
817,9,2,3,18,2,2,6,20,5,120,1,0.15,10,1
1073,14,1,27,23,2,7,10,22,0,90,0,0.37,30,0
1052,10,3,25,27,3,5,10,14,0,60,0,0.8,20,0
819,19,2,1,18,3,2,8,18,5,60,0,0.82,10,0
1082,19,1,20,4,5,7,10,20,5,60,1,0.29,30,0
1170,7,2,0,0,2,1,5,16,5,120,0,0.67,30,0
1226,12,3,13,4,1,1,3,22,4,120,1,0.43,15,1
1460,18,1,20,10,3,6,10,14,0,120,1,0.79,10,0
1523,7,3,17,23,5,3,10,22,6,90,0,0.56,30,0
1195,8,1,30,26,3,7,10,16,6,90,1,0.58,10,0
816,15,2,3,25,1,3,5,22,1,120,0,0.88,20,0
1498,9,3,1,14,4,6,10,16,4,90,1,0.97,10,0
1577,6,1,8,6,4,1,9,10,0,90,1,0.77,15,0
1404,13,3,19,30,2,2,6,14,3,90,0,0.65,30,0
836,6,2,8,3,3,7,10,22,6,120,0,0.29,10,0
1000,8,2,22,4,1,5,7,22,4,60,0,0.13,20,0
1545,18,1,28,17,4,1,9,20,2,60,0,0.82,15,0
1476,15,1,19,1,1,3,5,22,5,60,0,0.78,20,0
1122,12,1,11,1,4,2,10,14,1,120,0,0.2,15,0
905,7,1,26,2,3,1,7,14,3,60,1,0.82,15,0
961,17,3,5,27,4,3,10,20,1,120,1,0.68,15,0
874,15,1,26,11,4,7,10,10,2,90,0,0.89,20,0
947,10,1,12,15,4,3,10,14,4,90,1,0.09,15,0
957,17,2,5,12,1,1,3,14,0,120,1,0.31,15,1
1346,15,2,10,19,3,4,10,14,3,120,0,0.47,10,0
907,8,2,24,23,2,2,6,8,3,120,0,0.83,20,0
1342,16,3,3,19,1,1,3,16,3,90,1,0.3,30,1
1376,10,2,24,27,4,4,10,8,0,90,1,0.19,15,0
1033,18,3,5,7,4,0,8,8,3,60,1,0.6,20,0
1418,8,2,25,1,5,7,10,14,3,60,1,0.07,10,0
902,18,2,12,13,1,4,6,14,2,90,0,0.51,20,0
1173,8,1,17,17,4,5,10,8,3,90,0,0.72,15,0
1004,16,2,28,4,4,2,10,16,0,90,1,0.02,30,0
886,14,2,28,19,1,1,3,18,0,90,0,0.91,10,0
1198,16,3,15,8,1,1,3,20,5,120,0,0.03,10,0
1129,17,3,16,6,0,6,6,8,5,90,1,0.18,30,1
811,12,2,20,15,4,0,8,16,1,120,0,0.25,15,0
1587,19,2,18,18,2,0,4,8,0,60,1,0.8,30,0
874,11,2,12,27,1,0,2,8,6,90,0,0.98,30,0
1213,13,1,26,23,5,1,10,16,4,60,0,0.1,20,0
1470,19,1,19,29,1,1,3,20,6,120,0,0.92,30,0
801,6,2,9,19,5,7,10,20,1,60,0,0.01,15,0
1165,13,1,13,29,1,1,3,8,2,90,0,0.4,15,0
1422,16,2,21,4,2,6,10,18,3,90,1,0.28,15,0
820,18,2,0,14,2,4,8,18,4,60,0,0.34,30,0
907,12,2,27,30,1,6,8,16,6,60,0,0.04,10,0
1470,10,3,29,21,5,5,10,8,5,120,0,0.72,15,0
892,13,2,16,8,3,7,10,18,3,60,1,0.29,20,0
832,20,3,6,19,1,5,7,10,6,120,0,0.79,30,0
1139,20,3,1,11,2,5,9,18,6,120,0,0.93,30,0
1111,16,3,6,29,5,4,10,18,1,90,0,0.11,20,0
1599,18,1,18,22,0,6,6,20,4,60,1,0.82,20,1
1078,15,2,23,27,4,7,10,18,5,120,0,0.95,15,0
964,19,3,18,6,0,4,4,14,6,120,0,0.92,20,0
1185,9,1,27,0,5,0,10,16,2,60,1,0.94,30,0
893,14,2,19,20,2,1,5,8,6,120,1,0.93,30,0
1076,20,2,5,3,0,0,0,10,3,90,1,0.34,30,1
1338,7,2,11,15,4,5,10,16,3,120,0,0.08,10,0
1188,6,2,2,16,3,5,10,14,1,90,0,0.8,10,0
1317,15,2,28,15,5,0,10,8,2,90,0,0.05,10,0
1100,10,1,9,29,3,4,10,16,1,60,0,0.68,15,0
1440,11,1,14,8,4,6,10,14,3,60,1,0.45,15,0
1096,18,3,28,16,2,3,7,14,1,60,0,0.92,10,0
1542,19,2,15,0,1,1,3,22,5,60,0,0.05,10,0
1168,7,1,0,4,0,7,7,10,1,90,1,0.1,15,0
1046,18,3,23,24,4,3,10,16,3,120,1,0.71,30,0
1374,7,1,27,20,0,0,0,16,4,90,0,0.33,30,0
925,16,1,30,5,2,5,9,20,4,90,1,0.37,30,0
976,10,3,26,11,4,0,8,10,4,90,0,0.87,20,0
1037,13,3,22,20,5,5,10,22,2,120,0,0.5,30,0
1090,6,3,15,1,3,6,10,14,6,60,0,0.05,30,0
923,18,2,10,30,2,7,10,22,4,60,0,0.4,20,0
1445,11,1,29,13,0,7,7,18,1,90,0,0.1,20,0
981,15,3,26,10,3,0,6,8,3,60,0,0.56,15,0
1368,9,2,0,24,3,2,8,22,0,60,0,0.1,20,0
973,7,2,7,8,0,4,4,18,1,90,0,0.02,30,0
1085,13,2,29,20,2,6,10,22,2,60,1,0.63,30,0
986,9,3,29,18,4,4,10,10,3,120,0,0.58,15,0
1180,17,3,26,22,2,3,7,18,6,90,1,0.77,20,1
1536,12,1,11,8,2,2,6,10,4,90,1,0.59,10,0
1345,12,3,6,26,3,2,8,20,5,120,0,0.04,10,0
1461,18,3,14,28,1,0,2,16,1,60,0,0.93,30,0
1531,18,1,9,20,3,3,9,14,2,120,0,0.21,15,0
1282,20,2,3,25,1,0,2,16,2,90,1,0.32,15,1
1079,18,3,24,9,0,7,7,10,0,90,1,0.98,10,0
943,8,1,24,23,2,2,6,22,6,60,0,0.19,10,0
1092,14,3,22,28,3,0,6,20,2,60,1,0.57,15,1
966,10,2,9,15,5,7,10,18,0,90,1,0.79,20,0
865,8,2,29,9,1,3,5,18,1,60,1,0.59,30,1
905,13,3,21,20,2,2,6,20,5,120,0,0.44,20,0
1580,11,3,15,5,4,7,10,16,0,60,1,0.27,10,0
1067,11,2,21,21,5,2,10,20,4,120,0,0.87,30,0
1259,15,3,8,12,1,6,8,22,3,90,0,0.13,20,0
923,9,3,3,6,1,2,4,10,3,60,1,0.2,15,1
1112,17,3,19,8,4,3,10,20,3,60,0,0.32,30,0
1478,6,3,15,24,0,6,6,18,6,120,0,0.32,30,0
1005,19,1,14,12,0,3,3,18,3,90,1,0.64,20,1
1106,11,2,29,16,0,6,6,14,1,60,1,0.27,15,1
969,15,3,15,29,0,2,2,14,2,60,0,0.61,30,0
1405,14,2,7,17,2,7,10,18,4,90,1,0.5,10,0
1347,11,1,25,10,3,3,9,20,4,60,1,0.42,15,0
1486,20,1,15,0,3,5,10,14,6,120,0,0.32,15,0
1551,20,3,12,14,0,4,4,18,6,90,0,0.54,10,0
1096,12,1,12,9,0,7,7,10,3,60,0,0.72,15,0
1525,6,3,15,19,1,0,2,18,2,60,0,0.15,30,0
923,19,2,18,19,1,0,2,14,1,60,0,0.18,30,0
1566,16,3,20,24,2,4,8,22,2,90,1,0.06,10,0
1479,19,2,17,3,3,4,10,8,2,120,1,0.27,30,0
851,12,2,29,7,1,5,7,8,3,90,1,0.72,15,0
1583,19,3,20,0,1,6,8,20,5,120,1,0.14,30,1
1535,14,3,11,7,4,2,10,18,0,90,1,0.15,10,0
931,8,1,21,0,4,6,10,20,5,90,0,0.28,15,0
1362,11,1,25,1,0,2,2,8,6,90,0,0.16,10,0
1013,10,1,21,12,0,3,3,18,5,120,1,0.84,15,1
1132,13,1,5,25,4,6,10,10,0,90,0,0.34,20,0
1302,14,2,12,28,2,2,6,14,4,90,0,0.61,30,0
1424,15,1,6,6,3,0,6,22,2,90,1,0.54,15,0
1463,13,1,0,27,4,2,10,14,4,60,1,0.39,20,0
1368,8,1,8,16,2,0,4,8,6,90,1,0.45,20,0
971,7,2,30,6,3,2,8,8,6,120,0,0.01,15,0
1008,13,2,15,16,4,6,10,8,1,90,0,0.39,10,0
1462,11,1,14,15,1,0,2,14,1,60,1,0.5,20,1
972,9,1,25,18,4,7,10,18,2,120,0,0.94,30,0
1415,8,3,17,30,4,5,10,14,1,60,1,0.33,15,0
1115,6,2,14,11,2,6,10,18,4,120,1,0.53,15,0
878,14,3,25,0,0,4,4,10,6,60,1,0.09,10,0
949,12,2,1,16,3,4,10,14,0,60,1,0.18,20,0
948,8,2,9,9,1,2,4,14,6,60,0,0.94,30,0
1057,9,2,26,17,1,2,4,10,3,120,0,0.15,30,0
1092,18,1,11,12,2,6,10,22,6,90,0,0.51,15,0
1255,19,3,4,26,0,2,2,20,1,60,0,0.54,20,0
1404,7,3,27,8,3,5,10,8,6,120,0,0.86,20,0
957,6,1,7,4,2,4,8,16,4,120,0,0.24,30,0
1555,7,3,25,20,4,4,10,14,4,90,0,0.74,10,0
1539,8,3,23,21,3,3,9,10,6,60,1,0.0,30,0
1022,11,3,13,4,0,3,3,22,3,120,1,0.44,10,0
1402,6,3,26,21,0,4,4,10,4,90,0,0.68,15,0
846,6,3,12,22,2,1,5,18,3,120,0,0.77,30,0
1449,6,2,4,16,1,2,4,16,6,120,0,0.96,30,0
1209,15,2,5,3,5,1,10,20,0,90,1,0.14,15,0
1459,19,3,14,14,5,3,10,18,2,120,1,0.57,15,0
1468,17,2,29,11,4,6,10,10,4,90,1,0.23,20,0
867,13,1,27,12,0,1,1,22,5,90,1,0.14,20,1
1552,19,3,29,4,4,4,10,8,4,120,0,0.69,30,0
1368,6,2,2,8,0,7,7,14,6,120,1,0.06,10,1
920,7,3,8,3,2,2,6,14,4,90,0,0.46,15,0
841,20,1,22,15,3,6,10,22,1,120,0,0.73,15,0
1054,17,2,0,15,2,0,4,20,4,90,1,0.56,15,0
1024,10,3,28,23,4,3,10,8,0,120,1,0.44,30,0
1344,12,3,18,1,1,2,4,22,6,90,0,0.74,30,0
1574,6,3,8,30,1,3,5,20,3,60,1,0.84,10,1
972,12,3,22,21,3,3,9,14,3,120,1,0.03,30,0
1315,17,1,23,2,0,2,2,20,3,90,1,0.57,20,1
1329,7,1,18,23,3,7,10,16,1,120,0,0.31,10,0
1348,17,1,8,28,2,6,10,18,0,120,0,0.39,20,0
875,8,3,9,20,1,0,2,8,0,60,1,0.85,20,0
972,17,1,28,3,5,1,10,22,0,60,1,0.71,20,0
1060,18,1,16,4,4,7,10,16,4,120,0,0.85,10,0
1146,15,2,29,27,3,1,7,10,0,120,0,0.25,20,0
1494,12,1,1,19,4,6,10,22,4,90,0,0.82,30,0
935,20,1,9,30,5,6,10,10,0,120,1,0.63,15,0
1303,8,2,6,4,1,4,6,8,0,60,0,0.79,15,0
997,19,2,15,30,1,2,4,18,6,120,0,0.32,20,0
1352,13,1,17,15,1,4,6,22,5,60,0,0.94,30,0
1447,18,3,25,19,0,6,6,8,2,60,0,0.51,30,0
1476,20,1,29,29,0,3,3,16,0,120,0,0.67,15,0
1174,20,1,1,30,5,5,10,22,5,90,1,0.78,10,0
1239,16,1,1,3,0,1,1,14,1,90,1,0.36,15,1
1171,8,2,15,9,2,6,10,16,2,120,1,0.07,30,0
1018,15,1,18,4,2,0,4,8,1,90,1,0.12,15,1
1451,8,1,25,23,2,7,10,22,3,120,1,0.59,10,0
1240,14,1,24,13,0,2,2,18,3,60,1,0.77,15,1
1089,7,2,27,29,4,4,10,14,1,60,0,0.14,20,0
1051,14,1,21,23,3,2,8,22,4,120,0,1.0,10,0
1493,14,2,12,6,2,5,9,14,6,90,1,0.38,20,0
1474,7,3,8,14,1,1,3,14,0,120,1,0.04,30,1
1141,18,3,5,30,0,6,6,22,0,90,1,0.37,10,0
1069,16,2,27,12,1,6,8,22,1,60,1,0.17,20,0
1152,15,2,6,14,5,2,10,8,3,120,1,0.81,30,0
966,11,2,28,22,0,2,2,22,5,60,0,0.72,15,0
868,6,1,1,16,2,0,4,10,0,90,0,0.88,30,0
1210,7,3,22,27,4,0,8,18,2,90,1,0.34,15,1
893,13,3,29,29,5,1,10,16,2,90,1,0.24,20,1
1599,7,3,22,22,4,7,10,8,2,90,1,0.04,30,0
1024,7,3,7,3,2,0,4,14,6,120,0,0.99,20,0
1165,6,2,10,0,1,4,6,22,4,60,1,0.22,30,1
1590,12,2,1,5,5,6,10,14,2,90,0,0.67,30,0
1215,11,1,3,14,5,0,10,20,6,90,0,0.12,30,0
1378,20,3,7,30,2,0,4,22,2,120,1,0.03,10,0
1208,15,3,6,10,1,3,5,22,1,60,0,0.55,30,0
1525,6,2,23,0,4,2,10,10,2,60,0,0.57,10,0
1222,11,3,17,12,3,7,10,20,5,120,0,0.94,20,0
861,14,2,4,11,4,4,10,16,1,90,0,0.73,15,0
1316,17,3,23,30,1,0,2,22,0,120,1,0.51,30,1
1113,9,3,27,15,0,3,3,22,2,60,0,0.95,30,0
1163,18,1,11,4,2,2,6,10,1,60,0,0.82,20,0
903,8,3,9,0,0,5,5,14,0,90,1,0.43,15,1
1253,9,2,1,17,2,0,4,10,1,60,1,0.81,20,0
1003,15,3,10,25,2,6,10,20,1,60,1,0.77,20,0
1136,7,1,8,22,5,1,10,8,4,90,0,0.52,10,0
935,9,2,17,13,3,4,10,14,3,60,1,0.96,10,0
1506,15,3,19,6,5,6,10,20,2,60,0,0.71,30,0
1347,12,1,15,6,3,3,9,20,3,90,0,0.59,10,0
978,17,2,7,1,1,4,6,20,4,120,0,0.54,15,0
910,6,2,29,12,0,4,4,14,6,90,1,0.92,15,0
822,10,1,14,23,2,0,4,10,4,90,0,0.83,30,0
1336,19,2,22,10,2,3,7,18,3,90,1,0.96,20,0
1094,12,1,5,11,3,3,9,18,3,60,1,0.19,30,0
1155,17,3,13,11,2,0,4,16,0,90,1,0.49,30,1
866,9,1,15,27,2,5,9,14,4,90,1,0.77,20,0
1102,15,3,14,24,5,1,10,8,6,60,1,0.47,20,0
960,11,2,26,25,0,1,1,18,0,90,1,0.97,15,1
1284,15,2,12,21,1,0,2,18,2,90,0,0.45,30,0
1432,15,2,1,23,1,7,9,16,0,60,0,0.65,15,0
1341,19,1,27,24,4,1,9,16,2,60,0,0.22,10,0
1448,10,3,1,10,4,5,10,10,0,120,1,0.63,10,0
1090,11,3,25,2,2,1,5,22,6,60,1,0.01,10,0
1429,13,3,14,13,2,5,9,14,6,120,1,0.6,10,0
969,9,2,24,0,4,2,10,8,4,120,0,0.74,30,0
1505,17,3,2,3,2,1,5,18,4,120,0,0.8,20,0
1125,8,3,13,24,1,3,5,10,1,90,1,0.13,15,1
1543,6,2,29,2,0,0,0,8,1,90,1,0.87,10,0
817,13,3,15,3,0,1,1,20,6,60,1,0.91,15,1
1319,16,3,7,26,3,0,6,10,6,90,0,0.47,20,0
940,11,3,20,10,5,1,10,8,0,90,1,0.58,10,0
1578,12,1,2,4,5,4,10,16,3,60,1,0.84,20,0
1539,15,3,15,18,3,2,8,10,6,60,1,0.85,10,0
1507,15,3,29,30,3,2,8,10,0,60,0,0.34,20,0
906,10,3,16,12,5,4,10,14,1,120,1,0.94,10,0
1479,20,2,9,12,2,4,8,8,2,120,0,0.43,15,0
1332,13,2,7,12,4,7,10,18,2,90,0,0.34,30,0
1353,7,3,2,7,0,7,7,22,6,120,0,0.87,20,0
1375,9,3,8,26,1,4,6,14,3,120,1,0.42,15,1
833,15,3,12,14,0,1,1,10,0,120,1,0.81,30,1
1145,15,1,30,24,2,4,8,8,5,90,0,0.44,15,0
1353,10,1,16,3,5,5,10,14,2,60,0,0.42,10,0
1042,8,3,27,28,3,7,10,10,0,120,1,0.88,15,0
867,18,1,12,20,3,6,10,22,6,90,1,0.83,20,0
840,6,2,13,21,0,0,0,18,3,90,1,0.62,10,1
1005,20,3,21,8,1,4,6,14,5,90,1,0.32,15,1
1250,14,1,17,14,0,6,6,20,5,90,1,0.01,30,1
1555,13,3,20,17,4,2,10,22,4,120,0,0.32,30,0
1318,20,3,9,12,5,1,10,10,1,60,0,0.11,15,0
1026,7,3,12,16,4,1,9,8,0,120,1,0.5,30,0
1393,12,1,5,25,3,3,9,8,2,60,1,0.49,30,0
1110,18,1,11,24,0,0,0,8,4,60,0,0.28,10,0
1025,19,1,8,11,4,4,10,8,0,90,0,0.93,10,0
1199,15,2,11,22,5,1,10,22,4,90,1,0.39,30,0
1101,11,2,10,8,5,4,10,16,0,90,0,0.8,15,0
1436,9,3,18,18,5,6,10,10,3,90,1,0.27,15,0
905,19,1,0,28,3,5,10,22,5,90,0,0.26,20,0
1498,20,3,5,16,0,4,4,8,0,60,0,0.79,15,0
1552,6,1,2,10,5,2,10,10,5,90,0,0.17,15,0
1254,13,1,17,30,3,6,10,16,6,60,1,0.22,20,0
964,16,1,29,27,5,3,10,18,5,120,0,0.39,30,0
1419,17,3,19,27,1,1,3,8,2,120,0,0.56,15,0
1473,16,1,16,20,4,6,10,16,6,60,0,0.77,10,0
813,13,3,28,23,5,0,10,14,6,90,1,0.75,15,0
919,14,2,6,16,2,5,9,20,2,120,0,0.92,20,0
1086,14,3,9,0,3,6,10,14,6,120,0,0.86,20,0
1233,6,1,14,19,4,6,10,8,0,120,0,0.96,20,0
837,10,3,5,20,1,3,5,10,1,120,1,0.35,15,1
1067,7,3,30,20,0,0,0,20,0,90,1,0.84,30,1
1077,7,1,27,23,4,7,10,14,0,60,1,0.52,30,0
1159,10,2,12,30,1,5,7,8,5,60,1,0.15,10,0
1427,8,3,12,11,1,1,3,18,2,60,1,0.3,15,1
1175,9,3,0,15,3,6,10,10,0,60,0,0.76,20,0
1008,14,2,1,17,3,7,10,10,1,90,0,0.36,30,0
1415,17,1,1,22,5,4,10,20,0,60,0,0.92,15,0
1303,11,1,0,10,0,4,4,16,0,120,0,0.73,15,0
1271,19,2,0,1,5,6,10,18,2,90,1,0.09,10,0
1227,20,3,0,12,5,4,10,22,2,60,0,0.38,30,0
1088,7,1,29,2,1,2,4,10,4,90,0,0.19,20,0
1065,19,1,17,29,4,6,10,20,6,90,1,0.46,10,0
918,7,3,3,8,5,2,10,20,6,90,0,0.38,10,0
1567,13,1,19,15,4,6,10,10,0,90,1,0.96,30,0
988,6,2,23,28,2,2,6,8,3,60,0,0.1,30,0
1095,16,2,18,4,1,6,8,22,4,90,0,0.4,10,0
1331,8,2,1,26,5,1,10,18,0,60,0,0.69,15,0
1406,20,1,28,3,0,6,6,10,2,120,1,0.89,20,0
1549,8,2,24,22,1,0,2,20,2,60,0,0.22,10,0
1358,6,3,11,24,5,1,10,10,5,60,1,0.21,15,0
1030,16,2,5,15,5,1,10,16,4,90,0,0.24,30,0
923,18,3,25,11,0,2,2,10,6,90,1,0.65,10,0
1562,10,1,20,12,0,7,7,10,1,120,0,0.01,20,0
1226,6,2,12,25,1,7,9,8,6,90,0,0.6,10,0
1381,18,1,27,20,1,0,2,18,4,60,1,0.58,15,1
1554,19,3,9,1,0,7,7,22,5,60,0,0.5,10,0
1053,20,3,24,13,4,6,10,16,0,60,0,0.7,10,0
1188,17,2,8,12,0,4,4,22,6,60,0,0.99,30,0
1466,7,1,19,4,5,7,10,20,2,60,0,0.94,30,0
1500,17,2,8,24,4,4,10,18,4,90,0,0.26,20,0
917,14,1,29,28,5,4,10,18,4,60,1,0.95,20,0
1437,16,3,1,5,3,3,9,20,2,60,1,0.23,15,0
1013,11,1,24,8,4,7,10,22,5,90,1,0.29,10,0
1336,8,3,26,8,5,7,10,20,1,60,0,0.25,15,0
1301,16,3,10,29,5,5,10,10,2,60,0,0.69,10,0
849,9,1,21,7,5,2,10,10,1,90,0,0.75,20,0
961,19,2,1,18,3,4,10,16,5,90,1,0.5,10,0
1056,12,3,10,9,1,5,7,20,3,120,0,0.84,30,0
1171,20,2,29,4,3,0,6,8,2,90,0,0.89,10,0
1301,6,2,16,1,1,2,4,14,0,120,1,0.94,10,0
1498,8,1,22,22,2,7,10,16,0,60,0,0.59,15,0
1452,19,2,3,18,5,3,10,18,1,90,0,0.87,20,0
1418,20,2,19,1,3,2,8,22,2,120,0,0.13,15,0
1531,6,3,30,30,0,5,5,22,1,120,1,0.27,10,1
845,10,3,8,0,1,1,3,10,2,60,0,0.69,15,0
1456,17,2,25,19,3,5,10,18,3,120,1,0.44,10,0
884,19,3,0,4,2,5,9,16,4,60,1,0.28,10,0
819,18,1,27,22,1,1,3,20,0,60,1,0.53,20,1
1148,18,2,12,17,3,1,7,14,1,120,1,0.78,10,0
1250,18,3,9,22,3,3,9,16,1,90,0,0.35,20,0
1574,14,1,15,11,1,3,5,14,3,120,0,0.97,30,0
992,13,2,7,9,0,4,4,20,6,60,1,0.65,20,1
999,8,3,29,11,5,6,10,10,6,120,1,0.59,15,0
1205,16,3,28,11,1,7,9,18,0,90,1,0.21,10,0
1458,18,2,12,10,0,0,0,18,2,120,1,0.38,10,1
858,10,2,19,11,1,6,8,20,6,60,0,0.54,10,0
1304,20,2,20,27,4,0,8,8,3,90,1,0.92,20,0
1140,9,3,29,0,4,3,10,10,4,60,1,0.92,30,0
1254,8,3,0,10,3,3,9,8,4,120,0,0.45,20,0
1147,11,2,21,18,3,4,10,18,1,120,1,0.5,20,0
1331,9,1,0,8,0,3,3,16,0,120,1,0.55,10,1
1371,11,1,17,25,3,1,7,14,1,90,1,0.94,20,0
934,13,1,24,13,1,2,4,10,3,120,0,0.06,30,0
1286,18,1,27,3,4,6,10,8,6,90,1,0.98,30,0
858,9,2,5,23,2,4,8,16,0,60,0,0.54,10,0
960,16,2,23,20,1,6,8,20,6,120,0,0.19,10,0
1210,19,1,2,5,4,0,8,8,6,60,1,0.6,30,0
1598,14,1,28,16,3,3,9,8,1,120,0,0.48,30,0
1418,18,3,27,1,3,7,10,14,4,120,0,1.0,30,0
878,16,2,29,29,2,2,6,20,0,120,0,0.57,15,0
1364,12,1,30,27,1,3,5,16,6,60,1,0.43,30,1
1491,8,1,7,1,2,4,8,18,6,60,0,0.27,20,0
1059,10,1,23,3,1,1,3,14,2,60,0,0.42,30,0
1332,7,2,15,10,2,2,6,20,3,60,1,0.55,15,1
1344,18,3,7,9,3,5,10,14,3,90,0,0.28,15,0
1513,16,2,10,23,4,6,10,20,1,90,0,0.32,10,0
1475,15,3,15,27,2,6,10,22,4,90,1,0.64,15,0
1040,9,3,10,5,2,5,9,20,4,90,1,0.92,10,0
1334,8,1,24,19,4,7,10,10,2,120,0,0.85,20,0
1381,12,1,5,16,0,6,6,20,6,90,1,0.03,10,1
919,11,2,10,0,2,2,6,22,1,120,1,0.78,20,0
1297,20,2,27,9,5,5,10,10,5,90,1,0.82,30,0
1279,10,1,0,8,1,4,6,8,2,60,1,0.67,30,0
1600,18,1,5,20,2,1,5,22,0,90,1,0.23,20,1
826,14,2,2,0,4,0,8,14,3,60,1,0.43,15,0
967,14,3,23,18,4,2,10,18,3,120,1,0.84,20,0
1236,16,1,20,25,4,2,10,22,4,60,1,0.23,20,0
1331,20,3,12,0,4,7,10,14,6,120,1,0.83,15,0
1126,6,3,27,6,0,5,5,8,1,90,0,0.58,10,0
1107,7,1,8,14,4,6,10,8,5,60,0,0.36,30,0
1070,7,2,9,27,2,5,9,10,0,120,1,0.53,10,0
826,8,1,1,27,4,2,10,20,2,120,1,0.01,30,0
968,8,1,10,17,5,7,10,14,6,120,0,0.43,20,0
1476,11,1,9,5,1,5,7,22,5,60,0,0.35,15,0
1373,10,3,24,19,3,0,6,14,2,90,0,1.0,10,0
1205,7,1,15,16,3,6,10,18,1,90,0,0.85,30,0
1324,16,2,8,2,3,7,10,8,4,90,1,0.87,15,0
1169,15,3,27,24,5,2,10,18,1,90,1,0.68,15,0
1078,18,3,5,0,0,6,6,18,4,60,0,0.51,15,0
1093,11,3,14,16,5,7,10,18,3,60,0,0.33,30,0
1146,12,3,0,16,3,0,6,18,6,90,0,0.21,30,0
897,19,1,10,30,0,2,2,16,3,60,0,0.48,10,0
1515,6,1,17,25,0,6,6,14,3,60,0,0.45,15,0
1443,11,1,21,10,1,4,6,16,3,120,1,0.52,10,0
1046,6,2,12,20,0,7,7,14,5,60,1,0.26,10,1
1385,12,1,18,10,4,2,10,14,4,90,1,0.15,30,0
802,6,1,18,27,4,0,8,14,1,60,0,0.51,30,0
1323,9,1,9,13,2,2,6,20,3,90,0,0.29,15,0
802,14,1,14,7,4,7,10,16,3,120,1,0.78,30,0
1309,20,2,2,1,5,0,10,8,1,120,0,0.75,10,0
942,16,2,13,16,2,0,4,22,1,60,0,0.71,15,0
903,9,2,18,5,0,5,5,10,6,90,1,0.28,30,1
1232,9,1,3,9,0,3,3,14,0,90,1,0.62,20,1
1553,6,2,10,9,3,5,10,22,0,90,1,0.72,10,0
1490,14,3,20,2,4,5,10,20,3,60,1,0.16,15,0
1215,12,1,26,8,1,1,3,16,4,120,1,0.45,20,1
850,7,3,26,10,0,4,4,8,1,120,1,0.05,30,1
1180,18,2,25,8,4,7,10,10,2,90,1,0.97,10,0
1397,9,3,5,22,4,1,9,22,6,90,0,0.64,20,0
1273,9,2,9,2,1,2,4,8,4,120,1,0.8,30,0
955,18,2,17,23,4,6,10,8,6,120,1,0.95,30,0
1073,12,3,23,18,1,4,6,10,0,120,1,0.3,30,1
1056,12,2,16,9,4,4,10,10,5,60,0,0.71,20,0
1504,14,3,11,26,2,4,8,16,0,120,1,0.0,10,0
1532,14,2,30,1,4,4,10,8,2,120,0,0.86,10,0
843,6,2,4,5,4,5,10,18,2,120,1,0.31,30,0
894,20,1,27,6,0,3,3,16,5,60,1,0.75,15,1
929,18,2,13,2,2,0,4,22,3,60,0,0.38,20,0
1071,18,1,7,10,5,7,10,10,6,90,1,0.61,15,0
945,18,3,2,12,2,0,4,18,6,90,0,0.1,10,0
805,13,2,22,7,1,3,5,16,6,60,0,0.93,30,0
1178,13,3,14,18,1,2,4,20,0,90,0,0.43,30,0
942,12,3,10,20,2,6,10,22,2,120,1,0.85,30,0
852,20,1,12,18,1,3,5,18,1,60,0,0.9,30,0
1184,15,1,11,13,3,2,8,16,2,60,1,0.21,20,1
880,19,2,8,8,5,2,10,16,6,120,1,0.61,20,0
1570,9,2,20,22,3,2,8,16,2,60,0,0.58,10,0
1052,14,2,25,27,2,0,4,22,5,60,0,0.65,30,0
1481,17,2,18,17,2,7,10,14,1,120,1,0.84,15,0
1021,9,2,2,23,3,0,6,10,2,60,1,0.09,10,1
1163,15,1,15,19,0,2,2,22,6,60,1,0.51,30,1
926,16,3,13,9,5,7,10,8,4,60,0,0.55,15,0
1329,17,2,16,22,5,7,10,22,1,90,1,0.11,20,0
1181,12,1,5,24,1,5,7,22,1,90,0,0.65,30,0
1554,13,2,4,29,5,6,10,22,0,120,1,0.5,10,0
1074,10,2,0,26,5,2,10,18,1,60,0,0.79,15,0
1022,7,2,1,9,4,2,10,8,0,60,1,0.27,15,0
991,10,2,21,29,2,2,6,8,5,120,1,0.68,30,0
1286,18,1,22,26,1,2,4,22,2,120,0,0.44,20,0
1015,12,3,1,10,3,7,10,18,1,90,1,0.23,10,0
901,11,3,10,25,4,7,10,16,0,90,0,0.44,15,0
1143,10,1,30,5,0,5,5,18,2,90,1,0.88,10,1
1522,6,3,15,17,3,2,8,8,0,90,0,0.17,10,0
922,17,1,11,29,0,5,5,20,0,120,1,0.2,20,1
1024,14,1,27,2,5,2,10,22,5,90,0,0.06,15,0
1551,16,1,15,3,3,1,7,8,0,60,0,0.56,20,0
1368,14,2,30,20,2,6,10,10,6,90,1,0.37,10,0
1229,8,1,20,5,2,0,4,14,3,120,0,0.03,15,0
1028,7,2,25,9,1,4,6,10,0,60,1,0.95,10,0
938,9,2,23,18,4,2,10,16,6,120,0,0.01,30,0
962,7,1,4,22,4,6,10,16,0,120,1,0.98,15,0
1191,17,1,20,27,4,0,8,22,0,120,0,0.41,20,0
1011,14,2,27,8,4,0,8,18,5,90,0,0.77,20,0
1004,17,2,30,17,2,1,5,16,3,120,0,0.35,30,0
1280,9,1,15,15,1,4,6,14,1,90,0,0.12,15,0
861,8,1,7,27,0,7,7,14,4,120,1,0.23,30,1
1064,19,1,8,27,5,0,10,14,3,90,0,0.17,20,0
1427,18,2,2,20,2,2,6,8,6,120,1,0.52,20,0
1099,16,3,12,19,3,6,10,8,4,90,1,0.05,15,0
1464,11,2,18,6,3,6,10,20,2,60,1,0.27,30,0
1107,16,2,18,20,2,1,5,14,5,60,0,0.31,10,0
1183,20,3,29,26,0,4,4,16,4,60,0,0.98,20,0
987,6,3,28,13,1,5,7,18,1,120,1,0.46,30,1
837,15,3,13,23,4,6,10,10,5,120,1,0.38,30,0
1247,8,2,28,28,5,0,10,20,6,90,1,0.06,15,0
939,15,3,19,15,1,2,4,20,6,90,1,0.41,10,1
1343,17,3,13,28,3,1,7,20,2,60,0,0.9,20,0
1478,16,3,12,23,2,5,9,20,4,60,0,0.9,15,0
807,8,2,27,8,0,6,6,16,5,90,1,0.91,15,1
1518,19,1,20,14,1,3,5,14,5,60,1,0.54,10,0
1385,10,1,27,4,1,7,9,22,1,60,0,0.34,15,0
930,10,3,26,5,0,3,3,10,0,60,0,0.83,30,0
1004,18,2,3,20,4,6,10,20,1,120,1,0.4,10,0
1169,17,1,8,12,3,6,10,16,5,120,1,0.63,20,0
1226,15,1,21,27,1,1,3,20,5,120,0,0.16,10,0
1162,7,1,27,14,5,4,10,22,2,120,0,0.21,30,0
984,13,3,27,15,1,3,5,18,4,90,0,0.64,20,0
1295,13,1,29,29,4,1,9,10,5,120,0,0.7,20,0
1058,14,1,26,25,4,4,10,22,2,60,1,0.11,10,0
1509,16,1,21,18,4,3,10,20,5,90,0,0.8,15,0
1299,20,2,13,23,1,3,5,14,3,60,0,0.46,15,0
1340,10,3,25,2,0,1,1,10,5,120,0,0.32,10,0
939,17,1,7,26,2,5,9,22,4,60,1,0.3,10,0
1081,13,3,20,17,0,7,7,10,2,60,0,0.21,10,0
1439,17,2,18,11,4,2,10,14,6,120,1,0.72,15,0
1440,19,1,23,23,5,2,10,22,5,90,0,0.75,20,0
1250,20,1,26,20,1,5,7,18,5,90,0,0.07,10,0
1518,18,2,28,6,5,5,10,16,5,120,0,0.83,10,0
934,15,2,15,28,5,7,10,20,6,90,1,0.73,10,0
911,13,2,1,11,4,1,9,20,6,90,0,0.83,20,0
1524,16,3,3,0,0,2,2,16,4,60,1,0.72,15,1
884,11,3,25,19,1,2,4,20,5,120,0,0.73,10,0
1053,7,2,23,19,3,1,7,18,0,90,0,0.63,10,0
1208,20,3,30,7,2,0,4,8,4,120,0,0.44,30,0
880,9,1,17,24,3,6,10,20,3,60,1,0.27,20,0
1309,16,2,6,6,1,0,2,20,6,90,1,0.7,15,1
909,9,1,17,25,0,6,6,20,3,60,0,0.99,15,0
1301,6,2,1,15,1,0,2,22,4,60,1,0.12,15,1
955,16,3,0,1,2,7,10,18,0,60,1,0.7,15,0
1012,17,2,17,12,1,3,5,16,6,90,1,0.0,30,1
1297,9,1,23,10,0,0,0,18,0,90,0,0.4,20,0
1019,10,3,4,21,3,5,10,10,6,60,1,0.68,15,0
1245,9,1,30,6,2,5,9,16,0,120,0,0.86,15,0
1415,10,3,26,8,2,2,6,16,0,60,0,0.41,30,0
935,8,3,22,5,1,2,4,14,3,60,1,0.3,15,1
992,11,3,27,22,4,7,10,22,1,120,0,0.81,15,0
1247,6,1,20,25,3,6,10,22,3,60,1,0.15,10,0
1146,8,1,26,22,5,0,10,20,3,90,1,0.58,30,0
922,7,3,3,16,4,1,9,20,0,120,0,0.29,10,0
1509,18,1,21,16,1,4,6,16,0,60,1,0.0,10,1
1054,16,1,30,24,2,7,10,22,2,90,1,0.54,20,0
1201,14,1,18,11,0,7,7,8,6,90,0,0.86,10,0
1418,8,3,3,7,5,4,10,8,6,90,1,0.05,15,0
1102,7,1,12,2,4,2,10,8,5,120,1,0.57,20,0
1045,13,1,9,5,2,6,10,14,5,120,1,0.68,30,0
1594,11,1,22,15,0,2,2,8,6,90,1,0.99,30,0
1573,20,1,16,4,4,1,9,22,4,60,0,0.44,15,0
1586,12,1,27,12,1,1,3,10,6,120,0,0.85,30,0
1231,15,3,18,16,2,4,8,10,0,90,0,0.64,10,0
1443,16,1,19,2,2,6,10,22,5,60,0,0.45,20,0
1066,11,1,8,26,5,1,10,20,1,120,0,0.65,10,0
1126,15,3,1,29,2,7,10,14,6,120,1,0.0,20,0
992,7,2,6,23,3,2,8,16,1,90,1,0.54,15,1
845,11,3,15,2,0,5,5,8,0,120,0,0.19,15,0
953,9,1,16,14,0,7,7,14,0,90,1,0.64,30,0
1018,9,2,14,8,0,0,0,10,2,90,0,0.15,30,0
1372,13,1,8,10,3,5,10,8,5,90,1,0.39,10,0
988,11,3,7,10,5,1,10,18,6,60,0,0.09,30,0
954,19,1,12,5,1,3,5,10,0,90,0,0.15,20,0
1048,10,3,8,22,2,2,6,18,4,120,0,0.23,20,0
828,14,1,26,21,3,3,9,22,5,90,0,0.83,20,0
1427,9,2,28,14,4,5,10,10,3,120,0,0.83,15,0
874,8,3,11,1,0,4,4,20,2,120,0,0.78,15,0
1075,13,2,3,24,5,3,10,16,2,120,1,0.09,10,0
1521,9,1,5,27,2,0,4,22,1,60,1,0.79,20,0
949,10,1,20,19,5,6,10,8,0,90,0,0.67,30,0
881,6,2,23,14,3,6,10,10,4,60,0,0.59,20,0
1036,6,2,11,14,4,2,10,22,4,60,0,0.34,20,0
1178,18,2,9,4,5,7,10,16,3,120,1,0.4,30,0
1513,16,3,21,12,0,6,6,20,4,60,1,0.12,20,1
1338,17,1,1,13,1,3,5,22,4,120,0,0.51,30,0
1238,17,2,13,20,1,1,3,20,4,90,1,0.58,30,1
989,10,3,16,28,5,6,10,20,1,60,0,0.21,10,0
1313,15,1,28,27,3,5,10,14,4,90,1,0.38,20,0
842,18,3,6,17,0,6,6,14,5,60,0,0.04,15,0
1043,11,1,21,28,3,5,10,14,4,60,0,0.27,30,0
1044,19,1,4,6,5,7,10,14,2,60,1,0.99,30,0
1500,7,3,4,2,4,4,10,14,0,60,1,0.11,15,0
1473,9,2,1,24,2,0,4,10,6,60,1,0.11,30,1
1297,11,2,16,12,3,3,9,16,6,90,1,0.87,30,0
1293,20,1,29,5,0,3,3,22,4,120,0,0.01,20,0
1011,20,3,26,6,5,3,10,14,6,120,0,0.61,15,0
1510,15,2,23,15,5,5,10,8,6,120,0,0.56,10,0
1293,17,2,9,10,4,5,10,18,6,60,1,0.43,10,0
1365,17,3,20,7,2,0,4,22,3,60,1,0.55,30,0
1463,7,3,24,29,4,7,10,20,6,60,0,0.81,30,0
1419,15,2,4,19,2,4,8,8,6,60,1,0.31,10,0
1404,7,3,4,23,0,2,2,10,1,60,0,0.05,20,0
1215,8,3,10,20,4,1,9,10,1,90,1,0.78,15,0
1041,18,1,4,0,5,5,10,20,0,90,0,0.93,20,0
1249,16,2,9,14,2,6,10,10,4,90,1,0.68,15,0
1320,6,2,24,5,1,4,6,10,2,120,0,0.4,10,0
1366,18,3,4,6,5,7,10,20,3,120,0,0.35,15,0
900,6,1,11,13,5,6,10,8,4,90,1,0.33,20,0
1292,8,1,24,1,5,0,10,16,1,120,1,0.13,30,0
870,17,3,4,1,5,6,10,18,6,120,1,0.29,10,0
823,9,3,23,27,2,5,9,22,1,90,0,0.91,20,0
1353,9,1,11,5,3,7,10,10,3,120,0,0.28,10,0
1209,9,1,7,15,2,3,7,22,6,120,0,0.85,15,0
1338,9,1,25,26,5,7,10,14,6,120,0,0.55,15,0
838,9,2,5,6,0,0,0,22,3,60,1,0.45,30,1
825,19,1,26,20,1,1,3,18,4,120,1,0.56,20,1
1474,18,1,9,23,3,0,6,10,6,60,1,0.3,15,0
1224,8,1,17,5,4,5,10,20,5,60,0,0.18,20,0
1016,20,1,2,22,1,3,5,8,3,60,0,0.68,30,0
1277,8,1,9,24,0,6,6,20,0,90,0,1.0,20,0
950,13,3,18,10,3,2,8,14,6,90,1,0.65,15,0
999,14,2,29,10,4,6,10,22,4,120,0,0.43,15,0
1005,18,3,7,0,5,7,10,10,5,90,0,0.71,15,0
980,14,2,10,25,3,1,7,18,2,120,0,0.61,10,0
1295,13,1,22,14,5,7,10,10,1,60,0,0.04,10,0
1029,14,3,12,23,3,5,10,18,2,60,0,0.23,10,0
999,18,1,16,25,0,2,2,8,5,120,0,0.48,20,0
1160,15,2,25,16,1,5,7,8,4,60,0,0.26,10,0
856,13,3,28,12,4,2,10,16,5,90,1,0.96,30,0
1044,17,1,23,5,0,5,5,8,1,120,0,0.6,30,0
1497,10,3,6,4,4,4,10,8,4,90,0,0.93,20,0
1402,12,1,3,28,5,3,10,16,0,120,0,0.95,30,0
1360,18,3,2,29,0,2,2,14,3,120,1,0.83,15,0
1331,6,3,5,9,5,5,10,16,1,90,1,0.69,10,0
1325,20,1,14,6,2,2,6,10,4,120,1,0.65,30,0
815,19,2,18,19,2,2,6,8,2,120,0,0.75,15,0
1015,14,3,24,22,5,0,10,18,5,90,0,0.98,15,0
977,8,3,21,22,5,1,10,14,2,60,1,0.71,10,0
1576,7,2,24,1,5,1,10,22,0,60,1,0.75,15,0
1361,12,1,4,22,5,4,10,10,5,90,0,0.38,30,0
1456,7,2,18,24,5,3,10,16,6,60,1,0.3,10,0
1544,12,3,23,3,4,4,10,8,3,120,1,0.56,20,0
1177,12,2,24,3,5,4,10,14,0,120,1,0.95,15,0
890,19,1,10,8,4,2,10,22,0,90,1,0.82,30,0
1579,8,2,22,4,3,7,10,22,5,90,1,0.77,20,0
1357,7,2,0,6,0,1,1,14,3,120,0,0.87,20,0
1156,16,3,25,18,0,5,5,22,1,120,1,0.08,10,0
1390,11,1,12,7,1,4,6,14,6,60,1,0.41,30,1
897,20,2,30,1,0,4,4,8,5,90,0,0.34,15,0
1172,20,1,14,0,4,7,10,8,2,90,0,0.59,10,0
962,15,2,30,0,1,4,6,10,4,120,0,0.7,30,0
803,13,2,26,1,2,1,5,16,1,120,0,0.39,20,0
1574,11,1,25,1,2,7,10,8,6,90,0,0.03,30,0
1105,15,2,24,10,0,6,6,8,1,90,1,0.74,15,0
1333,20,2,16,6,0,6,6,8,2,90,0,0.61,20,0
843,10,3,24,18,1,0,2,8,3,60,1,0.14,20,1
975,18,2,5,2,4,7,10,20,6,60,0,0.1,20,0
1530,15,1,22,24,5,4,10,16,1,90,1,0.8,20,0
1591,15,2,16,28,3,2,8,18,1,90,0,0.58,30,0
1457,8,1,9,13,3,2,8,22,6,90,0,0.86,10,0
1257,20,1,4,24,0,3,3,18,1,120,0,0.34,10,0
1242,16,3,26,1,3,4,10,8,6,90,1,0.85,20,0
1390,17,3,13,3,0,4,4,14,3,60,0,0.89,15,0
1562,15,3,29,17,4,6,10,18,4,90,0,0.19,15,0
871,12,1,26,6,2,6,10,22,1,90,1,0.41,30,0
1533,18,2,12,13,1,3,5,10,0,90,1,0.15,30,1
932,19,1,21,13,5,3,10,18,5,90,1,0.18,30,0
1461,16,1,2,24,0,2,2,8,1,120,0,0.73,15,0
1182,18,1,8,0,1,2,4,20,4,90,1,0.24,30,1
1239,11,1,26,25,1,6,8,16,1,90,1,0.53,10,0
1464,16,3,15,26,5,7,10,22,1,90,1,0.77,15,0
1259,7,1,12,0,2,7,10,22,6,120,0,0.31,20,0
942,14,2,14,25,1,4,6,14,0,60,0,0.06,15,0
908,10,1,4,2,3,3,9,22,1,60,1,0.32,10,0
1034,17,3,5,30,3,5,10,18,0,90,0,0.58,20,0
1579,15,3,7,26,0,4,4,10,0,90,0,0.13,10,0
946,11,2,10,10,0,2,2,20,3,60,0,0.58,15,0
1342,9,2,8,21,2,2,6,14,2,120,0,0.36,10,0
1214,13,1,2,18,4,2,10,20,0,60,1,0.35,10,0
907,19,3,13,9,3,0,6,8,1,120,1,0.23,20,1
990,6,1,25,24,1,2,4,22,5,120,1,0.98,10,0
943,9,2,8,2,3,7,10,10,0,90,0,0.41,15,0
1037,8,1,11,30,0,7,7,16,1,90,0,0.31,30,0
1180,11,2,20,30,2,3,7,16,2,60,1,0.53,10,0
1094,8,1,18,1,1,2,4,20,2,120,0,0.69,30,0
1141,19,1,4,25,3,6,10,16,4,60,1,0.08,15,0
938,7,1,25,29,1,5,7,22,4,60,0,0.04,20,0
1043,7,2,27,2,3,6,10,16,6,90,0,0.06,30,0
809,13,3,22,8,5,4,10,8,4,90,0,0.26,30,0
1258,7,2,21,19,2,6,10,18,0,120,0,0.43,20,0
1108,14,3,21,13,5,7,10,18,6,90,0,0.82,20,0
1124,15,3,15,19,0,7,7,8,2,90,1,0.42,30,0
1349,16,3,23,4,1,7,9,14,4,60,1,0.64,10,0
899,18,3,0,19,0,7,7,22,0,90,1,0.86,10,0
1298,7,2,24,2,0,6,6,14,3,120,1,0.84,15,0
1068,9,3,22,18,4,1,9,22,5,90,1,0.86,15,0
1509,13,1,14,27,2,6,10,18,5,60,1,0.13,15,0
1279,15,1,23,9,5,0,10,22,4,120,1,0.32,15,0
1045,8,3,9,28,5,7,10,10,2,120,0,0.24,20,0
1363,11,2,2,21,0,3,3,14,2,120,0,0.35,10,0
960,14,1,29,22,5,6,10,20,6,90,0,0.01,20,0
874,7,1,22,6,1,2,4,18,2,60,1,0.34,15,1
825,20,3,22,11,0,2,2,8,6,60,1,0.97,20,0
884,10,3,20,21,1,0,2,22,5,90,0,0.38,20,0
1540,19,3,0,12,0,7,7,22,5,60,1,0.85,10,0
1336,14,1,30,11,5,4,10,20,6,60,0,0.35,10,0
1492,19,1,27,8,4,7,10,14,3,90,1,0.63,15,0
1445,7,1,29,12,4,7,10,22,5,120,0,0.44,20,0
1495,14,1,28,23,1,2,4,22,0,60,1,0.58,20,0
1412,7,1,27,13,4,0,8,10,2,60,0,1.0,10,0
1366,20,1,3,24,1,5,7,16,2,60,0,0.99,30,0
1027,15,2,9,27,1,1,3,16,0,60,1,0.87,30,1
1593,13,1,15,11,5,2,10,18,5,60,0,0.41,15,0
1248,9,1,13,10,3,6,10,10,0,90,0,0.28,30,0
1540,11,3,2,14,1,7,9,10,3,90,0,0.35,30,0
908,8,3,1,3,0,6,6,20,4,90,1,0.08,30,1
1270,12,1,29,20,2,7,10,8,5,60,0,0.41,30,0
1518,17,2,22,7,2,6,10,18,0,90,0,0.78,30,0
1139,14,1,13,8,3,7,10,14,2,60,1,0.56,10,0
952,16,3,6,24,0,1,1,22,5,90,0,0.29,30,0
889,11,2,4,13,2,3,7,18,1,90,1,0.05,20,1
1287,7,1,4,13,3,4,10,10,3,120,1,0.14,20,0
967,8,1,3,7,4,2,10,16,1,120,0,0.84,15,0
1416,16,3,21,17,2,1,5,16,0,120,1,0.51,15,1
853,19,1,18,3,2,1,5,8,1,60,1,0.9,15,0
1521,13,3,25,10,2,2,6,14,0,120,1,0.65,10,0
1145,13,3,25,5,2,0,4,8,6,60,1,0.26,15,1
1411,9,2,30,17,5,1,10,10,1,60,1,0.75,15,0
828,17,2,17,6,2,6,10,14,2,120,0,0.74,30,0
803,7,1,11,7,2,4,8,16,6,90,1,0.62,10,1
931,10,3,8,7,3,3,9,10,0,60,1,0.27,20,0
1008,10,2,8,22,3,1,7,16,4,60,0,0.29,30,0
1285,13,1,10,20,4,2,10,16,4,120,1,0.98,30,0
1326,8,2,23,4,5,3,10,18,6,120,0,0.98,15,0
1259,18,2,17,23,4,7,10,8,1,60,0,0.18,15,0
956,9,3,24,5,4,6,10,10,2,60,1,0.64,15,0
1187,19,2,14,3,2,6,10,20,5,90,1,0.02,30,0
1569,12,2,25,9,0,2,2,14,6,60,0,0.2,10,0
1509,12,2,0,23,0,1,1,8,4,90,0,0.07,20,0
1026,15,3,1,28,3,3,9,16,1,60,1,0.41,10,0
1184,12,2,10,6,3,3,9,18,3,60,0,0.07,15,0
1182,15,3,18,28,4,3,10,16,5,90,0,0.39,15,0
1083,6,2,30,29,4,3,10,20,5,90,1,0.87,30,0
1183,13,3,17,30,1,6,8,14,2,120,0,0.71,20,0
850,9,3,30,3,5,6,10,22,6,60,0,0.74,15,0
836,14,2,22,24,0,2,2,22,0,120,0,0.06,20,0
1500,20,1,7,18,3,6,10,20,3,120,1,0.32,30,0
903,12,1,22,25,1,1,3,16,6,90,1,0.14,20,1
1101,6,1,28,17,0,5,5,18,3,60,0,0.11,10,0
1162,17,3,24,28,2,6,10,20,6,60,1,0.54,20,0
1359,20,2,1,15,5,0,10,18,4,90,0,0.54,30,0
812,9,2,17,29,4,3,10,16,6,120,1,0.14,20,0
1419,16,1,3,0,0,0,0,18,5,90,1,0.01,10,1
1267,8,1,17,12,0,6,6,14,6,120,0,0.45,20,0
953,10,3,28,26,4,0,8,8,6,60,0,0.31,15,0
1108,19,1,22,9,0,4,4,14,1,60,1,0.33,20,1
1276,10,1,8,25,1,2,4,18,3,90,1,0.71,10,1
1339,20,1,2,19,1,3,5,10,1,60,1,0.92,20,0
929,13,3,6,8,1,2,4,14,2,120,0,0.27,10,0
833,15,1,26,14,2,5,9,16,1,120,1,0.92,20,0
815,8,2,0,16,4,6,10,18,5,60,0,0.24,10,0
1376,12,3,11,10,4,5,10,10,5,90,0,0.81,15,0
1535,8,3,22,27,3,3,9,14,0,120,0,0.7,30,0
1177,8,1,26,4,2,4,8,14,5,90,0,0.91,20,0
922,8,3,17,30,5,3,10,20,3,60,0,0.06,30,0
1462,9,3,28,20,5,0,10,16,1,60,0,0.94,10,0
1091,16,3,13,9,5,7,10,22,0,90,0,0.49,30,0
1031,11,2,14,3,4,1,9,10,1,60,0,0.56,10,0
1175,17,2,3,0,5,0,10,14,5,90,0,0.99,30,0
856,19,2,0,20,2,2,6,14,5,120,0,0.96,20,0
1389,20,2,21,15,4,0,8,10,1,120,0,0.58,15,0
1089,6,2,0,17,1,1,3,22,5,60,0,0.23,10,0
1102,12,2,14,24,5,2,10,20,1,60,1,0.28,20,0
955,8,2,11,18,0,1,1,16,1,60,0,0.6,10,0
1359,20,3,22,27,3,2,8,18,2,90,1,0.4,15,0
1419,20,1,18,14,4,1,9,14,5,120,0,0.15,20,0
1559,18,1,2,10,4,2,10,22,0,60,0,0.04,30,0
1093,16,3,6,27,3,4,10,18,4,90,0,0.91,30,0
1393,12,3,24,29,0,2,2,14,6,60,1,0.36,15,1
1557,19,3,6,25,4,5,10,18,5,120,1,0.07,30,0
1053,9,2,21,29,5,5,10,22,6,120,0,0.71,10,0
1148,13,1,28,16,2,0,4,16,4,90,0,0.16,20,0
1051,12,1,29,10,2,3,7,20,3,120,1,0.21,20,1
1587,11,3,24,12,1,5,7,8,0,120,0,0.95,30,0
819,18,2,17,1,4,1,9,14,6,120,1,0.59,20,0
825,9,3,3,22,3,4,10,16,1,120,0,0.88,10,0
1360,17,1,27,22,4,4,10,8,5,120,0,0.75,15,0
1500,7,3,25,24,3,3,9,16,4,60,1,0.56,10,0
916,11,1,22,3,0,6,6,16,4,90,1,0.89,30,1
801,8,1,16,25,3,1,7,10,2,60,0,0.7,15,0
1055,13,3,28,1,2,0,4,14,4,90,1,0.18,10,1
1304,12,1,16,23,2,2,6,16,5,60,1,0.08,20,1
1256,14,1,21,10,0,2,2,14,6,90,1,0.42,10,0
1456,18,2,23,1,1,1,3,22,4,90,1,0.8,30,1
855,17,2,19,0,1,0,2,18,5,120,1,0.67,30,1
815,7,1,4,8,3,3,9,18,0,120,0,0.53,20,0
1405,14,2,25,28,3,4,10,14,2,90,0,0.04,30,0
1070,6,3,9,0,1,1,3,18,3,60,0,0.32,30,0
1073,10,3,18,14,1,2,4,16,1,60,1,0.81,20,1
1295,12,1,18,28,2,4,8,18,2,120,1,0.25,20,1
1475,9,2,0,9,1,1,3,16,2,90,1,0.77,30,1
1250,17,2,0,18,5,3,10,20,1,60,1,0.3,20,0
801,13,2,21,20,5,0,10,16,1,120,1,0.46,20,0
976,11,2,19,28,5,6,10,14,0,120,1,0.83,30,0
1565,9,3,7,3,0,7,7,14,4,90,1,0.39,10,1
1465,20,2,6,13,5,3,10,8,4,90,1,0.97,20,0
1075,16,2,10,13,0,4,4,22,4,120,1,0.97,10,0
896,11,3,19,3,3,7,10,20,1,120,0,0.17,10,0
1562,11,3,9,29,4,6,10,8,2,120,1,0.69,10,0
824,15,1,22,0,5,5,10,22,5,60,0,0.21,15,0
1040,6,2,23,29,4,4,10,10,5,60,1,0.85,20,0
1596,20,3,0,4,5,1,10,14,2,90,0,0.77,15,0
1391,6,2,5,25,3,4,10,8,6,90,0,0.76,30,0
1326,10,3,20,27,3,6,10,8,6,90,0,0.95,10,0
1008,18,3,3,1,5,6,10,16,1,120,1,0.54,30,0
1413,7,3,10,1,2,4,8,14,4,90,0,0.19,15,0
872,10,3,19,6,3,0,6,22,4,120,0,0.75,15,0
1361,10,1,5,25,4,3,10,18,1,90,0,0.82,10,0
1265,10,1,27,14,0,4,4,22,6,120,0,0.46,20,0
1402,11,3,13,20,0,6,6,8,2,90,1,0.73,10,0
1203,19,2,18,10,5,2,10,22,5,120,1,0.19,15,0
1397,17,2,0,5,0,7,7,10,2,90,1,0.75,20,0
1398,16,3,14,1,5,5,10,14,6,90,0,0.95,20,0
1091,16,2,7,2,3,0,6,16,1,60,1,0.29,20,1
917,11,2,11,30,0,0,0,18,4,90,0,0.1,20,0
1271,13,2,3,24,3,2,8,20,3,120,1,0.07,10,0
1502,9,2,23,2,1,0,2,20,6,120,0,0.35,10,0
1497,13,1,3,1,0,4,4,10,5,120,0,0.79,15,0
915,9,1,20,7,4,4,10,10,6,60,0,0.98,10,0
985,13,2,12,0,2,2,6,14,2,90,0,0.13,20,0
997,18,3,29,26,4,2,10,20,1,60,0,0.98,15,0
1104,12,1,0,5,2,0,4,20,6,120,0,0.04,30,0
1019,17,2,15,6,1,5,7,18,2,90,1,0.91,30,0
938,19,2,7,26,5,6,10,10,0,60,0,0.88,15,0
809,14,2,9,27,4,3,10,10,3,60,1,0.18,20,0
861,11,2,29,10,3,0,6,22,2,90,1,0.27,30,1
1554,16,2,22,20,0,6,6,16,3,120,1,0.9,20,1
1415,12,1,19,17,4,5,10,10,1,120,1,0.92,20,0
889,18,3,15,9,0,4,4,14,0,90,0,0.8,10,0
910,20,3,24,16,4,6,10,18,0,60,0,0.13,20,0
1527,12,1,10,20,1,5,7,22,6,60,1,0.14,15,0
1390,18,1,26,25,1,7,9,20,1,90,0,0.41,10,0
1328,11,2,3,14,0,4,4,16,3,60,0,0.7,20,0
863,6,2,25,9,2,1,5,8,4,90,0,0.03,10,0
1366,14,1,11,3,5,2,10,20,1,60,0,0.26,20,0
1096,9,2,17,6,4,4,10,16,2,60,1,0.86,20,0
1590,14,3,28,18,2,4,8,22,6,60,1,0.25,20,0
1106,7,3,4,16,1,5,7,16,3,60,1,0.78,10,1
986,10,1,15,23,5,7,10,22,3,90,0,0.24,20,0
1152,14,3,12,26,2,1,5,18,5,60,1,0.56,30,1
1201,8,2,9,0,3,3,9,20,1,90,0,0.04,10,0
1288,17,1,12,1,4,3,10,16,5,60,0,0.27,20,0
927,10,2,5,25,3,2,8,20,3,120,0,0.94,30,0
1523,6,1,13,23,5,6,10,10,2,90,0,0.56,30,0
1006,6,1,9,22,4,6,10,8,6,120,0,0.14,20,0
1539,19,1,0,8,2,6,10,16,0,60,1,0.63,10,0
1030,20,2,30,8,2,1,5,10,5,90,0,0.8,15,0
1537,7,2,16,28,4,6,10,20,3,90,1,0.5,15,0
1470,19,2,2,4,5,2,10,20,0,120,1,0.48,10,0
1538,19,2,17,28,0,0,0,20,4,90,0,0.12,20,0
1346,17,3,28,12,3,3,9,18,3,120,0,0.89,15,0
1449,18,3,7,27,2,3,7,22,4,60,1,0.15,20,0
1349,20,3,0,21,2,1,5,10,6,60,0,0.53,30,0
880,8,1,19,25,4,6,10,22,3,90,1,0.46,30,0
1360,9,3,11,26,4,2,10,16,5,90,1,0.97,15,0
923,13,2,23,16,2,7,10,16,3,90,1,0.91,10,0
815,20,2,0,22,5,3,10,20,1,120,1,0.24,10,0
1429,8,1,17,20,1,6,8,14,1,90,0,0.07,10,0
1483,17,3,26,19,2,3,7,16,4,120,0,0.15,10,0
1374,6,2,27,1,5,1,10,22,4,120,1,0.42,10,0
1366,15,3,14,9,5,3,10,18,0,60,0,0.09,20,0
1547,7,2,22,13,1,5,7,14,2,120,1,0.48,10,0
1219,9,1,19,19,1,4,6,10,5,60,1,0.1,20,1
1557,9,2,24,7,2,6,10,18,1,120,0,0.83,15,0
1395,18,1,19,1,3,7,10,18,2,60,0,0.73,20,0
1415,7,3,15,29,0,2,2,22,2,90,0,0.14,15,0
811,11,2,23,7,0,7,7,22,3,60,0,0.86,10,0
930,18,3,21,20,2,6,10,10,4,60,0,0.57,30,0
1409,15,1,18,21,2,3,7,20,6,120,1,0.12,10,0
1588,16,1,20,1,2,5,9,14,6,60,0,0.15,10,0
1217,19,3,13,19,1,6,8,10,2,60,0,0.41,30,0
1207,14,3,26,24,1,2,4,8,5,120,0,0.9,30,0
906,6,2,4,18,2,7,10,10,4,60,1,0.61,10,0
1018,10,2,16,8,2,7,10,22,2,60,0,0.44,10,0
1039,17,3,7,26,3,2,8,20,2,120,1,0.96,30,0
1566,13,1,25,25,5,1,10,22,4,120,0,0.17,15,0
1373,6,2,13,22,5,6,10,14,6,60,0,0.28,15,0
1521,10,3,5,1,3,6,10,18,6,60,0,0.25,20,0
1367,20,2,14,16,3,3,9,8,2,60,1,0.92,15,0
1260,12,2,10,23,5,5,10,22,2,90,1,0.24,15,0
1311,11,2,16,20,3,3,9,8,6,90,0,0.24,30,0
1067,14,1,3,9,0,2,2,18,6,120,1,0.98,15,1
1121,10,1,3,1,0,6,6,22,2,90,0,0.08,15,0
1493,20,1,7,21,5,5,10,22,6,60,1,0.41,10,0
1204,12,3,21,28,5,7,10,8,4,60,0,0.54,20,0
1276,13,3,7,2,1,1,3,18,6,90,1,0.66,10,1
1069,18,1,27,15,5,0,10,20,5,120,1,0.76,15,0
1411,16,2,7,7,1,3,5,8,4,90,1,0.38,10,0
936,20,3,4,26,1,6,8,18,3,90,0,0.9,10,0
889,15,2,20,0,3,6,10,8,3,60,1,0.8,20,0
980,17,3,4,3,1,4,6,8,2,90,1,0.8,20,1
1082,7,1,19,7,5,3,10,8,1,60,0,0.36,15,0
1485,16,2,17,6,4,3,10,18,1,60,0,0.66,20,0
1597,18,2,24,17,2,5,9,16,3,120,1,0.3,10,0
1104,9,2,5,1,3,6,10,18,0,60,0,0.58,15,0
1336,9,1,10,20,3,2,8,22,1,120,1,0.24,10,0
1431,12,1,24,9,3,3,9,8,5,120,1,0.76,10,0
852,9,2,16,18,2,4,8,8,3,90,0,0.17,20,0
991,17,3,18,26,1,4,6,8,3,120,0,0.23,20,0
1584,8,3,12,23,5,0,10,22,4,60,1,0.9,30,0
1006,10,3,11,3,4,7,10,20,4,90,1,0.25,10,1
984,17,3,20,26,0,5,5,20,4,90,0,0.54,30,0
1358,19,3,22,30,2,7,10,10,2,90,1,0.94,30,0
844,6,1,16,25,1,3,5,22,1,60,1,0.86,15,0
869,11,1,1,26,3,6,10,10,3,90,0,0.26,30,0
1382,8,3,9,26,2,2,6,18,6,120,0,0.89,30,0
918,17,3,22,13,2,3,7,14,0,120,1,0.87,10,0
801,20,3,25,18,3,2,8,10,3,90,1,0.08,15,0
1250,8,3,8,16,3,1,7,16,0,60,1,0.52,10,1
1188,11,1,28,25,4,6,10,14,4,60,1,0.43,10,0
1326,15,1,30,16,1,2,4,8,0,90,1,0.84,30,0
820,9,1,11,6,4,4,10,10,0,90,0,0.65,15,0
1240,9,2,0,0,0,0,0,16,5,90,1,0.04,30,1
822,7,1,27,21,5,6,10,14,3,60,1,0.47,20,0
1570,18,1,2,3,3,3,9,20,1,60,0,0.97,10,0
1592,19,1,22,2,5,1,10,18,6,60,1,0.16,10,0
1084,8,1,19,9,0,4,4,16,2,90,0,0.15,10,0
1229,17,2,26,30,0,3,3,16,6,60,1,0.46,20,1
1206,7,2,18,25,2,3,7,16,6,60,0,0.13,15,0
1035,11,3,17,12,2,3,7,16,4,90,0,0.83,30,0
899,15,3,25,26,5,0,10,14,2,60,0,0.65,15,0
917,10,1,7,20,4,7,10,22,6,60,0,0.28,10,0
1308,14,1,0,24,0,6,6,8,3,60,0,0.44,20,0
853,6,1,12,14,0,5,5,22,4,120,1,0.33,15,1
951,6,2,15,1,3,7,10,22,6,120,0,0.05,10,0
830,18,3,19,20,5,5,10,16,6,120,1,0.76,15,0
1344,11,1,28,2,0,6,6,14,3,120,0,0.76,30,0
1065,16,1,5,5,4,7,10,18,0,90,0,0.11,20,0
1543,9,3,28,9,2,4,8,10,6,120,1,0.66,10,0
1401,14,3,12,16,5,3,10,14,1,90,1,0.62,15,0
1128,9,2,19,26,1,6,8,18,6,90,0,0.16,15,0
802,15,2,24,13,3,1,7,22,1,90,0,0.8,30,0
847,15,3,17,18,4,3,10,20,5,60,1,0.93,10,0
1010,17,3,7,18,2,0,4,22,0,60,0,0.3,10,0
1378,17,2,4,8,0,5,5,18,4,120,1,0.0,10,1
804,10,1,3,6,2,6,10,22,3,60,0,0.35,20,0
1290,8,2,23,16,5,2,10,16,2,120,0,0.51,15,0
1092,11,2,29,23,5,3,10,10,0,90,0,0.35,10,0
1193,6,1,16,24,2,4,8,16,5,90,0,0.1,30,0
1218,20,3,10,15,3,2,8,10,5,90,0,0.48,30,0
1000,15,1,6,3,0,3,3,22,1,60,1,0.81,15,0
1190,8,3,22,7,4,3,10,20,6,120,1,0.11,10,0
1312,8,3,20,24,4,0,8,22,6,60,0,0.36,30,0
1419,16,3,0,30,4,0,8,22,4,60,1,0.64,15,0
1591,16,3,11,21,1,5,7,14,1,60,1,0.09,15,0
1570,18,1,15,24,2,6,10,18,5,60,1,0.2,15,0
1113,12,3,0,9,5,0,10,18,6,60,0,0.39,20,0
1420,16,1,26,12,2,4,8,8,2,120,1,0.21,20,0
1048,12,1,20,14,3,1,7,8,0,90,0,0.48,30,0
1297,11,3,17,25,3,0,6,22,6,120,0,0.98,15,0
893,14,1,21,2,0,0,0,16,4,120,0,0.53,15,0
1375,7,2,0,24,1,6,8,18,0,90,1,0.35,20,1
1141,10,2,6,17,1,4,6,8,4,120,0,0.32,10,0
1585,12,1,8,3,0,3,3,14,4,120,1,0.86,15,1
870,20,1,12,19,4,5,10,10,3,120,1,0.47,15,0
1337,12,3,3,29,1,6,8,20,1,60,1,0.71,30,1
1039,13,3,9,27,0,3,3,10,5,90,0,0.93,20,0
1084,9,3,22,25,3,5,10,18,1,60,1,0.73,30,0
1412,10,1,18,6,4,3,10,16,2,90,1,0.63,20,0
928,12,3,25,26,0,4,4,14,5,120,1,0.55,15,1
1241,8,1,4,9,2,6,10,8,2,60,1,0.87,20,0
1131,12,1,28,23,2,5,9,16,4,60,0,0.78,30,0
961,6,3,5,7,2,6,10,14,5,90,0,0.9,20,0
1006,18,2,17,9,2,2,6,18,4,120,0,0.82,15,0
1035,14,3,10,10,4,7,10,16,1,120,0,0.42,20,0
831,20,1,21,8,2,0,4,14,1,120,1,0.73,20,1
1035,18,2,0,4,4,6,10,14,3,90,0,0.59,15,0
1348,7,3,13,20,1,2,4,10,6,60,1,0.11,30,1
1424,19,3,29,24,1,1,3,16,2,90,1,0.04,15,1
915,6,2,25,16,4,6,10,14,2,60,1,0.21,15,0
1044,18,3,19,19,4,6,10,10,2,120,0,0.84,15,0
1290,8,3,19,12,2,5,9,18,0,120,1,0.81,15,0
1587,11,2,24,0,3,6,10,14,1,90,0,0.9,10,0
1317,12,3,7,19,5,4,10,14,1,120,0,0.15,20,0
1439,19,2,12,4,2,3,7,18,0,90,1,0.02,30,1
960,15,3,6,28,0,1,1,20,3,120,0,0.8,10,0
1205,18,3,11,8,4,1,9,8,6,60,0,0.43,20,0
941,8,1,10,6,2,3,7,20,1,60,0,0.36,30,0
1423,10,1,17,12,0,2,2,8,3,90,0,0.25,30,0
1039,17,1,18,29,4,1,9,18,4,60,1,0.65,20,0
974,16,2,25,16,5,2,10,8,6,120,0,0.84,10,0
1126,13,3,22,8,1,0,2,18,4,120,1,0.47,30,1
1137,16,3,29,18,0,7,7,16,2,60,1,0.01,15,0
1361,13,3,23,12,2,5,9,22,4,90,1,0.0,10,0
1080,15,2,27,4,0,5,5,10,0,60,0,0.93,15,0
1158,17,2,1,24,0,3,3,14,6,120,1,0.14,30,1
842,17,3,10,26,4,0,8,14,1,90,0,0.79,30,0
1215,10,2,1,28,5,5,10,18,3,90,0,0.59,20,0
910,11,2,30,1,4,7,10,16,4,90,1,0.58,30,0
927,9,1,3,22,5,2,10,10,4,90,0,0.33,20,0
1265,19,1,18,3,3,5,10,14,2,120,0,0.33,10,0
824,7,1,11,9,1,5,7,18,5,120,0,0.81,10,0
1235,14,1,1,5,2,2,6,10,1,90,1,0.62,15,0
895,16,1,20,17,1,7,9,8,1,90,1,0.42,15,0
1593,7,2,11,16,3,6,10,20,6,120,1,0.97,20,0
884,9,2,16,14,3,3,9,22,2,120,0,0.65,10,0
1084,7,1,14,8,1,0,2,22,5,60,0,0.91,20,0
888,6,2,28,21,3,2,8,20,0,60,1,0.16,15,1
1414,9,2,11,7,5,6,10,8,1,120,1,0.52,30,0
1224,14,3,1,18,1,5,7,20,3,120,0,0.67,30,0
1450,13,3,21,1,1,0,2,18,0,90,1,0.25,20,1
816,20,3,14,0,2,2,6,14,6,60,0,0.72,15,0
1299,15,2,11,6,5,3,10,22,5,120,1,0.9,15,0
1378,9,3,12,5,3,2,8,10,1,90,1,0.3,15,0
1208,9,1,27,22,0,0,0,16,4,120,0,0.61,10,0
1530,19,3,29,17,4,7,10,16,6,60,1,0.97,20,0
896,9,3,10,22,3,1,7,10,1,60,1,0.23,15,0
1486,18,1,24,20,1,5,7,16,0,60,1,0.24,10,0
1572,19,2,18,3,5,1,10,14,1,90,1,0.15,10,0
1526,20,3,16,12,2,6,10,22,4,90,1,0.46,10,0
1475,15,1,18,18,3,4,10,10,2,60,1,0.12,20,0
1101,19,2,5,5,1,1,3,10,3,90,1,0.43,20,1
1189,20,3,27,13,4,3,10,8,3,120,1,0.69,20,0
1568,10,2,27,10,5,6,10,22,2,120,1,0.9,20,0
1494,11,1,17,10,5,4,10,20,4,60,1,0.61,20,0
1542,13,1,14,23,3,6,10,16,0,60,1,0.97,15,0
1100,15,2,27,4,5,6,10,16,1,60,1,0.33,10,0
1543,13,3,20,23,1,5,7,10,5,90,0,0.51,30,0
1160,7,3,7,19,5,2,10,22,2,120,1,0.57,15,0
1168,7,1,24,10,3,3,9,18,3,120,1,0.18,20,0
872,18,2,23,17,0,3,3,8,3,120,1,0.17,20,1
1324,7,3,6,7,3,1,7,20,0,120,1,0.29,15,1
1546,18,3,0,19,4,7,10,10,2,120,1,0.22,15,0
1209,11,1,25,26,5,7,10,18,6,90,0,0.41,30,0
1111,15,2,28,30,0,1,1,18,1,90,1,0.25,30,1
1042,11,3,17,18,1,7,9,20,6,120,0,0.16,30,0
819,15,2,27,21,5,6,10,16,1,90,0,0.23,20,0
833,11,3,11,23,1,3,5,18,6,120,0,0.19,20,0
1055,7,2,10,7,3,5,10,20,3,120,0,0.89,10,0
828,13,3,28,28,1,2,4,16,0,60,1,0.81,30,1
956,19,2,12,16,0,5,5,10,0,120,0,0.98,15,0
1475,8,2,29,23,2,5,9,14,1,120,0,0.44,20,0
920,9,1,29,2,5,6,10,14,2,120,1,0.64,10,0
922,13,2,28,18,0,1,1,18,2,120,1,0.06,15,1
1345,14,1,13,20,0,3,3,10,2,120,0,0.58,20,0
1329,20,2,5,2,1,1,3,20,4,90,0,0.59,15,0
837,9,1,26,23,1,2,4,10,5,90,1,0.53,20,0
1081,12,3,14,25,4,0,8,16,1,120,1,0.34,20,1
1422,8,2,23,5,3,5,10,8,1,60,1,0.21,20,0
1456,15,3,0,9,2,4,8,22,4,90,0,0.06,15,0
1289,6,3,22,12,2,7,10,10,5,120,1,0.5,30,0
1046,15,1,15,16,4,7,10,20,2,120,1,0.41,10,0
916,15,2,21,11,0,6,6,20,3,120,0,0.6,20,0
1303,7,2,12,11,3,4,10,18,2,90,0,0.05,20,0
967,17,3,18,14,4,1,9,22,0,120,0,0.8,10,0
1025,9,3,14,30,5,0,10,16,5,120,1,0.08,20,0
1312,18,2,19,15,5,3,10,10,1,90,0,0.63,15,0
1407,11,3,9,4,1,1,3,14,1,120,0,0.36,30,0
1076,15,1,19,6,0,0,0,20,2,120,0,0.46,10,0
899,19,2,12,26,4,1,9,14,4,90,0,0.2,10,0
1586,13,2,20,5,5,6,10,20,4,120,0,0.6,20,0
1293,11,1,25,20,4,0,8,14,1,120,1,0.48,30,0
1166,11,1,9,2,0,2,2,20,3,120,1,0.56,15,1
1517,19,1,9,13,3,6,10,10,6,60,1,0.75,10,0
957,20,2,26,20,3,6,10,22,3,90,0,0.83,20,0
1102,14,2,25,29,5,6,10,14,6,60,0,0.97,15,0
1488,17,3,9,26,2,7,10,18,6,60,1,0.79,20,0
874,13,2,12,16,3,7,10,14,0,120,0,0.22,15,0
1392,15,1,30,4,4,0,8,8,3,60,0,0.69,15,0
1302,17,2,18,10,2,1,5,18,6,60,1,0.41,20,1
1172,7,2,13,14,5,5,10,16,2,120,0,0.31,30,0
1542,6,3,18,22,0,7,7,14,0,120,0,0.6,10,0
977,7,2,3,28,2,6,10,14,4,60,1,0.23,10,0
884,6,3,20,0,5,6,10,14,2,60,0,0.06,10,0
1452,10,2,4,24,2,0,4,18,5,90,0,0.78,20,0
1311,17,1,20,23,4,5,10,16,2,60,1,0.75,15,0
1008,17,1,20,23,2,1,5,8,4,90,0,0.38,10,0
1378,8,2,7,18,1,0,2,20,3,120,0,0.66,30,0
1182,16,3,14,16,5,7,10,16,2,90,0,0.09,20,0
962,10,1,12,9,5,4,10,14,5,90,0,0.95,15,0
1500,15,3,10,21,2,1,5,14,5,90,1,0.77,15,1
891,10,1,17,20,3,0,6,14,2,90,1,0.07,10,1
1003,7,1,14,5,4,1,9,8,4,120,1,0.33,15,0
949,19,3,17,18,4,3,10,14,5,60,0,0.91,20,0
1526,8,3,8,5,4,1,9,8,0,60,1,0.39,20,0
1208,19,3,22,24,4,0,8,14,2,60,0,0.34,20,0
961,20,3,17,15,0,5,5,16,1,90,1,0.36,30,1
1131,16,3,4,4,4,1,9,10,2,60,0,0.13,10,0
897,8,1,20,4,5,7,10,8,3,120,1,0.89,15,0
958,15,1,6,4,1,4,6,20,0,60,1,0.94,10,0
1592,8,1,9,12,0,3,3,22,1,120,0,0.34,10,0
1506,18,1,13,6,4,7,10,10,5,60,0,0.47,30,0
865,9,1,11,22,0,6,6,20,0,90,0,0.03,10,0
1127,8,1,23,24,0,3,3,8,6,60,1,0.77,30,1
800,16,2,15,24,3,5,10,22,6,90,0,0.0,15,0
827,14,2,17,12,0,0,0,10,0,120,1,0.02,20,1
1120,17,3,14,24,2,1,5,18,4,60,0,1.0,10,0
1067,18,1,2,17,5,5,10,10,0,90,1,0.85,20,0
1320,13,1,23,27,0,7,7,20,1,120,1,0.74,10,0
1461,11,3,4,23,0,1,1,18,0,60,0,0.91,30,0
1324,17,3,4,8,0,2,2,16,3,90,0,0.18,15,0
989,16,1,16,5,5,6,10,16,2,60,0,0.85,10,0
1235,15,1,2,29,3,7,10,22,6,60,1,0.53,20,0
1589,17,1,6,10,4,6,10,20,6,120,0,0.25,20,0
1352,12,3,17,13,2,4,8,10,0,120,1,0.98,30,0
954,16,2,30,30,4,2,10,20,5,90,0,0.32,15,0
1274,8,2,8,15,4,2,10,8,2,120,0,0.05,20,0
1590,9,3,12,1,2,2,6,10,2,120,0,0.67,30,0
1314,13,1,7,3,2,7,10,20,3,90,0,0.53,20,0
1355,16,1,4,19,4,3,10,22,4,60,1,0.4,15,0
1232,17,2,22,3,2,6,10,8,4,60,1,0.18,30,0
1052,12,3,27,3,1,2,4,16,0,60,0,0.26,30,0
1419,14,3,24,7,2,5,9,10,3,120,0,0.55,15,0
1251,14,2,13,8,1,0,2,8,6,120,0,0.96,30,0
952,14,3,17,11,2,6,10,22,6,60,0,0.13,15,0
1434,12,2,13,28,2,1,5,18,3,90,1,0.34,20,1
1127,20,3,9,16,4,5,10,16,4,90,1,0.37,15,0
1347,7,1,6,18,1,0,2,16,3,120,0,0.05,15,0
1408,11,1,12,27,0,6,6,14,5,60,1,0.27,20,1
986,8,3,8,20,4,6,10,16,2,90,0,0.44,20,0
1093,9,3,17,25,3,3,9,10,1,90,0,0.25,15,0
1482,14,2,7,12,5,4,10,20,2,60,1,0.35,10,0
1012,12,2,6,11,3,5,10,14,6,90,1,0.87,20,0
1021,9,2,28,27,2,3,7,22,1,120,1,0.84,15,0
1118,16,1,29,16,3,3,9,20,2,90,1,0.67,20,0
1500,7,3,25,6,5,7,10,14,5,90,0,0.16,15,0
1111,19,2,14,25,0,3,3,18,6,90,1,0.91,30,1
1089,15,2,14,17,2,0,4,18,5,120,0,0.15,15,0
1597,19,3,25,15,2,0,4,20,2,60,0,0.95,10,0
1201,12,2,30,6,5,7,10,22,3,120,0,0.1,20,0
1330,12,2,1,6,1,4,6,20,5,120,0,0.58,20,0
1270,17,2,15,11,5,0,10,22,5,120,0,0.26,30,0
1178,11,3,1,15,2,3,7,16,2,120,1,0.57,20,1
1209,18,1,5,28,3,3,9,14,2,60,1,0.93,10,0
1187,19,2,8,25,4,3,10,8,0,90,1,0.89,30,0
1133,18,3,2,9,2,6,10,20,4,90,0,0.99,10,0
1095,20,2,0,2,4,3,10,14,0,90,0,0.45,10,0
1576,15,1,21,19,4,0,8,20,2,60,0,0.36,30,0
1388,10,2,10,4,4,7,10,10,0,60,1,0.87,20,0
1077,13,1,4,28,1,2,4,8,1,60,0,0.6,10,0
1285,14,2,7,4,4,5,10,20,3,60,1,0.3,30,0
1482,13,2,6,26,0,2,2,14,0,90,1,0.24,10,1
1489,6,3,21,3,5,4,10,14,3,60,1,0.4,30,0
1521,20,1,27,1,0,1,1,10,2,90,1,0.89,10,0
1185,7,1,5,22,4,0,8,22,1,90,0,0.31,10,0
1234,12,3,30,20,2,0,4,20,6,90,0,0.39,15,0
978,16,3,15,30,3,0,6,8,2,60,1,0.96,15,0
1591,20,3,8,5,1,3,5,18,6,120,0,0.83,20,0
1582,9,2,1,18,0,4,4,8,4,120,1,0.93,20,0
1027,15,2,24,8,2,5,9,10,6,60,0,0.74,20,0
1160,13,3,8,1,3,1,7,22,2,120,0,0.16,10,0
1426,17,2,25,20,4,6,10,14,4,120,1,0.92,30,0
1544,7,2,2,4,1,6,8,10,6,60,0,0.05,10,0
856,20,2,20,16,0,0,0,14,3,120,0,0.7,20,0
1095,12,2,16,11,3,3,9,18,3,90,1,0.08,10,0
1475,14,1,26,27,3,7,10,18,3,120,1,0.49,15,0
1303,7,1,23,27,0,2,2,14,3,90,1,0.71,30,1
1189,11,2,11,25,3,3,9,16,4,120,1,0.45,10,0
950,18,2,28,30,4,1,9,16,1,90,0,0.27,10,0
1052,18,2,17,6,5,2,10,8,5,120,1,0.8,10,0
1368,12,2,0,9,2,1,5,10,1,90,0,0.66,30,0
1034,10,3,13,6,5,5,10,18,5,120,1,0.14,10,0
1581,16,3,22,25,2,0,4,20,3,60,0,0.7,10,0
1559,13,2,11,12,3,6,10,8,4,60,0,0.04,20,0
909,13,2,30,23,1,6,8,10,6,90,1,0.87,15,0
1122,7,1,12,1,3,6,10,16,4,120,0,0.04,15,0
1159,7,1,3,5,5,1,10,16,5,60,1,0.91,15,0
1197,20,3,28,5,5,0,10,8,5,120,1,0.04,10,0
1080,6,1,5,1,2,6,10,20,4,60,0,0.32,10,0
1205,16,2,23,16,2,3,7,14,2,90,0,0.33,20,0
1158,17,2,30,6,2,5,9,10,1,90,1,0.83,10,0
1044,14,3,13,11,1,2,4,14,4,60,1,0.57,20,1
1240,12,2,22,30,1,4,6,8,0,120,0,0.22,10,0
806,8,1,12,3,2,2,6,16,0,90,0,0.35,20,0
913,6,3,28,27,2,5,9,14,5,90,0,0.96,30,0
862,17,2,30,21,1,5,7,16,4,60,1,0.59,30,1
1013,6,2,24,22,2,2,6,14,6,60,1,0.28,30,1
1339,18,2,14,19,5,4,10,10,6,120,1,0.37,15,0
1159,8,3,27,14,2,3,7,8,3,120,1,0.04,10,0
835,6,2,23,23,5,3,10,20,4,90,1,0.78,20,0
1372,15,3,12,3,0,1,1,22,2,60,0,0.06,30,0
1517,7,3,5,1,2,7,10,10,6,90,1,0.95,30,0
970,6,1,8,21,2,6,10,10,2,90,1,0.7,30,0
1418,12,1,15,27,1,0,2,18,6,120,1,0.62,20,1
1040,6,2,8,16,4,1,9,16,5,120,0,0.3,15,0
1193,8,3,27,12,3,7,10,22,2,60,1,0.93,10,0
1043,6,3,18,1,2,4,8,14,0,60,0,0.82,10,0
1178,7,2,9,0,0,4,4,8,2,60,1,0.83,20,0
889,9,2,1,0,1,3,5,14,2,90,0,0.86,15,0
1435,18,2,26,27,5,6,10,16,3,60,0,0.25,20,0
1062,7,2,6,24,0,4,4,8,4,60,1,0.47,30,0
1520,15,3,1,8,3,4,10,16,1,90,0,0.96,30,0
1532,13,3,13,25,1,4,6,8,1,120,1,0.14,10,0
1344,17,3,26,29,5,3,10,14,0,90,0,0.93,15,0
1076,19,3,0,17,2,1,5,18,3,90,1,0.07,10,1
879,6,3,8,15,2,0,4,18,2,120,1,0.06,20,1
1389,20,1,10,19,3,0,6,8,2,120,0,0.14,30,0
1099,15,1,10,27,2,1,5,16,1,120,1,0.03,30,1
1285,10,1,15,0,0,1,1,18,4,120,0,0.38,10,0
1321,20,2,16,27,5,3,10,10,2,60,0,0.46,15,0
1588,15,3,18,21,3,1,7,8,2,90,0,0.81,10,0
948,6,3,27,30,5,4,10,22,6,60,0,0.46,15,0
1238,8,3,10,19,2,0,4,20,5,120,1,0.52,10,1
1338,20,1,14,5,0,3,3,14,6,120,0,0.89,30,0
1554,6,3,0,2,1,5,7,18,3,120,0,0.21,10,0
1103,17,2,25,8,1,0,2,8,6,90,0,0.17,20,0
1483,9,2,28,7,5,5,10,10,6,60,1,0.18,20,0
1488,19,2,30,0,3,7,10,20,0,90,1,0.4,15,0
1070,7,1,21,7,2,7,10,22,1,120,0,0.67,10,0
965,6,2,6,15,5,1,10,20,1,120,1,0.6,30,0
922,13,2,6,16,1,3,5,10,3,120,0,0.58,20,0
958,15,1,16,0,3,0,6,14,2,120,0,0.85,20,0
1548,12,2,25,1,2,2,6,14,2,120,1,0.03,30,1
1504,19,3,9,0,3,3,9,10,4,90,1,0.88,10,0
805,7,1,9,3,1,2,4,22,0,90,1,0.15,15,1
1377,8,2,26,24,4,5,10,8,3,60,1,0.38,30,0
1372,11,1,10,29,0,7,7,18,6,90,1,0.12,20,1
1150,19,1,9,3,0,6,6,14,2,90,0,0.38,30,0
1281,13,2,0,0,3,1,7,16,6,60,0,0.77,15,0
1414,17,3,8,11,0,5,5,8,5,60,1,0.98,30,0
942,8,2,17,17,2,6,10,14,6,90,1,0.26,20,0
1559,17,2,17,0,1,0,2,20,2,120,0,0.42,15,0
1145,18,2,15,29,2,5,9,22,2,120,0,0.59,30,0
1496,6,1,29,25,3,1,7,16,5,90,1,0.77,15,0
1518,20,2,30,18,3,4,10,8,1,90,1,0.85,20,0
1462,17,1,26,20,2,1,5,22,6,120,1,0.65,10,0
1243,9,3,0,19,1,5,7,8,1,120,1,0.62,10,0
1464,20,3,29,19,4,6,10,20,4,120,1,0.33,30,1
1471,20,3,0,27,5,7,10,22,6,60,0,0.44,30,0
1165,7,2,25,2,5,2,10,14,6,90,1,0.4,10,0
1355,8,3,23,1,5,4,10,16,5,60,1,0.03,15,0
1149,9,3,7,5,0,0,0,8,4,60,1,0.75,20,1
958,13,1,13,5,1,5,7,22,1,90,0,0.26,10,0
1339,14,3,8,15,5,7,10,10,4,120,0,0.98,20,0
1156,9,3,10,5,1,4,6,16,0,120,1,0.55,10,1
1150,19,1,14,12,4,4,10,18,6,90,1,0.85,15,0
1410,20,3,9,9,4,4,10,20,5,60,1,0.3,15,0
1093,7,2,29,29,4,4,10,10,6,60,1,0.41,10,0
1393,13,3,2,22,5,5,10,10,5,120,0,0.03,30,0
937,8,3,18,5,2,1,5,22,4,120,0,0.73,10,0
1209,19,1,21,17,1,1,3,22,0,60,0,0.5,20,0
1445,13,1,12,15,3,1,7,16,6,90,0,0.33,30,0
876,11,2,18,20,3,6,10,18,6,120,1,0.82,30,0
957,6,3,15,1,0,4,4,10,4,60,1,0.37,10,1
1596,17,2,15,4,5,2,10,18,3,90,0,0.02,30,0
1183,13,1,2,12,5,3,10,10,1,120,0,0.43,20,0
1132,16,3,14,28,2,4,8,16,6,60,1,0.92,15,0
1242,20,1,18,5,2,7,10,8,0,90,1,0.59,10,0
1558,7,3,1,26,3,1,7,20,4,120,0,0.31,20,0
1038,13,1,6,3,3,2,8,18,5,90,1,0.11,30,1
891,13,3,18,16,4,0,8,20,3,120,0,0.75,10,0
1534,8,2,28,26,0,5,5,14,5,90,1,0.32,30,1
1023,6,3,21,25,4,2,10,16,2,60,1,0.12,20,0
1458,7,3,20,2,3,5,10,22,5,90,0,0.1,30,0
1480,18,3,3,28,3,4,10,10,5,120,0,0.93,20,0
1187,18,2,29,13,5,4,10,14,6,90,0,0.53,20,0
1553,6,3,14,29,0,1,1,8,4,60,0,0.65,10,0
1215,18,3,16,18,4,2,10,18,6,120,1,0.44,10,0
1137,15,2,27,29,0,5,5,18,0,60,0,0.34,30,0
1588,17,3,14,30,4,6,10,18,0,90,1,0.34,30,1
1579,19,1,21,22,2,2,6,20,0,60,1,0.97,20,1
1334,9,2,10,24,4,2,10,10,6,90,1,0.48,30,0
1310,10,3,4,17,2,2,6,16,3,60,0,0.38,15,0
1277,18,1,1,16,2,7,10,22,2,90,1,0.13,15,0
1214,17,3,26,2,5,3,10,20,5,120,0,0.52,15,0
1397,9,3,21,18,5,7,10,10,6,60,0,0.27,15,0
820,11,1,17,10,2,6,10,16,0,120,0,0.73,15,0
884,13,1,30,5,4,2,10,8,5,60,1,0.46,30,0
1145,17,2,10,9,0,7,7,10,4,60,1,0.85,30,0
814,15,3,29,26,0,5,5,16,3,60,1,0.79,10,0
1109,20,3,13,26,0,5,5,18,4,90,1,0.48,20,1
1008,9,3,25,19,5,2,10,20,4,90,0,0.73,15,0
1349,16,3,12,21,3,4,10,10,5,90,1,0.82,10,0
1221,8,3,0,22,1,5,7,10,6,90,0,0.95,10,0
1234,8,2,16,9,4,0,8,14,5,120,1,0.23,10,0
821,18,2,4,26,0,6,6,20,0,60,1,0.01,10,1
1050,18,2,11,13,0,6,6,10,4,120,1,0.42,30,0
1211,10,2,30,28,1,5,7,16,1,90,0,0.51,10,0
805,19,3,24,11,2,1,5,20,0,60,1,0.54,30,1
1234,8,1,8,30,1,1,3,18,3,60,1,0.88,10,1
1090,18,1,17,0,2,7,10,14,4,60,1,0.59,15,0
1041,7,1,9,30,5,0,10,16,2,90,1,0.59,30,0
836,11,1,28,8,3,2,8,20,3,60,1,0.08,30,1
1450,9,1,26,5,4,1,9,18,0,90,0,0.93,15,0
1121,6,1,20,11,4,0,8,16,3,90,0,0.89,30,0
1095,18,2,17,10,1,3,5,14,0,90,1,0.52,20,1
1149,20,1,0,13,5,4,10,18,4,90,1,0.46,20,0
1287,6,2,3,18,0,2,2,8,3,90,1,0.3,20,1
1497,19,3,14,28,0,4,4,20,0,120,0,0.47,15,0
1069,8,1,28,12,0,3,3,10,5,90,1,0.16,30,1
1502,18,1,12,8,4,1,9,14,0,60,1,0.22,20,0
1022,16,3,4,21,2,2,6,14,6,60,1,0.61,30,1
1464,13,2,16,19,4,0,8,18,1,120,0,0.35,30,0
855,17,3,22,18,4,6,10,8,1,60,1,0.55,10,0
1046,9,2,7,15,0,7,7,10,1,90,0,0.86,15,0
1599,14,3,11,21,3,4,10,8,1,90,1,0.2,10,0
1175,14,2,8,20,1,3,5,8,6,90,0,0.3,15,0
1432,10,1,1,6,2,1,5,18,5,90,1,0.36,20,1
1437,20,1,11,27,1,1,3,22,1,90,0,0.61,20,0
1195,16,3,17,28,0,1,1,20,3,90,0,0.31,10,0
911,15,3,4,25,4,2,10,18,1,60,0,0.16,15,0
1202,9,1,6,13,2,4,8,14,2,120,0,0.31,15,0
1285,6,3,24,26,2,7,10,20,2,120,1,0.04,15,1
863,17,1,22,10,0,3,3,14,0,60,0,0.4,30,0
1193,20,1,3,0,4,3,10,16,4,90,1,0.95,15,0
1268,6,3,21,8,5,3,10,18,5,120,0,0.9,10,0
1133,8,2,22,3,2,6,10,10,2,90,0,0.07,20,0
1491,8,1,29,3,2,2,6,20,6,120,1,0.6,30,1
1334,14,3,13,1,0,6,6,16,3,90,0,0.81,20,0
1256,15,1,30,14,4,2,10,22,1,60,1,0.99,10,0
1261,8,2,15,30,2,5,9,16,0,90,0,0.1,15,0
1331,7,2,13,2,3,7,10,14,2,120,1,0.33,10,0
1249,8,2,7,2,4,0,8,20,1,120,0,0.86,10,0
1335,10,2,30,25,3,4,10,22,0,60,0,0.42,20,0
1001,18,3,21,18,4,4,10,16,3,120,1,0.29,15,0
1372,13,1,12,2,1,5,7,18,4,90,1,0.23,10,0
1241,10,3,8,0,0,0,0,20,0,120,0,0.34,20,0
1157,8,1,29,14,2,0,4,10,5,60,0,0.78,15,0
1005,9,2,25,19,0,7,7,18,5,60,1,0.03,15,1
849,6,3,29,20,0,7,7,22,2,90,1,0.13,20,0
1009,13,2,26,24,3,1,7,18,4,60,1,0.46,10,0
822,15,1,2,13,3,5,10,20,0,90,0,0.48,20,0
1048,16,3,1,6,1,2,4,20,1,60,1,0.05,15,1
879,16,1,17,19,4,0,8,10,1,90,1,0.6,30,0
1390,17,2,28,3,0,7,7,8,0,60,0,0.03,10,0
1184,9,2,22,1,1,2,4,22,3,90,1,0.86,30,0
1065,12,3,25,15,1,5,7,14,1,120,0,0.02,15,0
1514,10,1,27,30,4,3,10,14,2,90,1,0.17,15,0
1526,11,1,2,15,0,4,4,22,2,120,0,0.0,10,0
1390,17,2,30,20,3,5,10,10,1,90,1,0.91,30,0
987,12,2,27,18,5,2,10,16,4,90,0,0.1,20,0
1158,15,2,8,21,0,0,0,10,0,90,1,0.88,10,0
1248,7,2,23,16,5,7,10,20,4,60,1,0.94,20,0
1040,15,2,17,27,5,6,10,22,1,60,1,0.17,30,0
1399,18,3,23,16,0,7,7,22,5,60,1,0.1,20,0
1274,20,3,24,27,5,4,10,22,1,90,1,0.64,30,0
1521,11,3,18,23,0,3,3,10,2,120,1,0.52,20,1
1377,16,1,11,17,0,1,1,8,3,60,0,0.56,10,0
1251,16,2,2,4,4,5,10,16,5,60,1,0.62,20,0
1438,18,2,15,28,4,0,8,8,3,120,0,0.56,15,0
1522,14,1,23,22,4,6,10,18,2,60,1,0.3,10,0
1110,11,1,1,4,3,6,10,22,0,90,1,0.7,15,0
1323,8,3,4,6,1,3,5,22,4,60,0,0.93,10,0
1524,20,1,0,25,2,1,5,18,5,120,1,0.32,20,1
1319,10,1,7,11,5,3,10,18,0,120,0,0.89,10,0
1362,12,2,29,19,4,7,10,14,1,120,0,0.25,15,0
1020,17,3,5,7,3,0,6,10,1,90,0,0.4,15,0
1189,13,1,7,7,0,7,7,18,0,120,0,0.44,30,0
1171,9,2,18,18,3,5,10,14,2,90,1,0.11,15,0
1164,7,3,14,28,0,2,2,18,6,60,1,0.07,30,1
1060,16,2,13,1,3,2,8,18,0,60,0,0.65,15,0
1500,15,2,16,9,2,0,4,16,2,60,0,0.29,30,0
1319,12,3,5,24,0,3,3,10,1,90,1,0.04,10,1
900,12,2,8,4,2,3,7,22,2,120,1,0.3,15,0
1031,7,2,15,23,2,7,10,10,1,60,0,0.87,30,0
1211,11,1,21,11,3,1,7,22,5,120,0,0.32,10,0
1486,15,3,12,3,4,7,10,8,5,60,1,0.06,10,0
1227,20,1,12,15,0,5,5,8,6,90,0,0.34,20,0
1530,20,2,14,5,5,2,10,14,3,120,0,0.74,10,0
1544,10,2,21,26,3,3,9,10,5,60,1,0.07,15,0
1191,11,3,28,13,4,5,10,18,4,120,1,0.16,10,0
985,13,3,0,18,0,6,6,10,6,60,0,0.48,10,0
1320,6,2,29,2,4,3,10,22,2,90,1,0.04,15,0
1263,16,3,1,9,4,6,10,22,6,60,1,0.89,10,0
837,10,1,19,9,0,4,4,18,1,120,0,0.56,15,0
856,10,2,25,2,4,7,10,10,6,90,1,0.19,20,0
1413,13,1,19,8,5,2,10,10,1,90,0,0.12,20,0
1230,10,1,26,21,1,4,6,22,6,120,0,0.97,30,0
816,13,3,21,29,4,7,10,10,6,60,0,0.33,10,0
1060,12,3,0,15,5,5,10,8,1,90,0,0.94,15,0
1427,16,2,24,2,1,5,7,14,1,120,0,0.83,15,0
813,12,3,19,2,4,0,8,20,3,120,0,0.03,10,0
1491,14,3,28,20,3,6,10,18,4,60,1,0.23,30,0
818,11,3,19,2,1,7,9,10,6,60,1,0.21,10,0
1125,8,3,10,30,2,3,7,18,2,60,0,0.74,10,0
1266,17,2,30,24,4,2,10,20,4,60,1,0.1,10,0
1389,20,2,20,23,0,6,6,14,1,90,0,0.17,10,0
1257,10,2,10,30,1,1,3,18,1,90,1,0.27,10,1
834,18,2,5,25,5,2,10,14,3,60,1,0.61,20,0
858,9,2,6,16,1,0,2,18,5,60,0,0.67,20,0
1304,15,2,11,22,3,7,10,16,2,120,1,0.59,15,0
1007,16,3,1,30,3,5,10,18,2,90,1,0.88,30,0
1411,10,3,29,15,1,0,2,8,3,60,0,0.2,20,0
1333,20,1,6,21,3,4,10,20,0,90,1,0.8,10,0
1122,15,2,3,7,4,4,10,10,5,60,1,0.83,20,0
1429,15,3,13,1,5,3,10,22,4,120,1,0.36,15,0
1253,8,3,25,7,1,6,8,20,1,90,0,0.88,20,0
1352,15,2,29,3,1,0,2,20,3,90,1,0.24,10,1
885,9,2,24,28,4,4,10,20,6,120,0,0.24,20,0
1543,18,1,17,8,1,2,4,16,4,90,0,0.04,30,0
1076,19,3,9,15,4,2,10,18,4,90,1,0.77,30,0
1180,16,2,17,5,1,6,8,18,1,120,0,0.52,10,0
842,8,1,18,11,5,5,10,16,4,120,1,0.84,15,0
1574,8,3,20,17,5,5,10,18,4,60,1,0.51,30,0
931,15,3,16,25,2,3,7,20,6,90,1,0.93,20,0
1295,12,2,9,7,3,4,10,10,5,120,0,0.41,10,0
1553,7,1,17,27,1,5,7,16,5,120,1,0.16,15,1
926,20,3,3,21,3,7,10,18,4,120,1,0.79,10,0
1063,6,1,2,28,1,2,4,18,1,60,0,0.03,10,0
1274,16,2,7,24,4,2,10,20,2,90,1,0.67,30,0
1146,15,2,9,16,3,7,10,14,4,120,1,0.69,10,0
1561,11,1,5,9,5,7,10,8,3,60,1,0.81,30,0
1148,13,1,12,7,5,4,10,14,4,60,1,0.03,20,0
926,10,3,13,30,4,0,8,8,5,60,0,0.72,10,0
982,20,1,17,27,5,3,10,14,5,120,0,0.69,20,0
1143,15,3,25,10,5,4,10,18,5,90,0,0.91,10,0
1095,10,1,29,3,2,1,5,10,2,90,1,0.39,10,1
1043,16,2,25,12,3,5,10,16,1,90,0,0.96,20,0
919,13,1,4,27,0,1,1,14,0,60,1,0.69,30,1
1166,19,1,0,18,1,5,7,14,4,60,1,0.81,20,0
866,20,1,17,28,2,2,6,14,5,90,0,0.16,20,0
1032,11,1,25,16,4,2,10,20,5,120,1,0.26,30,0
1019,7,1,24,1,1,0,2,14,5,90,0,0.49,30,0
1056,14,2,13,30,5,4,10,18,4,90,0,0.17,20,0
1184,8,1,17,19,2,0,4,14,1,60,1,0.46,15,1
1443,13,2,28,22,0,2,2,18,0,120,0,0.71,20,0
869,11,3,18,28,5,0,10,20,0,120,0,0.07,30,0
1598,20,1,6,12,0,4,4,10,0,90,1,0.54,20,0
1096,7,2,6,18,4,7,10,22,4,90,1,0.55,30,0
1513,9,2,27,28,2,6,10,10,4,60,1,0.97,30,0
1195,12,2,5,12,5,6,10,20,3,120,1,0.12,20,0
1181,16,1,3,28,3,7,10,22,1,120,0,0.01,30,0
914,6,1,5,1,4,5,10,20,6,120,0,0.88,20,0
1354,16,2,16,17,2,6,10,16,5,90,0,0.6,20,0
1207,13,2,10,0,1,1,3,10,6,60,0,0.41,15,0
876,17,2,25,6,1,6,8,8,2,60,0,0.04,10,0
1400,15,2,14,5,1,0,2,22,2,120,1,0.18,10,0
1135,6,1,9,5,1,0,2,22,6,120,1,0.97,20,0
977,10,2,11,10,4,0,8,14,4,120,0,0.37,15,0
1082,19,3,2,3,4,1,9,16,0,120,0,0.11,10,0
1303,11,1,15,29,5,0,10,8,6,120,1,0.24,10,0
949,19,1,11,4,4,0,8,22,4,90,1,0.55,30,0
1429,13,2,22,24,5,2,10,14,2,120,1,0.05,10,0
967,9,3,22,27,0,3,3,16,6,60,1,0.0,10,1
1250,13,2,21,11,5,0,10,10,3,60,1,0.42,10,0
1167,19,2,17,6,3,7,10,14,3,90,1,0.76,15,0
1286,15,1,4,26,5,7,10,20,4,90,1,0.89,30,0
1260,8,1,15,27,4,2,10,14,5,90,1,0.56,15,0
857,9,1,7,8,2,0,4,10,5,120,1,0.67,20,0
1153,12,2,5,26,3,2,8,8,2,60,1,0.93,15,0
1337,9,3,3,14,3,1,7,14,4,120,1,0.53,30,0
1369,11,2,7,14,2,7,10,8,5,90,0,0.3,10,0
1491,8,1,13,2,5,4,10,8,2,60,1,0.9,10,0
1382,10,3,10,5,1,5,7,16,0,60,1,0.34,15,1
1512,9,1,24,11,0,6,6,18,1,120,1,0.97,30,1
1572,7,2,17,11,5,7,10,16,4,120,0,0.57,20,0
863,16,3,20,1,4,2,10,18,6,120,0,0.7,30,0
1009,16,2,2,27,4,4,10,16,0,90,0,0.16,20,0
1046,19,3,27,0,3,5,10,22,6,60,1,0.54,20,0
1273,16,3,0,23,2,3,7,10,0,60,1,0.81,15,0
1144,13,3,29,17,5,0,10,20,6,60,0,0.3,10,0
1560,11,3,8,5,2,5,9,14,4,120,0,0.2,10,0
1481,15,2,14,6,4,3,10,20,2,120,1,0.85,30,0
1322,6,1,6,17,2,2,6,10,0,120,0,0.65,20,0
1529,16,2,18,17,4,0,8,10,3,60,1,0.03,30,0
1115,11,2,21,16,4,6,10,10,4,60,0,0.93,15,0
1407,13,3,18,13,3,6,10,10,3,60,0,0.58,20,0
1364,19,1,26,29,2,6,10,18,1,120,1,0.76,20,0
992,16,2,8,11,2,7,10,10,4,120,1,0.09,15,0
856,14,3,22,7,5,7,10,20,5,90,0,0.45,30,0
1101,19,2,10,23,2,5,9,10,0,60,0,0.37,30,0
898,14,1,11,19,2,6,10,18,2,90,0,0.87,15,0
1372,14,3,6,1,3,5,10,18,4,90,0,0.66,20,0
907,18,3,1,12,5,0,10,16,2,120,0,0.89,30,0
1148,6,2,10,0,5,0,10,20,1,120,1,0.27,30,0
1353,20,3,4,9,3,3,9,14,3,120,0,0.33,20,0
896,16,3,13,30,2,1,5,22,3,90,1,0.5,30,0
824,17,2,9,11,5,5,10,16,6,60,1,0.2,20,0
1448,20,1,13,1,5,1,10,20,5,60,1,0.89,30,0
981,12,3,28,12,2,4,8,16,5,120,0,0.57,15,0
1198,8,2,28,14,3,7,10,18,6,90,1,0.69,20,0
811,12,3,8,25,3,0,6,22,5,60,1,0.58,30,0
1102,19,3,24,10,4,7,10,10,6,90,0,0.86,30,0
975,20,3,1,11,1,4,6,8,2,60,1,0.5,15,0
1228,6,2,24,23,2,6,10,18,1,60,1,0.49,30,0
1153,8,3,0,16,2,6,10,20,5,90,1,0.44,15,0
1375,7,3,14,17,2,2,6,8,6,120,1,0.84,15,0
1003,10,2,8,9,3,1,7,22,1,120,1,0.32,30,0
1274,19,1,26,8,2,3,7,22,2,60,1,0.73,30,0
1184,9,1,22,25,2,6,10,10,3,120,0,0.88,30,0
1508,17,3,18,16,0,4,4,14,2,120,0,0.42,10,0
991,11,1,3,22,4,7,10,20,5,120,0,0.82,15,0
1102,16,2,23,16,4,4,10,10,6,60,1,0.39,10,0
1180,14,3,29,24,2,5,9,8,1,90,0,0.74,15,0
1537,18,1,28,7,5,4,10,18,0,120,1,0.46,20,0
1489,7,2,18,23,2,5,9,10,4,90,0,0.97,20,0
856,13,2,9,21,5,2,10,22,6,90,0,0.92,15,0
1222,10,2,25,2,4,6,10,16,3,90,0,0.96,20,0
1278,18,1,16,17,0,7,7,14,3,120,0,0.21,30,0
1363,15,1,21,16,1,3,5,14,6,90,1,0.65,30,1
1064,14,2,1,29,0,4,4,18,6,60,1,0.02,10,1
1572,20,1,27,19,3,6,10,18,5,90,1,0.24,15,0
1181,15,2,11,0,1,2,4,10,2,120,0,0.18,30,0
1279,9,1,10,14,1,2,4,18,5,90,0,1.0,10,0
956,11,2,9,7,2,2,6,20,4,60,0,0.03,10,0
1354,11,1,22,19,5,4,10,14,0,60,0,0.47,20,0
1045,17,3,6,17,4,3,10,10,4,120,0,0.27,15,0
1400,15,3,13,23,0,6,6,8,0,120,1,0.86,10,0
1422,6,3,12,1,5,0,10,14,5,90,1,0.4,15,0
1482,12,2,23,15,5,3,10,16,4,120,1,0.02,20,0
929,6,3,8,4,2,5,9,20,6,60,0,0.46,10,0
1067,13,3,23,16,0,4,4,16,5,120,1,0.02,30,1
977,19,3,2,19,0,5,5,22,6,120,1,0.25,15,0
1037,11,1,22,0,3,4,10,16,6,120,0,0.39,10,0
1594,10,2,2,7,4,4,10,10,1,60,0,0.49,10,0
844,8,3,24,25,0,2,2,20,2,90,1,0.75,15,1
1271,16,1,27,21,4,5,10,10,0,90,1,0.84,15,0
830,15,1,25,25,1,5,7,20,1,90,0,0.64,30,0
1252,20,1,7,10,2,0,4,10,4,90,0,0.03,30,0
1293,19,2,13,28,4,2,10,18,0,60,1,0.7,15,0
1054,13,2,9,24,0,1,1,18,0,90,0,0.83,15,0
1072,17,1,7,26,4,7,10,8,2,60,1,0.21,15,0
1410,7,1,24,30,3,2,8,8,1,120,1,0.94,10,0
826,6,2,19,28,4,0,8,8,3,90,1,0.46,30,0
1495,20,3,28,23,1,4,6,10,0,60,0,0.64,30,0
1074,18,3,17,5,2,1,5,8,4,120,0,0.59,10,0
868,10,3,7,22,2,2,6,18,5,60,0,0.74,15,0
1138,8,2,13,6,2,7,10,10,1,60,1,0.74,20,0
1339,13,3,24,8,2,1,5,16,0,120,1,0.51,10,1
902,8,2,18,29,1,3,5,22,6,120,1,0.85,30,0
920,15,2,1,14,3,6,10,14,5,60,1,0.11,20,0
966,19,3,15,21,2,2,6,14,4,120,0,0.64,30,0
1006,10,2,30,24,3,1,7,8,4,60,1,0.29,20,0
877,15,1,17,14,5,5,10,16,1,60,0,0.13,20,0
1079,8,1,30,6,5,3,10,14,2,90,0,0.14,15,0
1330,19,1,2,10,2,1,5,18,3,60,0,0.68,30,0
980,6,2,11,30,1,7,9,14,1,120,1,0.55,20,0
844,16,3,22,8,3,0,6,20,6,120,0,0.57,10,0
1539,6,3,12,29,3,6,10,22,0,120,1,0.95,15,0
1089,16,2,24,0,3,2,8,10,2,120,1,0.75,15,0
875,12,1,20,24,4,7,10,20,6,60,1,0.15,10,0
1482,7,2,8,29,4,7,10,16,5,60,1,0.32,10,0
1211,16,2,2,24,4,2,10,22,5,120,0,0.21,30,0
1201,17,1,14,15,5,3,10,10,6,120,0,0.43,20,0
1172,15,1,0,13,4,0,8,20,4,90,0,0.31,10,0
928,11,2,3,26,2,0,4,8,2,90,1,0.02,15,1
1378,12,2,17,18,1,2,4,14,0,90,1,0.99,20,0
1081,9,1,2,20,3,4,10,14,3,60,0,0.17,30,0
1451,14,3,10,12,1,2,4,20,3,90,0,0.41,20,0
1426,18,2,19,17,3,4,10,16,0,60,0,0.66,30,0
1494,17,1,18,28,1,1,3,14,1,90,0,0.9,20,0
836,20,1,24,27,0,3,3,20,4,120,1,0.97,20,1
1017,11,1,20,28,4,2,10,8,6,90,1,0.48,20,0
1160,9,2,24,12,1,4,6,18,6,120,0,0.36,20,0
1220,15,1,19,23,3,6,10,22,3,60,1,0.53,30,0
1217,7,3,6,7,4,3,10,20,6,90,1,0.81,30,0
1589,16,2,11,22,2,5,9,16,5,90,0,0.12,20,0
1218,19,2,30,12,5,6,10,10,4,60,1,0.64,30,0
1340,18,3,1,24,4,3,10,16,4,90,1,0.09,10,0
865,10,3,21,12,0,1,1,22,0,120,1,0.6,20,1
1436,18,3,8,14,3,4,10,14,0,90,0,0.66,20,0
895,13,3,7,7,0,1,1,16,0,120,0,0.01,15,0
1549,10,2,0,26,0,6,6,18,1,60,0,0.91,10,0
988,7,2,27,15,5,3,10,16,5,60,0,0.77,15,0
831,9,3,16,14,3,5,10,22,3,120,1,0.17,10,0
1341,17,1,8,4,2,3,7,18,0,60,0,0.33,10,0
906,17,2,15,3,1,2,4,20,3,60,1,0.64,10,0
871,6,3,30,8,1,4,6,22,4,120,1,0.11,10,1
1328,9,3,17,17,4,2,10,10,0,120,0,0.28,15,0
1273,18,2,23,13,3,2,8,10,6,60,0,0.78,10,0
961,7,2,12,11,3,2,8,18,3,60,0,0.83,20,0
1559,16,1,27,0,3,7,10,14,0,120,1,0.52,15,0
926,8,2,15,11,1,5,7,22,3,60,0,0.3,10,0
872,18,3,30,16,5,7,10,16,2,120,1,0.14,10,0
1531,8,3,3,11,3,3,9,10,4,120,1,1.0,15,0
1562,6,1,13,23,1,5,7,18,6,120,0,0.69,10,0
1095,20,1,15,11,4,3,10,14,0,90,0,0.64,20,0
861,11,3,1,30,1,0,2,8,3,60,1,0.62,15,1
1418,17,1,17,30,3,1,7,16,3,120,1,0.75,30,1
832,11,2,3,22,0,7,7,8,0,60,1,0.11,20,0
964,19,2,13,16,4,2,10,16,6,90,0,0.85,10,0
1291,8,3,29,27,4,0,8,16,5,60,0,0.03,10,0
1515,11,3,14,22,4,2,10,8,1,120,0,0.31,10,0
1122,11,2,15,16,1,2,4,10,0,90,0,0.73,10,0
1044,11,1,4,8,5,0,10,10,5,90,0,0.45,10,0
1120,20,3,16,4,5,4,10,10,6,120,0,0.62,10,0
1109,6,1,20,29,0,6,6,22,2,90,0,0.62,15,0
1349,14,1,21,7,4,7,10,8,5,60,0,0.84,15,0
1569,20,3,16,18,1,2,4,14,3,120,0,0.21,15,0
873,17,2,9,13,5,1,10,8,6,90,0,0.28,30,0
981,7,1,0,18,4,7,10,16,1,90,1,0.52,30,0
1183,11,2,14,19,5,5,10,10,6,90,1,0.85,10,0
1121,19,3,23,16,0,7,7,14,5,60,0,0.44,30,0
1242,6,3,27,9,0,4,4,20,1,120,1,0.53,10,1
1207,10,1,16,29,2,5,9,18,5,60,1,0.57,20,0
837,17,1,15,19,4,7,10,20,5,120,1,0.86,15,0
1530,11,3,14,22,1,2,4,18,1,60,0,0.14,10,0
1477,13,2,10,22,4,0,8,10,3,60,0,0.74,10,0
973,20,2,4,14,1,7,9,14,2,90,1,0.53,30,0
912,17,1,21,22,4,1,9,10,0,120,1,0.98,15,0
1482,10,1,6,5,3,1,7,10,4,120,1,0.32,20,0
1335,8,1,11,30,0,4,4,8,3,90,1,0.87,30,0
1186,16,1,5,10,3,7,10,14,0,60,0,0.76,20,0
1250,18,1,12,7,4,6,10,20,3,90,1,0.73,15,0
894,19,3,27,11,0,3,3,10,0,90,1,0.23,15,1
1323,20,1,29,27,4,3,10,16,5,60,0,0.5,20,0
1303,18,3,19,26,5,5,10,18,5,120,0,0.94,30,0
1313,15,3,7,18,0,6,6,8,0,120,1,0.97,10,0
930,16,1,28,16,2,3,7,16,1,120,1,0.07,30,1
1083,17,2,26,28,5,7,10,22,4,90,1,0.05,10,0
1230,19,2,24,19,0,6,6,20,0,60,1,0.39,10,1
1535,16,2,23,24,5,4,10,10,6,60,0,0.43,20,0
1085,7,3,3,3,4,4,10,10,4,120,1,0.52,20,0
1053,13,3,9,6,3,3,9,8,0,60,0,0.85,20,0
1261,20,3,1,3,5,0,10,16,1,60,0,0.61,20,0
1028,9,3,10,11,1,4,6,22,6,90,0,0.86,15,0
1477,14,1,22,13,2,0,4,20,4,90,0,0.13,30,0
1294,18,1,14,23,0,5,5,22,5,90,0,0.83,30,0
1580,13,1,27,12,1,6,8,10,6,60,1,0.4,20,0
1265,14,2,2,22,2,6,10,18,4,90,1,0.24,30,0
944,20,3,1,3,4,2,10,20,2,60,0,0.96,15,0
856,13,3,2,14,2,7,10,14,2,60,1,0.09,10,0
1419,7,2,12,10,0,1,1,10,3,120,0,0.22,15,0
1461,18,3,9,15,3,6,10,22,5,90,0,0.48,30,0
965,18,3,8,28,2,4,8,14,1,120,1,0.02,30,1
1545,11,2,0,18,2,1,5,22,4,60,1,0.91,15,0
1591,16,2,10,19,0,5,5,10,2,90,0,0.25,10,0
947,14,1,28,8,2,6,10,8,6,120,1,0.98,15,0
1021,20,1,14,5,0,2,2,18,3,120,0,0.23,10,0
1585,19,3,1,16,5,3,10,10,5,120,1,0.72,20,0
926,17,3,4,18,5,3,10,22,3,90,1,0.13,20,0
1388,15,1,8,5,5,3,10,10,4,120,0,0.63,10,0
1122,17,3,26,4,0,6,6,8,0,60,0,0.91,20,0
1030,14,2,26,11,1,5,7,10,3,90,1,0.07,20,0
1491,13,1,23,0,0,0,0,14,2,60,1,0.17,15,1
1221,18,1,29,1,3,6,10,18,4,90,1,0.04,20,0
828,15,1,6,25,2,1,5,14,1,90,0,0.64,20,0
1355,10,3,13,23,4,4,10,16,6,60,1,0.32,20,0
1315,11,1,23,26,3,0,6,10,1,90,1,0.42,15,0
1110,20,3,10,19,4,7,10,18,3,90,0,0.37,20,0
939,16,1,15,17,1,3,5,20,5,60,1,0.87,10,0
1490,13,1,20,8,1,0,2,10,6,120,0,0.79,10,0
1277,16,2,5,28,3,2,8,18,3,90,0,0.21,20,0
1020,14,3,15,6,4,3,10,16,5,60,0,0.85,20,0
1260,12,1,25,7,2,7,10,18,1,60,0,0.79,30,0
1188,10,3,7,27,4,5,10,20,0,120,1,0.12,15,1
1208,20,2,29,2,2,0,4,10,4,90,0,0.53,15,0
900,11,3,8,24,1,4,6,18,6,60,1,0.98,15,1
1190,11,3,6,16,1,2,4,20,4,120,0,0.65,30,0
1388,6,3,12,2,0,7,7,18,2,120,0,0.39,15,0
913,10,3,22,28,4,4,10,8,1,60,1,0.33,15,0
1170,18,1,13,24,3,0,6,18,1,60,1,0.82,30,1
1251,8,3,17,10,3,4,10,8,6,120,0,0.65,15,0
1296,15,2,5,15,2,2,6,14,1,120,1,0.46,30,1
1539,12,1,13,26,4,7,10,20,0,90,1,0.69,30,0
1298,9,3,18,26,5,6,10,20,5,120,0,0.12,15,0
1448,17,3,24,14,5,2,10,16,5,60,1,0.37,10,0
1451,6,3,24,6,4,0,8,14,5,60,1,0.97,20,0
1454,17,2,30,30,1,1,3,22,1,90,1,0.89,20,0
1073,17,1,16,23,4,7,10,10,1,120,0,0.13,15,0
1065,9,1,23,0,3,1,7,18,0,90,0,0.44,30,0
1520,9,3,26,1,4,0,8,8,2,120,0,0.51,15,0
1393,20,1,0,3,5,3,10,20,5,120,0,0.94,30,0
1285,17,1,30,20,3,1,7,10,3,90,0,0.26,10,0
1429,8,1,13,16,5,1,10,16,2,120,1,0.13,20,0
818,7,2,3,25,2,6,10,16,4,90,1,0.72,30,0
1257,8,2,9,4,0,6,6,16,3,120,1,0.74,15,1
1040,13,3,24,23,5,3,10,18,2,90,1,0.74,15,0
1071,15,1,29,21,4,4,10,18,4,60,1,0.11,10,0
1184,8,3,18,20,3,5,10,16,4,120,0,0.78,20,0
821,19,1,23,24,5,1,10,10,4,60,1,0.89,20,0
1076,11,3,17,8,4,0,8,22,1,90,0,0.23,15,0
868,10,1,27,3,5,3,10,22,6,90,0,0.9,20,0
1389,20,3,27,16,0,5,5,16,2,120,1,0.59,10,1
861,17,3,8,19,4,5,10,20,6,120,1,0.06,15,0
1053,17,2,11,26,2,7,10,10,1,60,1,0.67,20,0
1012,20,2,26,7,2,4,8,22,3,120,1,0.38,20,0
857,20,2,8,15,2,7,10,10,2,90,0,0.47,10,0
896,14,1,2,16,3,2,8,10,3,60,0,0.75,15,0
1592,17,2,18,17,5,7,10,22,5,60,1,0.57,10,0
1066,10,2,26,28,4,7,10,18,1,120,1,0.3,30,0
1280,11,3,22,4,1,1,3,22,2,90,0,0.82,10,0
1369,20,2,11,4,1,0,2,10,4,120,1,0.12,15,0
1045,19,3,14,29,4,2,10,22,1,120,1,0.81,10,0
1472,9,2,23,24,3,7,10,8,0,60,0,0.02,20,0
1151,11,2,18,27,5,5,10,16,1,60,0,0.97,30,0
829,8,2,22,17,3,1,7,22,0,60,0,0.48,30,0
1224,10,2,18,22,1,7,9,10,5,60,0,0.86,10,0
850,19,3,4,2,0,7,7,18,3,90,0,0.15,15,0
936,6,1,15,28,2,7,10,8,2,120,0,0.8,30,0
1433,13,1,30,9,1,1,3,22,6,120,1,0.14,15,1
824,13,1,30,9,3,3,9,10,4,120,0,0.02,15,0
860,20,2,16,9,3,4,10,20,0,120,1,0.26,10,0
1256,6,3,19,24,5,1,10,18,1,90,0,0.17,10,0
1447,17,1,6,4,5,6,10,20,4,60,0,0.18,15,0
1393,10,3,3,23,1,7,9,22,0,60,0,0.58,10,0
1398,6,2,17,5,0,3,3,22,5,90,1,0.67,15,1
898,11,2,13,11,4,4,10,16,6,120,1,0.89,30,0
1320,20,3,4,19,4,6,10,16,4,120,0,0.11,15,0
1424,13,2,0,6,1,6,8,16,6,60,1,0.75,10,0
1038,16,1,21,30,3,1,7,8,6,60,0,0.75,30,0
1435,8,2,24,9,3,4,10,20,5,120,1,0.72,30,0
1479,9,3,28,4,5,4,10,10,6,90,1,0.66,20,0
1398,19,1,1,21,5,2,10,20,2,60,1,0.81,15,0
1456,6,1,20,7,2,7,10,16,4,90,0,0.3,10,0
929,7,3,6,2,4,5,10,14,0,90,1,0.3,30,0
1028,19,2,24,18,0,2,2,14,6,120,0,0.81,30,0
1550,15,1,7,13,3,2,8,14,0,60,1,0.86,10,0
1413,8,1,17,16,5,2,10,22,1,90,0,0.34,30,0
1136,15,3,18,17,2,3,7,10,4,120,1,0.88,15,0
1132,18,3,5,22,1,0,2,8,2,60,0,0.28,30,0
1009,19,1,11,24,3,1,7,18,6,90,1,0.13,15,0
1419,16,3,1,28,5,0,10,22,5,120,0,0.97,30,0
1034,16,1,17,30,4,6,10,20,1,60,0,0.27,20,0
936,12,1,19,16,1,7,9,22,4,90,1,0.42,30,0
1091,13,3,4,16,1,7,9,18,3,60,0,0.15,20,0
1486,18,2,21,8,4,3,10,16,5,120,1,0.47,30,0
1196,9,1,5,9,5,3,10,20,1,120,0,0.89,10,0
1158,6,2,6,9,2,1,5,10,1,90,0,0.89,20,0
955,13,3,26,0,5,2,10,16,2,120,0,0.44,10,0
873,19,2,15,19,0,2,2,8,2,120,0,0.52,15,0
1014,14,2,30,24,4,0,8,8,3,60,1,0.05,15,0
1147,12,2,9,12,0,7,7,8,4,120,1,0.0,15,0
1572,7,1,11,13,1,1,3,18,3,60,0,0.5,20,0
1125,11,1,19,10,2,2,6,10,1,90,1,0.22,10,0
1309,7,3,2,21,5,5,10,8,0,90,1,0.72,15,0
1344,13,1,21,4,4,2,10,14,6,90,0,0.81,20,0
1199,11,1,20,29,4,4,10,18,1,60,0,0.42,20,0
1511,11,1,5,24,4,1,9,10,0,120,1,0.64,30,0
1003,16,3,30,6,5,6,10,20,3,90,1,0.29,15,0
1225,19,3,2,23,3,6,10,20,5,90,1,0.97,20,0
1581,11,1,27,19,5,4,10,16,2,60,1,0.95,15,0
1026,9,1,25,20,5,7,10,10,5,90,1,0.77,15,0
1509,9,1,23,5,3,2,8,8,1,120,0,0.77,10,0
866,6,2,18,28,5,6,10,20,5,120,1,0.97,30,0
1252,10,2,16,5,1,6,8,16,4,120,0,0.12,20,0
1295,7,2,10,10,1,2,4,16,4,60,0,0.69,20,0
1424,19,2,26,13,1,0,2,8,3,90,1,0.39,10,0
1544,11,1,23,2,1,6,8,20,3,60,1,0.91,10,0
1491,12,2,16,23,5,3,10,22,4,60,0,0.97,20,0
1500,18,1,24,9,0,6,6,10,2,60,0,0.22,30,0
924,20,2,6,20,2,1,5,14,0,90,0,0.01,20,0
1268,6,3,27,9,4,7,10,20,2,120,1,0.57,15,0
1421,9,1,5,19,3,3,9,20,2,60,0,0.43,30,0
1300,16,2,23,7,1,6,8,14,0,120,1,0.33,10,0
998,8,3,4,3,3,5,10,16,6,60,0,0.93,30,0
1506,18,3,10,27,4,3,10,8,3,90,0,0.16,20,0
1567,9,1,13,20,5,3,10,20,5,60,1,0.71,15,0
1240,6,2,0,4,2,5,9,16,3,120,1,0.12,20,0
1055,13,1,27,20,3,1,7,8,2,60,0,0.47,30,0
843,6,2,4,30,2,6,10,16,1,120,1,0.47,15,0
1407,7,2,17,19,1,5,7,18,2,60,1,0.88,30,0
1456,17,2,23,14,1,0,2,18,3,120,0,0.51,30,0
866,14,2,1,30,1,5,7,10,4,90,1,0.07,15,0
1122,15,2,5,3,5,1,10,18,5,120,1,0.31,15,0
1390,17,2,11,2,3,0,6,18,0,90,1,0.0,15,1
1510,13,2,30,28,3,5,10,20,3,90,1,0.34,30,0
1152,9,3,8,27,1,6,8,16,0,120,0,0.46,15,0
1234,15,3,13,5,5,2,10,14,1,60,0,0.72,30,0
1086,19,2,24,23,0,5,5,22,4,120,1,0.83,10,0
1511,19,1,16,23,0,4,4,8,5,90,1,0.99,30,0
885,9,3,19,21,4,4,10,16,3,90,0,0.71,20,0
1506,11,2,5,15,4,5,10,20,6,60,1,0.79,15,0
1022,18,1,17,22,0,3,3,20,5,120,0,0.2,15,0
1335,6,3,29,29,5,5,10,10,2,60,0,0.76,30,0
904,15,2,29,12,3,5,10,10,4,90,1,0.07,20,0
970,20,3,30,17,1,7,9,18,4,90,1,0.08,30,1
1365,20,2,9,29,2,0,4,8,5,120,1,0.7,20,0
1515,9,1,22,23,0,7,7,10,4,90,0,0.26,15,0
1019,16,3,21,30,2,5,9,14,6,60,1,0.96,15,0
937,11,3,7,10,5,2,10,10,5,120,1,0.85,20,0
1208,9,2,13,22,4,0,8,10,5,90,0,0.74,15,0
1291,11,2,1,18,0,1,1,18,5,60,1,0.41,20,1
1079,15,1,18,25,2,1,5,20,2,90,1,0.21,30,1
963,8,1,14,16,0,5,5,22,3,120,1,0.06,20,1
1580,16,3,25,20,5,4,10,16,3,90,1,0.35,20,1
1453,15,1,0,9,2,0,4,10,6,120,1,0.75,30,0
1370,17,1,3,24,5,0,10,22,0,60,1,0.37,15,0
1227,18,3,15,28,2,0,4,16,3,90,1,0.1,10,1
1359,8,2,14,28,5,2,10,8,5,120,1,0.01,20,0
1407,13,1,11,15,0,1,1,10,5,90,1,0.51,20,1
1463,15,1,3,26,2,0,4,8,4,120,0,0.37,20,0
856,19,2,23,16,5,5,10,14,5,60,1,0.87,15,0
1349,7,2,23,29,3,1,7,8,5,120,1,0.2,10,0
1315,17,3,18,22,4,6,10,22,6,60,1,0.52,30,0
1119,13,2,13,10,3,3,9,14,1,120,1,0.59,30,0
852,15,1,12,25,2,4,8,8,1,90,0,0.37,30,0
892,19,1,11,4,2,0,4,10,1,60,1,0.62,20,0
1337,19,2,14,15,4,7,10,10,4,120,0,0.58,10,0
813,16,2,24,8,2,1,5,22,0,90,1,0.47,30,0
1579,19,1,5,10,0,6,6,10,2,90,0,0.14,10,0
1573,8,3,13,5,0,0,0,22,2,60,1,0.78,10,1
1287,13,3,0,14,3,5,10,20,3,60,0,0.59,20,0
1499,10,1,22,15,1,5,7,20,3,120,0,0.13,30,0
826,7,2,14,29,1,6,8,20,3,120,1,0.48,15,1
1424,9,3,2,24,3,7,10,16,5,60,1,0.6,30,0
988,16,1,28,8,5,4,10,18,6,60,1,0.08,15,0
846,20,1,13,13,3,1,7,10,3,120,1,0.76,30,0
1007,18,2,11,30,2,0,4,18,2,120,1,0.67,20,1
1120,14,3,27,27,0,6,6,22,2,120,1,0.98,10,0
958,15,2,29,29,2,0,4,8,3,60,1,0.83,15,0
1528,16,2,15,24,3,2,8,20,1,120,0,0.65,15,0
1542,8,1,3,30,3,1,7,18,1,120,1,0.43,20,1
1521,14,1,10,24,3,1,7,10,1,120,1,0.93,15,0
841,15,3,18,13,2,2,6,14,3,90,1,0.35,10,1
989,10,3,4,19,1,1,3,20,4,90,0,0.47,30,0
960,7,3,28,22,0,5,5,22,6,90,1,0.35,20,1
1380,7,3,3,9,2,2,6,16,2,120,1,0.82,30,1
1114,7,2,26,18,3,5,10,10,2,120,1,0.27,30,0
1477,17,1,5,27,5,3,10,18,1,120,0,0.82,15,0
1462,11,3,16,8,3,3,9,18,6,60,0,0.31,20,0
1336,12,1,8,27,4,4,10,20,0,60,1,0.45,15,0
1215,16,1,28,28,3,2,8,8,2,120,1,0.18,15,0
885,13,1,8,15,0,2,2,22,5,120,1,0.08,20,1
1172,6,1,10,28,3,2,8,20,3,120,0,0.6,20,0
968,18,2,23,0,1,7,9,20,3,90,0,0.95,20,0
1015,9,1,10,10,2,5,9,16,4,60,1,0.5,10,0
1587,19,1,20,3,0,7,7,14,2,60,0,0.9,20,0
900,13,3,26,26,4,7,10,20,5,120,1,0.93,15,0
1240,10,3,26,25,2,5,9,8,6,90,0,1.0,20,0
1246,11,3,28,18,5,7,10,20,2,90,1,0.69,30,0
1148,8,1,2,10,3,0,6,20,0,120,0,0.87,30,0
1013,19,1,6,2,1,7,9,8,6,60,1,0.12,15,0
881,18,1,18,21,2,2,6,8,0,120,0,0.7,30,0
1522,7,2,13,18,5,6,10,16,3,90,1,0.83,15,0
1219,12,2,6,30,0,2,2,18,5,90,0,0.49,20,0
991,17,1,6,4,1,1,3,20,1,120,1,0.08,20,1
990,12,1,5,29,3,7,10,8,2,60,0,0.63,30,0
957,11,1,19,22,4,1,9,22,1,60,1,0.59,30,0
800,10,3,15,8,5,4,10,22,5,90,0,0.95,30,0
963,17,1,30,14,5,5,10,14,3,90,0,0.84,20,0
1299,7,3,9,23,0,5,5,22,2,90,0,0.31,30,0
838,11,3,30,28,1,7,9,10,3,120,0,0.94,30,0
863,10,2,7,10,4,0,8,18,5,120,1,0.62,10,0
904,19,3,21,16,3,3,9,22,4,120,0,0.51,15,0
846,11,3,7,8,5,1,10,10,4,90,1,0.92,30,0
1020,6,1,29,3,4,4,10,8,1,60,0,0.6,10,0
1458,7,1,24,26,1,6,8,22,4,90,0,0.78,10,0
1236,6,2,18,23,5,7,10,16,3,90,1,0.92,10,0
840,14,3,8,23,2,3,7,16,4,60,0,0.56,30,0
1056,18,2,6,1,5,5,10,16,0,90,0,0.93,20,0
977,10,1,10,29,3,4,10,8,6,60,0,0.3,20,0
1163,8,2,11,19,1,7,9,16,3,60,0,0.86,20,0
1213,16,1,9,23,5,0,10,20,0,90,1,0.69,10,0
909,18,3,12,9,5,4,10,20,3,60,0,0.45,20,0
822,13,1,0,13,1,2,4,16,2,120,0,0.25,20,0
1546,20,2,16,22,5,3,10,10,3,120,1,0.85,10,0
976,16,3,11,8,1,1,3,22,1,90,1,0.55,15,0
811,8,1,2,7,3,6,10,22,5,60,0,0.18,20,0
1540,16,1,16,2,1,3,5,18,1,90,0,0.29,30,0
1492,8,2,4,1,4,2,10,16,3,90,1,0.98,15,0
857,17,1,29,19,2,7,10,20,4,90,0,0.75,15,0
991,20,2,5,10,0,7,7,14,5,60,0,0.29,30,0
1024,18,3,8,8,0,7,7,20,4,120,1,0.56,15,0
1293,9,2,30,27,0,2,2,10,6,60,0,0.88,10,0
1581,17,3,21,28,0,3,3,16,5,120,1,0.86,30,1
1363,15,2,21,16,5,4,10,14,4,120,1,0.84,15,0
1039,10,2,0,2,1,0,2,18,6,60,0,0.98,10,0
1268,12,3,10,21,3,3,9,22,5,90,0,0.53,30,0
1382,12,3,25,5,4,0,8,22,4,120,0,0.2,20,0
962,13,2,26,28,4,6,10,8,3,120,0,0.69,10,0
894,12,2,4,22,1,1,3,18,6,90,1,0.63,30,1
855,19,1,15,30,0,2,2,14,3,120,1,0.69,30,1
1484,14,3,14,11,4,5,10,16,1,60,1,0.07,15,0
1394,19,2,22,6,0,6,6,22,6,90,0,0.47,10,0
980,17,2,27,24,2,2,6,14,6,60,1,0.26,30,1
1180,14,3,14,16,5,4,10,18,5,60,1,1.0,10,0
1122,7,3,22,23,3,4,10,14,5,120,1,0.12,30,0
1318,13,3,4,14,5,4,10,18,3,90,1,0.94,10,0
1366,10,1,2,20,5,5,10,14,0,90,0,0.33,30,0
809,19,2,30,8,3,0,6,18,0,120,0,0.9,30,0
876,9,3,21,14,0,2,2,22,6,120,1,0.22,15,1
984,16,1,2,25,1,7,9,8,6,90,1,0.31,20,0
1313,19,3,16,2,3,4,10,14,1,90,1,0.27,15,0
1533,8,3,9,17,4,5,10,18,1,120,0,0.42,10,0
1075,18,2,20,7,0,1,1,8,0,120,0,0.51,30,0
1182,20,3,30,30,4,7,10,8,0,60,0,0.16,20,0
817,7,1,4,22,4,7,10,18,3,90,0,0.1,20,0
968,20,2,8,19,3,3,9,14,6,60,1,0.98,20,0
1496,14,1,23,9,0,5,5,18,2,60,0,0.05,10,0
1390,17,1,10,24,2,4,8,20,1,120,1,0.11,30,1
1139,7,3,10,24,0,1,1,10,5,60,1,0.95,15,0
1259,10,1,20,30,4,0,8,20,6,60,1,0.69,15,0
1594,6,1,30,22,3,5,10,20,2,60,1,0.44,20,0
1511,9,1,17,21,5,3,10,22,6,90,1,0.02,15,0
1473,12,1,18,11,3,4,10,10,3,90,1,0.39,30,0
1129,7,1,16,29,2,4,8,14,2,90,1,0.23,20,1
1546,12,1,20,11,0,7,7,18,3,60,0,0.84,20,0
818,9,1,25,18,5,1,10,18,2,120,0,0.92,15,0
1526,16,2,15,10,2,2,6,18,2,60,0,0.17,30,0
1267,14,3,28,2,3,1,7,22,6,120,1,0.49,10,0
1110,13,1,12,9,1,4,6,22,0,60,0,0.05,20,0
958,6,1,12,19,0,6,6,10,0,120,1,0.9,10,0
1194,8,1,14,11,3,3,9,16,5,90,0,0.79,30,0
1385,10,3,5,29,5,7,10,22,5,60,0,0.08,10,0
887,19,3,11,20,5,3,10,10,6,120,0,0.01,20,0
854,20,1,10,10,3,0,6,16,5,90,1,0.86,10,0
1429,17,3,21,19,4,3,10,8,0,90,0,0.98,15,0
1216,6,1,8,12,1,2,4,8,4,60,1,0.86,15,0
1141,6,2,16,4,0,7,7,20,0,90,0,0.77,20,0
1235,18,3,30,17,0,5,5,10,4,60,0,0.86,30,0
937,15,2,0,5,3,7,10,22,1,90,1,0.55,30,0
1527,11,2,0,21,1,5,7,20,1,90,1,0.42,20,1
1568,15,1,29,25,2,7,10,22,5,120,0,0.24,30,0
911,7,3,30,1,4,2,10,18,5,90,0,0.15,30,0
1256,11,1,13,0,0,2,2,8,0,120,0,0.6,20,0
1132,10,3,26,2,2,3,7,20,3,120,0,0.62,10,0
860,6,1,26,23,4,5,10,8,5,60,1,0.27,20,0
1229,16,2,9,7,4,0,8,14,5,90,0,0.62,30,0
1078,15,1,4,1,2,6,10,20,3,60,1,0.24,30,0
1067,16,1,30,9,3,3,9,20,1,120,0,0.69,30,0
867,14,3,6,24,5,4,10,14,2,90,0,0.57,30,0
1089,15,3,3,26,0,3,3,18,2,60,1,0.61,15,1
1170,17,2,28,3,0,0,0,20,3,120,1,0.64,15,1
1291,15,2,4,18,0,6,6,14,1,120,0,0.22,15,0
1159,9,2,13,30,4,5,10,10,2,60,0,0.87,10,0
1252,14,1,24,6,3,3,9,8,5,60,1,0.51,10,0
1138,6,2,26,12,0,5,5,10,4,90,1,0.94,15,0
1333,20,2,23,22,4,3,10,20,2,60,1,0.54,15,0
897,13,3,24,8,3,3,9,14,4,60,0,0.23,30,0
1192,17,3,28,9,4,7,10,14,4,60,0,0.72,15,0
1469,11,3,14,12,4,7,10,22,4,90,1,0.75,30,0
1547,11,1,7,26,0,2,2,20,1,90,0,0.59,10,0
1573,11,3,23,11,0,3,3,14,5,120,1,0.14,10,1
1512,10,1,29,29,3,7,10,14,2,120,0,0.59,20,0
901,11,2,1,6,4,7,10,22,5,90,0,0.74,30,0
1450,14,1,2,23,0,2,2,22,0,60,1,0.0,10,0
1015,7,1,12,15,0,2,2,16,5,120,1,0.07,10,1
1213,18,1,5,1,0,7,7,16,2,60,1,0.64,20,1
1546,9,1,26,6,3,0,6,10,1,120,1,0.14,30,1
1450,14,2,15,16,5,3,10,18,6,60,0,0.2,20,0
1018,11,3,28,3,5,1,10,14,1,90,1,0.39,20,0
1492,19,3,20,25,1,1,3,22,6,90,1,0.69,30,1
1322,10,3,2,6,1,0,2,16,5,60,1,0.94,30,1
1076,18,2,29,27,0,2,2,20,1,90,1,0.29,10,1
1551,10,1,12,18,2,7,10,8,2,90,1,0.37,30,0
1468,12,2,8,18,4,6,10,22,1,120,0,0.81,15,0
1147,19,3,16,27,0,7,7,8,1,60,0,0.23,10,0
842,16,1,30,29,2,6,10,8,2,120,1,0.23,20,0
1423,20,3,5,1,0,6,6,22,6,120,0,0.81,10,0
1267,18,2,5,25,2,4,8,20,2,90,0,0.52,20,0
1597,8,1,13,12,1,5,7,18,4,120,1,0.06,15,1
1181,14,2,29,16,0,5,5,10,4,90,0,0.01,20,0
931,14,3,8,3,1,7,9,22,5,90,0,0.92,30,0
1236,7,1,14,18,4,0,8,22,3,90,0,0.74,15,0
1594,17,2,16,5,4,1,9,22,6,60,1,0.04,30,0
868,9,3,6,7,3,3,9,18,4,120,0,0.76,15,0
878,17,3,25,3,0,3,3,10,3,60,0,0.74,30,0
1011,20,2,30,15,0,6,6,22,2,120,0,0.32,10,0
943,7,3,26,0,3,5,10,16,3,60,1,0.21,10,0
1479,14,2,0,23,4,7,10,16,6,120,0,0.1,20,0
1175,9,3,26,14,2,1,5,18,0,120,0,0.76,15,0
1032,13,1,7,14,4,0,8,10,3,60,0,0.8,20,0
1442,18,3,21,3,2,4,8,20,4,90,1,0.21,10,0
1553,9,2,27,19,2,2,6,16,0,90,0,0.9,10,0
1141,19,1,23,30,4,5,10,8,4,120,1,0.1,15,0
969,17,2,29,26,5,3,10,14,1,120,1,0.31,30,0
803,10,1,11,7,2,4,8,20,5,90,1,0.32,30,1
1264,8,1,12,12,3,4,10,14,3,90,0,0.04,20,0
893,11,3,20,29,1,6,8,16,5,120,1,0.0,30,1
1085,20,1,0,17,3,1,7,14,1,90,1,0.38,20,1
1197,8,1,11,13,5,1,10,20,5,90,1,0.09,15,0
1099,19,2,15,5,3,4,10,18,4,60,0,0.49,20,0
1087,10,2,12,29,3,5,10,14,5,120,1,0.6,15,0
963,11,1,0,3,1,4,6,22,6,90,1,0.92,20,0
914,7,2,8,24,5,7,10,16,1,60,0,0.17,10,0
1083,15,1,20,21,3,3,9,16,5,60,1,0.71,10,0
1034,14,1,16,23,1,7,9,18,5,60,0,0.23,20,0
1103,10,2,29,9,4,2,10,8,1,90,0,0.71,15,0
1564,8,2,0,1,2,1,5,20,4,90,1,0.94,10,1
957,13,2,8,13,4,1,9,14,4,120,1,0.56,20,0
1400,7,1,29,18,1,4,6,10,6,60,1,0.13,30,1
1129,12,1,2,20,3,7,10,8,4,60,0,0.01,10,0
1104,18,1,2,15,4,5,10,8,5,120,1,0.42,15,0
802,6,2,1,14,3,5,10,10,0,60,1,0.13,20,0
1124,20,1,22,26,4,5,10,22,6,120,0,0.69,10,0
1066,12,1,26,21,0,2,2,18,1,60,0,0.98,10,0
1072,11,1,18,18,3,5,10,10,5,120,0,0.87,10,0
1207,10,3,14,26,2,4,8,16,2,60,1,0.09,20,1
1261,20,2,6,11,4,3,10,14,2,90,1,0.83,10,0
1057,10,1,7,12,2,2,6,18,5,90,0,1.0,15,0
1144,15,1,23,29,3,2,8,22,6,120,1,0.5,30,0
1110,10,2,27,12,2,4,8,10,3,90,0,0.08,20,0
1592,17,1,28,23,2,1,5,8,3,90,1,0.26,30,1
1139,13,2,26,14,0,1,1,8,5,60,0,0.0,15,0
1308,9,3,25,27,4,0,8,18,0,120,0,0.73,20,0
842,9,1,10,18,4,1,9,8,1,90,0,0.32,10,0
1116,17,2,14,29,2,6,10,18,3,60,1,0.68,10,0
1539,7,1,3,2,0,0,0,14,4,90,1,0.99,20,1
1055,12,1,19,2,2,4,8,8,6,120,1,0.4,15,0
1077,20,3,26,19,3,4,10,22,6,90,0,0.72,15,0
1467,9,1,0,2,1,2,4,8,2,60,0,0.56,10,0
959,8,2,11,7,0,1,1,16,1,120,0,0.46,10,0
1212,17,1,23,10,5,2,10,8,4,90,1,0.22,15,0
1479,14,3,4,3,3,4,10,10,0,60,0,0.07,30,0
1107,12,3,10,12,3,0,6,18,0,90,0,0.48,10,0
1367,6,3,26,2,2,7,10,8,0,90,0,0.35,15,0
1242,6,3,23,28,2,6,10,18,5,90,1,0.17,30,1
938,18,1,6,30,5,1,10,10,5,90,0,0.93,30,0
1493,9,1,8,25,2,1,5,8,3,120,0,0.63,30,0
1367,19,2,27,8,0,1,1,14,1,90,0,0.68,10,0
930,17,2,12,12,0,4,4,22,3,120,0,0.27,30,0
892,17,2,3,8,1,3,5,10,0,60,0,0.3,20,0
1175,18,2,29,13,1,6,8,16,5,60,0,0.01,30,0
1397,19,1,27,9,1,5,7,20,6,120,1,0.83,10,0
1009,11,1,5,30,1,2,4,10,6,60,1,0.84,30,0
936,19,1,5,1,1,2,4,16,5,90,0,0.88,30,0
1027,12,1,10,10,3,6,10,20,2,60,0,0.48,10,0
1437,8,1,14,11,5,6,10,8,1,90,0,0.89,20,0
1485,20,3,21,13,0,6,6,8,2,120,1,0.16,30,1
1558,7,2,24,19,3,1,7,18,3,60,0,0.76,20,0
991,11,3,19,19,2,1,5,10,1,120,0,0.78,10,0
1169,13,1,11,15,2,5,9,14,1,90,0,0.22,30,0
1109,9,3,12,10,3,4,10,18,2,90,0,0.35,10,0
984,16,3,4,24,1,4,6,8,0,90,1,0.13,30,1
1284,20,3,30,27,1,5,7,8,3,120,1,0.46,15,0
1444,13,3,4,25,0,3,3,16,1,90,0,0.14,15,0
890,12,1,3,6,3,2,8,14,1,90,1,0.42,10,0
1077,18,3,6,21,0,6,6,8,1,90,0,0.78,15,0
1318,8,3,25,6,4,1,9,16,1,60,0,0.3,15,0
1348,14,3,29,28,0,1,1,20,6,120,1,0.32,15,1
1315,10,1,23,18,2,1,5,22,5,120,0,0.14,20,0
1225,19,3,11,21,3,6,10,22,0,120,0,0.27,30,0
981,9,2,6,29,5,5,10,14,6,120,1,0.94,10,0
1020,18,2,30,4,1,5,7,14,2,90,0,0.19,20,0
1188,8,3,7,11,1,0,2,18,1,120,0,0.83,15,0
1038,7,1,9,10,0,2,2,22,5,120,1,0.85,15,0
1527,7,1,14,27,0,0,0,16,5,120,0,0.42,30,0
881,12,3,28,25,1,6,8,20,1,90,0,0.36,30,0
1434,20,1,18,1,4,0,8,8,3,90,1,0.09,30,0
1037,19,1,22,10,5,1,10,14,3,60,0,0.9,30,0
1438,8,2,16,15,4,4,10,16,2,120,0,0.79,30,0
1162,17,2,16,4,2,0,4,14,6,90,1,0.04,20,1
1365,16,3,15,4,2,1,5,10,5,60,0,0.49,15,0
1468,20,1,15,3,3,1,7,18,3,90,1,0.25,20,1
1224,7,2,6,26,2,6,10,14,6,90,1,0.94,20,0
881,12,3,28,28,2,3,7,16,5,90,0,0.98,15,0
1289,18,1,3,6,2,6,10,10,0,90,1,0.27,20,0
1363,8,2,17,9,1,0,2,10,4,60,0,0.27,15,0
897,11,3,0,8,0,0,0,16,3,90,0,0.47,20,0
992,17,2,26,13,3,0,6,14,2,120,0,0.45,30,0
1125,18,2,2,18,1,7,9,8,5,60,1,0.42,20,0
1341,9,3,26,7,5,7,10,18,1,120,1,0.34,20,1
1078,13,2,25,19,4,0,8,18,4,60,1,0.11,20,1
1021,10,3,26,14,2,3,7,8,1,120,1,0.81,20,0
885,9,1,25,16,2,2,6,18,2,90,1,0.44,20,1
1454,6,1,10,28,1,7,9,8,1,120,1,0.08,30,0
1113,14,2,28,14,2,2,6,18,0,60,1,0.67,20,1
1272,6,3,28,26,3,1,7,10,4,90,0,0.53,20,0
1306,10,1,2,13,5,7,10,10,0,120,1,0.98,30,0
888,10,2,26,27,2,6,10,10,1,90,1,0.41,20,0
1269,6,1,22,6,2,7,10,22,2,60,0,0.18,10,0
869,15,1,25,7,2,4,8,14,2,90,0,0.64,20,0
820,20,2,24,26,4,0,8,20,5,90,1,0.28,20,1
1211,15,3,5,24,0,6,6,20,0,120,1,0.85,15,1
916,7,2,25,11,4,5,10,22,1,90,1,0.35,10,0
1416,12,2,3,0,0,4,4,22,2,90,0,0.66,30,0
1267,8,2,19,1,4,0,8,16,2,90,0,0.49,30,0
1231,6,3,8,1,2,3,7,20,6,90,1,0.27,15,1
923,19,1,20,4,5,6,10,8,4,90,0,1.0,30,0
1467,9,2,16,20,2,2,6,10,2,90,1,0.47,30,0
1536,18,2,26,2,2,2,6,18,4,60,0,0.16,20,0
1208,9,3,8,9,0,1,1,20,5,60,1,0.48,20,1
833,12,3,0,18,3,2,8,18,5,90,0,0.04,30,0
1256,8,1,10,9,0,7,7,20,3,120,1,0.72,30,1
1115,15,2,29,15,2,3,7,18,6,120,1,0.96,10,0
1062,14,3,25,3,0,7,7,20,4,60,1,0.2,20,1
1011,19,2,4,24,1,4,6,22,1,120,1,0.75,20,0
961,11,1,1,1,4,3,10,14,2,90,1,0.86,15,0
1001,11,1,4,9,2,5,9,8,1,90,0,0.29,30,0
893,7,2,30,11,0,0,0,22,1,120,0,0.05,10,0
1215,15,2,14,1,5,3,10,18,6,60,1,0.09,20,0
1206,8,1,4,9,3,4,10,14,4,120,1,0.25,30,0
1480,20,1,3,29,0,0,0,14,5,90,1,0.48,30,1
985,6,1,19,15,5,1,10,22,3,90,1,0.35,10,0
812,18,3,23,9,0,4,4,22,6,90,0,0.08,30,0
1071,11,1,28,0,3,3,9,10,0,90,0,0.85,20,0
1302,12,1,30,3,3,3,9,22,1,120,1,0.98,15,0
1560,12,2,5,6,1,7,9,16,5,120,0,0.56,10,0
1281,15,2,3,14,0,2,2,18,1,60,1,0.71,20,1
1225,16,1,11,16,3,4,10,10,5,90,1,0.54,10,0
1451,13,3,6,14,1,2,4,10,6,60,1,0.45,30,0
1463,12,2,22,25,0,4,4,8,4,60,1,0.79,10,0
1333,6,2,20,6,2,4,8,18,1,90,0,0.72,20,0
1187,8,3,24,8,2,0,4,16,1,60,1,0.53,10,1
1254,10,3,17,20,4,2,10,18,6,90,0,0.08,30,0
1355,18,2,8,22,2,7,10,18,4,90,0,0.85,30,0
1025,19,1,24,23,3,2,8,10,6,90,0,0.71,10,0
888,7,2,27,3,3,0,6,10,1,120,1,0.91,30,0
987,12,1,16,18,0,5,5,14,5,90,1,0.81,30,0
1328,13,1,28,26,5,1,10,16,4,120,0,0.87,10,0
875,19,2,13,6,1,7,9,8,2,90,0,0.83,30,0
1279,19,3,11,23,0,0,0,20,5,90,0,0.8,30,0
1008,11,2,27,23,0,2,2,22,2,90,1,0.98,10,0
1136,20,2,26,7,2,3,7,16,6,60,0,0.83,15,0
873,15,2,24,28,5,3,10,10,4,60,1,0.98,20,0
1536,6,3,29,7,2,0,4,20,5,90,0,0.13,10,0
1311,15,3,18,24,3,2,8,14,1,120,0,0.37,15,0
1299,13,2,3,9,5,6,10,18,3,60,0,0.23,20,0
1026,19,1,11,22,4,6,10,14,0,120,1,0.86,30,0
1580,19,3,24,29,1,3,5,18,1,60,0,0.51,20,0
1163,9,3,13,27,3,0,6,20,2,90,0,0.07,10,0
962,19,1,0,1,5,1,10,14,6,60,0,0.34,30,0
981,10,1,23,25,0,7,7,18,6,60,0,0.42,10,0
1376,13,2,1,1,1,2,4,22,4,120,0,0.75,10,0
1086,20,3,7,20,0,3,3,14,5,90,0,0.49,20,0
1474,15,3,14,2,4,7,10,18,3,120,0,0.58,20,0
1247,13,1,18,7,0,4,4,18,3,90,0,0.08,15,0
833,7,2,20,5,2,3,7,22,4,90,1,0.65,30,0
871,14,3,24,7,0,6,6,8,3,120,0,0.0,30,0
1434,12,3,15,28,1,6,8,10,0,60,0,0.48,15,0
825,10,3,28,7,1,6,8,22,0,90,0,0.06,15,0
1175,15,1,6,18,3,1,7,8,2,60,0,0.66,15,0
1597,13,2,10,12,1,1,3,18,6,120,0,0.42,20,0
1289,17,3,24,29,4,3,10,10,6,60,0,0.34,30,0
1528,6,2,28,7,5,6,10,16,1,60,0,0.74,30,0
1456,6,3,30,11,5,6,10,14,2,90,0,0.22,10,0
1506,8,1,27,11,2,5,9,16,4,60,0,0.34,10,0
906,6,2,1,30,5,2,10,10,3,120,1,0.92,15,0
997,7,1,23,7,2,5,9,20,4,60,0,0.8,15,0
1369,7,1,8,4,4,0,8,10,6,60,1,0.23,30,0
937,14,2,21,8,1,3,5,16,4,60,0,0.7,30,0
1420,16,3,18,28,1,2,4,8,0,120,0,0.41,15,0
907,9,2,14,24,0,1,1,10,3,60,1,0.94,15,0
1545,14,2,16,15,0,3,3,14,1,60,1,0.43,30,1
926,11,2,15,17,5,2,10,20,1,90,1,0.79,10,0
1082,19,2,20,23,1,0,2,8,3,90,1,0.27,20,1
1463,11,1,17,11,0,3,3,14,5,60,0,0.91,15,0
1254,6,2,0,5,3,3,9,20,5,90,0,0.47,15,0
1378,7,2,19,4,4,4,10,8,3,120,0,0.7,20,0
1440,14,3,26,19,5,1,10,18,6,60,1,0.33,15,0
833,8,1,6,1,3,1,7,18,2,60,0,0.97,10,0
1216,20,3,23,24,0,6,6,10,4,120,0,0.54,20,0
1142,9,1,8,2,5,2,10,14,4,90,0,0.05,15,0
805,17,1,6,4,2,5,9,22,3,60,0,0.4,15,0
1298,8,3,19,23,5,2,10,22,3,60,1,0.29,15,0
1013,6,1,24,29,2,1,5,18,0,120,0,0.23,15,0
1554,13,2,27,5,0,1,1,16,0,60,1,0.31,10,1
961,9,1,27,9,5,6,10,14,5,90,1,0.38,10,0
1452,13,2,14,15,1,3,5,8,6,90,0,0.39,15,0
1467,6,1,11,27,0,6,6,22,0,90,0,0.73,30,0
1515,16,3,1,13,5,7,10,10,1,60,1,0.76,10,0
1289,9,2,20,16,1,7,9,8,6,120,1,0.61,10,0
1331,9,2,13,3,1,7,9,18,2,60,0,0.03,10,0
1136,10,2,19,25,2,1,5,20,0,90,0,0.3,10,0
1365,9,2,11,3,1,4,6,10,0,120,0,0.13,20,0
1029,16,1,26,3,4,7,10,8,4,90,0,0.76,30,0
1504,12,3,30,14,0,1,1,14,6,120,0,0.34,15,0
1213,18,2,22,17,4,0,8,10,2,90,1,0.61,10,0
899,7,3,12,20,2,1,5,14,1,60,1,0.94,10,0
1051,11,2,29,20,5,6,10,22,3,120,0,0.11,15,0
1414,13,3,10,17,2,7,10,22,2,60,1,0.06,15,0
1107,14,3,21,20,0,7,7,16,6,60,0,0.97,15,0
977,8,1,18,7,1,0,2,18,0,120,0,0.9,20,0
1599,6,1,7,24,1,4,6,20,5,60,0,0.72,30,0
904,16,2,4,6,3,5,10,10,1,60,0,0.35,30,0
962,8,1,23,0,4,3,10,20,1,120,0,0.49,30,0
1299,10,2,21,15,3,4,10,10,2,60,0,0.3,20,0
1152,15,3,28,27,1,3,5,16,2,90,1,0.08,15,1
1010,13,1,22,14,2,0,4,18,5,120,0,0.86,20,0
1367,15,2,25,11,0,4,4,18,0,90,1,0.81,15,1
849,16,2,1,27,1,6,8,14,4,90,1,0.49,30,0
1302,20,3,10,2,2,0,4,18,5,90,0,0.62,15,0
1386,15,1,30,10,3,1,7,8,0,60,1,0.59,20,0
1023,11,2,1,5,5,1,10,22,6,90,0,0.02,20,0
950,19,3,16,29,5,2,10,22,1,60,1,0.69,20,0
1142,13,3,8,12,1,2,4,18,5,90,0,0.86,10,0
805,7,3,22,28,4,5,10,10,0,60,0,0.79,20,0
1237,10,2,1,19,1,3,5,8,1,120,0,0.47,30,0
933,15,2,15,15,4,4,10,10,1,90,1,0.83,15,0
915,18,3,24,29,2,6,10,18,6,120,1,0.32,30,1
898,9,2,26,13,3,2,8,10,1,90,0,0.04,15,0
1532,17,3,27,21,3,3,9,18,5,60,1,0.51,15,0
1510,19,1,28,4,5,3,10,22,3,90,1,0.35,30,0
1271,14,1,25,22,5,6,10,8,6,90,1,0.1,10,0
1231,10,2,26,23,0,3,3,22,0,90,1,0.0,15,1
1385,15,3,29,20,1,3,5,18,6,90,1,0.41,15,1
990,13,2,5,24,2,6,10,22,6,60,1,0.58,15,0
1355,6,1,30,23,4,3,10,14,4,90,0,0.39,20,0
1193,14,3,28,0,5,5,10,18,5,60,1,0.58,10,0
1217,6,2,15,10,2,6,10,14,0,60,0,0.01,30,0
1183,16,2,6,8,3,3,9,16,0,90,1,0.9,10,0
1497,9,1,21,3,4,5,10,14,2,120,1,0.75,10,0
1165,11,3,23,22,5,0,10,10,6,120,1,0.81,20,0
1419,14,2,8,0,4,5,10,20,1,90,1,0.68,10,0
1588,6,3,7,21,3,1,7,20,1,120,0,0.49,30,0
929,20,1,10,8,4,0,8,8,5,90,1,0.28,20,0
1399,8,3,29,10,4,0,8,18,3,90,1,0.16,10,1
1436,17,3,17,24,0,4,4,18,1,60,1,0.95,20,1
1224,8,2,21,25,2,7,10,8,2,60,1,0.07,20,0
895,14,3,13,0,1,0,2,14,2,90,1,0.64,20,1
1052,19,2,13,8,0,7,7,22,4,90,0,0.63,20,0
1503,6,3,29,7,2,2,6,16,4,120,1,0.54,20,1
956,13,1,17,24,3,4,10,22,0,90,1,0.24,30,0
1534,12,1,14,3,5,2,10,16,0,90,1,0.12,30,0
802,16,2,19,4,4,6,10,20,3,90,1,0.08,10,0
1374,11,2,15,9,3,1,7,18,5,90,0,0.85,10,0
1217,8,2,20,23,2,6,10,18,2,120,1,0.32,20,0
816,16,3,2,23,2,1,5,10,2,90,1,0.93,30,0
1362,10,3,18,16,0,1,1,20,4,60,1,0.13,20,1
1057,7,3,22,3,0,4,4,18,6,90,1,0.79,30,1
1493,15,3,23,30,0,0,0,10,4,90,1,0.49,10,0
870,7,1,11,4,4,2,10,18,6,90,0,0.31,15,0
1064,16,3,6,14,2,5,9,14,4,60,1,0.22,10,0
1336,14,2,19,12,4,4,10,18,0,90,0,0.05,10,0
1406,17,3,3,5,4,0,8,20,2,90,0,0.13,30,0
1476,10,2,13,8,3,0,6,10,4,120,0,0.28,15,0
926,9,2,19,8,1,5,7,8,2,60,0,0.08,10,0
961,7,2,5,18,3,0,6,20,3,60,0,0.75,30,0
1573,19,3,10,26,2,6,10,8,3,90,1,0.63,10,0
960,14,1,0,30,0,3,3,14,5,60,0,0.18,30,0
1485,13,2,18,6,2,1,5,22,3,90,0,0.9,15,0
1010,18,3,12,0,1,2,4,14,3,60,1,0.3,30,1
1237,6,3,24,16,4,4,10,20,5,60,0,0.01,30,0
1587,17,2,15,14,2,4,8,22,6,120,1,0.49,10,0
1487,12,3,11,8,4,7,10,16,4,120,0,0.94,15,0
1443,8,1,5,17,3,4,10,18,1,60,0,0.75,10,0
1292,7,1,16,26,2,4,8,8,5,60,0,0.68,30,0
986,7,2,16,21,4,2,10,14,2,120,0,0.94,20,0
1594,14,1,8,25,4,5,10,10,4,60,0,0.01,20,0
1512,6,2,28,24,0,4,4,10,0,90,0,0.69,10,0
1508,13,3,20,4,0,5,5,18,4,90,1,0.97,30,1
937,10,3,5,3,0,6,6,20,4,60,1,0.67,20,1
1192,9,1,11,22,2,4,8,16,2,90,1,0.26,20,1
1533,7,1,22,8,5,3,10,16,6,60,1,0.27,10,0
956,9,1,27,30,3,0,6,18,3,90,1,0.75,20,1
1091,18,2,30,3,5,3,10,16,1,120,0,0.23,20,0
1484,13,1,4,6,5,7,10,8,5,120,0,0.7,10,0
1020,6,2,9,19,3,4,10,22,5,60,1,0.7,20,0
867,6,1,19,26,2,2,6,20,4,120,0,0.82,20,0
1377,18,3,9,30,3,4,10,8,3,90,0,0.01,10,0
1150,8,2,22,7,2,6,10,18,0,60,1,0.44,30,0
1583,18,2,27,13,2,4,8,18,6,120,1,0.16,10,0
1277,15,2,23,20,4,5,10,22,1,60,1,0.37,15,0
1048,9,3,21,21,2,4,8,14,1,60,0,0.5,30,0
1059,20,2,23,2,2,0,4,18,4,120,0,0.84,30,0
1267,12,1,26,28,3,3,9,10,0,60,0,0.85,20,0
1425,17,1,17,12,1,7,9,20,1,120,1,0.3,15,0
1028,11,1,27,12,0,3,3,14,2,60,0,0.18,15,0
1255,10,1,10,29,1,7,9,10,5,120,0,1.0,15,0
1533,6,3,15,28,3,5,10,20,5,120,0,0.06,30,0
1083,10,2,14,14,0,6,6,14,6,90,0,0.4,20,0
1535,12,2,23,25,0,4,4,14,0,60,1,0.7,10,0
1037,14,2,4,26,5,6,10,20,5,90,1,0.55,10,0
1070,6,1,7,26,1,7,9,20,3,60,0,0.61,15,0
962,9,3,20,30,3,2,8,14,1,90,0,0.18,10,0
987,17,1,4,18,4,2,10,18,2,120,0,0.11,30,0
1557,16,2,13,8,0,0,0,10,4,60,0,0.6,15,0
1402,7,1,1,13,5,4,10,20,4,90,0,0.35,20,0
1232,18,1,15,3,2,0,4,20,2,90,0,0.62,10,0
878,18,3,10,17,2,2,6,20,2,60,0,0.1,15,0
1366,7,1,2,22,4,4,10,16,3,120,1,0.24,10,0
1142,16,2,15,7,1,2,4,18,5,60,0,0.8,10,0
1071,14,2,1,17,3,7,10,8,2,60,1,0.53,20,0
1545,12,1,3,3,2,3,7,8,4,60,1,0.47,20,0
1256,15,3,12,0,0,7,7,18,3,60,1,0.24,20,1
858,19,2,7,19,2,3,7,18,1,120,1,0.68,10,0
974,10,2,1,9,3,2,8,20,5,60,1,0.97,15,0
1344,8,2,15,8,0,0,0,18,5,60,1,0.18,15,1
1347,14,1,11,12,1,2,4,16,2,90,1,0.29,15,1
869,12,3,5,3,4,2,10,20,0,90,0,0.37,15,0
1563,13,2,30,0,1,1,3,20,5,60,0,0.94,20,0
1438,8,2,22,13,3,7,10,14,3,60,1,0.27,30,0
1292,10,3,9,9,4,5,10,18,0,90,0,0.12,30,0
1268,20,3,17,17,0,4,4,14,2,60,1,0.44,10,0
1075,6,1,19,28,3,7,10,8,3,60,0,0.13,20,0
1221,12,3,19,29,2,4,8,18,0,120,0,0.45,10,0
1502,7,2,16,22,0,5,5,18,2,90,0,0.11,15,0
1266,16,1,23,13,3,1,7,16,4,60,1,0.08,10,0
1598,15,1,3,22,0,2,2,18,3,90,1,0.32,10,1
1053,14,3,4,28,5,5,10,14,1,60,0,0.17,15,0
1066,11,1,30,25,1,2,4,18,1,120,0,0.98,30,0
1597,12,1,25,24,0,3,3,20,0,120,0,0.03,20,0
1529,15,2,7,4,0,7,7,18,0,90,1,0.36,20,1
1332,14,3,17,16,3,2,8,16,1,90,1,0.84,20,0
876,6,1,3,10,4,0,8,22,4,120,0,0.84,15,0
1493,14,2,18,2,2,7,10,18,3,90,1,0.58,15,0
1255,7,1,14,4,0,3,3,10,1,120,1,0.99,15,0
814,19,3,6,2,5,7,10,14,2,60,1,0.51,20,0
1099,8,2,10,8,0,7,7,14,5,90,0,0.42,20,0
1003,10,3,1,10,3,4,10,22,5,60,0,0.27,15,0
1254,7,1,23,25,5,3,10,8,4,90,1,0.56,20,0
1518,6,2,13,21,3,1,7,22,1,60,0,0.95,10,0
1155,6,2,2,21,4,3,10,16,3,120,0,0.54,30,0
1558,10,2,16,19,5,4,10,16,0,120,0,0.67,20,0
840,15,1,24,3,3,2,8,18,6,120,1,0.98,20,0
1568,9,3,12,19,0,7,7,20,2,120,0,0.28,15,0
1359,15,2,5,12,4,1,9,18,5,120,0,0.05,20,0
1429,16,2,8,13,4,2,10,18,3,90,0,0.24,30,0
1024,14,3,5,1,1,0,2,22,0,60,1,0.03,30,1
1241,18,3,30,11,3,7,10,16,4,60,1,0.89,20,0
1375,8,2,5,11,5,4,10,22,1,90,1,0.17,20,0
1509,18,1,20,12,2,3,7,22,5,60,0,0.68,20,0
1354,17,2,22,18,2,0,4,8,5,120,0,0.46,20,0
1378,13,3,22,3,3,2,8,14,0,90,0,0.51,30,0
1583,10,1,27,17,4,1,9,20,6,60,1,0.5,30,0
1006,10,1,0,15,0,6,6,16,1,60,0,0.71,30,0
1115,7,3,30,25,5,6,10,16,4,120,1,0.82,10,0
1374,14,2,11,26,5,7,10,18,6,60,0,0.67,15,0
1095,13,2,29,12,5,0,10,8,4,120,0,0.54,30,0
803,16,3,13,9,0,6,6,14,5,120,0,0.87,20,0
1549,15,1,17,26,1,6,8,10,2,60,1,0.6,20,0
909,18,2,28,5,5,4,10,16,2,90,0,0.15,10,0
1293,17,1,12,6,2,5,9,20,5,90,1,0.87,30,0
1063,10,1,30,29,3,2,8,16,2,90,1,0.86,20,0
1486,10,1,25,21,3,1,7,22,1,120,1,0.91,15,0
1011,19,1,25,19,2,0,4,20,0,120,1,0.04,30,1
1478,15,1,3,6,2,0,4,22,0,120,0,0.87,10,0
1168,15,1,18,26,2,6,10,16,5,60,0,0.21,15,0
1495,9,3,19,7,5,2,10,10,3,120,0,0.07,20,0
1261,6,2,2,15,3,1,7,8,6,90,1,0.75,30,0
1259,20,2,12,22,2,2,6,8,5,60,0,0.92,15,0
848,18,3,5,26,2,6,10,18,1,60,1,0.47,10,0
1146,17,1,22,21,1,6,8,16,3,120,1,0.27,20,1
1253,9,3,7,17,2,2,6,20,2,90,0,0.54,30,0
1228,18,3,14,26,1,2,4,10,4,90,1,0.14,20,1
1009,16,3,30,26,3,0,6,10,4,90,1,0.25,30,1
922,9,1,4,22,2,6,10,16,6,120,0,0.15,20,0
1475,13,2,14,24,4,2,10,8,6,60,0,0.68,30,0
864,15,3,11,30,1,7,9,8,4,60,0,0.49,10,0
1386,19,3,6,7,3,3,9,14,1,90,1,0.37,10,0
1574,18,1,14,26,4,0,8,22,0,90,0,0.62,10,0
1470,20,1,2,1,3,5,10,8,4,120,0,0.82,20,0
1482,8,3,19,28,5,4,10,14,4,90,0,0.12,10,0
927,19,2,29,29,1,3,5,20,6,120,0,0.1,30,0
1187,10,3,21,8,2,7,10,22,0,60,0,0.94,30,0
873,15,3,19,24,2,5,9,10,0,60,0,0.5,15,0
1224,12,2,0,15,3,4,10,18,5,120,0,0.74,15,0
971,19,2,6,5,1,5,7,8,4,60,1,0.23,10,0
1171,9,3,14,22,2,7,10,16,4,120,1,0.84,20,0
1334,9,2,18,18,5,7,10,20,1,60,0,0.4,15,0
1314,6,1,20,3,1,6,8,14,6,60,0,0.03,15,0
868,14,3,18,15,1,7,9,20,1,120,1,0.18,10,0
902,18,3,29,13,4,5,10,22,2,90,0,1.0,10,0
1434,14,1,0,24,0,0,0,16,1,60,1,0.53,20,1
1011,14,2,9,3,0,3,3,14,3,60,0,0.06,15,0
1147,8,1,26,24,3,3,9,16,6,60,0,0.59,15,0
1540,6,1,1,15,1,4,6,16,1,60,1,0.4,20,1
1427,6,2,25,24,5,1,10,22,5,120,0,0.88,30,0
1376,14,3,20,12,0,0,0,8,3,120,1,0.31,10,1
1110,10,1,18,23,1,3,5,10,0,120,0,0.44,30,0
1464,19,2,17,26,3,0,6,18,4,60,1,0.23,10,1
1015,10,2,10,8,4,5,10,18,1,120,0,0.41,15,0
896,6,1,27,23,3,7,10,8,5,90,0,0.77,10,0
1439,14,3,0,19,0,7,7,10,0,60,1,0.88,20,0
1389,15,3,23,23,2,5,9,8,2,120,0,0.87,30,0
1461,17,3,3,16,0,0,0,14,4,120,0,0.29,10,0
1446,20,1,20,24,4,0,8,18,0,120,1,0.68,20,1
1519,16,3,16,1,2,1,5,14,4,120,1,0.27,15,1
1203,18,1,19,22,5,5,10,18,4,60,0,0.81,30,0
1397,12,2,2,7,1,1,3,14,1,90,1,0.83,15,1
1299,17,3,17,25,3,7,10,18,2,60,1,0.87,10,0
993,10,2,23,23,5,3,10,10,5,60,1,0.45,10,0
1349,15,2,11,6,0,3,3,18,5,90,1,0.32,20,1
1085,13,2,4,21,3,7,10,18,0,90,0,0.13,30,0
1505,6,3,6,29,5,1,10,14,1,90,1,0.24,30,0
970,16,2,29,25,2,0,4,14,5,90,1,0.11,10,0
1267,6,2,22,21,0,6,6,14,1,120,0,0.1,20,0
988,13,2,6,22,3,4,10,16,3,120,1,0.46,15,0
1054,8,2,3,13,0,0,0,16,3,120,1,0.96,15,1
1574,17,2,8,26,4,5,10,20,3,60,1,0.09,30,0
1054,9,3,27,30,0,2,2,8,6,90,0,1.0,20,0
1125,10,2,5,6,3,6,10,10,6,120,1,0.48,10,0
1496,8,3,0,10,1,7,9,8,5,60,1,0.07,10,0
856,14,2,29,9,5,0,10,14,4,60,1,0.02,15,0
867,7,3,23,28,1,5,7,22,1,120,0,0.43,10,0
1325,12,3,5,25,0,0,0,14,3,60,1,0.96,10,0
1363,7,3,6,4,3,3,9,8,5,90,0,0.66,10,0
1172,11,3,11,17,2,1,5,22,1,90,1,0.04,10,0
1125,6,3,20,18,1,0,2,20,5,120,0,0.01,15,0
1509,11,2,6,27,3,0,6,20,2,90,0,0.83,15,0
1098,8,3,4,23,0,4,4,16,2,60,1,0.71,20,1
1594,19,1,15,25,1,4,6,18,1,60,1,0.18,15,1
810,12,3,20,5,4,3,10,16,4,90,0,0.36,15,0
886,7,1,20,21,5,6,10,10,1,60,0,0.35,30,0
820,8,2,15,11,2,6,10,18,1,90,1,0.71,10,0
836,14,3,1,9,5,7,10,14,4,60,1,0.4,30,0
1427,11,2,16,19,4,4,10,20,5,60,1,0.69,10,0
1181,9,2,16,11,5,3,10,16,1,60,0,0.96,15,0
1532,11,2,1,0,5,4,10,10,3,60,0,0.74,10,0
804,7,2,19,2,3,6,10,22,2,120,0,0.79,15,0
888,15,2,2,7,4,1,9,20,0,90,1,0.17,15,0
1248,14,3,12,21,2,2,6,16,0,90,1,0.55,30,1
1357,17,3,11,24,5,3,10,22,0,90,1,0.38,15,0
1263,17,1,28,8,0,5,5,20,0,90,1,0.84,30,1
1351,19,3,30,26,5,1,10,16,2,60,1,0.4,20,0
1234,17,3,21,28,3,5,10,8,3,120,1,0.77,15,0
1120,7,1,30,30,0,5,5,18,5,60,0,0.16,20,0
1324,6,2,20,15,3,2,8,16,2,60,1,0.29,15,1
1046,14,2,8,14,3,7,10,18,4,60,1,0.61,20,0
1010,9,1,22,14,3,0,6,20,4,120,1,0.06,10,1
1153,20,2,13,3,3,6,10,22,3,120,1,0.71,15,0
1483,12,3,24,17,5,2,10,22,2,120,0,0.57,30,0
869,11,1,23,29,2,4,8,16,4,90,0,0.45,10,0
1571,20,3,28,27,3,0,6,16,0,60,0,0.98,15,0
1061,15,1,3,28,3,5,10,22,1,60,1,0.08,20,0
1017,10,1,29,6,5,2,10,8,3,90,0,0.18,10,0
1484,13,3,26,24,3,5,10,18,4,60,1,0.01,15,0
1454,18,1,0,26,3,1,7,18,0,90,0,0.87,20,0
1340,20,3,5,24,2,2,6,16,4,120,1,0.08,15,1
947,13,3,24,4,2,7,10,8,1,120,1,0.45,10,0
1485,14,2,14,8,0,3,3,10,1,90,1,0.16,15,1
939,9,1,15,16,2,4,8,18,4,120,1,0.59,20,1
1131,8,3,1,15,5,1,10,14,3,60,1,0.6,20,0
1114,12,3,26,2,2,7,10,20,2,90,1,0.15,30,1
979,9,1,18,13,4,5,10,10,1,60,1,0.83,30,0
1130,13,3,29,20,2,1,5,8,2,90,1,0.27,10,0
925,8,3,8,16,0,5,5,22,5,120,0,0.37,20,0
1527,8,2,20,3,2,3,7,20,3,120,1,0.7,30,1
1319,15,2,2,14,4,1,9,22,3,90,0,0.07,30,0
1022,12,2,23,23,2,6,10,14,5,120,0,0.03,30,0
1010,15,3,2,12,0,4,4,10,3,90,0,0.06,30,0
967,11,1,25,2,4,7,10,10,1,90,0,0.56,15,0
1452,14,1,13,29,4,1,9,20,1,90,0,0.02,10,0
882,9,3,8,4,5,0,10,20,5,90,0,0.04,20,0
1470,12,3,9,20,2,0,4,16,3,120,0,0.34,15,0
1190,15,2,7,26,2,0,4,14,5,120,1,0.04,30,1
1296,12,2,25,12,3,7,10,14,2,90,0,0.09,30,0
1459,13,2,14,10,2,2,6,18,0,120,1,0.06,20,1
1117,11,1,24,14,3,7,10,8,4,90,0,0.04,10,0
1554,12,3,13,14,1,2,4,20,5,60,0,0.53,30,0
1558,19,3,3,13,0,1,1,14,0,120,1,0.06,15,1
1358,8,2,0,21,4,5,10,10,6,120,0,0.38,30,0
1141,11,1,3,21,5,7,10,22,5,120,1,0.82,15,0
1118,18,1,16,3,2,5,9,8,0,60,1,0.22,15,0
1242,8,1,12,29,5,2,10,14,3,90,0,0.38,20,0
879,8,3,0,19,5,2,10,22,1,60,0,0.26,15,0
1258,7,2,16,15,4,1,9,14,5,60,1,0.91,30,0
851,16,3,19,12,2,4,8,8,4,120,0,0.58,30,0
1475,14,1,27,12,2,7,10,16,1,120,1,0.88,30,0
909,17,2,16,1,5,4,10,20,2,60,0,0.82,20,0
843,11,1,19,5,2,2,6,16,3,120,1,0.39,30,1
1094,18,1,29,29,3,2,8,8,6,120,0,0.55,10,0
1347,10,2,3,16,2,4,8,22,4,60,0,0.61,30,0
1253,15,1,24,11,4,2,10,20,1,60,0,0.21,15,0
1453,10,3,12,6,3,1,7,16,0,120,0,0.53,30,0
1299,19,1,26,4,3,3,9,10,0,120,0,0.42,10,0
1528,7,1,10,8,2,1,5,10,2,90,0,0.59,10,0
828,10,2,3,13,5,0,10,16,4,90,0,0.31,30,0
992,13,2,4,27,1,2,4,18,4,60,0,0.41,30,0
1067,14,3,7,22,2,0,4,20,5,90,1,0.11,20,1
1446,14,2,2,7,2,0,4,20,4,60,0,0.01,10,0
1308,15,2,7,1,5,1,10,14,3,60,0,0.86,20,0
1036,20,3,8,19,2,0,4,8,0,60,1,0.92,20,0
1408,7,2,24,25,2,3,7,8,6,120,1,0.76,10,0
1094,10,1,30,7,5,1,10,10,6,60,1,0.76,10,0
1518,16,3,29,0,4,7,10,22,3,120,1,0.92,30,0
914,18,3,2,15,5,0,10,14,5,90,0,0.35,15,0
1190,11,1,24,6,2,0,4,22,5,120,0,0.54,30,0
920,9,1,10,9,0,1,1,16,1,120,0,0.86,30,0
1405,13,1,20,0,3,6,10,10,1,60,0,0.59,15,0
1321,8,3,11,17,5,5,10,20,2,120,1,0.11,30,1
920,20,1,10,4,5,0,10,16,1,60,0,0.02,20,0
1553,11,2,29,4,5,5,10,22,4,90,0,0.83,20,0
1462,7,3,21,0,1,7,9,18,6,90,1,0.44,10,0
1460,15,1,9,25,5,3,10,22,0,90,1,0.62,10,0
957,10,1,16,0,1,3,5,8,0,90,0,0.58,20,0
992,7,2,3,26,1,2,4,22,0,120,0,0.66,10,0
974,11,1,5,25,1,2,4,14,0,120,0,0.57,20,0
1036,12,2,27,15,1,2,4,14,2,120,1,0.02,30,1
857,19,3,0,0,2,4,8,22,3,60,1,0.5,15,0
1454,14,1,4,24,3,2,8,14,4,120,1,0.89,10,0
918,14,3,18,23,0,5,5,14,5,60,1,0.88,15,0
1015,8,1,26,28,2,7,10,18,4,90,0,0.99,30,0
1207,8,2,4,24,4,5,10,8,1,90,1,0.01,10,0
1530,12,2,26,11,0,6,6,16,3,60,0,0.86,20,0
1449,7,1,22,30,5,6,10,10,3,90,1,0.66,10,0
1542,17,1,24,19,4,5,10,16,6,60,1,0.7,30,0
1392,19,1,21,14,2,1,5,8,0,120,0,0.5,20,0
1417,8,3,19,18,3,4,10,8,1,90,0,0.22,10,0
935,17,2,12,6,1,7,9,20,2,120,0,0.12,30,0
1156,16,3,19,2,4,7,10,18,5,120,0,0.3,10,0
1431,10,2,30,16,3,4,10,14,5,60,0,0.4,30,0
1151,13,3,24,21,1,1,3,20,1,120,0,0.46,15,0
991,13,2,28,2,0,4,4,16,1,120,0,0.34,15,0
1091,19,3,15,6,3,5,10,20,0,120,1,0.31,20,1
1372,18,3,22,15,2,7,10,18,4,90,0,0.73,15,0
910,9,1,6,13,4,5,10,8,5,90,1,0.4,10,0
1568,14,2,8,21,3,2,8,14,0,60,1,0.98,30,0
1283,15,2,1,4,2,2,6,18,1,120,1,0.82,10,0
997,12,2,30,21,4,1,9,20,6,90,0,0.04,20,0
1004,12,1,29,27,4,1,9,22,1,120,0,0.17,15,0
1446,6,3,25,18,5,7,10,18,2,90,0,0.53,30,0
1449,15,2,10,10,5,2,10,20,0,120,0,0.13,30,0
1415,20,2,17,6,2,5,9,22,0,60,1,0.71,10,0
854,16,3,11,0,0,6,6,16,1,60,0,0.75,20,0
1303,19,3,21,11,5,4,10,22,1,90,1,0.49,20,0
1403,16,2,24,28,0,5,5,10,4,120,1,0.59,20,0
1361,15,2,26,15,0,5,5,22,2,90,0,0.15,20,0
1334,12,3,4,9,3,4,10,16,2,60,1,0.06,30,0
1485,16,1,28,30,2,3,7,14,5,90,1,0.89,20,0
1426,11,2,6,15,3,0,6,14,2,120,1,0.32,15,1
1141,10,3,19,0,3,2,8,22,1,120,0,0.8,15,0
1473,16,2,1,19,5,1,10,20,5,120,0,0.93,30,0
1075,7,1,25,1,5,7,10,14,1,120,0,0.27,10,0
1491,7,2,19,6,4,1,9,16,0,120,0,0.67,30,0
1530,13,2,13,26,5,1,10,22,5,90,1,0.66,30,0
903,15,3,19,29,3,3,9,22,0,60,0,0.06,15,0
1046,15,2,9,15,4,2,10,16,5,120,1,0.25,10,0
1238,15,3,27,13,3,7,10,14,0,60,1,0.69,10,0
1173,14,2,15,0,1,2,4,14,3,90,0,0.52,15,0
1408,6,1,16,9,3,7,10,16,6,90,1,0.18,30,0
1542,12,1,29,14,3,5,10,16,2,60,1,0.03,10,0
1031,20,2,11,19,2,6,10,20,1,90,1,0.23,20,0
808,14,1,10,11,2,5,9,18,2,90,0,0.15,10,0
1527,6,1,15,8,4,6,10,16,0,60,1,0.47,10,0
1022,14,2,6,10,4,1,9,10,2,90,0,0.9,10,0
866,8,2,1,8,2,1,5,16,4,60,0,0.37,30,0
1134,14,2,24,7,2,6,10,14,6,90,0,0.77,15,0
1164,13,1,14,21,2,3,7,8,6,60,0,0.56,15,0
1314,16,3,17,23,5,1,10,18,0,120,1,0.19,15,0
1465,16,3,30,19,5,5,10,16,1,60,0,0.37,10,0
1425,12,2,7,11,2,1,5,16,0,120,0,0.38,10,0
914,19,2,12,4,1,2,4,20,1,90,1,0.53,30,1
842,17,3,12,18,3,6,10,10,2,60,0,0.74,15,0
1343,6,1,8,3,5,0,10,20,5,120,0,0.84,20,0
1369,6,3,15,21,2,4,8,16,1,60,1,0.81,30,0
1494,20,1,7,10,3,3,9,8,4,60,0,0.61,10,0
811,20,1,17,5,1,0,2,22,4,90,0,0.43,10,0
1130,12,1,5,10,1,7,9,8,3,90,1,0.83,10,0
825,12,3,14,2,1,6,8,8,3,60,0,0.62,15,0
1358,8,3,14,9,5,4,10,18,5,90,1,0.06,15,0
888,8,2,30,4,4,0,8,20,1,120,0,0.63,20,0
918,19,3,8,21,3,7,10,14,0,120,0,0.17,30,0
1344,9,3,5,21,2,5,9,14,6,60,1,0.65,30,0
803,7,1,27,2,3,2,8,10,5,90,0,0.85,20,0
1571,10,3,20,24,0,2,2,22,2,60,1,0.29,15,1
1197,14,3,6,18,2,2,6,18,2,90,0,0.89,20,0
1138,9,1,23,28,3,6,10,14,5,120,1,0.15,30,0
1190,11,2,0,11,3,7,10,18,0,120,1,0.91,30,0
1205,18,3,2,6,5,0,10,20,6,60,0,0.82,15,0
1270,9,3,9,30,2,0,4,14,4,90,1,0.6,15,1
1038,7,3,29,19,4,5,10,14,5,90,0,0.53,30,0
1116,9,1,27,10,5,7,10,10,4,120,1,0.37,10,0
1468,9,1,28,20,4,3,10,18,4,90,1,0.03,15,0
1586,15,2,9,29,4,2,10,22,6,120,1,0.91,20,0
1281,9,1,23,7,3,3,9,20,5,120,1,0.03,10,0
1316,16,3,7,27,4,3,10,14,1,90,0,0.74,15,0
1193,7,3,3,10,4,1,9,16,2,120,1,0.88,10,0
940,10,3,15,15,3,3,9,20,4,90,0,0.84,10,0
815,16,2,11,6,1,5,7,20,3,60,0,0.11,20,0
1554,19,2,14,27,5,3,10,8,3,60,1,0.28,20,0
1323,14,3,30,16,0,7,7,16,4,60,0,0.63,30,0
1022,13,3,5,27,4,7,10,10,4,90,0,0.79,20,0
923,16,3,24,20,3,7,10,14,1,90,1,0.8,10,0
1298,16,1,1,9,4,6,10,10,4,60,1,0.64,10,0
919,18,3,5,4,5,2,10,10,4,60,1,0.01,20,0
1310,19,2,25,22,4,4,10,8,1,60,0,0.21,20,0
1267,10,3,21,19,1,5,7,8,1,120,0,0.22,20,0
1541,19,3,23,1,4,2,10,18,3,60,1,0.44,10,0
1430,9,2,2,21,2,0,4,20,1,60,1,0.39,30,1
1172,12,3,8,28,1,0,2,16,1,120,0,0.29,20,0
1276,10,3,8,25,5,6,10,20,0,60,1,0.06,30,0
1105,7,2,29,29,0,6,6,22,0,120,0,0.54,15,0
999,18,1,11,1,2,7,10,18,0,120,0,0.76,20,0
1382,8,3,29,26,2,3,7,22,3,60,0,0.4,20,0
1367,14,2,20,10,3,7,10,10,5,90,0,0.32,20,0
958,16,1,10,19,4,5,10,8,2,60,0,0.91,20,0
1337,14,1,12,29,4,4,10,18,5,60,0,0.52,30,0
1057,8,2,27,0,0,3,3,14,4,90,1,0.6,15,1
1303,18,1,8,15,1,4,6,22,4,90,1,0.88,20,0
1115,15,3,7,23,0,6,6,14,2,120,0,0.26,20,0
800,9,3,27,22,4,4,10,16,6,90,1,0.79,10,0
990,18,2,29,19,1,0,2,10,4,120,0,0.84,15,0
1515,13,1,0,21,1,7,9,22,5,60,0,0.36,10,0
1426,12,2,8,24,5,1,10,18,5,120,0,0.72,15,0
1014,16,3,29,10,1,7,9,22,4,90,0,0.22,30,0
1296,17,3,26,13,4,4,10,8,6,90,0,0.01,15,0
1090,6,3,19,0,2,5,9,8,1,60,0,0.72,10,0
1596,8,3,28,22,0,3,3,18,0,90,0,0.78,10,0
1376,20,2,3,5,5,5,10,16,5,90,1,0.68,15,0
887,18,2,12,29,4,1,9,10,0,120,0,0.19,30,0
957,18,3,8,23,2,3,7,22,0,60,1,0.78,15,0
1128,20,1,27,16,0,7,7,8,2,60,0,0.31,15,0
1448,19,3,0,7,1,2,4,22,6,90,1,0.92,10,0
1187,12,3,17,25,1,2,4,22,3,120,0,0.04,30,0
1039,13,3,15,23,4,7,10,18,6,90,0,0.49,30,0
836,15,2,7,9,0,5,5,22,1,90,0,0.8,30,0
896,17,2,25,21,2,7,10,18,4,60,1,0.91,10,0
995,14,3,23,19,1,6,8,14,6,120,0,0.54,20,0
1137,17,3,3,1,1,1,3,14,2,60,0,0.75,30,0
1197,9,3,16,27,4,7,10,18,5,60,1,0.1,15,0
847,18,1,28,28,0,7,7,18,5,60,0,0.19,20,0
1459,10,3,9,27,0,5,5,16,4,90,0,0.96,30,0
1094,13,3,13,22,5,1,10,20,6,120,1,0.3,15,0
877,14,3,22,11,2,4,8,10,0,60,0,0.45,30,0
910,12,3,16,22,1,2,4,22,5,90,1,0.05,20,1
1540,16,2,1,7,4,0,8,16,3,120,0,0.81,15,0
895,15,3,5,15,1,2,4,22,5,120,0,0.91,20,0
1530,16,2,12,1,4,3,10,8,4,120,0,0.43,20,0
1383,7,2,23,14,2,2,6,14,0,60,0,0.76,15,0
1456,16,3,14,7,1,6,8,16,6,120,1,0.93,30,0
1268,16,2,17,12,4,5,10,22,5,90,0,0.52,15,0
1020,9,3,19,3,0,5,5,20,3,90,0,0.99,15,0
1592,17,3,12,26,0,7,7,14,3,60,1,0.61,10,0
1249,13,1,14,30,3,7,10,22,4,60,1,0.74,20,0
1415,9,1,3,24,3,3,9,10,1,90,1,0.92,30,0
1018,20,2,13,12,2,4,8,16,5,90,0,0.14,15,0
817,20,1,30,22,3,1,7,20,5,90,1,0.03,30,1
1008,12,1,26,30,4,6,10,8,3,90,1,0.41,15,0
1060,13,3,15,9,0,6,6,22,4,120,1,0.32,10,0
982,14,2,28,2,5,0,10,18,2,120,1,0.25,20,0
921,15,1,25,11,0,4,4,20,3,60,1,0.14,20,1
1499,16,1,6,23,4,0,8,10,3,90,0,0.05,20,0
1218,12,1,9,30,2,0,4,16,6,90,0,0.15,20,0
818,20,3,21,22,0,4,4,22,5,90,1,0.11,15,0
868,19,2,21,25,0,7,7,22,2,60,1,0.72,30,0
1046,20,1,11,30,5,2,10,14,0,60,1,0.46,20,0
1014,13,2,10,8,3,0,6,18,6,90,1,0.83,20,0
1505,16,2,0,19,0,2,2,14,2,90,0,0.76,30,0
1257,18,2,1,9,5,4,10,20,6,120,1,0.51,30,0
1347,9,2,15,17,5,5,10,10,6,120,1,0.34,20,0
1016,10,3,4,11,2,5,9,14,4,120,1,0.05,10,0
864,19,1,19,28,3,5,10,10,5,120,0,0.11,15,0
1141,11,1,18,27,4,4,10,8,2,90,1,0.29,30,0
1086,11,2,20,1,5,3,10,22,1,120,0,0.69,20,0
1309,14,2,20,18,0,3,3,20,5,120,1,0.97,10,0
881,6,3,23,30,5,7,10,14,0,120,1,0.67,15,0
1228,15,2,1,18,1,5,7,14,5,90,1,0.53,30,0
1046,10,2,5,27,3,5,10,18,0,120,1,0.02,15,0
1589,7,2,11,3,2,6,10,10,2,60,1,0.81,15,0
877,7,2,10,11,1,1,3,8,2,120,1,0.85,15,0
1600,14,2,17,27,5,0,10,14,2,120,0,0.34,30,0
1430,14,2,4,20,2,2,6,18,1,60,1,0.93,15,1
875,6,2,3,16,0,6,6,18,6,90,0,0.25,20,0
1587,18,1,19,6,4,6,10,22,5,90,1,0.94,15,0
1139,9,3,26,5,5,5,10,14,6,90,1,0.37,15,0
1087,18,1,7,10,0,1,1,22,0,60,0,0.44,30,0
943,18,1,30,23,1,1,3,18,3,120,0,0.18,20,0
1223,13,2,10,15,3,3,9,18,5,120,0,0.07,30,0
1485,17,2,30,10,4,7,10,16,6,90,1,0.56,20,0
1540,12,2,19,4,0,0,0,14,4,120,0,0.41,20,0
1043,10,1,25,11,1,2,4,10,5,120,0,0.24,30,0
996,14,3,0,18,5,3,10,14,4,60,1,0.88,20,0
1323,18,3,21,23,4,7,10,22,1,60,0,0.3,10,0
814,18,1,11,24,5,3,10,18,0,120,0,0.3,15,0
896,13,1,20,29,2,3,7,8,2,90,1,0.96,20,0
935,7,1,26,14,1,5,7,10,3,120,1,0.34,20,0
1001,10,1,8,9,1,6,8,18,1,90,1,0.41,30,1
1378,12,3,27,21,3,7,10,16,1,60,0,0.86,15,0
1428,12,3,13,20,3,0,6,16,0,60,0,0.05,20,0
1110,20,1,15,17,4,0,8,10,6,60,1,0.84,15,0
1291,9,3,19,30,5,3,10,18,0,60,1,0.8,20,0
950,13,2,21,2,1,4,6,10,0,120,0,0.28,15,0
1485,14,2,16,28,4,3,10,16,6,90,1,0.95,20,0
1168,17,1,26,20,1,2,4,14,4,120,1,0.06,15,0
1530,7,1,26,6,0,2,2,16,4,60,0,0.27,20,0
1387,19,3,9,23,0,1,1,22,6,120,1,0.91,20,0
1073,10,2,3,1,2,5,9,14,1,90,0,0.33,30,0
822,13,1,29,27,2,2,6,8,4,60,0,0.58,10,0
1550,12,2,12,15,2,3,7,18,5,120,0,0.6,30,0
1487,6,1,18,15,4,3,10,20,6,60,1,0.73,15,0
1023,17,2,27,3,0,4,4,14,1,90,0,0.32,10,0
1483,6,1,20,14,5,4,10,16,1,120,0,0.27,30,0
956,13,1,29,26,5,4,10,18,3,90,0,0.62,15,0
1428,9,1,25,13,2,5,9,20,3,90,1,0.39,30,0
1426,20,2,22,8,0,2,2,16,3,60,1,0.9,20,1
907,20,1,30,24,5,6,10,14,2,120,0,0.72,30,0
1567,17,1,17,26,2,3,7,10,2,120,1,0.98,10,0
1535,8,2,4,9,3,4,10,10,2,60,0,0.63,15,0
1301,16,3,30,15,4,7,10,16,3,120,1,0.46,20,0
1298,16,2,19,0,3,1,7,10,3,120,0,0.7,20,0
1598,16,2,22,1,4,4,10,14,5,120,1,0.23,30,0
960,8,1,30,7,5,7,10,10,3,120,1,0.82,15,0
1486,11,2,14,27,5,5,10,22,5,90,1,0.92,30,0
1273,20,2,28,28,4,7,10,16,2,60,1,0.67,15,0
809,12,3,28,3,0,1,1,22,5,120,0,0.59,20,0
1530,6,1,19,23,4,1,9,18,5,120,0,0.29,15,0
1469,7,2,4,8,4,2,10,14,2,60,1,0.26,30,0
1262,16,2,10,13,3,7,10,22,6,120,0,0.5,15,0
895,18,2,19,4,2,1,5,18,1,90,0,0.67,15,0
942,10,3,25,21,4,5,10,20,5,90,1,0.07,15,0
1258,9,1,9,7,5,5,10,10,2,90,1,0.82,30,0
967,18,3,10,11,4,7,10,8,1,60,1,0.89,15,0
1002,6,2,30,0,3,0,6,14,3,90,0,0.49,15,0
1549,12,1,11,5,1,3,5,14,6,120,0,0.33,30,0
890,9,2,28,24,4,6,10,16,2,90,0,0.42,30,0
1508,15,1,24,19,2,6,10,20,4,90,0,0.69,20,0
1092,17,2,15,1,5,1,10,18,5,90,0,0.78,15,0
1200,7,3,25,2,1,5,7,14,2,60,1,0.17,20,1
1193,16,3,29,17,1,6,8,22,3,120,1,1.0,30,0
911,16,3,30,19,3,2,8,16,5,90,0,0.63,30,0
818,12,2,21,26,5,0,10,18,5,120,1,0.52,15,0
987,11,2,0,28,5,1,10,14,6,60,1,0.91,30,0
1205,19,3,22,27,0,2,2,20,3,60,1,0.38,15,1
1456,6,3,30,25,2,6,10,18,0,60,1,0.6,15,0
1496,7,3,15,19,4,0,8,10,6,120,1,0.81,10,0
901,14,3,15,0,4,6,10,10,2,90,1,0.24,10,0
1084,14,3,12,30,0,3,3,22,5,120,1,0.24,20,1
985,16,1,1,14,5,2,10,18,1,60,1,0.09,30,0
901,20,3,24,26,4,0,8,20,3,90,1,0.19,20,1
862,10,2,6,0,0,6,6,14,3,90,0,0.86,30,0
1282,8,1,30,12,1,4,6,14,3,60,1,0.91,15,0
1589,10,1,16,22,4,4,10,14,6,60,1,0.24,10,0
1264,13,2,0,5,5,7,10,16,6,90,0,0.38,10,0
1102,8,2,26,18,3,0,6,10,1,120,0,0.83,10,0
1570,15,3,15,1,5,3,10,10,0,90,0,0.77,20,0
1565,7,3,8,3,0,5,5,10,3,120,1,0.5,20,1
1141,10,2,29,1,2,1,5,20,5,90,1,0.17,15,1
981,8,3,13,23,0,4,4,20,4,120,1,0.83,20,1
1185,14,1,6,11,3,5,10,22,5,120,1,0.16,10,0
852,18,1,3,10,3,0,6,20,5,60,0,0.16,20,0
971,15,2,1,30,3,1,7,10,1,120,0,0.64,20,0
941,14,2,9,18,4,7,10,20,6,60,0,0.89,30,0
982,6,3,3,11,4,1,9,8,4,90,0,0.73,30,0
1406,18,1,29,1,0,0,0,18,6,60,1,0.11,10,1
1406,17,1,1,23,2,4,8,14,4,120,0,0.68,15,0
1500,6,1,9,19,3,2,8,10,0,120,0,0.69,15,0
921,18,2,24,20,3,6,10,16,4,120,0,0.25,15,0
1271,14,3,13,5,2,6,10,20,1,90,1,0.93,15,0
1387,19,2,26,0,2,5,9,22,2,90,1,0.06,15,0
1250,19,3,10,10,4,1,9,16,6,60,1,0.53,10,0
1260,11,2,25,25,4,2,10,20,6,60,0,0.74,15,0
805,12,3,25,12,0,5,5,18,1,120,0,0.76,15,0
1066,9,1,1,8,0,6,6,10,1,60,1,0.75,10,0
1393,8,3,23,14,5,0,10,10,3,60,1,0.1,15,0
1208,12,2,29,24,4,2,10,22,6,60,0,0.43,15,0
1464,6,3,23,6,5,1,10,16,3,90,1,0.49,30,0
1260,17,2,5,20,3,7,10,20,2,120,0,0.7,10,0
1263,20,1,0,19,1,3,5,8,2,60,0,0.32,20,0
1175,20,2,12,15,3,4,10,20,2,120,1,0.74,30,0
926,11,2,11,24,1,2,4,16,3,120,1,0.49,15,1
1274,13,1,10,6,2,3,7,18,3,90,1,0.64,20,1
1550,15,1,15,5,2,0,4,8,6,90,0,0.4,30,0
1277,7,3,13,1,2,2,6,22,5,60,0,0.54,30,0
834,16,1,21,0,2,1,5,18,4,120,1,0.24,10,1
895,17,1,3,21,3,4,10,10,5,90,1,0.67,20,0
992,12,2,24,3,1,2,4,16,5,90,1,0.38,15,1
952,17,1,24,30,3,6,10,10,2,90,1,0.37,30,0
896,12,1,28,27,4,3,10,22,5,90,1,0.49,10,0
989,20,1,26,29,3,2,8,14,5,90,0,0.75,10,0
1186,6,1,17,1,4,1,9,16,3,90,1,0.08,20,0
1050,12,1,29,9,0,6,6,22,0,90,1,0.35,30,1
1355,14,3,24,22,1,6,8,16,0,90,0,0.95,30,0
854,15,1,10,0,1,3,5,20,4,60,1,0.08,30,1
973,17,1,29,15,2,1,5,18,5,120,0,0.82,15,0
1469,14,2,19,1,2,2,6,16,4,120,1,0.1,10,1
1324,17,2,15,29,1,2,4,22,2,120,0,0.7,30,0
1404,12,3,12,16,4,1,9,10,4,60,1,0.47,20,0
1110,7,3,22,16,3,5,10,14,6,120,1,0.38,10,0
1112,8,1,19,20,5,7,10,10,4,60,1,0.9,30,0
1290,19,3,4,1,2,6,10,18,1,60,0,0.08,10,0
910,17,2,23,19,0,4,4,18,4,60,1,0.15,30,1
1519,12,1,30,4,4,0,8,14,2,90,1,0.49,10,0
1582,19,2,0,23,1,2,4,8,3,90,1,0.2,10,0
1314,10,2,16,8,4,2,10,16,2,120,1,0.48,15,0
1463,6,2,17,6,1,6,8,22,4,60,0,0.19,30,0
1176,14,2,16,7,5,1,10,10,6,60,1,0.14,20,0
1309,12,1,23,24,0,6,6,10,3,60,0,0.54,15,0
945,9,1,1,29,0,7,7,14,2,60,1,0.9,20,0
1419,8,3,28,15,5,0,10,10,5,60,1,0.13,10,0
953,16,1,18,3,0,0,0,20,5,60,1,0.18,20,1
1321,16,1,5,27,1,5,7,20,0,120,1,0.66,20,1
1290,12,1,11,23,2,0,4,18,1,90,1,0.97,30,1
1376,20,2,21,2,1,7,9,10,1,60,0,0.6,30,0
1008,8,3,17,1,3,5,10,8,6,90,1,0.99,20,0
860,10,2,19,7,1,2,4,14,4,90,0,0.33,10,0
992,12,3,10,7,5,1,10,20,2,120,1,0.04,15,1
1599,9,3,26,28,5,6,10,16,1,90,1,0.67,30,0
1550,16,2,23,3,4,4,10,22,2,60,1,0.63,15,0
1262,20,1,8,4,1,2,4,18,0,60,1,0.74,30,1
904,8,1,20,6,0,6,6,22,6,90,1,0.98,30,0
1564,11,2,20,26,1,6,8,14,4,60,1,0.5,10,0
1312,15,3,10,22,4,6,10,18,2,120,1,0.91,30,0
1095,19,2,28,6,1,7,9,8,1,90,1,0.55,30,0
894,15,3,3,4,0,4,4,22,5,60,1,0.68,30,0
1242,12,3,0,16,3,6,10,20,1,120,1,0.81,15,0
1248,7,1,6,12,5,7,10,14,1,120,0,0.68,30,0
838,16,2,26,14,0,6,6,16,3,60,1,0.73,30,1
978,15,1,9,25,2,0,4,18,4,90,1,0.08,15,1
1394,16,3,5,27,3,1,7,22,6,120,1,0.71,10,0
927,7,1,18,3,4,4,10,8,4,90,1,0.89,15,0
1573,20,2,27,0,2,4,8,20,5,120,1,0.92,30,0
1333,7,3,20,25,4,2,10,20,1,120,0,0.72,15,0
1447,10,1,2,2,2,4,8,14,1,60,0,0.61,10,0
1021,20,1,15,4,5,6,10,14,6,90,0,0.19,15,0
852,7,1,18,22,0,4,4,14,1,90,1,0.51,15,1
976,12,2,26,24,0,0,0,18,1,120,0,0.1,15,0
1442,14,3,18,22,4,5,10,10,3,90,0,0.6,30,0
1254,10,1,27,25,5,7,10,14,1,60,0,0.15,20,0
848,20,2,25,13,1,1,3,8,1,90,1,0.4,15,0
1216,11,1,25,9,1,2,4,18,2,90,1,0.62,15,1
868,14,1,26,8,2,4,8,14,2,90,1,0.04,20,1
1019,11,1,8,8,3,2,8,18,2,60,1,0.31,20,1
1459,20,2,24,11,0,0,0,22,5,60,1,0.17,20,1
1183,14,3,8,21,5,6,10,10,1,60,0,0.61,10,0
926,8,3,30,2,2,7,10,14,6,60,0,0.41,10,0
1114,10,2,27,17,3,3,9,14,5,60,0,0.03,10,0
1160,18,1,10,18,3,3,9,8,2,90,0,0.4,20,0
1188,20,3,3,24,4,7,10,14,1,60,0,0.64,15,0
924,10,3,20,21,5,5,10,20,5,120,1,0.74,15,0
1334,11,2,30,7,5,7,10,22,1,120,0,0.17,10,0
982,18,2,24,27,3,3,9,14,2,90,1,0.88,10,0
831,12,3,5,7,3,6,10,14,0,60,1,0.67,30,0
1417,12,3,9,21,5,4,10,16,1,60,0,0.88,10,0
1543,6,2,5,26,1,4,6,8,2,60,0,0.76,10,0
947,10,2,24,11,1,2,4,8,1,60,0,0.3,10,0
1529,18,3,0,24,0,2,2,18,3,90,1,0.31,10,1
1295,14,2,4,8,4,7,10,14,4,90,0,0.89,10,0
1532,20,1,16,16,2,7,10,22,6,60,1,0.39,20,0
1561,7,2,22,13,3,4,10,16,6,60,1,0.7,20,0
1180,16,3,19,25,2,2,6,8,1,90,0,0.31,20,0
1109,6,2,10,12,1,0,2,10,5,60,1,0.72,10,1
828,17,3,17,15,4,0,8,10,1,60,0,0.48,20,0
1284,11,3,29,4,3,7,10,16,6,120,1,0.62,30,0
1077,6,3,18,26,5,3,10,22,5,90,0,0.32,10,0
1118,8,1,7,15,0,0,0,10,0,120,0,0.97,30,0
1130,8,2,19,3,0,4,4,20,6,60,0,0.06,20,0
929,9,1,2,18,5,1,10,20,6,60,1,0.38,10,0
1273,7,3,28,9,4,7,10,10,5,60,0,0.13,20,0
1165,6,3,27,16,4,5,10,8,4,60,1,0.37,30,0
970,17,2,10,30,1,2,4,8,5,90,0,0.32,20,0
1208,9,1,10,10,1,5,7,22,1,120,1,0.09,30,0
1171,19,3,2,11,0,5,5,8,0,90,1,0.66,30,1
1066,17,1,27,19,5,3,10,10,0,120,0,0.36,10,0
1018,20,1,4,4,0,5,5,10,5,60,0,0.01,30,0
1031,11,2,24,2,3,1,7,20,5,90,0,0.26,20,0
858,15,3,5,16,5,5,10,14,2,120,0,0.52,20,0
969,9,3,14,0,0,2,2,18,1,120,0,0.6,10,0
1113,20,2,5,16,4,5,10,14,4,120,1,0.77,30,0
1219,17,3,11,17,5,2,10,18,1,120,0,0.78,20,0
1435,8,2,28,0,5,3,10,8,2,90,1,0.63,10,0
1064,17,2,27,4,3,4,10,10,6,60,0,0.98,30,0
1463,10,2,27,4,3,5,10,8,4,60,0,0.53,30,0
1053,20,2,11,30,5,4,10,22,1,60,0,0.94,15,0
1333,9,1,2,15,1,2,4,16,3,120,1,0.44,20,1
800,11,1,26,6,3,2,8,18,3,90,1,0.79,20,1
1086,12,3,26,26,4,1,9,14,6,90,1,0.37,20,0
1093,19,1,17,14,2,3,7,18,2,60,1,0.25,10,0
1208,8,3,11,25,1,5,7,14,2,60,1,0.3,15,1
831,12,2,23,12,4,2,10,18,4,90,1,0.53,30,0
1340,16,3,0,30,2,2,6,10,0,60,1,0.47,30,0
1342,16,1,18,10,3,3,9,18,4,120,0,0.31,15,0
839,8,1,2,29,0,5,5,14,4,120,0,0.3,10,0
1058,14,3,28,8,1,2,4,18,5,60,1,0.98,30,1
1123,20,1,9,13,5,7,10,22,3,90,0,0.57,15,0
1298,16,2,25,29,3,6,10,18,5,90,0,0.54,15,0
923,16,1,20,14,3,7,10,22,1,90,0,0.8,15,0
1273,13,2,8,13,0,3,3,18,4,120,1,0.69,20,1
1413,14,2,8,10,0,5,5,8,1,120,1,0.83,10,0
961,18,3,19,11,2,7,10,8,1,60,0,0.91,10,0
1373,12,1,9,24,3,7,10,22,4,90,0,0.23,15,0
1394,20,2,8,30,5,4,10,18,1,90,1,0.29,20,0
1577,7,2,11,4,2,7,10,18,1,60,0,0.27,10,0
1484,16,3,26,2,2,1,5,10,3,60,0,0.72,20,0
1220,13,3,27,9,1,6,8,20,5,90,0,0.19,10,0
1572,6,3,13,25,4,6,10,10,2,60,1,0.78,15,0
1045,20,1,2,28,2,4,8,20,4,120,1,0.69,30,1
1217,16,1,17,29,0,0,0,14,4,60,0,0.49,20,0
1339,9,1,26,30,3,6,10,8,0,60,1,0.22,10,0
1348,16,3,18,2,1,6,8,20,3,90,0,0.75,15,0
997,9,2,2,22,1,3,5,10,1,120,1,0.03,30,1
1102,11,2,13,7,1,0,2,22,5,120,1,0.84,15,0
1328,20,1,2,25,3,1,7,10,6,90,1,0.0,30,0
1210,13,2,26,25,5,4,10,16,5,120,0,0.17,15,0
1517,6,2,30,12,4,7,10,8,1,60,0,0.82,15,0
905,18,2,17,12,2,6,10,18,3,60,1,0.32,10,0
1012,12,2,11,20,4,2,10,20,0,90,0,0.38,30,0
1024,8,1,10,21,3,5,10,18,5,60,1,0.05,10,0
1447,10,2,20,4,0,7,7,22,5,120,0,0.58,10,0
975,16,2,14,28,5,3,10,16,0,60,1,0.61,20,0
1584,19,2,3,4,2,6,10,22,1,90,1,0.13,20,0
1549,9,3,13,25,0,7,7,20,1,90,0,0.99,10,0
1488,16,2,20,19,1,5,7,18,0,60,0,0.59,10,0
1441,17,3,5,13,1,5,7,18,2,60,0,0.68,10,0
999,16,2,5,0,4,0,8,8,4,120,0,0.63,15,0
1281,6,1,12,10,5,0,10,16,5,60,0,0.42,30,0
884,8,1,22,27,0,4,4,18,1,120,1,0.65,20,1
1354,10,1,6,20,4,1,9,16,1,90,0,0.49,10,0
831,20,2,0,9,2,7,10,10,6,60,1,0.67,30,0
1359,11,3,28,13,4,2,10,20,4,60,0,0.45,15,0
898,17,3,29,28,5,0,10,18,3,90,1,0.94,10,0
1491,19,3,16,7,4,7,10,8,4,60,1,0.06,10,0
1258,6,2,4,1,2,2,6,8,3,90,0,0.8,10,0
902,6,3,16,5,3,1,7,18,3,120,1,0.08,10,1
1522,14,1,1,5,5,6,10,14,6,120,1,0.68,30,0
1471,19,2,20,1,1,2,4,10,4,90,1,0.27,10,0
1059,11,2,23,0,3,5,10,18,3,90,1,0.4,20,0
848,13,2,21,2,1,7,9,10,4,120,1,0.64,30,0
1228,6,3,18,25,5,4,10,20,6,120,0,0.39,10,0
1213,8,3,9,16,4,2,10,22,0,60,0,0.84,20,0
1201,14,1,1,16,2,3,7,18,0,120,0,0.29,30,0
1360,18,2,21,1,0,1,1,14,2,60,1,0.08,10,1
1217,10,3,27,22,3,6,10,22,2,90,1,0.53,20,0
1393,13,1,24,14,3,6,10,8,2,60,1,0.8,30,0
1519,17,3,19,5,1,6,8,8,6,60,1,0.2,10,0
946,16,1,17,6,0,6,6,14,0,90,0,0.07,30,0
1022,15,1,16,20,2,7,10,16,0,90,0,0.31,30,0
851,18,3,5,0,2,3,7,16,0,60,1,0.26,30,1
883,16,2,22,17,2,3,7,10,2,120,0,0.87,20,0
1218,18,1,20,13,1,6,8,16,1,120,0,0.75,20,0
1210,17,3,20,13,4,0,8,22,0,90,0,0.04,30,0
1329,20,1,10,20,5,4,10,16,0,60,0,0.2,30,0
1213,12,2,0,20,5,5,10,10,1,120,0,0.07,10,0
1345,10,3,11,5,1,3,5,22,1,60,0,0.79,30,0
1057,15,1,12,9,0,6,6,8,3,90,1,0.67,30,0
1314,9,3,26,10,2,2,6,22,4,90,1,0.86,15,0
1493,13,1,20,6,4,1,9,10,1,90,0,0.58,15,0
896,10,3,11,29,0,4,4,18,5,90,0,0.71,30,0
1243,11,3,11,18,4,5,10,18,3,120,0,0.53,10,0
1400,14,1,21,28,2,1,5,8,5,90,0,0.72,20,0
999,7,2,13,22,0,2,2,18,6,60,1,0.42,10,1
832,12,1,19,30,0,3,3,10,1,90,1,0.08,20,1
1315,7,2,14,8,3,2,8,10,2,90,1,0.94,15,0
879,19,2,4,7,5,3,10,16,1,90,1,0.07,10,0
1057,7,2,21,28,5,4,10,20,4,90,0,0.25,20,0
833,14,2,0,12,0,3,3,18,2,90,0,0.12,20,0
1196,14,2,1,25,5,1,10,18,1,60,1,0.25,20,0
836,13,3,16,23,2,3,7,10,0,120,1,0.2,10,0
1026,9,3,17,28,1,0,2,22,6,90,0,0.18,20,0
1596,7,3,21,26,5,5,10,14,3,120,0,0.45,10,0
858,12,2,10,3,4,0,8,20,4,60,0,0.2,15,0
1485,8,3,24,4,0,3,3,16,2,90,0,0.79,20,0
1119,13,1,28,7,1,3,5,20,3,90,1,0.25,30,1
931,11,2,9,14,3,2,8,8,5,60,1,0.98,30,0
1511,16,1,16,25,1,5,7,16,4,60,1,0.31,20,1
1252,16,2,25,29,5,6,10,20,5,60,0,0.89,20,0
892,12,2,4,4,4,5,10,8,0,120,1,0.17,30,0
942,11,1,30,2,2,1,5,14,1,120,1,0.85,30,0
1301,9,1,7,11,5,1,10,10,1,90,0,0.87,15,0
932,11,1,23,8,3,5,10,16,4,60,1,0.72,20,0
1322,6,2,25,24,2,2,6,8,5,120,0,0.97,20,0
1364,18,2,6,29,0,1,1,16,6,60,1,0.32,10,1
1595,20,1,10,11,2,1,5,10,3,120,0,0.71,15,0
1013,6,1,11,26,2,5,9,16,2,120,1,0.76,20,0
1068,10,1,21,1,4,7,10,16,5,90,0,0.66,10,0
1532,9,3,0,11,4,3,10,22,6,90,0,0.81,10,0
1369,7,3,10,13,4,1,9,16,1,120,0,0.31,30,0
1589,6,2,22,16,5,1,10,10,0,90,1,0.41,20,0
1526,19,1,29,18,1,2,4,8,5,60,0,0.87,30,0
803,13,2,9,22,0,6,6,8,1,90,0,0.77,20,0
823,11,1,29,10,0,5,5,20,5,60,0,0.18,20,0
1196,6,1,2,7,1,3,5,20,1,90,0,0.2,15,0
1222,13,2,16,24,2,7,10,16,1,90,1,0.94,30,0
1428,11,2,9,29,0,6,6,16,5,60,0,0.81,30,0
1089,13,1,2,17,2,4,8,16,6,60,1,0.74,30,1
1436,11,2,3,30,4,6,10,18,1,60,1,0.34,10,0
1016,10,1,21,3,3,5,10,14,2,90,0,0.53,20,0
1386,20,1,9,23,1,6,8,14,2,120,1,0.63,20,0
1458,9,1,19,21,2,1,5,18,6,90,1,1.0,20,1
1165,9,3,27,9,0,1,1,22,1,60,0,0.72,15,0
1186,8,3,4,25,1,4,6,20,5,90,1,0.3,20,1
905,16,2,22,20,4,0,8,14,2,120,0,0.82,30,0
1061,15,2,4,13,0,6,6,22,0,120,1,0.35,10,0
1276,9,1,8,4,4,4,10,18,0,90,0,0.1,20,0
1236,6,2,25,10,2,6,10,22,0,90,0,0.94,10,0
1436,16,3,5,16,3,5,10,16,6,60,0,0.69,10,0
1404,12,3,24,22,5,1,10,8,3,120,1,0.49,30,0
1533,9,2,26,17,2,6,10,14,6,90,1,0.12,10,0
1512,9,2,28,23,3,2,8,14,6,60,0,0.22,15,0
869,19,2,22,3,1,5,7,22,2,90,0,0.37,15,0
1119,19,1,2,27,0,1,1,16,5,90,0,0.15,20,0
951,17,3,21,16,2,4,8,8,4,90,1,0.55,10,0
1301,9,3,7,9,3,3,9,18,5,60,0,0.06,10,0
828,15,2,18,21,3,6,10,10,3,120,1,0.53,20,0
859,9,2,14,13,0,5,5,10,5,60,1,0.99,20,0
969,6,2,28,27,1,7,9,8,2,60,1,0.64,20,0
928,6,1,21,11,3,5,10,20,6,60,0,0.79,15,0
828,20,2,24,23,3,2,8,18,4,60,1,0.34,30,1
869,16,1,17,22,2,3,7,8,6,120,0,0.52,10,0
1544,13,2,8,0,3,5,10,20,3,120,0,0.85,30,0
1370,6,2,28,5,5,7,10,10,2,60,0,0.34,10,0
1366,10,1,14,10,4,2,10,16,5,60,1,0.46,15,0
1569,14,3,4,21,4,7,10,14,6,90,0,0.7,10,0
1436,19,1,13,3,5,7,10,16,0,120,0,0.27,30,0
1564,20,2,12,28,1,2,4,22,3,60,0,0.21,10,0
864,13,1,23,29,1,5,7,8,0,120,0,0.44,30,0
972,16,1,11,18,1,6,8,10,5,90,0,0.45,30,0
1498,13,2,0,20,0,6,6,8,3,90,1,0.04,30,1
806,13,1,15,29,2,1,5,18,4,90,1,0.73,10,0
1024,13,3,11,1,5,5,10,10,5,90,1,0.54,30,0
1238,11,1,25,7,3,5,10,16,2,120,1,0.66,15,0
1428,12,2,1,7,4,2,10,10,5,90,1,0.84,30,0
1114,18,1,20,27,5,3,10,8,0,120,1,0.57,10,0
881,17,1,26,19,0,2,2,18,6,60,0,0.15,20,0
1391,15,1,15,16,4,5,10,22,0,90,0,0.31,15,0
810,7,2,0,21,2,1,5,18,6,90,1,0.83,10,1
950,7,2,7,0,3,1,7,18,4,60,1,0.29,10,1
1142,11,1,26,24,4,3,10,18,6,90,0,0.33,20,0
1534,12,2,8,20,4,6,10,10,2,90,0,0.92,30,0
1131,19,2,7,12,1,6,8,22,3,90,1,0.95,20,0
1461,20,1,24,19,2,4,8,10,6,90,1,0.7,15,0
1542,14,2,8,28,3,7,10,18,0,90,0,0.99,15,0
811,19,1,28,27,0,7,7,18,5,90,1,0.48,30,1
1394,12,1,22,24,3,5,10,22,4,120,1,0.29,10,0
809,12,2,8,15,3,6,10,20,1,120,0,0.71,15,0
1567,13,1,20,8,0,0,0,14,3,90,0,0.53,10,0
803,19,2,23,19,0,6,6,10,4,120,0,0.4,10,0
827,16,3,21,2,2,3,7,22,1,120,1,0.33,20,0
1379,11,3,3,18,2,2,6,8,0,120,1,0.28,20,1
1558,7,3,28,15,0,7,7,22,5,90,0,0.33,30,0
1540,11,3,6,3,2,2,6,22,4,60,0,0.6,15,0
1508,17,2,14,27,1,7,9,20,3,60,1,0.85,10,0
1364,17,1,18,1,0,6,6,20,6,90,1,0.13,30,1
1120,11,3,0,11,3,5,10,20,0,60,1,0.62,20,0
943,13,1,20,24,4,1,9,10,0,90,1,0.61,30,0
981,14,1,26,12,0,6,6,22,6,60,1,0.27,15,1
999,11,1,28,17,2,0,4,18,6,120,0,0.97,20,0
1401,10,3,23,21,4,2,10,16,3,120,0,0.93,30,0
863,15,1,23,24,0,4,4,18,3,60,0,0.01,20,0
1376,16,2,22,11,0,5,5,14,0,90,1,0.53,20,1
987,14,1,17,13,4,6,10,14,4,60,1,0.94,15,0
944,20,2,5,16,1,2,4,18,2,60,1,0.72,20,1
1584,16,2,16,14,4,7,10,18,4,60,1,0.92,10,0
1055,16,2,15,20,3,6,10,16,2,60,0,0.57,10,0
1102,7,2,22,1,4,6,10,20,4,120,0,0.6,30,0
1273,11,2,0,17,0,7,7,8,2,60,0,0.52,30,0
1080,8,3,7,6,5,3,10,20,0,90,1,0.72,30,0
881,9,3,8,0,3,7,10,14,1,120,1,0.67,15,0
1157,10,2,7,24,3,0,6,16,6,90,1,0.75,20,1
1404,10,1,4,11,1,2,4,18,1,120,0,0.91,20,0
1507,8,1,23,23,3,3,9,10,4,60,0,0.56,20,0
947,15,3,3,6,1,6,8,18,4,60,1,0.98,20,0
1466,16,3,10,27,4,1,9,20,6,90,0,0.0,10,0
1108,14,2,0,10,4,6,10,10,6,60,0,0.04,10,0
977,20,3,17,22,2,0,4,8,3,120,1,0.24,10,0
972,17,1,27,13,1,5,7,20,4,120,0,0.25,10,0
1452,12,2,17,17,0,3,3,18,2,90,1,0.84,10,0
1273,7,2,15,3,3,5,10,14,2,60,1,0.1,15,0
1471,6,1,21,11,1,1,3,20,6,60,0,0.77,10,0
1166,18,2,27,21,3,6,10,10,6,120,0,0.47,20,0
909,15,1,5,13,2,7,10,18,1,60,0,0.27,15,0
1380,6,2,1,15,5,0,10,18,6,120,1,0.38,30,0
1403,7,3,7,24,3,0,6,20,3,60,0,0.18,10,0
929,10,2,25,26,0,3,3,20,3,90,0,0.75,30,0
1190,16,3,22,20,5,1,10,8,2,60,1,0.53,20,0
1307,19,1,14,20,2,6,10,16,0,90,0,0.29,15,0
1383,20,3,0,28,3,0,6,16,2,60,0,0.74,20,0
1398,10,1,26,3,0,0,0,22,4,90,1,0.74,15,1
1363,16,2,24,28,3,0,6,22,3,90,0,0.29,15,0
1417,9,2,30,18,4,3,10,20,0,120,0,0.58,30,0
1388,12,2,6,9,5,5,10,8,5,120,1,0.65,30,0
1278,10,3,29,16,0,3,3,18,6,120,1,0.99,20,1
1152,13,2,14,7,1,6,8,8,4,90,1,0.7,10,0
1544,10,3,11,8,0,2,2,10,5,60,0,0.84,20,0
1207,7,1,10,12,3,5,10,14,1,120,0,0.37,15,0
1052,12,3,22,0,3,1,7,14,3,90,0,0.51,20,0
1465,15,1,10,13,1,6,8,16,4,90,0,0.92,10,0
1186,18,2,23,23,5,4,10,8,3,120,1,0.98,10,0
966,7,1,15,21,0,6,6,18,3,120,1,0.98,15,1
1434,10,3,22,9,0,2,2,10,0,120,1,0.22,15,1
1169,13,2,23,22,1,5,7,18,4,90,0,0.22,30,0
1083,12,2,12,21,3,4,10,8,6,90,0,0.55,10,0
1544,13,1,16,6,0,1,1,20,3,120,1,0.47,10,1
1161,20,2,9,6,0,2,2,10,6,120,0,0.52,20,0
1225,17,2,24,22,0,4,4,14,3,90,0,0.13,10,0
1105,16,1,18,0,4,6,10,14,2,60,0,0.72,30,0
1163,20,3,7,1,0,0,0,22,0,60,0,0.33,15,0
1125,10,3,4,25,3,3,9,18,4,90,0,0.78,20,0
872,14,2,4,20,2,5,9,22,5,60,1,0.35,10,0
1327,20,1,11,30,0,4,4,10,6,90,0,0.5,10,0
916,13,3,4,30,0,5,5,8,6,90,1,0.31,10,0
1493,7,1,4,5,0,6,6,8,4,90,1,0.72,20,0
804,14,1,17,17,4,5,10,8,2,60,1,0.38,10,0
1311,20,2,18,29,2,4,8,20,4,120,1,0.82,15,0
1361,11,3,20,2,2,0,4,18,6,90,1,0.38,10,1
1100,18,3,30,7,4,5,10,18,5,90,0,0.7,10,0
924,7,2,21,7,4,3,10,22,3,60,0,0.76,15,0
1524,7,1,2,29,4,5,10,22,3,60,0,0.69,10,0
997,12,1,30,30,0,2,2,22,2,90,1,0.61,10,0
1029,20,1,29,24,4,6,10,18,6,120,0,0.63,20,0
1334,6,1,11,5,3,3,9,20,4,90,1,0.39,10,0
996,7,2,30,29,5,5,10,22,3,60,1,0.97,20,0
966,15,1,16,30,5,5,10,18,6,120,0,0.2,20,0
1066,6,1,9,1,4,7,10,22,6,90,1,0.34,20,0
880,17,2,7,16,0,5,5,14,6,60,0,0.06,30,0
1076,7,1,4,29,4,1,9,14,0,120,1,0.94,10,0
1342,17,2,11,0,1,3,5,20,2,90,0,0.59,10,0
1166,7,1,19,1,5,2,10,20,4,120,0,0.3,10,0
1107,10,3,4,22,4,0,8,18,0,60,0,0.55,20,0
983,12,2,8,20,3,5,10,8,6,120,0,0.12,30,0
1211,17,3,10,6,4,0,8,8,5,120,1,0.55,15,0
1060,8,2,21,2,5,7,10,8,1,60,1,0.69,20,0
835,17,2,12,14,4,2,10,14,3,120,1,0.14,30,0
1140,6,2,18,0,5,4,10,18,5,60,1,0.56,30,0
1584,9,1,4,25,4,1,9,18,5,120,0,0.85,10,0
1576,17,1,10,9,2,5,9,16,6,60,1,0.07,10,0
807,20,3,7,18,0,1,1,10,3,120,0,0.56,10,0
1340,9,2,17,5,3,5,10,16,6,60,1,0.71,20,0
1451,15,2,29,18,2,3,7,20,5,120,1,0.87,15,0
957,11,3,27,27,3,1,7,14,2,60,1,0.01,10,0
1415,15,3,26,30,3,6,10,16,2,60,1,0.75,10,0
1410,18,2,12,3,3,7,10,16,5,120,1,0.96,15,0
1206,17,2,21,14,4,7,10,8,1,60,0,0.55,10,0
1278,18,1,24,14,0,7,7,10,5,90,1,0.33,20,0
1466,8,3,7,11,0,0,0,14,2,120,1,0.01,15,1
1096,19,2,10,21,0,2,2,8,0,60,0,0.9,15,0
1281,17,1,2,24,1,1,3,18,0,60,0,0.37,30,0
1067,11,3,27,27,5,7,10,16,1,60,1,0.94,30,0
1101,16,1,20,27,1,4,6,18,3,90,1,0.6,15,0
1318,19,1,3,3,0,0,0,14,3,90,1,0.2,20,1
900,14,1,30,8,1,4,6,14,6,120,1,0.08,30,1
1122,20,1,3,28,2,3,7,14,4,120,1,0.53,30,0
985,12,1,5,10,3,4,10,20,5,60,0,0.75,15,0
1259,16,3,28,24,1,5,7,8,0,120,0,0.35,20,0
839,15,2,16,8,5,5,10,18,0,120,0,0.46,30,0
869,6,2,1,11,5,2,10,8,1,90,1,0.33,20,0
1491,8,3,15,3,2,0,4,14,6,120,1,0.88,15,1
900,12,2,12,7,4,7,10,10,3,90,1,0.08,20,0
882,19,1,2,29,4,7,10,18,5,120,0,0.4,20,0
1175,20,1,26,4,0,4,4,10,5,90,0,0.77,30,0
1127,16,2,22,5,1,6,8,10,2,90,0,0.06,20,0
1223,17,2,20,15,0,1,1,20,6,90,1,0.85,30,1
811,9,1,9,27,3,7,10,18,2,90,0,0.1,30,0
1126,17,2,15,3,0,5,5,18,6,60,1,0.03,10,1
1437,16,3,2,8,5,3,10,22,1,120,1,0.1,20,0
968,15,2,8,0,5,4,10,20,5,120,0,0.55,30,0
1537,13,2,12,21,1,3,5,14,3,60,1,0.95,20,0
1464,11,3,10,27,0,6,6,16,5,90,0,0.23,10,0
1283,12,1,18,20,2,1,5,16,1,60,0,0.99,15,0
1381,15,1,2,30,2,0,4,20,6,60,0,0.27,10,0
1153,13,2,23,6,5,6,10,22,6,90,1,0.76,10,0
1529,6,1,20,30,4,0,8,18,3,90,0,0.22,10,0
1203,13,1,20,18,1,2,4,16,3,120,0,0.87,15,0
1057,17,2,7,2,2,4,8,20,4,90,1,0.72,15,0
1591,7,2,20,3,4,5,10,20,5,60,1,0.22,20,0
1138,17,2,17,1,5,6,10,20,4,120,0,0.56,20,0
817,20,1,30,11,4,1,9,14,5,120,0,0.95,10,0
1368,10,2,15,20,4,4,10,16,0,120,0,0.79,10,0
1299,19,3,0,22,5,4,10,18,5,60,1,0.94,10,0
1357,6,2,10,14,2,7,10,16,0,60,1,0.2,30,0
1206,17,2,2,10,2,7,10,14,6,60,1,0.36,10,0
1579,14,2,8,29,2,1,5,16,3,60,0,0.37,30,0
1257,18,3,14,18,1,0,2,14,2,120,1,0.97,15,0
1218,16,3,28,27,3,1,7,14,0,60,1,0.51,20,0
1332,9,2,20,12,4,6,10,18,1,120,1,0.72,30,0
1158,9,3,19,7,3,4,10,10,1,120,1,0.26,30,0
1376,9,2,17,28,2,5,9,16,1,120,1,0.93,10,0
1298,11,1,30,10,2,5,9,16,4,60,1,0.88,20,0
996,13,3,17,12,2,4,8,8,2,120,0,0.87,30,0
1070,16,3,9,10,5,1,10,18,4,120,0,0.56,30,0
1352,11,1,25,16,2,1,5,22,6,90,1,0.53,30,0
1424,18,3,24,17,5,0,10,14,5,90,1,0.42,20,0
1178,11,3,5,9,2,4,8,8,3,90,1,0.08,30,0
1148,8,1,15,0,3,2,8,10,6,90,0,0.29,10,0
1575,7,2,3,11,3,4,10,18,2,120,0,0.21,20,0
1355,20,1,16,4,5,3,10,8,4,60,1,0.5,10,0
1049,7,3,21,6,2,4,8,22,1,120,0,0.57,20,0
1018,10,2,11,21,1,2,4,22,3,90,0,0.18,20,0
1411,9,3,21,28,3,5,10,8,2,60,0,0.98,30,0
1039,17,1,10,5,0,3,3,18,5,120,0,0.26,30,0
1327,15,2,9,21,1,7,9,16,4,90,1,0.9,20,0
926,20,2,25,6,1,1,3,10,6,90,1,0.8,15,0
1242,8,3,15,13,1,0,2,20,0,120,0,0.95,15,0
910,15,1,5,16,3,3,9,20,3,120,1,0.0,15,0
1384,16,1,4,16,4,7,10,18,1,90,0,0.67,10,0
1434,16,1,12,27,5,2,10,10,6,120,0,0.38,15,0
964,10,3,27,21,1,4,6,16,0,120,0,0.15,30,0
1481,17,3,26,3,2,3,7,18,3,120,0,0.22,20,0
922,10,2,26,11,2,1,5,16,0,60,0,0.72,20,0
1481,12,1,5,27,4,7,10,18,2,120,1,0.83,30,0
1274,14,1,21,1,1,7,9,18,2,90,1,0.07,20,0
1332,10,2,18,20,1,2,4,20,1,60,0,0.35,15,0
801,11,3,13,15,1,7,9,8,6,120,1,0.11,15,0
1599,12,2,22,5,0,1,1,14,3,120,1,0.32,15,1
1425,15,3,23,12,0,6,6,20,2,90,0,0.26,30,0
961,9,1,26,22,5,1,10,10,0,90,1,0.34,30,0
1141,17,3,20,3,2,4,8,22,3,120,1,0.34,10,0
850,19,3,30,26,5,4,10,18,0,120,0,0.79,15,0
881,13,3,17,9,4,2,10,18,0,60,1,0.39,20,0
1348,13,3,16,0,1,2,4,10,2,60,0,0.52,20,0
1420,6,1,3,22,3,7,10,16,0,60,0,0.8,15,0
1510,9,1,17,14,1,1,3,14,6,120,0,0.1,15,0
1338,18,2,1,7,2,2,6,10,1,90,1,0.76,15,0
1541,8,1,28,10,1,7,9,18,5,90,0,0.27,30,0
1132,17,3,5,20,3,2,8,16,2,60,0,0.38,20,0
1534,13,3,27,16,2,4,8,22,0,90,0,0.84,10,0
1072,12,3,16,19,2,5,9,20,0,60,1,0.24,15,0
1594,7,1,5,1,3,6,10,20,5,60,1,0.97,10,0
1451,6,3,23,16,0,0,0,10,4,90,1,0.13,15,1
967,14,3,29,21,1,6,8,18,3,60,0,0.55,30,0
1543,7,2,12,4,2,0,4,10,1,60,1,0.61,15,0
1052,11,2,28,29,2,1,5,22,4,60,1,0.21,20,1
1350,8,3,5,12,1,6,8,10,2,90,1,0.34,10,0
1155,17,2,23,25,5,3,10,16,1,60,0,0.8,15,0
1545,8,2,9,26,1,5,7,20,0,60,1,0.96,20,0
1422,6,1,10,30,2,1,5,22,4,90,1,0.59,10,0
1011,8,3,17,16,0,0,0,18,0,90,0,0.45,30,0
1318,7,1,13,30,1,0,2,16,4,90,1,0.05,15,1
841,8,3,6,12,3,5,10,20,1,90,1,0.39,30,1
1336,9,1,13,17,4,1,9,20,6,120,0,0.01,20,0
1065,14,2,28,20,1,3,5,14,1,120,0,0.41,20,0
1014,8,3,17,3,3,1,7,18,3,60,1,0.27,15,1
934,17,2,28,15,0,5,5,18,6,90,1,0.36,10,1
893,8,3,9,16,1,7,9,20,0,120,1,0.61,10,0
1572,10,2,22,23,2,0,4,8,0,60,0,0.18,20,0
862,13,1,13,17,1,5,7,14,1,60,0,0.6,15,0
1283,15,1,25,23,4,2,10,14,2,120,1,0.75,20,0
1272,12,3,18,14,1,5,7,18,1,90,1,0.44,30,1
828,18,3,14,29,3,3,9,22,6,60,1,0.26,20,0
1066,19,1,24,23,3,1,7,22,0,60,1,0.42,30,0
1200,10,3,15,19,1,5,7,8,6,60,0,0.09,20,0
1103,15,3,18,5,2,7,10,18,2,60,0,0.07,15,0
1268,7,2,0,26,2,3,7,20,5,90,0,0.35,30,0
1373,10,2,12,3,4,6,10,18,5,120,0,0.22,10,0
1591,6,1,24,16,0,0,0,18,5,120,1,0.07,20,1
1562,16,3,1,7,0,4,4,16,2,60,1,0.61,30,1
1149,20,3,1,6,1,3,5,20,0,60,0,0.45,15,0
1112,16,2,13,8,5,1,10,20,6,90,0,0.63,10,0
1133,12,1,29,25,0,2,2,8,3,120,0,0.73,15,0
864,19,2,3,15,3,5,10,10,3,120,1,0.99,15,0
990,8,1,8,11,5,5,10,20,4,120,0,0.11,10,0
1181,17,3,28,4,2,6,10,18,3,120,0,0.65,15,0
1438,20,3,28,14,4,1,9,20,6,120,1,0.42,10,0
1136,15,1,1,12,0,6,6,10,2,90,1,0.05,20,1
1071,6,1,15,2,2,3,7,20,1,60,0,0.95,30,0
1281,11,3,13,0,3,2,8,8,1,90,0,0.06,20,0
1286,11,2,16,5,1,2,4,16,3,60,1,0.56,10,0
1511,18,1,18,23,5,7,10,14,1,120,0,0.91,10,0
1023,16,1,8,12,0,4,4,20,6,90,0,0.81,10,0
1367,16,1,20,0,0,6,6,18,2,90,0,0.85,30,0
1249,15,1,30,21,5,6,10,20,4,90,1,0.21,15,0
1277,10,1,30,30,4,2,10,20,6,120,1,0.42,30,0
1014,18,1,22,16,2,4,8,18,4,90,1,0.9,20,0
1131,18,1,5,17,1,7,9,8,4,90,1,0.02,15,0
853,15,1,13,12,1,5,7,16,4,90,1,0.16,30,1
1332,15,2,30,6,2,3,7,22,5,90,0,0.82,20,0
1064,8,1,26,6,5,0,10,22,1,120,1,0.64,30,0
1298,10,3,22,8,1,1,3,18,2,60,0,0.13,30,0
811,17,1,21,7,1,4,6,22,0,60,0,0.45,10,0
932,20,2,9,14,5,4,10,10,2,120,1,0.22,20,0
1215,9,3,25,30,5,3,10,16,2,60,1,0.03,10,0
1594,16,1,30,30,3,6,10,22,6,120,0,0.79,10,0
1009,20,1,23,5,4,5,10,14,1,120,0,0.01,20,0
1037,11,3,24,14,4,0,8,14,1,120,0,1.0,15,0
1421,19,2,21,29,2,3,7,20,2,90,0,0.5,10,0
1000,18,2,5,14,5,2,10,20,4,60,1,0.94,30,0
869,7,3,7,0,3,6,10,8,3,120,1,0.78,15,0
1040,8,3,4,22,4,2,10,14,2,120,0,0.58,10,0
1592,13,3,18,18,2,0,4,18,0,90,0,0.1,30,0
1031,11,3,8,8,1,0,2,10,6,90,1,0.51,15,1
1465,15,3,7,27,3,4,10,18,2,60,1,0.44,10,0
850,17,3,2,23,2,7,10,14,6,120,0,0.61,20,0
1038,14,3,24,10,4,1,9,8,1,120,0,0.42,10,0
1409,6,1,2,27,1,4,6,20,6,120,1,0.07,30,1
1204,20,3,28,23,2,2,6,18,1,60,1,0.31,30,1
1440,14,2,26,2,1,1,3,16,0,90,0,0.87,10,0
818,17,2,29,10,0,4,4,14,3,90,1,0.06,20,1
1084,6,2,0,23,2,5,9,16,6,60,1,0.12,15,0
1476,13,1,4,12,4,0,8,20,6,90,0,0.65,15,0
1134,16,1,2,0,0,2,2,8,3,90,1,0.99,10,0
1440,8,1,5,15,0,0,0,22,3,60,1,0.49,10,1
879,16,2,13,3,4,3,10,18,5,120,1,0.38,15,0
1553,8,3,0,23,5,2,10,14,0,90,0,0.87,30,0
1492,12,2,10,8,4,1,9,22,1,120,0,0.17,20,0
1460,15,3,12,9,4,4,10,20,1,60,0,0.73,20,0
1151,20,2,1,12,5,0,10,20,2,90,1,0.63,10,0
1416,17,2,9,28,5,0,10,22,5,90,1,0.52,10,0
1443,6,2,27,13,5,0,10,10,6,60,1,0.2,20,0
1584,7,1,1,5,0,2,2,16,5,90,0,0.85,10,0
1060,17,3,5,23,5,7,10,20,0,90,0,0.59,30,0
1149,18,2,23,2,0,4,4,18,1,120,0,0.91,10,0
885,12,3,0,15,3,1,7,14,5,90,1,0.38,15,0
810,19,3,16,23,5,7,10,14,6,120,0,0.51,30,0
993,8,1,14,0,4,4,10,16,0,120,0,0.74,20,0
846,6,1,8,28,1,4,6,16,3,120,0,0.08,30,0
970,8,2,5,16,5,3,10,10,1,60,0,0.32,30,0
1396,7,2,4,15,5,1,10,10,6,90,1,0.1,20,0
1202,17,1,1,26,2,7,10,14,4,60,0,0.39,30,0
1346,11,2,1,25,4,0,8,8,0,120,1,0.12,30,0
1387,18,3,26,12,5,2,10,16,4,60,1,0.74,20,0
916,14,2,9,13,2,6,10,8,1,60,0,0.95,10,0
907,9,3,14,30,3,0,6,16,3,90,0,0.04,30,0
1141,11,2,2,3,2,3,7,14,2,120,1,0.33,30,1
1172,20,2,2,10,0,4,4,20,3,120,0,0.37,30,0
1398,10,1,1,23,5,5,10,18,1,120,1,0.56,15,0
1298,19,3,11,1,2,3,7,20,4,120,1,0.7,30,1
1167,9,1,14,0,2,1,5,10,3,120,1,0.23,10,1
1212,7,3,27,11,1,0,2,16,6,60,1,0.28,10,1
1385,15,3,4,24,3,6,10,10,1,120,1,0.01,20,0
1141,18,2,2,13,4,1,9,18,1,120,1,0.57,30,0
1119,7,1,19,10,0,5,5,22,4,90,1,0.14,10,1
1267,17,1,6,13,0,0,0,8,5,120,0,0.35,10,0
1514,9,2,14,16,4,2,10,18,4,60,1,0.65,30,0
1518,20,3,18,24,0,7,7,8,3,60,1,0.05,15,0
970,11,3,8,8,5,4,10,22,4,90,0,0.34,20,0
1085,14,2,7,4,0,6,6,8,2,120,1,0.52,20,0
887,17,3,23,1,3,3,9,18,4,120,0,0.86,10,0
1370,17,1,24,26,4,6,10,16,1,120,0,0.25,15,0
1322,16,2,30,12,1,2,4,22,5,120,0,0.24,15,0
1424,12,1,28,29,1,1,3,8,3,90,1,0.09,30,1
1362,20,1,27,12,5,0,10,18,5,60,0,0.18,20,0
1391,10,3,18,19,2,1,5,8,5,60,1,0.54,10,0
1546,20,3,0,8,3,6,10,16,6,90,0,0.99,20,0
967,12,3,30,25,4,4,10,10,0,60,0,0.67,10,0
1161,11,1,18,24,0,5,5,16,6,90,1,0.37,10,1
901,7,1,4,1,0,2,2,8,0,60,1,0.37,15,1
1005,18,3,27,16,0,3,3,16,5,60,0,0.87,30,0
954,18,3,12,23,3,6,10,8,4,120,0,0.81,10,0
1317,10,2,25,14,4,3,10,14,2,120,0,0.9,15,0
1260,14,2,4,30,3,6,10,16,5,60,1,0.61,10,0
1258,19,2,3,26,0,5,5,16,3,120,1,0.53,15,0
1525,16,2,5,3,5,4,10,22,3,60,1,0.12,30,0
1280,19,3,15,27,2,0,4,16,3,90,1,0.73,30,1
1315,11,2,12,1,5,5,10,18,4,60,0,0.83,10,0
1430,13,2,20,22,3,5,10,10,6,60,0,0.15,10,0
1026,8,2,9,11,0,6,6,18,6,90,1,0.21,20,1
971,9,1,10,23,4,7,10,20,3,120,0,0.38,30,0
1430,18,3,6,5,4,2,10,22,2,90,1,0.25,20,0
943,14,3,12,21,0,6,6,8,2,90,0,0.65,20,0
1413,13,1,27,4,4,4,10,16,6,90,0,0.37,15,0
1489,9,1,10,15,5,1,10,16,2,120,1,0.2,20,0
920,13,2,6,22,2,2,6,10,6,120,1,0.18,15,1
1021,13,2,16,18,3,2,8,22,0,60,1,0.21,10,0
1451,17,3,5,0,2,0,4,22,2,120,0,0.84,20,0
1440,17,2,0,13,3,7,10,8,1,120,1,0.66,30,0
1168,13,1,29,11,1,4,6,22,1,120,1,0.63,15,0
1407,15,2,4,23,1,7,9,18,5,60,1,0.93,30,0
1368,11,1,9,21,2,5,9,20,5,90,0,0.16,20,0
1397,10,1,22,1,1,6,8,8,6,60,0,0.78,10,0
913,20,2,17,25,0,7,7,14,2,120,0,0.8,20,0
1524,19,1,28,13,1,3,5,16,3,60,1,0.98,30,1
1345,12,1,23,28,1,7,9,18,0,90,0,0.06,10,0
1275,10,3,18,26,5,4,10,22,4,60,1,0.64,20,0
1026,17,1,8,28,4,5,10,20,6,90,0,0.46,30,0
1369,6,2,28,26,1,4,6,14,5,60,1,0.27,10,1
1538,19,2,11,24,0,7,7,10,4,90,1,0.23,10,0
1047,11,2,23,10,2,5,9,8,3,90,1,0.09,15,0
1282,8,3,24,22,1,6,8,18,1,90,0,0.57,30,0
980,17,3,26,14,4,3,10,16,4,90,0,0.63,20,0
1364,8,2,20,19,4,5,10,18,3,120,1,0.74,15,0
1192,7,1,8,19,4,0,8,10,3,60,0,0.75,10,0
1197,12,1,23,13,2,6,10,20,0,90,0,0.67,15,0
1301,15,1,20,24,4,1,9,10,2,90,1,0.3,15,0
1093,16,2,25,0,5,6,10,20,5,90,0,0.56,20,0
1192,20,2,9,10,3,5,10,10,0,120,0,0.67,20,0
1474,9,2,3,2,5,5,10,14,1,90,1,0.31,10,0
1382,12,2,1,1,2,6,10,22,1,60,0,0.46,20,0
1069,9,2,29,4,5,4,10,10,0,60,0,0.42,10,0
1055,8,3,30,3,0,3,3,10,5,60,1,0.48,10,1
1339,13,2,8,24,2,4,8,8,4,120,1,0.57,30,0
848,14,3,23,21,4,4,10,18,4,120,0,0.28,10,0
1415,13,2,6,23,0,3,3,22,1,120,1,0.24,30,1
906,20,3,10,30,2,7,10,18,4,120,1,0.32,15,0
1490,10,1,16,29,5,4,10,22,6,90,0,0.41,20,0
1277,17,3,16,11,0,6,6,16,3,120,1,0.98,20,1
952,10,2,17,2,2,7,10,22,2,90,0,0.12,30,0
1292,10,3,24,20,5,4,10,10,1,60,0,0.23,20,0
1202,6,2,26,1,5,3,10,14,6,90,0,0.77,15,0
1582,11,1,6,9,0,7,7,16,0,120,1,0.46,15,1
1295,10,1,21,11,2,1,5,18,4,120,1,0.41,15,1
1152,15,3,19,19,0,3,3,14,6,120,0,0.43,30,0
807,15,2,12,3,5,0,10,16,4,60,0,0.81,10,0
1234,12,3,13,11,1,1,3,10,4,60,1,0.39,10,0
1243,6,2,18,11,4,6,10,18,4,60,1,0.36,20,0
862,19,3,6,13,5,5,10,18,5,60,1,0.17,20,0
876,15,1,18,27,4,2,10,18,4,90,0,0.11,20,0
1200,18,1,1,16,3,2,8,8,0,120,1,0.7,20,0
1158,17,3,20,18,0,5,5,8,3,60,0,0.27,15,0
1474,18,3,23,3,3,0,6,10,5,60,1,0.2,15,0
814,14,1,8,16,2,5,9,22,4,60,1,0.13,30,0
1303,13,2,19,13,5,6,10,18,0,90,1,0.59,15,0
816,15,1,12,22,4,0,8,18,3,90,0,0.5,10,0
1152,11,3,19,6,2,0,4,18,5,120,1,0.41,20,1
1524,11,2,29,22,5,2,10,10,1,120,1,0.96,15,0
1332,16,1,6,2,3,1,7,8,5,60,1,0.51,30,0
913,13,1,11,28,0,5,5,20,0,90,1,0.58,20,1
1059,19,1,20,13,4,7,10,8,3,60,0,0.43,15,0
825,20,2,30,12,0,2,2,14,6,60,1,0.03,10,1
970,11,3,26,16,1,4,6,16,1,60,1,0.29,30,1
1319,6,2,10,22,0,2,2,16,3,120,1,0.1,30,1
1364,20,1,6,7,1,5,7,10,3,90,1,0.83,30,0
901,16,3,14,28,4,3,10,16,5,120,1,0.35,10,0
1186,18,3,19,21,4,1,9,18,6,120,0,0.68,15,0
1467,6,3,1,8,2,7,10,8,4,60,1,0.64,20,0
1151,8,3,17,9,2,4,8,22,0,120,0,0.19,20,0
1555,6,3,19,14,1,0,2,22,4,120,0,0.82,30,0
1512,11,2,15,24,2,6,10,16,5,60,1,0.14,15,0
1582,15,1,30,17,1,3,5,10,6,120,0,0.63,15,0
944,14,2,8,11,4,4,10,20,6,90,0,0.93,10,0
847,16,3,9,15,4,0,8,18,6,120,1,0.81,20,0
1071,6,2,18,5,1,2,4,10,1,120,1,0.81,20,0
1297,16,2,24,28,0,2,2,8,1,90,1,0.98,15,0
1285,17,3,14,1,0,7,7,18,4,90,1,0.41,15,0
1308,12,2,26,7,5,6,10,16,1,120,1,0.44,15,0
1350,9,1,7,17,5,0,10,8,4,60,0,0.43,15,0
816,13,2,12,26,2,5,9,22,2,90,1,0.67,30,0
1377,17,1,13,17,2,4,8,8,3,90,0,0.7,30,0
1283,8,2,25,26,1,5,7,8,4,90,0,0.59,10,0
1422,18,2,9,15,5,2,10,16,4,90,1,0.83,15,0
1316,12,1,19,29,5,7,10,8,6,60,1,0.91,15,0
1555,16,2,21,2,0,2,2,18,2,120,1,0.72,10,1
1279,14,3,10,0,5,7,10,10,1,90,0,0.92,10,0
1217,16,3,6,29,5,7,10,18,5,60,0,0.63,20,0
941,12,1,17,17,3,1,7,10,5,120,1,0.97,10,0
1121,20,2,9,13,4,5,10,20,1,60,1,0.52,15,0
1550,15,3,6,4,2,1,5,8,0,90,0,0.72,30,0
1127,10,2,4,0,4,7,10,16,3,60,0,0.19,10,0
1233,14,3,21,25,5,2,10,10,4,120,0,0.02,15,0
1459,13,3,19,22,1,0,2,10,2,120,1,0.95,10,0
1237,9,2,1,26,1,3,5,14,5,120,1,0.55,20,1
1057,8,3,16,2,1,0,2,16,2,90,0,0.21,10,0
1427,6,3,1,16,0,3,3,14,0,90,0,0.65,10,0
1379,11,2,6,27,2,6,10,18,3,120,0,0.13,10,0
1597,18,1,24,30,0,4,4,14,6,90,1,0.36,10,0
1362,19,2,13,14,3,2,8,18,1,60,0,0.84,10,0
1260,12,2,29,23,5,1,10,20,2,60,0,0.16,10,0
1150,17,2,7,26,4,2,10,10,1,60,1,0.15,20,0
1578,7,1,30,14,1,0,2,18,5,60,1,0.71,20,1
998,6,3,16,20,2,7,10,8,5,120,0,0.99,20,0
1021,10,2,4,15,3,0,6,8,5,90,0,0.01,10,0
1286,7,3,9,18,5,5,10,18,5,90,1,0.84,20,0
801,14,3,25,26,3,7,10,10,5,120,1,0.13,10,0
1201,6,2,12,19,1,3,5,18,3,90,0,0.14,20,0
988,7,3,14,24,4,3,10,10,1,60,1,0.34,15,0
1466,20,1,26,28,4,2,10,22,6,60,0,0.64,20,0
1237,16,3,15,8,1,0,2,14,1,90,1,0.22,20,1
1488,9,3,16,12,0,7,7,20,0,120,1,0.94,10,0
897,19,3,18,10,4,4,10,10,0,60,0,0.95,30,0
1212,8,1,23,6,5,1,10,10,4,60,1,0.51,30,0
1133,12,2,18,8,2,4,8,22,6,60,1,0.25,15,0
1256,17,2,29,11,0,5,5,16,0,90,1,0.28,15,1
1068,10,1,1,6,5,0,10,22,4,90,1,0.07,15,0
957,10,2,17,20,3,0,6,14,4,60,1,0.56,30,1
944,7,2,9,19,5,0,10,16,2,90,1,0.24,30,0
950,6,1,22,0,3,1,7,8,2,120,0,0.31,15,0
1087,11,3,24,19,3,7,10,16,1,60,0,0.65,10,0
1347,18,2,16,11,0,5,5,14,0,60,0,0.45,20,0
968,11,1,10,9,4,6,10,16,0,120,0,0.31,30,0
1219,7,3,21,29,1,5,7,22,3,90,0,0.13,30,0
1246,14,2,9,15,3,4,10,10,4,60,1,0.53,20,0
954,18,1,28,7,1,5,7,14,1,60,0,0.66,20,0
1566,8,3,8,6,1,3,5,10,3,90,1,0.43,30,1
1509,6,2,7,21,4,5,10,16,1,60,0,0.35,20,0
1118,20,3,13,8,2,4,8,22,4,120,0,0.62,15,0
1339,8,3,24,0,1,5,7,16,6,60,0,0.31,10,0
1072,16,3,21,13,5,6,10,10,6,120,1,0.16,15,0
1411,20,1,8,13,0,6,6,8,5,120,0,0.82,20,0
1386,16,3,13,10,0,6,6,14,1,60,0,0.9,20,0
1048,14,2,23,3,3,3,9,20,4,90,0,0.17,20,0
907,8,2,8,12,3,3,9,20,0,120,1,0.19,20,0
830,7,1,13,19,1,6,8,22,3,60,1,0.03,15,0
989,12,2,25,2,2,7,10,14,6,90,1,0.91,15,0
817,8,2,5,22,4,7,10,10,6,60,1,0.71,10,0
1157,19,3,18,21,2,2,6,20,6,60,1,0.71,10,0
1181,12,1,25,28,3,7,10,10,4,90,1,0.29,30,0
928,17,2,2,22,4,4,10,8,6,90,0,0.97,30,0
1009,9,3,26,9,1,7,9,18,6,120,1,0.11,15,1
1343,20,3,9,30,2,3,7,16,4,90,1,0.4,10,0
1546,7,2,20,14,3,0,6,22,0,90,1,0.48,20,0
1498,20,3,11,15,5,3,10,8,6,120,1,0.73,15,0
1408,20,3,15,14,2,7,10,10,2,120,0,0.09,15,0
1393,20,2,19,16,2,7,10,18,5,60,1,0.28,30,0
1221,11,2,20,25,5,1,10,16,3,90,0,0.06,20,0
922,8,3,11,6,3,2,8,22,6,120,1,0.37,30,0
967,16,3,25,6,1,4,6,20,2,90,0,0.49,15,0
1217,8,3,10,5,1,0,2,16,4,90,0,0.83,10,0
839,13,2,12,6,4,0,8,20,2,90,0,0.79,30,0
1292,7,1,22,24,0,3,3,22,5,60,0,0.4,15,0
1204,9,2,30,17,2,1,5,16,3,120,1,0.94,10,1
1418,14,1,19,16,0,7,7,16,3,90,1,0.59,15,1
1138,12,1,2,20,3,1,7,16,2,60,0,0.94,15,0
1517,9,2,6,19,3,4,10,8,5,60,1,0.46,30,0
1094,10,3,17,18,5,0,10,20,1,60,1,0.84,15,0
1291,13,2,5,30,1,3,5,18,1,90,0,0.73,20,0
829,18,3,19,15,5,5,10,20,0,60,1,0.62,10,0
829,12,2,13,22,3,4,10,8,6,120,1,0.26,15,0
1165,12,3,10,11,0,6,6,22,1,60,0,0.7,20,0
1182,19,2,24,28,5,6,10,16,0,90,1,0.46,10,0
1440,10,3,28,24,0,2,2,18,5,120,1,0.03,10,1
1497,14,1,11,9,5,1,10,22,4,90,0,0.39,10,0
999,9,2,4,8,1,4,6,22,5,120,1,0.58,30,0
927,14,1,13,9,0,5,5,20,3,90,1,0.92,30,1
1214,19,1,9,19,2,0,4,18,1,60,1,0.88,20,1
1164,10,1,8,30,0,3,3,22,6,120,0,0.56,30,0
1084,14,1,27,21,0,7,7,14,5,120,0,0.94,10,0
1565,17,1,3,10,5,0,10,16,6,120,1,0.14,10,0
996,15,2,14,8,1,5,7,8,1,60,1,0.81,15,0
825,8,3,12,19,1,4,6,18,0,120,0,0.79,20,0
1039,14,2,28,17,2,5,9,10,2,60,0,0.82,15,0
1515,14,1,8,12,0,6,6,20,0,120,0,0.22,20,0
1193,7,3,7,25,1,0,2,10,1,60,1,0.01,15,1
1139,10,1,26,29,4,0,8,22,0,120,1,0.91,10,0
922,6,1,4,27,5,7,10,16,1,120,1,0.88,30,0
1447,8,3,5,20,0,0,0,16,3,120,0,0.9,20,0
1462,12,1,15,4,0,0,0,10,3,90,0,0.83,15,0
1397,7,1,22,1,5,2,10,8,3,90,0,0.16,10,0
1269,18,3,15,27,4,3,10,20,5,120,0,0.13,15,0
1361,9,3,0,12,3,7,10,18,2,120,1,0.82,20,0
1032,14,2,7,29,2,2,6,18,3,90,0,0.0,15,0
915,17,1,26,11,5,1,10,10,5,90,1,0.65,20,0
1498,18,1,18,3,5,5,10,10,0,60,1,0.41,20,0
1178,16,3,26,13,1,2,4,20,4,60,1,0.55,30,1
1378,13,1,19,12,0,2,2,22,6,90,0,0.17,20,0
907,15,3,5,5,5,2,10,14,6,90,0,0.33,10,0
1062,14,2,30,10,5,3,10,14,3,60,0,0.44,10,0
1509,11,3,7,29,2,3,7,10,1,90,0,0.56,30,0
1141,18,1,23,14,5,1,10,10,3,120,1,0.84,10,0
812,17,1,4,4,0,4,4,10,0,120,1,0.51,10,0
1119,7,1,0,20,1,7,9,16,2,90,1,0.48,15,0
1247,10,1,0,0,4,7,10,22,3,120,0,0.94,20,0
1029,18,2,30,19,3,6,10,8,5,120,1,0.69,10,0
1165,17,2,24,30,1,6,8,16,0,90,1,0.04,20,1
857,15,2,27,5,2,5,9,20,4,120,0,0.16,30,0
1315,13,1,17,6,5,0,10,22,4,90,0,0.98,10,0
972,13,2,21,17,3,4,10,18,2,120,1,0.48,15,0
852,15,2,3,7,1,0,2,16,5,120,0,0.92,30,0
1028,6,1,24,10,1,4,6,14,5,120,1,0.66,15,1
1308,18,1,25,24,2,4,8,22,4,120,1,0.58,30,0
1138,17,3,9,30,0,5,5,8,1,60,1,0.78,15,0
1493,10,1,15,2,3,7,10,16,2,120,0,0.75,15,0
922,12,1,9,18,1,3,5,16,0,90,0,0.25,20,0
826,11,3,27,18,4,2,10,16,1,120,1,0.33,10,0
1399,18,1,22,28,2,7,10,16,0,90,1,0.33,20,0
824,16,2,7,0,0,5,5,16,5,120,1,0.39,30,1
1431,16,1,29,5,0,0,0,18,5,120,1,0.1,15,1
1191,17,3,19,25,0,3,3,8,4,60,1,0.97,20,0
1268,8,1,9,22,4,5,10,22,2,90,1,0.11,15,0
881,17,2,13,11,5,0,10,10,4,120,1,0.48,20,0
1455,11,2,12,24,1,5,7,22,5,90,0,0.24,15,0
1152,18,3,6,18,1,1,3,22,2,60,1,0.05,20,1
1032,14,2,11,9,3,3,9,20,2,120,0,0.47,30,0
834,19,2,15,27,0,2,2,10,1,60,1,0.21,20,1
1157,9,1,27,8,1,1,3,16,2,120,0,0.07,10,0
1259,7,2,9,8,5,5,10,20,1,60,1,0.95,10,0
801,8,3,4,14,5,3,10,20,4,60,1,0.89,20,0
1155,10,2,12,1,3,5,10,22,2,60,1,0.73,30,0
1472,6,1,19,10,4,1,9,16,0,60,1,0.33,20,0
846,8,3,22,13,0,3,3,10,6,60,1,0.89,30,0
1077,6,1,9,16,4,1,9,14,4,90,1,0.87,20,0
1410,14,3,3,9,4,1,9,20,4,60,1,0.36,15,0
1357,19,3,13,20,0,6,6,22,3,90,0,0.6,20,0
1119,17,1,30,1,1,1,3,18,2,60,1,0.3,10,1
1121,8,3,28,12,3,5,10,16,0,120,1,0.28,30,1
1110,15,3,0,19,2,3,7,14,1,60,0,0.78,10,0
1515,12,3,1,17,1,2,4,14,4,90,1,0.53,20,1
1106,14,3,2,15,3,3,9,22,5,90,1,0.88,30,0
1334,11,2,11,2,2,5,9,10,4,120,0,0.3,10,0
822,14,2,20,1,3,3,9,18,3,120,1,0.34,10,0
1330,6,2,12,29,0,0,0,20,2,120,0,0.23,10,0
1128,7,3,3,21,5,0,10,14,1,120,0,0.92,10,0
947,16,3,1,14,4,2,10,20,6,60,0,0.5,30,0
909,19,2,11,29,5,5,10,18,4,90,0,0.1,30,0
1559,18,3,28,17,0,3,3,20,1,90,0,0.6,20,0
1369,17,3,14,20,4,2,10,18,0,60,0,0.24,15,0
1513,13,3,0,19,0,6,6,10,3,120,0,0.83,10,0
1500,11,1,16,8,2,6,10,8,0,120,1,0.26,10,0
1281,7,2,12,26,2,0,4,14,5,90,0,0.07,30,0
1029,11,3,8,25,0,0,0,18,1,60,0,0.87,20,0
1464,17,3,1,4,0,4,4,10,0,60,1,0.38,30,1
1438,8,1,11,12,5,4,10,18,3,120,1,0.41,20,0
1249,9,1,1,16,0,3,3,10,3,90,1,0.09,10,1
1268,6,2,1,4,3,2,8,10,6,120,1,0.52,10,0
1348,9,3,25,20,2,4,8,20,3,60,1,0.07,15,1
1293,17,2,14,11,5,5,10,16,6,60,0,0.22,15,0
1117,18,3,9,18,5,5,10,10,2,120,0,0.23,30,0
1270,11,2,28,1,1,4,6,20,0,120,1,0.09,10,1
1277,19,1,30,25,2,0,4,10,2,90,1,0.87,30,0
1276,20,3,30,18,2,2,6,14,0,60,1,0.3,30,1
1451,8,3,12,0,0,0,0,20,0,120,0,0.66,10,0
1314,13,2,0,28,4,7,10,16,5,90,1,0.64,15,0
1022,6,3,24,4,3,3,9,14,0,120,1,0.55,10,0
1442,16,3,22,9,1,5,7,18,0,120,0,0.66,20,0
1319,13,1,7,24,1,3,5,20,6,120,1,0.93,10,0
1483,16,3,8,9,0,0,0,10,6,120,1,0.95,10,0
1075,15,2,16,29,3,4,10,22,1,60,1,0.51,20,0
1090,11,1,15,30,5,6,10,22,2,90,1,0.37,15,0
829,11,1,22,30,0,1,1,14,2,60,0,0.82,30,0
1418,16,3,1,16,2,5,9,16,5,60,1,0.53,15,0
957,9,3,7,10,1,2,4,14,1,120,0,0.67,30,0
1577,12,3,10,10,3,3,9,20,1,90,0,0.81,15,0
1180,15,3,2,24,1,1,3,18,2,120,0,0.32,20,0
959,6,2,3,9,2,3,7,20,5,120,0,0.35,20,0
1219,16,3,5,15,0,0,0,14,2,120,1,0.67,30,1
960,7,1,14,23,0,5,5,22,5,60,1,0.77,30,0
1114,18,2,11,21,0,1,1,20,1,120,1,0.99,15,0
1003,20,2,24,17,1,3,5,20,5,120,1,0.45,30,1
1000,10,2,20,8,3,4,10,18,0,60,1,0.8,10,0
1199,6,2,4,21,5,0,10,20,6,120,0,0.76,15,0
972,12,3,9,0,0,7,7,10,5,90,0,0.85,15,0
1476,7,1,30,28,2,5,9,14,2,120,0,0.21,30,0
995,9,3,26,0,1,3,5,20,6,90,0,0.71,20,0
884,14,2,3,6,1,6,8,22,3,60,1,0.11,10,0
1170,18,3,28,25,4,4,10,18,1,120,1,0.19,20,1
1063,7,2,2,14,5,0,10,10,6,90,0,0.28,15,0
1040,9,1,25,6,1,7,9,8,3,90,0,0.63,20,0
1337,11,3,23,15,1,0,2,16,6,120,1,0.12,30,1
1414,18,3,13,22,5,2,10,20,5,60,0,0.05,30,0
1096,18,3,29,3,0,5,5,8,1,120,0,0.45,10,0
1095,19,3,3,13,5,6,10,8,4,60,1,0.12,10,0
1574,20,1,0,14,1,1,3,22,3,60,0,0.36,10,0
1600,15,1,10,11,1,7,9,16,0,120,0,0.2,20,0
1347,6,2,1,24,3,6,10,22,1,90,0,0.86,15,0
894,15,2,14,2,2,5,9,20,6,60,0,0.03,15,0
1039,9,2,4,2,1,7,9,16,6,120,0,0.39,10,0
900,6,1,10,21,3,4,10,18,1,60,0,0.03,15,0
897,19,2,22,3,5,6,10,8,5,90,1,0.33,15,0
1525,11,3,2,13,4,5,10,20,1,120,0,0.48,15,0
1072,7,3,20,25,0,0,0,10,3,60,1,0.43,10,1
1117,14,3,19,11,5,6,10,20,3,120,0,0.42,10,0
1102,15,3,27,11,2,1,5,20,1,60,1,0.53,10,0
809,16,1,10,9,0,1,1,18,2,90,1,0.02,15,1
811,14,2,26,11,4,6,10,8,2,60,1,0.64,30,0
1354,17,1,29,26,4,2,10,18,6,60,1,0.06,30,0
1534,13,2,17,19,3,7,10,22,3,120,1,0.83,10,0
1506,14,3,20,6,5,4,10,8,3,60,0,0.37,10,0
1008,7,3,3,17,4,5,10,20,5,60,1,0.65,10,0
1322,16,2,3,22,0,5,5,8,2,90,1,0.39,15,0
1231,20,1,24,13,0,4,4,14,3,60,1,0.57,15,0
835,11,1,12,8,3,2,8,10,3,120,1,0.44,30,0
1005,10,1,13,30,0,1,1,22,5,60,1,0.41,15,1
1183,20,3,1,11,4,3,10,14,2,90,0,0.63,15,0
901,10,2,2,6,4,6,10,16,1,60,1,0.9,15,0
995,19,3,21,18,5,0,10,8,6,120,0,0.48,30,0
1446,9,1,5,23,1,6,8,16,4,90,0,0.5,30,0
1003,14,2,18,3,1,0,2,22,3,60,0,0.43,15,0
1319,11,2,8,14,0,4,4,16,1,60,0,0.31,15,0
1506,18,1,7,21,5,0,10,14,2,120,1,0.02,15,0
1015,19,3,8,6,2,7,10,16,5,60,1,0.12,20,0
879,18,2,21,1,4,2,10,10,5,120,0,0.51,15,0
1488,8,3,7,5,3,5,10,20,5,90,1,0.33,10,0
1428,10,2,11,16,5,6,10,20,2,90,1,0.59,20,0
1463,19,2,14,30,5,1,10,14,6,90,0,0.15,20,0
952,9,3,21,13,0,1,1,14,2,90,1,0.99,15,1
1308,6,1,16,5,1,3,5,16,4,120,0,0.47,20,0
825,18,3,19,14,0,7,7,22,4,90,0,0.08,20,0
874,9,2,4,16,1,5,7,20,6,120,1,0.4,20,1
1033,10,3,27,7,0,1,1,20,6,60,0,0.51,20,0
844,17,1,7,20,1,5,7,8,2,60,0,0.2,30,0
1435,14,1,16,16,2,7,10,18,2,90,1,0.49,15,0
1442,12,2,21,3,3,1,7,10,4,90,1,0.71,15,0
1307,14,2,23,16,1,1,3,8,2,60,0,0.15,10,0
1528,19,2,29,13,1,2,4,8,3,120,0,0.5,30,0
1191,17,3,23,23,3,2,8,14,1,90,1,0.92,10,0
1382,10,2,14,17,5,1,10,16,4,60,0,0.27,30,0
1311,7,2,18,22,0,6,6,20,1,90,1,0.81,20,1
995,19,2,8,25,2,0,4,10,0,60,0,0.01,20,0
1252,18,1,16,16,3,5,10,14,5,120,1,0.46,15,0
863,9,3,16,27,4,2,10,8,2,120,0,0.56,20,0
1354,19,2,17,22,5,5,10,22,1,90,0,0.86,20,0
1586,17,2,28,16,0,7,7,10,1,90,1,0.04,20,0
1164,20,1,17,1,3,3,9,16,3,120,1,0.29,30,0
1504,14,3,11,4,4,0,8,14,2,90,0,0.3,20,0
816,9,2,18,29,1,0,2,10,5,120,0,0.64,30,0
1573,10,1,9,15,1,2,4,20,5,120,0,0.99,30,0
1273,11,2,8,28,0,7,7,18,0,90,0,0.87,15,0
1567,20,1,29,0,5,5,10,14,1,120,0,0.17,15,0
1084,20,2,19,19,3,2,8,20,1,120,0,0.5,15,0
1495,16,3,9,14,0,3,3,18,2,60,0,0.64,30,0
1548,16,3,25,19,5,7,10,14,3,120,1,0.91,30,0
1235,10,2,24,24,0,7,7,8,2,60,0,0.28,30,0
1497,11,2,28,15,1,2,4,8,5,60,1,0.79,30,0
856,9,1,28,26,3,6,10,16,1,90,0,0.74,20,0
1546,12,3,12,12,1,5,7,14,1,90,1,0.36,30,1
968,18,3,26,2,2,5,9,8,1,90,1,0.79,20,0
1212,19,3,6,7,1,3,5,8,2,60,1,0.41,30,0
1298,9,3,12,3,3,7,10,20,5,120,1,0.44,15,0
1566,6,3,12,9,3,5,10,20,4,90,0,0.2,20,0
1551,16,1,30,22,5,0,10,22,2,60,1,0.46,20,0
1220,16,1,2,16,5,3,10,16,5,60,0,0.28,20,0
1406,18,3,6,1,4,7,10,22,1,90,1,0.45,10,0
1230,6,2,12,27,0,4,4,8,5,60,1,0.72,20,0
1364,17,3,1,11,0,4,4,14,3,90,0,0.98,20,0
1040,14,1,29,5,4,2,10,16,5,90,0,0.62,10,0
1455,19,1,21,17,3,2,8,10,1,60,0,0.46,30,0
838,14,3,21,9,0,4,4,14,3,120,1,0.4,15,1
986,7,3,9,6,4,6,10,18,1,120,0,0.17,30,0
1285,16,1,7,5,1,2,4,22,0,90,0,0.54,10,0
1071,11,2,23,30,4,7,10,18,4,120,0,0.45,10,0
1454,14,2,27,5,2,2,6,20,2,90,0,0.16,20,0
1362,10,2,27,17,5,0,10,14,1,60,1,0.89,20,0
1298,11,3,24,12,0,2,2,20,2,60,1,0.95,10,0
980,7,3,25,2,0,0,0,16,6,120,0,0.32,15,0
1111,19,3,27,21,3,4,10,8,4,90,1,0.85,30,0
1326,20,1,25,7,1,5,7,8,2,60,1,0.8,30,0
954,10,1,21,11,4,2,10,22,4,90,1,0.72,10,0
1568,9,2,0,22,4,1,9,16,6,60,1,0.49,30,0
1587,20,1,2,25,2,7,10,8,4,60,1,0.31,30,0
814,10,3,13,16,2,1,5,18,6,90,1,0.72,30,1
998,14,1,2,30,5,3,10,18,6,60,1,0.32,20,0
1353,14,2,12,14,2,0,4,10,2,60,1,0.01,20,1
1059,10,3,14,7,1,4,6,10,6,90,0,0.25,15,0
1387,11,1,10,3,2,7,10,8,5,120,0,0.68,30,0
1419,13,3,16,27,1,7,9,16,0,60,1,0.01,30,0
860,14,2,7,9,5,5,10,22,4,60,1,0.28,10,0
1213,19,3,8,13,1,1,3,20,6,90,0,0.72,20,0
1549,16,1,25,30,4,4,10,8,3,90,0,0.81,10,0
873,18,3,23,20,5,0,10,20,1,120,1,0.85,10,0
1563,20,3,23,22,3,6,10,22,2,90,0,0.93,20,0
1226,12,2,16,21,1,1,3,8,3,90,1,0.79,30,1
1439,8,1,23,17,2,2,6,20,2,90,0,0.1,30,0
1394,9,1,22,23,5,4,10,14,2,120,0,0.47,10,0
1497,13,1,12,8,5,4,10,10,3,90,0,0.82,30,0
1408,19,3,15,15,1,4,6,14,6,120,0,0.49,10,0
1229,10,2,6,12,0,5,5,20,1,90,1,0.18,30,1
1505,12,2,19,17,2,0,4,22,1,60,1,0.1,10,0
1417,6,2,0,9,5,4,10,10,0,120,1,0.63,20,0
1454,6,1,21,28,5,0,10,8,0,60,1,0.57,30,0
1102,9,2,18,2,0,0,0,16,5,120,1,0.0,15,1
974,9,3,21,1,4,3,10,14,6,120,0,0.47,10,0
1214,14,3,14,29,1,5,7,20,6,120,1,0.56,20,1
1181,20,1,3,24,5,1,10,22,2,60,1,0.13,15,0
1528,10,1,21,26,1,0,2,14,0,60,1,0.06,20,1
1560,20,3,0,12,3,2,8,18,4,120,1,0.85,30,0
1355,16,2,9,28,5,4,10,18,5,60,1,0.58,20,0
1325,12,2,30,25,1,5,7,14,4,90,0,0.09,15,0
1440,18,1,6,23,0,0,0,10,6,90,0,0.46,15,0
970,7,1,8,24,2,4,8,20,1,60,0,0.66,15,0
1441,9,3,23,15,2,0,4,18,6,60,0,0.35,10,0
1325,6,1,25,9,5,3,10,10,4,60,1,0.22,15,0
1491,12,1,7,0,3,6,10,8,3,60,1,0.49,30,0
1235,11,1,23,12,0,3,3,14,3,60,1,0.94,20,1
1234,8,2,0,22,5,3,10,10,4,60,1,0.86,15,0
1481,17,3,23,13,4,6,10,14,3,90,0,0.83,15,0
1424,16,2,16,21,3,2,8,8,5,60,0,0.71,20,0
1543,14,2,10,6,4,6,10,8,5,90,0,0.13,20,0
1481,11,1,1,23,2,2,6,16,1,120,0,0.15,15,0
1203,10,1,15,27,2,3,7,10,4,60,1,0.51,20,0
1114,6,1,4,22,3,2,8,20,2,120,0,0.98,30,0
1007,19,1,21,14,5,5,10,8,4,90,0,0.55,30,0
1160,18,3,25,4,1,1,3,8,6,60,0,0.36,20,0
1600,12,1,27,30,5,3,10,14,3,120,1,0.48,30,0
1404,18,1,29,29,3,4,10,10,2,90,0,0.56,10,0
996,6,2,21,3,5,1,10,14,1,90,1,0.99,15,0
1146,8,2,16,14,2,2,6,16,5,120,1,0.09,30,1
929,8,2,26,10,2,5,9,22,6,90,1,0.39,10,0
1342,12,3,0,13,1,3,5,8,1,120,0,0.71,10,0
1248,18,1,26,19,2,1,5,8,6,120,0,0.88,15,0
1440,20,2,21,20,4,3,10,18,4,120,0,0.14,30,0
1540,19,3,14,25,2,5,9,8,6,60,1,0.06,10,0
979,17,2,20,4,2,3,7,20,5,90,1,0.51,10,0
1438,6,2,22,9,5,4,10,22,0,60,1,0.25,10,0
986,15,2,6,27,1,2,4,8,4,90,0,0.66,15,0
1151,19,2,26,13,5,0,10,10,4,60,1,0.67,20,0
1312,8,2,19,14,2,7,10,14,5,90,1,0.56,20,0
1249,6,1,1,14,0,6,6,16,1,120,0,0.09,30,0
1090,11,2,16,21,5,7,10,22,3,120,1,0.52,10,0
837,17,3,3,20,2,2,6,8,0,60,1,0.54,10,0
1141,7,1,5,16,4,4,10,16,1,60,1,0.17,30,0
1353,17,2,26,15,0,4,4,18,5,60,1,0.72,15,0
1504,9,2,11,15,3,3,9,10,4,60,0,0.9,20,0
1128,8,3,15,28,1,7,9,16,4,120,0,0.58,15,0
1300,16,2,7,20,3,0,6,8,6,90,0,0.4,20,0
831,12,2,3,5,4,4,10,18,4,120,1,0.0,10,0
1122,15,1,9,5,0,1,1,18,3,120,1,0.89,20,1
1294,8,2,30,21,2,2,6,14,3,60,0,0.92,15,0
1283,8,2,28,17,1,0,2,22,1,120,1,0.84,15,0
850,12,2,9,3,1,7,9,14,3,120,0,0.98,30,0
973,16,3,14,18,0,3,3,16,6,60,0,0.13,15,0
1440,7,3,24,0,1,7,9,22,2,120,0,0.68,20,0
1197,9,3,12,26,4,3,10,14,1,90,0,0.18,15,0
1281,17,3,0,17,5,1,10,16,1,60,1,0.11,15,0
1388,14,1,29,30,3,6,10,18,1,120,0,0.37,20,0
1590,10,1,15,1,4,0,8,22,3,90,0,0.3,10,0
1210,9,3,12,16,2,6,10,14,0,120,1,0.69,30,0
1148,12,2,14,21,0,3,3,10,0,60,0,0.54,30,0
1398,14,1,1,16,4,5,10,18,3,120,1,0.66,10,0
1262,19,3,22,6,1,6,8,16,4,120,0,0.4,20,0
1146,16,2,26,9,1,1,3,18,0,120,1,0.49,15,1
1308,19,1,22,2,0,7,7,20,4,120,1,0.08,10,0
