age,bmi,goal,goal_encoded
1.230639086316293,1.5016696927197957,LOSE_WEIGHT,1
0.4549642931712775,-0.26802801338322885,MAINTAIN,2
-0.6309804172317443,-0.4738068164184645,MAINTAIN,2
1.5409090035742992,2.226260508255988,LOSE_WEIGHT,1
-1.173952772433255,0.369262703895591,LOSE_WEIGHT,1
-0.16557554134473493,-1.5500923135057865,GAIN_MUSCLE,0
1.230639086316293,-1.0100788485708962,GAIN_MUSCLE,0
-0.320710499973738,0.45406851363132433,LOSE_WEIGHT,1
-0.010440582715731827,-0.29920661990371905,MAINTAIN,2
-0.9412503344897505,0.6910259231870498,LOSE_WEIGHT,1
-0.9412503344897505,-0.6683613211063233,MAINTAIN,2
0.06712689659876972,-1.4303664644671041,GAIN_MUSCLE,0
0.9979366483727884,-0.6509013014548487,MAINTAIN,2
1.3082065656307946,-0.8417143733602489,GAIN_MUSCLE,0
0.06712689659876972,-0.05726063330471531,MAINTAIN,2
-1.561790169005763,-1.214610507345312,GAIN_MUSCLE,0
-0.08800806203023338,-0.09342781686848385,MAINTAIN,2
-1.6393576483202645,-0.7469314095379586,MAINTAIN,2
0.06712689659876972,1.6450912827140505,LOSE_WEIGHT,1
1.6184764828888007,-0.7656385734502529,MAINTAIN,2
0.5325317724857791,-1.2383062483008844,GAIN_MUSCLE,0
1.1530716070017915,-0.22063653147208387,MAINTAIN,2
-1.6393576483202645,-1.1697133139558058,GAIN_MUSCLE,0
-0.16557554134473493,-0.42142675746404074,MAINTAIN,2
0.7652342104292837,-0.5748255015448527,MAINTAIN,2
-0.8636828551752489,-0.7431899767555,MAINTAIN,2
-0.08800806203023338,1.9069915774861685,LOSE_WEIGHT,1
1.6184764828888007,-0.7332128226689429,MAINTAIN,2
0.14469437591327128,0.26699687450838305,LOSE_WEIGHT,1
0.2998293345422744,0.28570403842067704,LOSE_WEIGHT,1
1.4633415242597976,-0.03481203660996239,MAINTAIN,2
0.3773968138567759,-0.8417143733602489,GAIN_MUSCLE,0
-0.5534129379172427,0.18593249755510827,LOSE_WEIGHT,1
-0.6309804172317443,-0.2954651871212606,MAINTAIN,2
1.6184764828888007,2.56922517998138,LOSE_WEIGHT,1
-1.561790169005763,0.6660830379706577,LOSE_WEIGHT,1
1.0755041276872899,-1.452815061161857,GAIN_MUSCLE,0
-1.2515202517477566,-0.1769864823433974,MAINTAIN,2
-0.16557554134473493,0.9192533229170384,LOSE_WEIGHT,1
-1.0963852931187537,-0.023587738262585933,MAINTAIN,2
1.230639086316293,0.2881983269423162,LOSE_WEIGHT,1
-0.3982779792882396,2.1751275935623844,LOSE_WEIGHT,1
-1.4842226896912614,-1.0736832058726962,GAIN_MUSCLE,0
0.14469437591327128,-0.4314039115505979,MAINTAIN,2
-0.7085478965462458,-0.4276624787681389,MAINTAIN,2
-1.0963852931187537,-0.946474491269096,GAIN_MUSCLE,0
0.22226185522777284,2.3771649638151606,LOSE_WEIGHT,1
-1.6393576483202645,-0.04104775791406008,MAINTAIN,2
-0.2431430206592365,-0.9851359633545037,GAIN_MUSCLE,0
0.3773968138567759,-1.3742449727302217,GAIN_MUSCLE,0
-1.2515202517477566,-1.6960081920216807,GAIN_MUSCLE,0
1.6184764828888007,-0.9040715864012294,GAIN_MUSCLE,0
-1.173952772433255,0.7533831362280302,LOSE_WEIGHT,1
0.9203691690582868,1.3071151880319365,LOSE_WEIGHT,1
-0.7085478965462458,-0.9714173764854881,GAIN_MUSCLE,0
-0.47584545860274113,-0.1570321741702841,MAINTAIN,2
0.9979366483727884,-0.8778815569240175,GAIN_MUSCLE,0
1.3082065656307946,-0.08594495130356636,MAINTAIN,2
-1.4842226896912614,-1.2607548449956374,GAIN_MUSCLE,0
-1.6393576483202645,0.5525929102360733,LOSE_WEIGHT,1
-1.3290877310622582,-1.4428379070753004,GAIN_MUSCLE,0
1.4633415242597976,-1.2482834023874414,GAIN_MUSCLE,0
-1.4842226896912614,-0.27675802320896614,MAINTAIN,2
0.4549642931712775,-0.2605451478183114,MAINTAIN,2
-0.3982779792882396,-0.18322220364749553,MAINTAIN,2
0.22226185522777284,2.4420164653777805,LOSE_WEIGHT,1
1.6184764828888007,-1.131051841870398,GAIN_MUSCLE,0
0.8428016897437852,-1.1734547467382648,GAIN_MUSCLE,0
-1.018817813804252,-0.09093352834684469,MAINTAIN,2
0.9979366483727884,0.10985669764511222,LOSE_WEIGHT,1
-0.7085478965462458,-1.3468077989921905,GAIN_MUSCLE,0
0.6100992518002806,0.0699480812988847,LOSE_WEIGHT,1
-0.6309804172317443,1.783524295665027,LOSE_WEIGHT,1
-1.173952772433255,-0.6696084653671431,MAINTAIN,2
-0.7085478965462458,0.08366666816790078,LOSE_WEIGHT,1
-0.010440582715731827,-0.7369542554514018,MAINTAIN,2
1.3082065656307946,0.2645025859867439,LOSE_WEIGHT,1
-0.16557554134473493,1.4804682402858622,LOSE_WEIGHT,1
-0.5534129379172427,-1.459050782465955,GAIN_MUSCLE,0
1.6960439622033023,0.46778710050034,LOSE_WEIGHT,1
-0.3982779792882396,1.7286499481889646,LOSE_WEIGHT,1
0.06712689659876972,0.62742156588525,LOSE_WEIGHT,1
0.22226185522777284,1.9681016462663288,LOSE_WEIGHT,1
0.14469437591327128,-1.0425045993522057,GAIN_MUSCLE,0
1.6960439622033023,-0.513715432764692,MAINTAIN,2
1.3857740449452962,-1.2283290942143275,GAIN_MUSCLE,0
0.4549642931712775,-0.3154194952943743,MAINTAIN,2
-0.6309804172317443,-0.7319656784081235,MAINTAIN,2
1.6960439622033023,2.1913404689530385,LOSE_WEIGHT,1
-1.716925127634766,0.6398930084934459,LOSE_WEIGHT,1
0.14469437591327128,0.4478327923272262,LOSE_WEIGHT,1
-1.2515202517477566,-0.33287951494584844,MAINTAIN,2
-1.0963852931187537,-1.395446425164155,GAIN_MUSCLE,0
0.06712689659876972,0.30815263511542995,LOSE_WEIGHT,1
-1.716925127634766,-1.1073561009148254,GAIN_MUSCLE,0
1.6184764828888007,0.18219106477264974,LOSE_WEIGHT,1
-1.173952772433255,0.022556599387739705,LOSE_WEIGHT,1
0.06712689659876972,2.318549183556639,LOSE_WEIGHT,1
-0.9412503344897505,-1.2570134122131786,GAIN_MUSCLE,0
-0.47584545860274113,0.9304776212644144,LOSE_WEIGHT,1
-1.173952772433255,0.9379604868293323,LOSE_WEIGHT,1
0.9203691690582868,0.09738525503691639,LOSE_WEIGHT,1
0.9203691690582868,2.0017745413084587,LOSE_WEIGHT,1
0.7652342104292837,2.6477952684130157,LOSE_WEIGHT,1
-1.4066552103767598,1.5952055122812665,LOSE_WEIGHT,1
1.4633415242597976,-1.0063374157884373,GAIN_MUSCLE,0
1.230639086316293,0.1273167172965868,LOSE_WEIGHT,1
1.3857740449452962,2.1202532460863215,LOSE_WEIGHT,1
0.3773968138567759,-0.21190652164634657,MAINTAIN,2
-1.2515202517477566,2.1875990361705804,LOSE_WEIGHT,1
-1.0963852931187537,-1.4203893103805474,GAIN_MUSCLE,0
-1.173952772433255,1.2135793684704659,LOSE_WEIGHT,1
-0.8636828551752489,-0.026082026784225096,MAINTAIN,2
0.8428016897437852,-0.4451224984196135,MAINTAIN,2
0.7652342104292837,0.01881516660528074,LOSE_WEIGHT,1
-0.010440582715731827,0.6548587396232812,LOSE_WEIGHT,1
0.06712689659876972,1.0801349325627678,LOSE_WEIGHT,1
1.0755041276872899,-1.3792335497735002,GAIN_MUSCLE,0
0.9203691690582868,-0.4763011049401037,MAINTAIN,2
1.6184764828888007,-0.15578502990946427,MAINTAIN,2
1.3082065656307946,-1.1011203796107274,GAIN_MUSCLE,0
-0.08800806203023338,-0.06723778739127197,MAINTAIN,2
0.2998293345422744,-0.2393436953843778,MAINTAIN,2
0.9203691690582868,-0.03980061365324072,MAINTAIN,2
-1.716925127634766,-1.0936375140458099,GAIN_MUSCLE,0
0.9203691690582868,-0.24682656094929575,MAINTAIN,2
1.0755041276872899,-0.8067943340572997,GAIN_MUSCLE,0
-0.7085478965462458,0.3380840973751008,LOSE_WEIGHT,1
-1.561790169005763,-0.306689485468637,MAINTAIN,2
-1.716925127634766,0.3555441170265754,LOSE_WEIGHT,1
-1.4066552103767598,2.0292117150464897,LOSE_WEIGHT,1
0.22226185522777284,2.1614090066933684,LOSE_WEIGHT,1
-0.7085478965462458,0.18842678607674787,LOSE_WEIGHT,1
1.230639086316293,1.8945201348779723,LOSE_WEIGHT,1
0.2998293345422744,0.37050984815641036,LOSE_WEIGHT,1
-1.0963852931187537,0.14851816973052037,LOSE_WEIGHT,1
-0.6309804172317443,0.10237383208019472,LOSE_WEIGHT,1
-0.6309804172317443,-0.4114496033774841,MAINTAIN,2
0.22226185522777284,-1.5949895068952924,GAIN_MUSCLE,0
1.4633415242597976,-0.1133821250415976,MAINTAIN,2
-0.7861153758607473,-1.0724360616118767,GAIN_MUSCLE,0
0.6876667311147822,-0.15827931843110343,MAINTAIN,2
1.230639086316293,0.031286609213477,LOSE_WEIGHT,1
0.6876667311147822,-0.7643914291894331,MAINTAIN,2
-1.4842226896912614,0.42288990711083413,LOSE_WEIGHT,1
0.5325317724857791,-0.5586126261541978,MAINTAIN,2
1.0755041276872899,1.2559822733383321,LOSE_WEIGHT,1
-0.010440582715731827,0.5737943626700068,LOSE_WEIGHT,1
1.230639086316293,-1.5638109003748022,GAIN_MUSCLE,0
1.6960439622033023,-0.7656385734502529,MAINTAIN,2
-0.6309804172317443,-0.07222636443455029,MAINTAIN,2
1.5409090035742992,-1.3941992809033354,GAIN_MUSCLE,0
0.4549642931712775,-0.19694079051651114,MAINTAIN,2
0.9979366483727884,-1.5401151594192297,GAIN_MUSCLE,0
-0.7861153758607473,-0.7855928816233667,MAINTAIN,2
0.6876667311147822,-0.9838888190936844,GAIN_MUSCLE,0
-1.2515202517477566,-0.2804994559914251,MAINTAIN,2
-0.08800806203023338,0.48399997589099475,LOSE_WEIGHT,1
0.3773968138567759,-0.7494256980595981,MAINTAIN,2
-1.6393576483202645,0.496471418499191,LOSE_WEIGHT,1
1.4633415242597976,-0.6371827145858331,MAINTAIN,2
1.6960439622033023,-0.20941223312470741,MAINTAIN,2
-1.3290877310622582,-0.83797294057779,GAIN_MUSCLE,0
0.3773968138567759,2.4769365046807295,LOSE_WEIGHT,1
0.3773968138567759,-0.06723778739127197,MAINTAIN,2
1.6184764828888007,-0.612239829369441,MAINTAIN,2
1.6184764828888007,1.2210622340353838,LOSE_WEIGHT,1
-0.2431430206592365,-0.8304900750128725,GAIN_MUSCLE,0
0.5325317724857791,0.5326386020629595,LOSE_WEIGHT,1
-0.9412503344897505,0.21087538277150078,LOSE_WEIGHT,1
0.3773968138567759,0.0038494354754457557,MAINTAIN,2
0.14469437591327128,1.5278597221970076,LOSE_WEIGHT,1
1.230639086316293,-0.7880871701450058,MAINTAIN,2
0.7652342104292837,-0.9028244421404096,GAIN_MUSCLE,0
-1.716925127634766,1.638855561409952,LOSE_WEIGHT,1
0.2998293345422744,0.47901139884771643,LOSE_WEIGHT,1
-0.7861153758607473,-0.8479500946643471,GAIN_MUSCLE,0
1.3857740449452962,2.2524505377331994,LOSE_WEIGHT,1
-1.561790169005763,0.28570403842067704,LOSE_WEIGHT,1
1.230639086316293,0.15475389103461804,LOSE_WEIGHT,1
-1.3290877310622582,0.037522330517575135,LOSE_WEIGHT,1
-1.173952772433255,0.23706541224871222,LOSE_WEIGHT,1
0.2998293345422744,0.2507839991177283,LOSE_WEIGHT,1
-1.0963852931187537,-1.018808858396633,GAIN_MUSCLE,0
1.0755041276872899,-0.2568037150358524,MAINTAIN,2
0.7652342104292837,0.4877414086734537,LOSE_WEIGHT,1
1.4633415242597976,0.45282136937050455,LOSE_WEIGHT,1
1.6184764828888007,1.5241182894145486,LOSE_WEIGHT,1
0.06712689659876972,-0.25430942651421323,MAINTAIN,2
-0.6309804172317443,0.34182553015755934,LOSE_WEIGHT,1
0.6876667311147822,0.39669987763362224,LOSE_WEIGHT,1
0.6876667311147822,2.1838576033881214,LOSE_WEIGHT,1
0.06712689659876972,0.1672253336428143,LOSE_WEIGHT,1
1.3857740449452962,2.072861764175176,LOSE_WEIGHT,1
-0.8636828551752489,-1.4041764349898924,GAIN_MUSCLE,0
1.230639086316293,2.192587613213859,LOSE_WEIGHT,1
-1.6393576483202645,-0.9838888190936844,GAIN_MUSCLE,0
-1.561790169005763,-0.003633430089472179,MAINTAIN,2
1.0755041276872899,1.7747942858392898,LOSE_WEIGHT,1
-0.47584545860274113,-1.210869074562853,GAIN_MUSCLE,0
-1.6393576483202645,-0.4388867771155153,MAINTAIN,2
-1.6393576483202645,0.49522427423837123,LOSE_WEIGHT,1
0.3773968138567759,1.6064298106286423,LOSE_WEIGHT,1
-0.010440582715731827,1.3183394863793125,LOSE_WEIGHT,1
1.0755041276872899,0.1846853532942889,LOSE_WEIGHT,1
0.6876667311147822,-1.465286503770053,GAIN_MUSCLE,0
0.7652342104292837,-0.021093449740946325,MAINTAIN,2
-1.716925127634766,-0.16700932825684073,MAINTAIN,2
-0.320710499973738,0.4066770317201794,LOSE_WEIGHT,1
-1.6393576483202645,-0.3840124296394524,MAINTAIN,2
1.6184764828888007,0.3767455694605085,LOSE_WEIGHT,1
0.22226185522777284,1.7498514006228971,LOSE_WEIGHT,1
0.6876667311147822,0.13230529433986513,LOSE_WEIGHT,1
-1.3290877310622582,2.3821535408584387,LOSE_WEIGHT,1
0.6876667311147822,1.9531359151364938,LOSE_WEIGHT,1
-1.4842226896912614,0.3717569924172302,LOSE_WEIGHT,1
-0.9412503344897505,-0.7918286029274648,GAIN_MUSCLE,0
-0.47584545860274113,-0.07596779721700926,MAINTAIN,2
1.1530716070017915,-0.3927424394651897,MAINTAIN,2
0.06712689659876972,1.5852283581947089,LOSE_WEIGHT,1
-1.4066552103767598,-0.48004253772256267,MAINTAIN,2
0.8428016897437852,1.657562725322247,LOSE_WEIGHT,1
-1.3290877310622582,-0.8329843635345117,GAIN_MUSCLE,0
-0.08800806203023338,-0.11587641356323676,MAINTAIN,2
-0.9412503344897505,-0.7406956882338608,MAINTAIN,2
-0.5534129379172427,-0.9352501929217196,GAIN_MUSCLE,0
0.7652342104292837,0.7758317329227832,LOSE_WEIGHT,1
-1.0963852931187537,-0.8080414783181196,GAIN_MUSCLE,0
-1.3290877310622582,0.39919416615526143,LOSE_WEIGHT,1
-0.5534129379172427,-0.3428566690324055,MAINTAIN,2
0.4549642931712775,0.3954527333728029,LOSE_WEIGHT,1
-1.561790169005763,-1.3842221268167787,GAIN_MUSCLE,0
-0.2431430206592365,0.8531546770935989,LOSE_WEIGHT,1
0.9979366483727884,-1.5550808905490652,GAIN_MUSCLE,0
-0.320710499973738,0.11359813042757118,LOSE_WEIGHT,1
0.22226185522777284,-0.1121349807807778,MAINTAIN,2
-1.561790169005763,-1.1871733336072805,GAIN_MUSCLE,0
-0.320710499973738,-1.4328607529887434,GAIN_MUSCLE,0
-0.2431430206592365,2.1202532460863215,LOSE_WEIGHT,1
0.6876667311147822,0.29942262528969266,LOSE_WEIGHT,1
-1.2515202517477566,-1.5064422643771003,GAIN_MUSCLE,0
1.3857740449452962,-1.237059104040065,GAIN_MUSCLE,0
0.7652342104292837,2.030458859307309,LOSE_WEIGHT,1
1.3082065656307946,-1.131051841870398,GAIN_MUSCLE,0
1.230639086316293,1.1686821750809602,LOSE_WEIGHT,1
-0.3982779792882396,-1.5625637561139827,GAIN_MUSCLE,0
1.3082065656307946,0.18094392051182992,LOSE_WEIGHT,1
-1.716925127634766,0.47901139884771643,LOSE_WEIGHT,1
-0.9412503344897505,-0.9589459338772923,GAIN_MUSCLE,0
0.3773968138567759,1.1449864341253877,LOSE_WEIGHT,1
0.14469437591327128,-0.7993114684923823,GAIN_MUSCLE,0
-0.010440582715731827,-0.2817466002522449,MAINTAIN,2
0.6100992518002806,1.5877226467163486,LOSE_WEIGHT,1
0.5325317724857791,-1.3966935694249747,GAIN_MUSCLE,0
1.4633415242597976,-0.2755108789481468,MAINTAIN,2
0.9203691690582868,0.9803633916971994,LOSE_WEIGHT,1
-1.2515202517477566,0.26574973024756327,LOSE_WEIGHT,1
-0.5534129379172427,-0.2019293675597899,MAINTAIN,2
0.22226185522777284,-1.3218649137757983,GAIN_MUSCLE,0
-1.6393576483202645,-0.8392200848386098,GAIN_MUSCLE,0
-1.716925127634766,-0.6060041080653429,MAINTAIN,2
-0.8636828551752489,1.0938535194317833,LOSE_WEIGHT,1
-1.4066552103767598,0.7421588378806537,LOSE_WEIGHT,1
1.0755041276872899,-0.554871193371739,MAINTAIN,2
0.6876667311147822,0.5164257266723048,LOSE_WEIGHT,1
-1.0963852931187537,-1.2058804975195747,GAIN_MUSCLE,0
1.3857740449452962,-1.022550291179092,GAIN_MUSCLE,0
0.9203691690582868,0.6773073363180342,LOSE_WEIGHT,1
-0.320710499973738,-1.3517963760354688,GAIN_MUSCLE,0
-0.5534129379172427,0.06745379277724554,LOSE_WEIGHT,1
-1.561790169005763,-0.6895627735402569,MAINTAIN,2
-0.2431430206592365,-0.6571370227589468,MAINTAIN,2
0.06712689659876972,-0.554871193371739,MAINTAIN,2
0.7652342104292837,0.6785544805788539,LOSE_WEIGHT,1
0.06712689659876972,0.699755933012787,LOSE_WEIGHT,1
-0.9412503344897505,-0.10964069225913864,MAINTAIN,2
-1.173952772433255,-0.4201796132032214,MAINTAIN,2
0.9979366483727884,-0.978900242050406,GAIN_MUSCLE,0
1.1530716070017915,-1.3468077989921905,GAIN_MUSCLE,0
1.3082065656307946,-1.0911432255241706,GAIN_MUSCLE,0
-0.2431430206592365,0.4503270808488654,LOSE_WEIGHT,1
0.9203691690582868,0.39046415632952414,LOSE_WEIGHT,1
0.14469437591327128,-1.2632491335172764,GAIN_MUSCLE,0
0.9203691690582868,0.09239667799363763,LOSE_WEIGHT,1
0.14469437591327128,0.0711952255597045,LOSE_WEIGHT,1
0.4549642931712775,-0.5660954917191153,MAINTAIN,2
-0.3982779792882396,-1.0499874649171232,GAIN_MUSCLE,0
-0.3982779792882396,0.8119989164865521,LOSE_WEIGHT,1
-1.6393576483202645,0.8481661000503207,LOSE_WEIGHT,1
0.9203691690582868,-1.4428379070753004,GAIN_MUSCLE,0
-0.5534129379172427,-0.3528338231189622,MAINTAIN,2
1.3857740449452962,1.5540497516742187,LOSE_WEIGHT,1
0.9979366483727884,1.467996797677666,LOSE_WEIGHT,1
0.7652342104292837,2.4756893604199095,LOSE_WEIGHT,1
-1.4842226896912614,0.028792320691837837,LOSE_WEIGHT,1
0.7652342104292837,0.10362097634101453,LOSE_WEIGHT,1
-0.7085478965462458,-1.38048069403432,GAIN_MUSCLE,0
-0.16557554134473493,-0.8267486422304136,GAIN_MUSCLE,0
-0.2431430206592365,0.209628238510681,LOSE_WEIGHT,1
-1.173952772433255,2.231249085299266,LOSE_WEIGHT,1
-1.2515202517477566,-0.9489687797907352,GAIN_MUSCLE,0
-1.561790169005763,-1.175949035259904,GAIN_MUSCLE,0
-0.47584545860274113,1.80597289235978,LOSE_WEIGHT,1
0.7652342104292837,-1.128557553348759,GAIN_MUSCLE,0
-0.8636828551752489,-0.5897912326746881,MAINTAIN,2
-0.08800806203023338,-1.237059104040065,GAIN_MUSCLE,0
-0.08800806203023338,-0.6459127244115703,MAINTAIN,2
0.5325317724857791,-0.07222636443455029,MAINTAIN,2
1.1530716070017915,-0.8853644224889354,GAIN_MUSCLE,0
1.1530716070017915,0.46279852345706163,LOSE_WEIGHT,1
1.6960439622033023,0.16971962216445347,LOSE_WEIGHT,1
-1.173952772433255,-0.4588410852886291,MAINTAIN,2
0.2998293345422744,-1.1709604582166258,GAIN_MUSCLE,0
0.2998293345422744,2.387142117901717,LOSE_WEIGHT,1
0.8428016897437852,-1.0874017927417117,GAIN_MUSCLE,0
-0.16557554134473493,0.7459002706631127,LOSE_WEIGHT,1
0.5325317724857791,0.5713000741483677,LOSE_WEIGHT,1
0.7652342104292837,-0.3989781607692878,MAINTAIN,2
0.3773968138567759,0.24579542207444952,LOSE_WEIGHT,1
0.7652342104292837,1.4480424895045527,LOSE_WEIGHT,1
-1.4066552103767598,1.5777454926297918,LOSE_WEIGHT,1
-0.320710499973738,-0.5536240491109196,MAINTAIN,2
-1.4842226896912614,-0.889105855271394,GAIN_MUSCLE,0
0.9203691690582868,0.4428442152839479,LOSE_WEIGHT,1
-0.47584545860274113,0.4378556382406696,LOSE_WEIGHT,1
1.6184764828888007,1.5565440401958583,LOSE_WEIGHT,1
0.3773968138567759,1.9905502429610815,LOSE_WEIGHT,1
0.5325317724857791,0.2881983269423162,LOSE_WEIGHT,1
0.4549642931712775,-0.013610584176028834,MAINTAIN,2
-1.3290877310622582,-1.3430663662097315,GAIN_MUSCLE,0
0.9203691690582868,1.3345523617699677,LOSE_WEIGHT,1
1.3857740449452962,2.177621882084023,LOSE_WEIGHT,1
1.0755041276872899,-0.4239210459856799,MAINTAIN,2
0.06712689659876972,-1.3330892121231745,GAIN_MUSCLE,0
0.4549642931712775,-0.5823083671097702,MAINTAIN,2
0.6100992518002806,1.64633842697487,LOSE_WEIGHT,1
0.9203691690582868,-0.14206644304044866,MAINTAIN,2
0.7652342104292837,-1.0549760419604022,GAIN_MUSCLE,0
-0.16557554134473493,1.7286499481889646,LOSE_WEIGHT,1
0.6876667311147822,0.35803840554821453,LOSE_WEIGHT,1
-0.010440582715731827,-0.9402387699649979,GAIN_MUSCLE,0
0.7652342104292837,0.015073733822822214,LOSE_WEIGHT,1
-1.561790169005763,-0.714505658756649,MAINTAIN,2
-0.3982779792882396,1.228545099600301,LOSE_WEIGHT,1
0.14469437591327128,1.5814869254122508,LOSE_WEIGHT,1
1.4633415242597976,-1.1235689763054804,GAIN_MUSCLE,0
0.6100992518002806,-1.1547475828259706,GAIN_MUSCLE,0
-1.561790169005763,0.515178582411485,LOSE_WEIGHT,1
1.3082065656307946,-1.5812709200262767,GAIN_MUSCLE,0
0.06712689659876972,0.4378556382406696,LOSE_WEIGHT,1
0.6876667311147822,0.16971962216445347,LOSE_WEIGHT,1
-0.08800806203023338,-0.7244828128432056,MAINTAIN,2
-0.010440582715731827,-0.1034049709550405,MAINTAIN,2
-1.6393576483202645,-1.3517963760354688,GAIN_MUSCLE,0
0.2998293345422744,2.0067631183517367,LOSE_WEIGHT,1
1.4633415242597976,-0.5885440884138683,MAINTAIN,2
-1.6393576483202645,1.0265077293475247,LOSE_WEIGHT,1
0.22226185522777284,-1.4104121562939904,GAIN_MUSCLE,0
-0.47584545860274113,-0.32539664938093094,MAINTAIN,2
1.3082065656307946,-1.1834319008248217,GAIN_MUSCLE,0
0.7652342104292837,0.11359813042757118,LOSE_WEIGHT,1
-1.0963852931187537,0.34806125146165745,LOSE_WEIGHT,1
1.5409090035742992,1.5316011549794657,LOSE_WEIGHT,1
1.230639086316293,0.013826589562002412,LOSE_WEIGHT,1
0.4549642931712775,-1.3355835006448138,GAIN_MUSCLE,0
1.4633415242597976,0.9254890442211361,LOSE_WEIGHT,1
0.22226185522777284,-0.4975025573740368,MAINTAIN,2
0.9203691690582868,-0.6533955899764878,MAINTAIN,2
0.14469437591327128,-0.06848493165209177,MAINTAIN,2
0.06712689659876972,2.0317060035681296,LOSE_WEIGHT,1
-0.7861153758607473,0.6822959133613125,LOSE_WEIGHT,1
-1.2515202517477566,2.249956249211561,LOSE_WEIGHT,1
0.9979366483727884,0.5925015265823008,LOSE_WEIGHT,1
1.6960439622033023,1.4106281616799639,LOSE_WEIGHT,1
-0.2431430206592365,0.369262703895591,LOSE_WEIGHT,1
-1.716925127634766,0.5800300839741046,LOSE_WEIGHT,1
-1.173952772433255,-0.2879823215563426,MAINTAIN,2
-0.5534129379172427,-0.9764059535287665,GAIN_MUSCLE,0
-0.7085478965462458,-1.0998732353499079,GAIN_MUSCLE,0
-0.8636828551752489,-0.41269674763830344,MAINTAIN,2
-0.010440582715731827,-0.006127718611111343,MAINTAIN,2
-0.6309804172317443,0.6486230183191831,LOSE_WEIGHT,1
0.3773968138567759,-1.4690279365525118,GAIN_MUSCLE,0
0.8428016897437852,0.7346759723157362,LOSE_WEIGHT,1
-1.6393576483202645,-0.10964069225913864,MAINTAIN,2
0.6876667311147822,0.3243655105060852,LOSE_WEIGHT,1
-0.010440582715731827,-0.8529386717076254,GAIN_MUSCLE,0
-0.08800806203023338,-1.1273104090879391,GAIN_MUSCLE,0
0.14469437591327128,-0.3004537641645389,MAINTAIN,2
-0.08800806203023338,-0.4563467967669899,MAINTAIN,2
-0.08800806203023338,0.416654185806736,LOSE_WEIGHT,1
1.4633415242597976,-0.771874294754351,MAINTAIN,2
-1.3290877310622582,-1.3206177695149786,GAIN_MUSCLE,0
-0.6309804172317443,-0.8616686815333627,GAIN_MUSCLE,0
1.5409090035742992,-0.2181422429504447,MAINTAIN,2
1.0755041276872899,0.12232814025330847,LOSE_WEIGHT,1
0.7652342104292837,-1.3455606547313708,GAIN_MUSCLE,0
-1.173952772433255,1.8770601152264976,LOSE_WEIGHT,1
1.6184764828888007,-0.4950082688523976,MAINTAIN,2
1.6184764828888007,0.09863239929773575,LOSE_WEIGHT,1
-1.4066552103767598,0.7097330870993442,LOSE_WEIGHT,1
1.230639086316293,1.1462335783862072,LOSE_WEIGHT,1
-1.4842226896912614,-0.4438753541587937,MAINTAIN,2
-1.3290877310622582,0.42787848415411245,LOSE_WEIGHT,1
1.6960439622033023,-1.0686946288294177,GAIN_MUSCLE,0
0.6876667311147822,-0.31916092807683283,MAINTAIN,2
0.5325317724857791,0.026298032170198674,LOSE_WEIGHT,1
0.9203691690582868,0.525155736498042,LOSE_WEIGHT,1
1.3082065656307946,0.6910259231870498,LOSE_WEIGHT,1
-0.5534129379172427,-1.089896081263351,GAIN_MUSCLE,0
-0.7861153758607473,-1.153500438565151,GAIN_MUSCLE,0
1.4633415242597976,-0.5386583179810841,MAINTAIN,2
0.5325317724857791,0.3443198186791989,LOSE_WEIGHT,1
-0.320710499973738,-0.05476634478307615,MAINTAIN,2
-0.47584545860274113,-1.2482834023874414,GAIN_MUSCLE,0
-0.320710499973738,0.0699480812988847,LOSE_WEIGHT,1
0.3773968138567759,0.4291256284149323,LOSE_WEIGHT,1
0.22226185522777284,-0.8317372192736918,GAIN_MUSCLE,0
1.0755041276872899,-1.1547475828259706,GAIN_MUSCLE,0
0.22226185522777284,-0.8342315077953315,GAIN_MUSCLE,0
-0.010440582715731827,-1.0362688780481077,GAIN_MUSCLE,0
-1.0963852931187537,-0.684574196496978,MAINTAIN,2
-0.8636828551752489,-1.5189137069852963,GAIN_MUSCLE,0
-1.716925127634766,-1.2644962777780964,GAIN_MUSCLE,0
-1.716925127634766,2.1788690263448434,LOSE_WEIGHT,1
0.8428016897437852,-0.05850777756553467,MAINTAIN,2
0.6876667311147822,-0.8454558061427079,GAIN_MUSCLE,0
0.14469437591327128,2.4694536391158115,LOSE_WEIGHT,1
1.3082065656307946,-1.4328607529887434,GAIN_MUSCLE,0
1.6960439622033023,-1.4016821464682532,GAIN_MUSCLE,0
-1.716925127634766,0.9604090835240853,LOSE_WEIGHT,1
-0.5534129379172427,-0.3840124296394524,MAINTAIN,2
1.230639086316293,1.9593716364405913,LOSE_WEIGHT,1
-1.4066552103767598,-0.2393436953843778,MAINTAIN,2
-0.08800806203023338,-1.0038431272667983,GAIN_MUSCLE,0
0.4549642931712775,1.1250321259522735,LOSE_WEIGHT,1
-1.561790169005763,0.17346105494691244,LOSE_WEIGHT,1
-0.8636828551752489,1.4430539124612733,LOSE_WEIGHT,1
0.22226185522777284,0.27697402859493975,LOSE_WEIGHT,1
-0.5534129379172427,-1.0886489370025314,GAIN_MUSCLE,0
1.0755041276872899,0.0325337534742968,LOSE_WEIGHT,1
-0.08800806203023338,-0.2617922920791312,MAINTAIN,2
0.4549642931712775,1.6625513023655252,LOSE_WEIGHT,1
-0.7085478965462458,-0.31043091825109553,MAINTAIN,2
0.3773968138567759,0.1846853532942889,LOSE_WEIGHT,1
-1.4066552103767598,-0.899083009357951,GAIN_MUSCLE,0
0.5325317724857791,-0.9527102125731942,GAIN_MUSCLE,0
-1.4066552103767598,-1.1360404189136766,GAIN_MUSCLE,0
-0.8636828551752489,0.6486230183191831,LOSE_WEIGHT,1
-0.5534129379172427,0.4690342447611598,LOSE_WEIGHT,1
0.22226185522777284,0.9728805261322815,LOSE_WEIGHT,1
0.22226185522777284,-0.7656385734502529,MAINTAIN,2
-0.16557554134473493,0.4253841956324733,LOSE_WEIGHT,1
1.230639086316293,1.8221857677504352,LOSE_WEIGHT,1
0.9979366483727884,-0.2256251085153622,MAINTAIN,2
0.7652342104292837,1.9568773479189527,LOSE_WEIGHT,1
0.5325317724857791,-0.5374111737202644,MAINTAIN,2
1.0755041276872899,-1.6062138052426689,GAIN_MUSCLE,0
-0.010440582715731827,-0.321655216598472,MAINTAIN,2
-1.018817813804252,-0.5336697409378058,MAINTAIN,2
-1.4066552103767598,2.3098191737309017,LOSE_WEIGHT,1
0.9979366483727884,-1.4777579463782493,GAIN_MUSCLE,0
0.8428016897437852,0.5713000741483677,LOSE_WEIGHT,1
0.6100992518002806,2.2736519901671333,LOSE_WEIGHT,1
-1.018817813804252,-0.6010155310220645,MAINTAIN,2
-0.320710499973738,-0.4388867771155153,MAINTAIN,2
0.6876667311147822,1.3108566208143955,LOSE_WEIGHT,1
-1.716925127634766,1.6513270040181482,LOSE_WEIGHT,1
-1.4066552103767598,0.5052014283249283,LOSE_WEIGHT,1
1.6960439622033023,0.8481661000503207,LOSE_WEIGHT,1
-1.4842226896912614,0.2320768352054339,LOSE_WEIGHT,1
-0.5534129379172427,-0.2518151379925741,MAINTAIN,2
0.06712689659876972,-0.6421712916291115,MAINTAIN,2
-0.5534129379172427,0.049993773125770954,LOSE_WEIGHT,1
-1.6393576483202645,-0.03231774808832323,MAINTAIN,2
0.3773968138567759,-0.9813945305720452,GAIN_MUSCLE,0
0.6876667311147822,0.3106469236370691,LOSE_WEIGHT,1
0.2998293345422744,0.9217476114386771,LOSE_WEIGHT,1
-0.2431430206592365,-0.19694079051651114,MAINTAIN,2
0.06712689659876972,0.1747081992077318,LOSE_WEIGHT,1
-0.8636828551752489,0.4827528316301754,LOSE_WEIGHT,1
0.9203691690582868,-0.15453788564864446,MAINTAIN,2
0.7652342104292837,-1.3355835006448138,GAIN_MUSCLE,0
0.7652342104292837,-0.9140487404877861,GAIN_MUSCLE,0
1.5409090035742992,-0.6284527047600957,MAINTAIN,2
1.0755041276872899,-0.4513582197237116,MAINTAIN,2
-0.8636828551752489,-0.823007209447955,GAIN_MUSCLE,0
-1.561790169005763,-0.021093449740946325,MAINTAIN,2
-1.716925127634766,-0.7531671308420567,MAINTAIN,2
0.7652342104292837,0.6673301822314776,LOSE_WEIGHT,1
1.3082065656307946,0.8332003689204852,LOSE_WEIGHT,1
-1.018817813804252,0.0874081009503593,LOSE_WEIGHT,1
1.5409090035742992,1.7236613711456854,LOSE_WEIGHT,1
1.6184764828888007,0.42787848415411245,LOSE_WEIGHT,1
0.4549642931712775,0.9192533229170384,LOSE_WEIGHT,1
-0.7861153758607473,-0.019846305480126964,MAINTAIN,2
-0.8636828551752489,0.040016619039214295,LOSE_WEIGHT,1
0.6100992518002806,-0.7643914291894331,MAINTAIN,2
-1.6393576483202645,-0.44886393120207246,MAINTAIN,2
0.9203691690582868,0.5176728709331241,LOSE_WEIGHT,1
-0.010440582715731827,1.5552968959350388,LOSE_WEIGHT,1
-0.47584545860274113,-0.9252730388351625,GAIN_MUSCLE,0
0.22226185522777284,-0.08968638408602488,MAINTAIN,2
-1.173952772433255,-0.6933042063227154,MAINTAIN,2
0.4549642931712775,-0.4725596721576447,MAINTAIN,2
0.22226185522777284,-1.2233405171710492,GAIN_MUSCLE,0
-1.018817813804252,1.5814869254122508,LOSE_WEIGHT,1
0.22226185522777284,-1.3131349039500608,GAIN_MUSCLE,0
0.8428016897437852,1.9194630200943639,LOSE_WEIGHT,1
1.3857740449452962,-1.0948846583066296,GAIN_MUSCLE,0
-1.2515202517477566,-0.3565752559014212,MAINTAIN,2
-1.4842226896912614,-1.3106406154284218,GAIN_MUSCLE,0
1.6960439622033023,-0.2829937445130643,MAINTAIN,2
-0.9412503344897505,-1.0063374157884373,GAIN_MUSCLE,0
0.4549642931712775,0.22085253685805745,LOSE_WEIGHT,1
0.9979366483727884,0.27822117285575954,LOSE_WEIGHT,1
0.14469437591327128,0.17844963199019076,LOSE_WEIGHT,1
-0.16557554134473493,-0.02857631530586426,MAINTAIN,2
0.9979366483727884,0.01257944530118305,LOSE_WEIGHT,1
-1.018817813804252,0.5713000741483677,LOSE_WEIGHT,1
1.0755041276872899,0.6548587396232812,LOSE_WEIGHT,1
-1.0963852931187537,-0.6209698391951783,MAINTAIN,2
0.06712689659876972,-0.659631311280586,MAINTAIN,2
0.9203691690582868,0.41291275302427705,LOSE_WEIGHT,1
0.9203691690582868,-0.7855928816233667,MAINTAIN,2
0.9979366483727884,0.5301443135413204,LOSE_WEIGHT,1
-0.3982779792882396,0.4328670611973908,LOSE_WEIGHT,1
1.230639086316293,-0.2106593773855272,MAINTAIN,2
0.6876667311147822,-0.771874294754351,MAINTAIN,2
0.06712689659876972,1.2011079258622697,LOSE_WEIGHT,1
-0.010440582715731827,0.35055553998329664,LOSE_WEIGHT,1
0.6876667311147822,-0.38151814111781324,MAINTAIN,2
1.0755041276872899,-0.4912668360699391,MAINTAIN,2
-0.8636828551752489,-0.4675710951143664,MAINTAIN,2
-0.7861153758607473,-0.5536240491109196,MAINTAIN,2
-0.010440582715731827,0.2008982286849437,LOSE_WEIGHT,1
0.14469437591327128,-0.9202844617918842,GAIN_MUSCLE,0
0.9203691690582868,-0.5249397311120685,MAINTAIN,2
1.3857740449452962,0.44409135954476725,LOSE_WEIGHT,1
0.5325317724857791,0.6099615462337754,LOSE_WEIGHT,1
-0.47584545860274113,-0.6995399276268135,MAINTAIN,2
-0.2431430206592365,0.5500986217144341,LOSE_WEIGHT,1
0.14469437591327128,1.4817153845466815,LOSE_WEIGHT,1
-0.08800806203023338,-0.07970922999946822,MAINTAIN,2
-0.7861153758607473,-0.5985212425004254,MAINTAIN,2
-0.320710499973738,-0.1221121348673349,MAINTAIN,2
0.9979366483727884,-0.001139141567833015,MAINTAIN,2
-0.8636828551752489,-1.2719791433430139,GAIN_MUSCLE,0
1.3857740449452962,-1.0874017927417117,GAIN_MUSCLE,0
-0.320710499973738,0.33434266459264184,LOSE_WEIGHT,1
-0.8636828551752489,2.1651504394758274,LOSE_WEIGHT,1
-1.0963852931187537,-1.3592792416003865,GAIN_MUSCLE,0
-1.2515202517477566,-0.4875254032874802,MAINTAIN,2
0.3773968138567759,0.6361515757109873,LOSE_WEIGHT,1
-0.7085478965462458,2.227507652516808,LOSE_WEIGHT,1
0.6100992518002806,-0.3378680919891272,MAINTAIN,2
-0.320710499973738,2.099051793652388,LOSE_WEIGHT,1
-0.5534129379172427,0.8182346377906498,LOSE_WEIGHT,1
-1.4066552103767598,0.6835430576221323,LOSE_WEIGHT,1
0.9203691690582868,0.26949116303002224,LOSE_WEIGHT,1
-0.8636828551752489,2.5704723242422003,LOSE_WEIGHT,1
0.14469437591327128,-0.2655337248615897,MAINTAIN,2
-0.16557554134473493,0.5600757758009908,LOSE_WEIGHT,1
0.9979366483727884,-1.4266250316846454,GAIN_MUSCLE,0
-0.010440582715731827,-0.14954930860536614,MAINTAIN,2
-0.5534129379172427,1.9020030004428903,LOSE_WEIGHT,1
1.230639086316293,-1.1884204778681,GAIN_MUSCLE,0
1.6960439622033023,-0.9402387699649979,GAIN_MUSCLE,0
1.4633415242597976,1.130020702995552,LOSE_WEIGHT,1
1.230639086316293,-0.593532665457147,MAINTAIN,2
-0.7085478965462458,-1.0811660714376135,GAIN_MUSCLE,0
0.6100992518002806,1.9057444332253484,LOSE_WEIGHT,1
-1.4066552103767598,1.7810300071433873,LOSE_WEIGHT,1
0.9203691690582868,-0.7419428324946802,MAINTAIN,2
-0.010440582715731827,0.037522330517575135,LOSE_WEIGHT,1
0.4549642931712775,0.23457112372707306,LOSE_WEIGHT,1
1.5409090035742992,0.8930632934398265,LOSE_WEIGHT,1
-0.9412503344897505,-0.3179137838160135,MAINTAIN,2
-0.3982779792882396,0.6386458642326265,LOSE_WEIGHT,1
-0.8636828551752489,-0.7544142751028764,MAINTAIN,2
-1.0963852931187537,-1.3468077989921905,GAIN_MUSCLE,0
-1.018817813804252,-1.3405720776880923,GAIN_MUSCLE,0
1.6184764828888007,0.6486230183191831,LOSE_WEIGHT,1
-0.47584545860274113,-0.07596779721700926,MAINTAIN,2
1.1530716070017915,0.29443404824641434,LOSE_WEIGHT,1
-1.2515202517477566,-1.38048069403432,GAIN_MUSCLE,0
-0.7861153758607473,-0.08719209556438572,MAINTAIN,2
1.3082065656307946,-0.9078130191836884,GAIN_MUSCLE,0
1.4633415242597976,-0.053519200522256345,MAINTAIN,2
-1.0963852931187537,0.07493665834216348,LOSE_WEIGHT,1
0.2998293345422744,-0.07097922017373093,MAINTAIN,2
-1.6393576483202645,-1.643628133067257,GAIN_MUSCLE,0
-1.4066552103767598,1.650079859757329,LOSE_WEIGHT,1
0.4549642931712775,-0.6334412818033741,MAINTAIN,2
1.0755041276872899,0.6261744216244302,LOSE_WEIGHT,1
1.1530716070017915,-0.4513582197237116,MAINTAIN,2
-0.320710499973738,0.20463966146740264,LOSE_WEIGHT,1
-1.173952772433255,-1.7596125493234807,GAIN_MUSCLE,0
1.6960439622033023,-0.3204080723376526,MAINTAIN,2
-1.716925127634766,-1.0275388682223705,GAIN_MUSCLE,0
-0.08800806203023338,1.9169687315727253,LOSE_WEIGHT,1
-0.47584545860274113,0.23581826798789288,LOSE_WEIGHT,1
-1.2515202517477566,-0.9552045010948333,GAIN_MUSCLE,0
0.14469437591327128,-1.5750351987221787,GAIN_MUSCLE,0
1.6960439622033023,1.2809251585547248,LOSE_WEIGHT,1
-1.4842226896912614,-0.003633430089472179,MAINTAIN,2
0.9979366483727884,1.3545066699430819,LOSE_WEIGHT,1
-1.3290877310622582,-0.9290144716176214,GAIN_MUSCLE,0
0.6100992518002806,0.0711952255597045,LOSE_WEIGHT,1
-0.320710499973738,2.151431852606812,LOSE_WEIGHT,1
1.6184764828888007,-0.8853644224889354,GAIN_MUSCLE,0
1.230639086316293,0.5039542840641085,LOSE_WEIGHT,1
0.2998293345422744,-0.10215782669422115,MAINTAIN,2
-1.018817813804252,-1.0437517436130257,GAIN_MUSCLE,0
0.22226185522777284,1.26346513890325,LOSE_WEIGHT,1
-0.320710499973738,0.2881983269423162,LOSE_WEIGHT,1
1.230639086316293,-0.33412665920666823,MAINTAIN,2
-1.561790169005763,-0.866657258576641,GAIN_MUSCLE,0
1.6960439622033023,0.725945962489999,LOSE_WEIGHT,1
-0.7861153758607473,1.9444059053107565,LOSE_WEIGHT,1
0.3773968138567759,-1.6710653068052888,GAIN_MUSCLE,0
-0.2431430206592365,-1.2570134122131786,GAIN_MUSCLE,0
0.3773968138567759,-0.6733498981496017,MAINTAIN,2
-1.173952772433255,1.7860185841866658,LOSE_WEIGHT,1
1.3857740449452962,0.5426157561495166,LOSE_WEIGHT,1
1.230639086316293,1.4443010567220937,LOSE_WEIGHT,1
-1.716925127634766,0.2807154613773987,LOSE_WEIGHT,1
-1.561790169005763,0.04625234034331243,LOSE_WEIGHT,1
-0.7861153758607473,0.3605326940698537,LOSE_WEIGHT,1
0.3773968138567759,-0.22313081999372303,MAINTAIN,2
0.14469437591327128,0.9155118901345795,LOSE_WEIGHT,1
0.7652342104292837,0.6635887494490186,LOSE_WEIGHT,1
1.1530716070017915,0.8830861393532699,LOSE_WEIGHT,1
-1.3290877310622582,-1.200891920476296,GAIN_MUSCLE,0
1.6184764828888007,-0.4600882295494489,MAINTAIN,2
1.6960439622033023,0.16348390086035533,LOSE_WEIGHT,1
0.6876667311147822,-1.3355835006448138,GAIN_MUSCLE,0
1.6960439622033023,-1.3305949236015355,GAIN_MUSCLE,0
-0.16557554134473493,1.8982615676604313,LOSE_WEIGHT,1
-0.5534129379172427,-0.06973207591291113,MAINTAIN,2
-0.16557554134473493,0.24579542207444952,LOSE_WEIGHT,1
-0.9412503344897505,-0.9452273470082763,GAIN_MUSCLE,0
1.0755041276872899,0.3330955203318225,LOSE_WEIGHT,1
0.9979366483727884,-0.5748255015448527,MAINTAIN,2
0.9203691690582868,1.7161785055807683,LOSE_WEIGHT,1
-0.320710499973738,0.09863239929773575,LOSE_WEIGHT,1
-0.2431430206592365,0.30066976955051244,LOSE_WEIGHT,1
-0.3982779792882396,-1.1160861107405626,GAIN_MUSCLE,0
1.3857740449452962,0.8257175033555677,LOSE_WEIGHT,1
-0.7085478965462458,-1.2894391629944884,GAIN_MUSCLE,0
-0.6309804172317443,0.36552127111313204,LOSE_WEIGHT,1
0.6100992518002806,0.11733956321003015,LOSE_WEIGHT,1
-1.716925127634766,-0.6783384751928804,MAINTAIN,2
-1.561790169005763,0.34556696294001826,LOSE_WEIGHT,1
-0.5534129379172427,0.38298129076460663,LOSE_WEIGHT,1
-0.010440582715731827,-1.487735100464806,GAIN_MUSCLE,0
-0.9412503344897505,-0.8354786520561508,GAIN_MUSCLE,0
-0.8636828551752489,0.7271931067508188,LOSE_WEIGHT,1
-1.018817813804252,1.768558564535192,LOSE_WEIGHT,1
0.6876667311147822,-0.4077081705950251,MAINTAIN,2
-0.5534129379172427,-0.12585356764979386,MAINTAIN,2
-1.173952772433255,-0.09592210539012301,MAINTAIN,2
1.1530716070017915,0.32311836624526535,LOSE_WEIGHT,1
-0.8636828551752489,2.1788690263448434,LOSE_WEIGHT,1
0.06712689659876972,0.35928554980903393,LOSE_WEIGHT,1
0.3773968138567759,0.20838109424986162,LOSE_WEIGHT,1
-1.173952772433255,0.8519075328327796,LOSE_WEIGHT,1
0.3773968138567759,-1.0499874649171232,GAIN_MUSCLE,0
0.9979366483727884,-1.3779864055126807,GAIN_MUSCLE,0
0.22226185522777284,0.449079936588046,LOSE_WEIGHT,1
-1.173952772433255,0.44533850380558704,LOSE_WEIGHT,1
0.3773968138567759,-0.3204080723376526,MAINTAIN,2
0.3773968138567759,1.1025835292575208,LOSE_WEIGHT,1
1.0755041276872899,-0.6396770031074722,MAINTAIN,2
1.3857740449452962,-1.1347932746528568,GAIN_MUSCLE,0
0.9979366483727884,-1.2457891138658022,GAIN_MUSCLE,0
0.2998293345422744,0.5625700643226305,LOSE_WEIGHT,1
-0.47584545860274113,-1.2657434220389159,GAIN_MUSCLE,0
-1.0963852931187537,-1.1248161205663,GAIN_MUSCLE,0
0.7652342104292837,-0.8329843635345117,GAIN_MUSCLE,0
-0.2431430206592365,0.8544018213544188,LOSE_WEIGHT,1
-0.7861153758607473,0.2881983269423162,LOSE_WEIGHT,1
0.3773968138567759,1.244757974990956,LOSE_WEIGHT,1
0.4549642931712775,-0.7993114684923823,GAIN_MUSCLE,0
-0.7861153758607473,-1.2208462286494097,GAIN_MUSCLE,0
0.9203691690582868,-0.9589459338772923,GAIN_MUSCLE,0
-1.3290877310622582,-1.2158576516061315,GAIN_MUSCLE,0
-0.3982779792882396,-0.8167714881438569,GAIN_MUSCLE,0
-1.4066552103767598,-1.1747018909990845,GAIN_MUSCLE,0
0.14469437591327128,-0.24308512816683678,MAINTAIN,2
-1.6393576483202645,-0.038553469392420915,MAINTAIN,2
-1.018817813804252,-0.06100206608717383,MAINTAIN,2
0.5325317724857791,-0.43015676728977803,MAINTAIN,2
1.6960439622033023,-0.5074797114605939,MAINTAIN,2
-1.4066552103767598,-0.4426282098979743,MAINTAIN,2
0.7652342104292837,0.34182553015755934,LOSE_WEIGHT,1
-1.716925127634766,-0.15079645286618595,MAINTAIN,2
-0.3982779792882396,-0.009869151393569867,MAINTAIN,2
0.6876667311147822,-0.6683613211063233,MAINTAIN,2
-0.9412503344897505,1.7386271022755213,LOSE_WEIGHT,1
-0.16557554134473493,1.1200435489089953,LOSE_WEIGHT,1
0.22226185522777284,0.26200829746510473,LOSE_WEIGHT,1
0.14469437591327128,0.022556599387739705,LOSE_WEIGHT,1
-0.08800806203023338,-1.0312803010048295,GAIN_MUSCLE,0
0.2998293345422744,1.2509936962950539,LOSE_WEIGHT,1
-0.7861153758607473,-0.7169999472782881,MAINTAIN,2
0.7652342104292837,0.078678091124622,LOSE_WEIGHT,1
0.8428016897437852,-0.21440081016798573,MAINTAIN,2
1.3857740449452962,0.08241952390708096,LOSE_WEIGHT,1
0.9203691690582868,-1.1098503894364649,GAIN_MUSCLE,0
-1.716925127634766,-0.5336697409378058,MAINTAIN,2
-0.16557554134473493,-1.1584890156084293,GAIN_MUSCLE,0
-1.3290877310622582,-0.8067943340572997,GAIN_MUSCLE,0
0.3773968138567759,-0.22313081999372303,MAINTAIN,2
-0.47584545860274113,0.209628238510681,LOSE_WEIGHT,1
-1.4066552103767598,-0.6060041080653429,MAINTAIN,2
0.6100992518002806,-0.5910383769355074,MAINTAIN,2
-1.4066552103767598,1.9942916757435405,LOSE_WEIGHT,1
1.1530716070017915,0.6860373461437714,LOSE_WEIGHT,1
-1.561790169005763,-1.5288908610718532,GAIN_MUSCLE,0
-0.010440582715731827,-0.5349168851986251,MAINTAIN,2
1.0755041276872899,1.5602854729783173,LOSE_WEIGHT,1
1.0755041276872899,-0.6533955899764878,MAINTAIN,2
-1.018817813804252,-1.1722076024774453,GAIN_MUSCLE,0
-1.018817813804252,-0.8030529012748413,GAIN_MUSCLE,0
-0.320710499973738,0.24579542207444952,LOSE_WEIGHT,1
-0.47584545860274113,-1.399187857946614,GAIN_MUSCLE,0
-0.16557554134473493,-1.153500438565151,GAIN_MUSCLE,0
-0.7085478965462458,0.6012315364080382,LOSE_WEIGHT,1
-1.0963852931187537,0.2333239794662537,LOSE_WEIGHT,1
-1.716925127634766,-0.23061368555864095,MAINTAIN,2
1.6960439622033023,1.9855616659178033,LOSE_WEIGHT,1
-0.7861153758607473,-0.19444650199487198,MAINTAIN,2
-1.4842226896912614,-0.3229023608592918,MAINTAIN,2
-1.716925127634766,-0.17823362660421718,MAINTAIN,2
1.3082065656307946,-0.10589925947668011,MAINTAIN,2
0.6876667311147822,-1.2919334515161276,GAIN_MUSCLE,0
0.8428016897437852,-0.3777767083353547,MAINTAIN,2
0.3773968138567759,-1.2470362581266217,GAIN_MUSCLE,0
0.6100992518002806,-0.4837839705050212,MAINTAIN,2
-1.173952772433255,-0.433898200072237,MAINTAIN,2
1.230639086316293,1.467996797677666,LOSE_WEIGHT,1
0.22226185522777284,-0.8591743930117235,GAIN_MUSCLE,0
0.8428016897437852,0.34182553015755934,LOSE_WEIGHT,1
-1.561790169005763,0.03378089773511617,LOSE_WEIGHT,1
-0.8636828551752489,0.022556599387739705,LOSE_WEIGHT,1
-1.716925127634766,-0.9539573568340135,GAIN_MUSCLE,0
1.6184764828888007,0.4939771299775519,LOSE_WEIGHT,1
-1.4066552103767598,-1.0512346091779432,GAIN_MUSCLE,0
0.5325317724857791,-0.8267486422304136,GAIN_MUSCLE,0
0.5325317724857791,-1.0973789468282689,GAIN_MUSCLE,0
-0.47584545860274113,-0.5311754524161666,MAINTAIN,2
-0.010440582715731827,-0.5723312130232135,MAINTAIN,2
-0.6309804172317443,2.049166023219604,LOSE_WEIGHT,1
1.0755041276872899,-0.3977310165084685,MAINTAIN,2
-0.16557554134473493,0.14103530416560242,LOSE_WEIGHT,1
-0.7085478965462458,-0.47754824920092304,MAINTAIN,2
-1.6393576483202645,-1.1959033434330177,GAIN_MUSCLE,0
-0.9412503344897505,0.37425128093886934,LOSE_WEIGHT,1
1.230639086316293,-1.1609833041300688,GAIN_MUSCLE,0
1.1530716070017915,-0.9340030486608998,GAIN_MUSCLE,0
0.8428016897437852,-0.7357071111905821,MAINTAIN,2
1.1530716070017915,1.5415783090660233,LOSE_WEIGHT,1
0.8428016897437852,0.20463966146740264,LOSE_WEIGHT,1
-0.3982779792882396,0.03502804199593597,LOSE_WEIGHT,1
0.5325317724857791,0.37923985798214765,LOSE_WEIGHT,1
-0.6309804172317443,-0.5561183376325587,MAINTAIN,2
0.2998293345422744,-0.23186082981946032,MAINTAIN,2
0.8428016897437852,-0.3366209477283074,MAINTAIN,2
1.1530716070017915,0.31812978920198703,LOSE_WEIGHT,1
0.7652342104292837,-0.5897912326746881,MAINTAIN,2
0.06712689659876972,-0.08345066278192675,MAINTAIN,2
-0.6309804172317443,0.2595140089434656,LOSE_WEIGHT,1
0.5325317724857791,-1.0986260910890882,GAIN_MUSCLE,0
1.4633415242597976,-0.22936654129782116,MAINTAIN,2
-0.47584545860274113,0.28695118268149683,LOSE_WEIGHT,1
-1.4066552103767598,-1.4615450709875946,GAIN_MUSCLE,0
0.4549642931712775,0.6798016248396733,LOSE_WEIGHT,1
-1.4842226896912614,1.7174256498415876,LOSE_WEIGHT,1
-1.018817813804252,-0.8142771996222177,GAIN_MUSCLE,0
-0.47584545860274113,1.1936250602973517,LOSE_WEIGHT,1
-1.018817813804252,-0.96518165518139,GAIN_MUSCLE,0
-0.47584545860274113,2.106534659217305,LOSE_WEIGHT,1
-0.2431430206592365,-1.198397631954657,GAIN_MUSCLE,0
0.06712689659876972,-1.3181234809933395,GAIN_MUSCLE,0
-1.4066552103767598,0.8830861393532699,LOSE_WEIGHT,1
0.8428016897437852,0.35679126128739475,LOSE_WEIGHT,1
-1.3290877310622582,0.09239667799363763,LOSE_WEIGHT,1
-1.6393576483202645,1.9107330102686266,LOSE_WEIGHT,1
-0.7861153758607473,2.1377132657377955,LOSE_WEIGHT,1
1.5409090035742992,-1.319370625254159,GAIN_MUSCLE,0
1.5409090035742992,-1.0001016944843393,GAIN_MUSCLE,0
-0.9412503344897505,-1.0375160223089275,GAIN_MUSCLE,0
-0.010440582715731827,0.8531546770935989,LOSE_WEIGHT,1
-0.5534129379172427,-0.9452273470082763,GAIN_MUSCLE,0
0.6100992518002806,0.5176728709331241,LOSE_WEIGHT,1
-0.9412503344897505,-1.1622304483908883,GAIN_MUSCLE,0
-0.5534129379172427,-1.465286503770053,GAIN_MUSCLE,0
-1.173952772433255,-0.3229023608592918,MAINTAIN,2
-1.4842226896912614,1.5191297123712704,LOSE_WEIGHT,1
1.3082065656307946,-1.4889822447256258,GAIN_MUSCLE,0
-1.4842226896912614,-1.6336509789807003,GAIN_MUSCLE,0
0.14469437591327128,-0.9963602617018802,GAIN_MUSCLE,0
-1.561790169005763,-1.354290664557108,GAIN_MUSCLE,0
0.6876667311147822,0.162236756599536,LOSE_WEIGHT,1
-1.561790169005763,1.5802397811514306,LOSE_WEIGHT,1
0.2998293345422744,-0.9926188289194217,GAIN_MUSCLE,0
0.4549642931712775,1.1736707521242384,LOSE_WEIGHT,1
0.6876667311147822,0.8568961098760579,LOSE_WEIGHT,1
-0.320710499973738,1.5665211942824149,LOSE_WEIGHT,1
-0.16557554134473493,0.6985087887519678,LOSE_WEIGHT,1
-1.4066552103767598,2.0404360133938666,LOSE_WEIGHT,1
-0.3982779792882396,0.7172159526642616,LOSE_WEIGHT,1
0.3773968138567759,-1.0474931763954842,GAIN_MUSCLE,0
1.4633415242597976,-0.9028244421404096,GAIN_MUSCLE,0
-0.08800806203023338,0.16847247790363412,LOSE_WEIGHT,1
-0.16557554134473493,-1.1796904680423628,GAIN_MUSCLE,0
-1.3290877310622582,-0.7731214390151704,MAINTAIN,2
-1.716925127634766,1.0726520669978499,LOSE_WEIGHT,1
-1.4066552103767598,0.4914828414559127,LOSE_WEIGHT,1
1.3857740449452962,2.0092574068733766,LOSE_WEIGHT,1
-0.8636828551752489,1.7747942858392898,LOSE_WEIGHT,1
0.22226185522777284,-0.3964838722476487,MAINTAIN,2
0.8428016897437852,-0.09467496112930365,MAINTAIN,2
-0.7085478965462458,-1.354290664557108,GAIN_MUSCLE,0
0.22226185522777284,0.03876947477839449,LOSE_WEIGHT,1
1.6960439622033023,-0.004880574350291539,MAINTAIN,2
0.2998293345422744,-0.7544142751028764,MAINTAIN,2
-1.0963852931187537,-0.8267486422304136,GAIN_MUSCLE,0
0.22226185522777284,-0.9552045010948333,GAIN_MUSCLE,0
-0.08800806203023338,0.3555441170265754,LOSE_WEIGHT,1
0.5325317724857791,0.027545176431018035,LOSE_WEIGHT,1
1.5409090035742992,-1.2420476810833432,GAIN_MUSCLE,0
-0.47584545860274113,-1.1235689763054804,GAIN_MUSCLE,0
0.22226185522777284,-0.528681163894527,MAINTAIN,2
0.9979366483727884,0.32685979902772433,LOSE_WEIGHT,1
-1.716925127634766,0.27073830729084203,LOSE_WEIGHT,1
-1.173952772433255,-0.48004253772256267,MAINTAIN,2
0.9203691690582868,0.06495950425560637,LOSE_WEIGHT,1
-0.6309804172317443,0.4503270808488654,LOSE_WEIGHT,1
-0.08800806203023338,-0.07721494147782906,MAINTAIN,2
-0.7085478965462458,-0.2842408887738841,MAINTAIN,2
0.22226185522777284,-1.2520248351699002,GAIN_MUSCLE,0
0.3773968138567759,0.35055553998329664,LOSE_WEIGHT,1
-0.010440582715731827,1.35824810272554,LOSE_WEIGHT,1
-0.7085478965462458,0.6174444117986929,LOSE_WEIGHT,1
0.06712689659876972,-0.20691794460306825,MAINTAIN,2
-1.6393576483202645,0.10860955338429286,LOSE_WEIGHT,1
1.6960439622033023,0.8805918508316303,LOSE_WEIGHT,1
0.22226185522777284,0.9417019196117913,LOSE_WEIGHT,1
-0.7085478965462458,0.09987954355855556,LOSE_WEIGHT,1
-1.2515202517477566,1.0975949522142423,LOSE_WEIGHT,1
-1.561790169005763,-1.048740320656304,GAIN_MUSCLE,0
-0.010440582715731827,-0.6471598686723902,MAINTAIN,2
1.5409090035742992,-0.5985212425004254,MAINTAIN,2
1.6960439622033023,1.304620899510297,LOSE_WEIGHT,1
-0.3982779792882396,0.08990238947199845,LOSE_WEIGHT,1
1.1530716070017915,0.11609241894921034,LOSE_WEIGHT,1
0.9203691690582868,0.08241952390708096,LOSE_WEIGHT,1
-0.6309804172317443,0.4341142054582106,LOSE_WEIGHT,1
0.14469437591327128,0.5600757758009908,LOSE_WEIGHT,1
1.0755041276872899,-0.21440081016798573,MAINTAIN,2
0.3773968138567759,-0.3977310165084685,MAINTAIN,2
-1.018817813804252,-0.874140124141559,GAIN_MUSCLE,0
1.230639086316293,-0.5461411835460016,MAINTAIN,2
-0.47584545860274113,0.049993773125770954,LOSE_WEIGHT,1
1.230639086316293,-1.0948846583066296,GAIN_MUSCLE,0
-0.08800806203023338,0.0325337534742968,LOSE_WEIGHT,1
0.22226185522777284,1.1512221554294855,LOSE_WEIGHT,1
1.6184764828888007,0.4428442152839479,LOSE_WEIGHT,1
0.14469437591327128,0.5002128512816499,LOSE_WEIGHT,1
-0.47584545860274113,1.620148397497658,LOSE_WEIGHT,1
-0.7861153758607473,0.2645025859867439,LOSE_WEIGHT,1
-0.2431430206592365,-0.6209698391951783,MAINTAIN,2
0.14469437591327128,-1.0662003403077787,GAIN_MUSCLE,0
-1.4842226896912614,0.32311836624526535,LOSE_WEIGHT,1
-1.018817813804252,0.1834382090334691,LOSE_WEIGHT,1
-1.561790169005763,2.2549448262548393,LOSE_WEIGHT,1
1.3857740449452962,0.027545176431018035,LOSE_WEIGHT,1
1.6960439622033023,-1.3218649137757983,GAIN_MUSCLE,0
-0.3982779792882396,-0.8604215372725429,GAIN_MUSCLE,0
0.9979366483727884,0.29692833676805347,LOSE_WEIGHT,1
-0.08800806203023338,0.7770788771836029,LOSE_WEIGHT,1
0.8428016897437852,1.0140362867393284,LOSE_WEIGHT,1
-1.173952772433255,1.48670396158996,LOSE_WEIGHT,1
1.3082065656307946,-0.06723778739127197,MAINTAIN,2
1.6184764828888007,0.028792320691837837,LOSE_WEIGHT,1
-0.320710499973738,-0.9277673273568021,GAIN_MUSCLE,0
1.4633415242597976,-0.4650768065927272,MAINTAIN,2
1.3857740449452962,2.534305140678431,LOSE_WEIGHT,1
1.0755041276872899,-0.026082026784225096,MAINTAIN,2
-1.3290877310622582,1.0227662965650657,LOSE_WEIGHT,1
0.22226185522777284,1.627631263062576,LOSE_WEIGHT,1
0.8428016897437852,-0.7444371210163193,MAINTAIN,2
1.6960439622033023,2.200070478778776,LOSE_WEIGHT,1
-1.3290877310622582,-0.006127718611111343,MAINTAIN,2
1.0755041276872899,0.5588286315401715,LOSE_WEIGHT,1
0.7652342104292837,-0.8454558061427079,GAIN_MUSCLE,0
-0.08800806203023338,-1.5114308414203785,GAIN_MUSCLE,0
-0.16557554134473493,-0.8641629700550019,GAIN_MUSCLE,0
-1.3290877310622582,-0.5436468950243625,MAINTAIN,2
-1.3290877310622582,1.1487278669078458,LOSE_WEIGHT,1
-1.4842226896912614,-0.786840025884186,MAINTAIN,2
0.5325317724857791,-0.226872252776182,MAINTAIN,2
-0.9412503344897505,-0.6284527047600957,MAINTAIN,2
0.5325317724857791,0.7159688084034419,LOSE_WEIGHT,1
0.6100992518002806,0.6398930084934459,LOSE_WEIGHT,1
0.06712689659876972,-0.8055471897964804,GAIN_MUSCLE,0
-1.0963852931187537,0.4740228218044381,LOSE_WEIGHT,1
-1.561790169005763,1.2011079258622697,LOSE_WEIGHT,1
0.6100992518002806,-0.4164381804207624,MAINTAIN,2
1.3082065656307946,-0.7431899767555,MAINTAIN,2
1.0755041276872899,1.047709181781458,LOSE_WEIGHT,1
0.9979366483727884,2.0516603117412426,LOSE_WEIGHT,1
0.06712689659876972,-0.1370778659971703,MAINTAIN,2
0.6100992518002806,0.24330113355281036,LOSE_WEIGHT,1
-1.3290877310622582,-1.4378493300320216,GAIN_MUSCLE,0
-1.6393576483202645,-1.3430663662097315,GAIN_MUSCLE,0
-0.2431430206592365,1.8184443349679762,LOSE_WEIGHT,1
0.3773968138567759,-0.2954651871212606,MAINTAIN,2
-0.9412503344897505,-0.44886393120207246,MAINTAIN,2
-1.4842226896912614,-0.3179137838160135,MAINTAIN,2
-0.6309804172317443,-0.3765295640745349,MAINTAIN,2
-1.3290877310622582,-0.4351453443330564,MAINTAIN,2
0.5325317724857791,2.5180922652877764,LOSE_WEIGHT,1
1.1530716070017915,0.25701972042182597,LOSE_WEIGHT,1
-1.6393576483202645,0.646128729797544,LOSE_WEIGHT,1
-0.6309804172317443,-0.7531671308420567,MAINTAIN,2
-0.9412503344897505,-1.0911432255241706,GAIN_MUSCLE,0
-1.173952772433255,1.270948004468168,LOSE_WEIGHT,1
0.22226185522777284,-0.6247112719776373,MAINTAIN,2
1.6960439622033023,0.8107517722257324,LOSE_WEIGHT,1
1.6184764828888007,-0.5149625770255114,MAINTAIN,2
-1.4066552103767598,-1.3305949236015355,GAIN_MUSCLE,0
-1.3290877310622582,2.222519075473529,LOSE_WEIGHT,1
0.22226185522777284,-0.2730165904265076,MAINTAIN,2
-1.4842226896912614,-0.9352501929217196,GAIN_MUSCLE,0
-0.320710499973738,0.2956811925072341,LOSE_WEIGHT,1
-0.2431430206592365,-0.2804994559914251,MAINTAIN,2
0.7652342104292837,0.41914847432837515,LOSE_WEIGHT,1
-0.2431430206592365,-0.24682656094929575,MAINTAIN,2
-0.8636828551752489,-1.0362688780481077,GAIN_MUSCLE,0
-1.716925127634766,-0.7643914291894331,MAINTAIN,2
0.22226185522777284,0.6822959133613125,LOSE_WEIGHT,1
-0.7085478965462458,0.8668732639626147,LOSE_WEIGHT,1
1.1530716070017915,1.6326198401058543,LOSE_WEIGHT,1
1.0755041276872899,0.31812978920198703,LOSE_WEIGHT,1
-0.9412503344897505,2.6490424126738352,LOSE_WEIGHT,1
0.9979366483727884,-0.306689485468637,MAINTAIN,2
-0.7861153758607473,-0.6633727440630449,MAINTAIN,2
1.5409090035742992,-0.23435511834109948,MAINTAIN,2
-1.561790169005763,2.1227475346079605,LOSE_WEIGHT,1
0.7652342104292837,0.3892170120687048,LOSE_WEIGHT,1
-1.3290877310622582,-1.462792215248414,GAIN_MUSCLE,0
-1.018817813804252,1.285913735598003,LOSE_WEIGHT,1
-1.4066552103767598,-0.889105855271394,GAIN_MUSCLE,0
-0.010440582715731827,-1.0699417730902372,GAIN_MUSCLE,0
-1.018817813804252,0.2245939696405164,LOSE_WEIGHT,1
1.6184764828888007,-0.5149625770255114,MAINTAIN,2
-1.6393576483202645,0.03502804199593597,LOSE_WEIGHT,1
-0.7861153758607473,1.7024599187117526,LOSE_WEIGHT,1
1.3082065656307946,0.16348390086035533,LOSE_WEIGHT,1
-1.6393576483202645,-0.7519199865812373,MAINTAIN,2
-0.2431430206592365,0.33683695311428097,LOSE_WEIGHT,1
-1.716925127634766,-0.9676759437030296,GAIN_MUSCLE,0
1.0755041276872899,-1.0911432255241706,GAIN_MUSCLE,0
-1.0963852931187537,-1.0001016944843393,GAIN_MUSCLE,0
-0.47584545860274113,2.200070478778776,LOSE_WEIGHT,1
-1.0963852931187537,0.08117237964626116,LOSE_WEIGHT,1
-0.9412503344897505,-0.9888773961369627,GAIN_MUSCLE,0
-0.6309804172317443,0.5301443135413204,LOSE_WEIGHT,1
0.06712689659876972,0.2507839991177283,LOSE_WEIGHT,1
1.1530716070017915,0.14851816973052037,LOSE_WEIGHT,1
0.9203691690582868,0.05997092721232805,LOSE_WEIGHT,1
0.5325317724857791,0.01257944530118305,LOSE_WEIGHT,1
0.6100992518002806,-0.3204080723376526,MAINTAIN,2
-1.4066552103767598,0.30939977937624974,LOSE_WEIGHT,1
1.6184764828888007,-0.9739116650071273,GAIN_MUSCLE,0
-0.7085478965462458,-0.32539664938093094,MAINTAIN,2
-0.9412503344897505,0.5999843921472183,LOSE_WEIGHT,1
-1.0963852931187537,1.5640269057607763,LOSE_WEIGHT,1
0.8428016897437852,0.22085253685805745,LOSE_WEIGHT,1
-0.8636828551752489,-0.5261868753728879,MAINTAIN,2
0.9203691690582868,1.2235565225570226,LOSE_WEIGHT,1
0.9203691690582868,0.5713000741483677,LOSE_WEIGHT,1
-1.716925127634766,0.6224329888419713,LOSE_WEIGHT,1
1.3082065656307946,-0.5698369245015743,MAINTAIN,2
-0.08800806203023338,0.5675586413659087,LOSE_WEIGHT,1
0.4549642931712775,-0.3852595739002722,MAINTAIN,2
-1.173952772433255,-0.5336697409378058,MAINTAIN,2
-0.9412503344897505,-0.4201796132032214,MAINTAIN,2
1.3857740449452962,0.6798016248396733,LOSE_WEIGHT,1
1.0755041276872899,0.07244236982052431,LOSE_WEIGHT,1
-0.7085478965462458,0.03876947477839449,LOSE_WEIGHT,1
0.5325317724857791,0.4815056873693556,LOSE_WEIGHT,1
0.9203691690582868,0.010085156779543887,LOSE_WEIGHT,1
-0.16557554134473493,0.03378089773511617,LOSE_WEIGHT,1
1.0755041276872899,-0.2505679937317547,MAINTAIN,2
-1.4066552103767598,0.18593249755510827,LOSE_WEIGHT,1
-0.320710499973738,-0.7444371210163193,MAINTAIN,2
-0.7085478965462458,-1.1160861107405626,GAIN_MUSCLE,0
0.22226185522777284,-1.3231120580366178,GAIN_MUSCLE,0
-1.4842226896912614,-0.11837070208487593,MAINTAIN,2
0.14469437591327128,0.3206240777236262,LOSE_WEIGHT,1
1.6960439622033023,-0.8267486422304136,GAIN_MUSCLE,0
1.4633415242597976,1.5241182894145486,LOSE_WEIGHT,1
0.14469437591327128,0.27198545155166143,LOSE_WEIGHT,1
-0.3982779792882396,1.7510985448837175,LOSE_WEIGHT,1
1.3082065656307946,-0.6409241473682921,MAINTAIN,2
-1.173952772433255,0.4765171103260773,LOSE_WEIGHT,1
1.230639086316293,2.192587613213859,LOSE_WEIGHT,1
1.3082065656307946,-1.1547475828259706,GAIN_MUSCLE,0
-0.7085478965462458,0.39295844485116327,LOSE_WEIGHT,1
0.6876667311147822,-0.2019293675597899,MAINTAIN,2
1.1530716070017915,-0.16326789547438175,MAINTAIN,2
0.7652342104292837,-1.1422761402177746,GAIN_MUSCLE,0
-0.010440582715731827,-1.7072324903690572,GAIN_MUSCLE,0
-0.6309804172317443,-1.239553392561704,GAIN_MUSCLE,0
0.7652342104292837,-0.7057756489309116,MAINTAIN,2
0.14469437591327128,2.049166023219604,LOSE_WEIGHT,1
-0.47584545860274113,-0.4264153345073191,MAINTAIN,2
0.7652342104292837,0.6174444117986929,LOSE_WEIGHT,1
-1.6393576483202645,0.5363800348454185,LOSE_WEIGHT,1
-0.7085478965462458,1.9406644725282975,LOSE_WEIGHT,1
1.3082065656307946,0.6523644511016421,LOSE_WEIGHT,1
1.3082065656307946,0.6436344412759047,LOSE_WEIGHT,1
1.230639086316293,0.37923985798214765,LOSE_WEIGHT,1
-1.3290877310622582,-1.3630206743828452,GAIN_MUSCLE,0
-1.3290877310622582,1.74236853505798,LOSE_WEIGHT,1
-1.561790169005763,2.4008607047707335,LOSE_WEIGHT,1
-1.2515202517477566,-1.3530435202962885,GAIN_MUSCLE,0
-1.173952772433255,-0.8928472880538529,GAIN_MUSCLE,0
1.4633415242597976,2.136466121476976,LOSE_WEIGHT,1
-0.6309804172317443,-0.4064610263342058,MAINTAIN,2
0.4549642931712775,-1.4253778874238257,GAIN_MUSCLE,0
0.7652342104292837,-0.5586126261541978,MAINTAIN,2
0.5325317724857791,-1.417895021858908,GAIN_MUSCLE,0
1.230639086316293,-0.3790238525961741,MAINTAIN,2
0.2998293345422744,0.10985669764511222,LOSE_WEIGHT,1
0.9979366483727884,0.37050984815641036,LOSE_WEIGHT,1
0.4549642931712775,-0.09467496112930365,MAINTAIN,2
1.1530716070017915,0.824470359094748,LOSE_WEIGHT,1
0.7652342104292837,1.6326198401058543,LOSE_WEIGHT,1
1.0755041276872899,-1.3118877596892413,GAIN_MUSCLE,0
0.2998293345422744,1.1424921456037482,LOSE_WEIGHT,1
0.7652342104292837,-0.8304900750128725,GAIN_MUSCLE,0
-1.4842226896912614,-0.026082026784225096,MAINTAIN,2
-0.08800806203023338,-0.899083009357951,GAIN_MUSCLE,0
-1.6393576483202645,0.5925015265823008,LOSE_WEIGHT,1
-1.018817813804252,-1.1834319008248217,GAIN_MUSCLE,0
-1.4066552103767598,-0.96518165518139,GAIN_MUSCLE,0
-1.018817813804252,2.056648888784521,LOSE_WEIGHT,1
0.7652342104292837,-1.0512346091779432,GAIN_MUSCLE,0
1.1530716070017915,-0.5673426359799352,MAINTAIN,2
-0.7861153758607473,-1.500206543073002,GAIN_MUSCLE,0
0.6100992518002806,-0.6571370227589468,MAINTAIN,2
0.9979366483727884,-0.04603633495733885,MAINTAIN,2
1.6960439622033023,0.09114953373281827,LOSE_WEIGHT,1
0.06712689659876972,2.1576675739109095,LOSE_WEIGHT,1
-0.6309804172317443,0.22209968111887723,LOSE_WEIGHT,1
0.4549642931712775,-0.2605451478183114,MAINTAIN,2
-1.173952772433255,0.3854755792862458,LOSE_WEIGHT,1
-1.4066552103767598,-0.5773197900664918,MAINTAIN,2
0.4549642931712775,0.21212252703232015,LOSE_WEIGHT,1
-1.4842226896912614,2.2936062983402463,LOSE_WEIGHT,1
-0.8636828551752489,0.17969677625101058,LOSE_WEIGHT,1
1.6960439622033023,1.3308109289875087,LOSE_WEIGHT,1
-1.6393576483202645,0.06745379277724554,LOSE_WEIGHT,1
0.2998293345422744,0.05997092721232805,LOSE_WEIGHT,1
0.6100992518002806,-1.4041764349898924,GAIN_MUSCLE,0
0.9979366483727884,0.11235098616675138,LOSE_WEIGHT,1
0.9979366483727884,0.03876947477839449,LOSE_WEIGHT,1
0.22226185522777284,1.2223093782962031,LOSE_WEIGHT,1
1.5409090035742992,0.008838012518724084,LOSE_WEIGHT,1
0.2998293345422744,-0.3615638329446995,MAINTAIN,2
-1.4066552103767598,0.6087144019729556,LOSE_WEIGHT,1
-0.2431430206592365,0.25203114337854765,LOSE_WEIGHT,1
-0.9412503344897505,-1.038763166569747,GAIN_MUSCLE,0
-1.018817813804252,-1.0998732353499079,GAIN_MUSCLE,0
1.3082065656307946,-0.9963602617018802,GAIN_MUSCLE,0
1.1530716070017915,0.19092107459838703,LOSE_WEIGHT,1
-1.3290877310622582,0.16098961233871617,LOSE_WEIGHT,1
-1.173952772433255,0.027545176431018035,LOSE_WEIGHT,1
-0.010440582715731827,0.2906926154639558,LOSE_WEIGHT,1
0.22226185522777284,-0.41768532468158226,MAINTAIN,2
1.5409090035742992,0.6311629986677085,LOSE_WEIGHT,1
-0.8636828551752489,-0.19694079051651114,MAINTAIN,2
0.22226185522777284,-0.8292429307520527,GAIN_MUSCLE,0
-0.7861153758607473,-0.07721494147782906,MAINTAIN,2
1.3082065656307946,0.34182553015755934,LOSE_WEIGHT,1
-0.3982779792882396,-0.7294713898864844,MAINTAIN,2
0.14469437591327128,-0.3179137838160135,MAINTAIN,2
0.7652342104292837,-0.9315087601392606,GAIN_MUSCLE,0
1.3082065656307946,2.1639032952150075,LOSE_WEIGHT,1
1.5409090035742992,0.4154070415459167,LOSE_WEIGHT,1
-0.8636828551752489,-0.7668857177110723,MAINTAIN,2
1.6184764828888007,2.218777642691071,LOSE_WEIGHT,1
0.9979366483727884,-0.5985212425004254,MAINTAIN,2
-1.4842226896912614,2.5816966225895763,LOSE_WEIGHT,1
-1.4066552103767598,-1.5900009298520141,GAIN_MUSCLE,0
1.0755041276872899,-0.5598597704150172,MAINTAIN,2
-1.173952772433255,0.10486812060183388,LOSE_WEIGHT,1
1.4633415242597976,-0.42142675746404074,MAINTAIN,2
0.3773968138567759,0.547604333192795,LOSE_WEIGHT,1
0.6100992518002806,-0.11837070208487593,MAINTAIN,2
-1.0963852931187537,-0.05102491200061718,MAINTAIN,2
0.4549642931712775,2.045424590437145,LOSE_WEIGHT,1
-0.7085478965462458,-1.1210746877838413,GAIN_MUSCLE,0
1.3082065656307946,2.3883892621625376,LOSE_WEIGHT,1
1.3857740449452962,0.5638172085834497,LOSE_WEIGHT,1
-0.08800806203023338,0.18219106477264974,LOSE_WEIGHT,1
-0.9412503344897505,-1.4839936676823473,GAIN_MUSCLE,0
-0.010440582715731827,-1.3006634613418648,GAIN_MUSCLE,0
-1.716925127634766,-0.17449219382175823,MAINTAIN,2
1.0755041276872899,-0.8529386717076254,GAIN_MUSCLE,0
-0.16557554134473493,-0.04977776773979738,MAINTAIN,2
0.22226185522777284,1.6101712434111013,LOSE_WEIGHT,1
0.9979366483727884,0.4565628021529635,LOSE_WEIGHT,1
-0.010440582715731827,0.06371235999478701,LOSE_WEIGHT,1
-1.716925127634766,0.7795731657052422,LOSE_WEIGHT,1
1.3082065656307946,-0.9053187306620492,GAIN_MUSCLE,0
-0.6309804172317443,1.4617610763735682,LOSE_WEIGHT,1
-0.16557554134473493,0.07244236982052431,LOSE_WEIGHT,1
-1.0963852931187537,-0.1221121348673349,MAINTAIN,2
-1.0963852931187537,0.3767455694605085,LOSE_WEIGHT,1
-1.018817813804252,-0.5187040098079704,MAINTAIN,2
0.22226185522777284,0.7284402510116381,LOSE_WEIGHT,1
1.3857740449452962,-0.2979594756428997,MAINTAIN,2
0.9203691690582868,1.3495180928998027,LOSE_WEIGHT,1
0.14469437591327128,-0.6646198883238643,MAINTAIN,2
0.22226185522777284,-0.6010155310220645,MAINTAIN,2
-0.9412503344897505,-0.8579272487509038,GAIN_MUSCLE,0
1.1530716070017915,2.2362376623425453,LOSE_WEIGHT,1
-1.6393576483202645,0.6822959133613125,LOSE_WEIGHT,1
-1.2515202517477566,0.057476638690688885,LOSE_WEIGHT,1
-0.3982779792882396,-1.249530546648261,GAIN_MUSCLE,0
0.2998293345422744,-0.8255014979695942,GAIN_MUSCLE,0
0.8428016897437852,-0.41269674763830344,MAINTAIN,2
0.2998293345422744,-0.5461411835460016,MAINTAIN,2
-0.47584545860274113,-1.5064422643771003,GAIN_MUSCLE,0
1.5409090035742992,-0.7332128226689429,MAINTAIN,2
1.6184764828888007,-1.0437517436130257,GAIN_MUSCLE,0
0.06712689659876972,-0.6421712916291115,MAINTAIN,2
0.14469437591327128,2.065378898610258,LOSE_WEIGHT,1
-1.2515202517477566,-1.0811660714376135,GAIN_MUSCLE,0
-1.3290877310622582,0.8356946574421243,LOSE_WEIGHT,1
0.06712689659876972,-0.9801473863112254,GAIN_MUSCLE,0
0.7652342104292837,1.5378368762835644,LOSE_WEIGHT,1
0.4549642931712775,-0.2019293675597899,MAINTAIN,2
1.5409090035742992,1.9182158758335446,LOSE_WEIGHT,1
-0.08800806203023338,0.030039464952657198,LOSE_WEIGHT,1
0.22226185522777284,-0.9601930781381117,GAIN_MUSCLE,0
0.3773968138567759,-1.526396572550214,GAIN_MUSCLE,0
-0.16557554134473493,-0.2181422429504447,MAINTAIN,2
-1.2515202517477566,-0.5211982983296095,MAINTAIN,2
-0.47584545860274113,1.2322865323827599,LOSE_WEIGHT,1
-0.2431430206592365,0.4316199169365714,LOSE_WEIGHT,1
1.3857740449452962,0.5463571889319752,LOSE_WEIGHT,1
-0.2431430206592365,0.26824401876920245,LOSE_WEIGHT,1
-0.08800806203023338,2.6128752291100663,LOSE_WEIGHT,1
0.3773968138567759,0.3892170120687048,LOSE_WEIGHT,1
1.3082065656307946,1.3133509093360343,LOSE_WEIGHT,1
-1.2515202517477566,1.0751463555194893,LOSE_WEIGHT,1
-1.716925127634766,-0.02982345956668362,MAINTAIN,2
0.6876667311147822,-1.0799189271767942,GAIN_MUSCLE,0
-0.7861153758607473,-1.1298046976095786,GAIN_MUSCLE,0
0.5325317724857791,-0.8641629700550019,GAIN_MUSCLE,0
-0.010440582715731827,-1.3405720776880923,GAIN_MUSCLE,0
-0.320710499973738,-0.31043091825109553,MAINTAIN,2
0.6876667311147822,-0.05726063330471531,MAINTAIN,2
0.5325317724857791,-0.6247112719776373,MAINTAIN,2
0.4549642931712775,-0.4164381804207624,MAINTAIN,2
1.6960439622033023,0.289445471203136,LOSE_WEIGHT,1
0.4549642931712775,-0.8716458356199194,GAIN_MUSCLE,0
0.5325317724857791,-0.7082699374525508,MAINTAIN,2
-0.5534129379172427,-0.14580787582290716,MAINTAIN,2
1.3082065656307946,-1.3630206743828452,GAIN_MUSCLE,0
-0.320710499973738,-0.8067943340572997,GAIN_MUSCLE,0
-0.3982779792882396,-0.4264153345073191,MAINTAIN,2
-1.716925127634766,-0.6995399276268135,MAINTAIN,2
-0.7085478965462458,-1.0761774943943352,GAIN_MUSCLE,0
-1.6393576483202645,0.5488514774536144,LOSE_WEIGHT,1
0.3773968138567759,0.8095046279649125,LOSE_WEIGHT,1
0.5325317724857791,-0.4937611245915783,MAINTAIN,2
1.1530716070017915,-0.9901245403977825,GAIN_MUSCLE,0
-1.4842226896912614,-0.3428566690324055,MAINTAIN,2
-1.716925127634766,1.2148265127312852,LOSE_WEIGHT,1
-1.173952772433255,-0.6509013014548487,MAINTAIN,2
0.4549642931712775,-0.9389916257041786,GAIN_MUSCLE,0
1.230639086316293,0.5288971692805006,LOSE_WEIGHT,1
-1.561790169005763,-0.06599064313045261,MAINTAIN,2
0.6876667311147822,0.7820674542268813,LOSE_WEIGHT,1
-1.018817813804252,-0.874140124141559,GAIN_MUSCLE,0
-1.018817813804252,-1.2283290942143275,GAIN_MUSCLE,0
-0.320710499973738,-0.1395721545188095,MAINTAIN,2
0.8428016897437852,-0.7020342161484526,MAINTAIN,2
0.7652342104292837,-0.4289096230289587,MAINTAIN,2
-0.010440582715731827,0.2333239794662537,LOSE_WEIGHT,1
0.3773968138567759,0.6685773264922968,LOSE_WEIGHT,1
0.6876667311147822,0.15101245825215953,LOSE_WEIGHT,1
-1.2515202517477566,-1.536373726636771,GAIN_MUSCLE,0
0.4549642931712775,-0.5112211442430529,MAINTAIN,2
-1.173952772433255,-0.21190652164634657,MAINTAIN,2
-1.716925127634766,0.9629033720457248,LOSE_WEIGHT,1
-1.561790169005763,0.15475389103461804,LOSE_WEIGHT,1
0.06712689659876972,-0.6010155310220645,MAINTAIN,2
-0.010440582715731827,-0.23684940686273864,MAINTAIN,2
-1.173952772433255,-0.7207413800607471,MAINTAIN,2
1.0755041276872899,0.2158639598147791,LOSE_WEIGHT,1
-1.561790169005763,-0.6546427342373077,MAINTAIN,2
0.7652342104292837,-0.5773197900664918,MAINTAIN,2
0.3773968138567759,-1.1447704287394138,GAIN_MUSCLE,0
-1.173952772433255,1.74236853505798,LOSE_WEIGHT,1
0.8428016897437852,-0.5423997507635431,MAINTAIN,2
0.9203691690582868,2.1564204296500904,LOSE_WEIGHT,1
0.6876667311147822,0.5426157561495166,LOSE_WEIGHT,1
0.06712689659876972,1.791007161229945,LOSE_WEIGHT,1
-0.7085478965462458,0.2245939696405164,LOSE_WEIGHT,1
0.6876667311147822,-0.14456073156208782,MAINTAIN,2
1.5409090035742992,0.09239667799363763,LOSE_WEIGHT,1
-0.5534129379172427,-0.29047661007798176,MAINTAIN,2
-1.4842226896912614,0.6798016248396733,LOSE_WEIGHT,1
1.0755041276872899,-0.19818793477733096,MAINTAIN,2
-0.16557554134473493,0.12606957303576743,LOSE_WEIGHT,1
-0.7085478965462458,-1.0948846583066296,GAIN_MUSCLE,0
0.6100992518002806,-0.13832501025798968,MAINTAIN,2
-0.3982779792882396,-1.2719791433430139,GAIN_MUSCLE,0
-1.2515202517477566,1.2958908896845596,LOSE_WEIGHT,1
-1.018817813804252,-0.3391152362499466,MAINTAIN,2
-1.2515202517477566,0.4503270808488654,LOSE_WEIGHT,1
0.7652342104292837,0.3156355006803479,LOSE_WEIGHT,1
-0.010440582715731827,-1.0861546484808924,GAIN_MUSCLE,0
-0.16557554134473493,0.07368951408134367,LOSE_WEIGHT,1
-0.320710499973738,-0.008622007132750506,MAINTAIN,2
-0.320710499973738,-0.6895627735402569,MAINTAIN,2
0.9979366483727884,-0.2193893872112645,MAINTAIN,2
0.4549642931712775,0.47901139884771643,LOSE_WEIGHT,1
-0.3982779792882396,0.08366666816790078,LOSE_WEIGHT,1
-1.6393576483202645,-1.399187857946614,GAIN_MUSCLE,0
-1.716925127634766,0.5338857463237794,LOSE_WEIGHT,1
-1.4066552103767598,1.5178825681104502,LOSE_WEIGHT,1
-0.2431430206592365,-1.3106406154284218,GAIN_MUSCLE,0
-0.9412503344897505,-0.8654101143158217,GAIN_MUSCLE,0
1.4633415242597976,0.2408068450311712,LOSE_WEIGHT,1
-1.6393576483202645,2.439522176856141,LOSE_WEIGHT,1
-1.561790169005763,-0.3303852264242093,MAINTAIN,2
-0.010440582715731827,0.30565834659379076,LOSE_WEIGHT,1
-0.8636828551752489,1.3457766601173446,LOSE_WEIGHT,1
-0.2431430206592365,-1.03003315674401,GAIN_MUSCLE,0
-1.4066552103767598,-0.7182470915391079,MAINTAIN,2
1.0755041276872899,-0.9053187306620492,GAIN_MUSCLE,0
1.1530716070017915,-0.5311754524161666,MAINTAIN,2
0.5325317724857791,-1.192161910650559,GAIN_MUSCLE,0
-1.0963852931187537,1.7199199383632273,LOSE_WEIGHT,1
0.8428016897437852,-0.4675710951143664,MAINTAIN,2
1.6184764828888007,0.3954527333728029,LOSE_WEIGHT,1
0.9203691690582868,0.3355898088534616,LOSE_WEIGHT,1
-0.08800806203023338,1.5241182894145486,LOSE_WEIGHT,1
1.6184764828888007,0.13105815007904578,LOSE_WEIGHT,1
0.06712689659876972,0.36177983833067306,LOSE_WEIGHT,1
-0.47584545860274113,0.025050887909378868,LOSE_WEIGHT,1
-1.018817813804252,-0.4638296623319074,MAINTAIN,2
0.5325317724857791,1.2123322242096466,LOSE_WEIGHT,1
-0.010440582715731827,1.984314521656984,LOSE_WEIGHT,1
0.6876667311147822,1.0015648441311322,LOSE_WEIGHT,1
-0.47584545860274113,-0.13583072173635052,MAINTAIN,2
-0.47584545860274113,-0.24308512816683678,MAINTAIN,2
-0.7085478965462458,0.39295844485116327,LOSE_WEIGHT,1
-1.0963852931187537,0.40542988745935954,LOSE_WEIGHT,1
1.3082065656307946,-0.7743685832759902,MAINTAIN,2
-1.6393576483202645,-0.4663239508535466,MAINTAIN,2
1.6960439622033023,0.13854101564396326,LOSE_WEIGHT,1
0.14469437591327128,0.07493665834216348,LOSE_WEIGHT,1
1.230639086316293,0.049993773125770954,LOSE_WEIGHT,1
-1.0963852931187537,0.29942262528969266,LOSE_WEIGHT,1
-0.08800806203023338,0.13479958286150473,LOSE_WEIGHT,1
1.5409090035742992,1.1998607816014504,LOSE_WEIGHT,1
-1.4842226896912614,0.28695118268149683,LOSE_WEIGHT,1
0.22226185522777284,0.10237383208019472,LOSE_WEIGHT,1
0.4549642931712775,-1.3630206743828452,GAIN_MUSCLE,0
1.6960439622033023,-0.7232356685823862,MAINTAIN,2
0.8428016897437852,-0.17573933808257802,MAINTAIN,2
-0.010440582715731827,0.45406851363132433,LOSE_WEIGHT,1
1.0755041276872899,-0.6496541571940293,MAINTAIN,2
-0.9412503344897505,1.9057444332253484,LOSE_WEIGHT,1
-1.3290877310622582,0.3892170120687048,LOSE_WEIGHT,1
-0.3982779792882396,2.233743373820906,LOSE_WEIGHT,1
-0.16557554134473493,-0.21440081016798573,MAINTAIN,2
1.4633415242597976,0.43910278250148893,LOSE_WEIGHT,1
0.9979366483727884,0.4989657070208302,LOSE_WEIGHT,1
1.3857740449452962,-0.23310797408028014,MAINTAIN,2
1.1530716070017915,1.1524692996903048,LOSE_WEIGHT,1
0.8428016897437852,0.19715679590248517,LOSE_WEIGHT,1
-0.47584545860274113,0.39295844485116327,LOSE_WEIGHT,1
1.0755041276872899,0.9067818803088421,LOSE_WEIGHT,1
0.14469437591327128,0.00759086825790428,MAINTAIN,2
1.1530716070017915,2.09156892808747,LOSE_WEIGHT,1
-0.8636828551752489,1.3420352273348857,LOSE_WEIGHT,1
-0.010440582715731827,-0.9714173764854881,GAIN_MUSCLE,0
1.4633415242597976,1.5266125779361874,LOSE_WEIGHT,1
-0.08800806203023338,0.7895503197917992,LOSE_WEIGHT,1
-0.16557554134473493,-1.3305949236015355,GAIN_MUSCLE,0
0.2998293345422744,-0.9252730388351625,GAIN_MUSCLE,0
0.6100992518002806,1.9980331085259995,LOSE_WEIGHT,1
-1.3290877310622582,0.209628238510681,LOSE_WEIGHT,1
0.2998293345422744,2.3409977802513917,LOSE_WEIGHT,1
1.3082065656307946,1.259723706120791,LOSE_WEIGHT,1
0.8428016897437852,-1.3106406154284218,GAIN_MUSCLE,0
-0.8636828551752489,-0.8728929798807392,GAIN_MUSCLE,0
1.6960439622033023,-0.4675710951143664,MAINTAIN,2
-1.2515202517477566,0.16597818938199496,LOSE_WEIGHT,1
-1.018817813804252,0.6448815855367246,LOSE_WEIGHT,1
1.6960439622033023,-0.11462926930241696,MAINTAIN,2
-0.47584545860274113,-1.0599646190036804,GAIN_MUSCLE,0
0.22226185522777284,1.5278597221970076,LOSE_WEIGHT,1
-0.16557554134473493,-0.6957984948443545,MAINTAIN,2
0.3773968138567759,-1.3118877596892413,GAIN_MUSCLE,0
-1.6393576483202645,-1.0549760419604022,GAIN_MUSCLE,0
1.5409090035742992,-0.6384298588466529,MAINTAIN,2
-1.716925127634766,0.8943104377006459,LOSE_WEIGHT,1
0.9979366483727884,1.4181110272448818,LOSE_WEIGHT,1
0.22226185522777284,0.8257175033555677,LOSE_WEIGHT,1
0.4549642931712775,-1.4927236775080848,GAIN_MUSCLE,0
-0.16557554134473493,0.744653126402293,LOSE_WEIGHT,1
-0.9412503344897505,1.3782024108986544,LOSE_WEIGHT,1
1.3082065656307946,-0.25929800355749155,MAINTAIN,2
-0.9412503344897505,0.2956811925072341,LOSE_WEIGHT,1
0.9979366483727884,0.8444246672678617,LOSE_WEIGHT,1
1.230639086316293,-0.18696363642995448,MAINTAIN,2
1.3082065656307946,-0.786840025884186,MAINTAIN,2
0.9203691690582868,1.4779739517642225,LOSE_WEIGHT,1
0.8428016897437852,0.4777642545868971,LOSE_WEIGHT,1
0.06712689659876972,1.8496229414884664,LOSE_WEIGHT,1
-0.08800806203023338,-1.3717506842085825,GAIN_MUSCLE,0
-1.4066552103767598,0.41415989728509683,LOSE_WEIGHT,1
0.7652342104292837,1.4954339714156972,LOSE_WEIGHT,1
0.9979366483727884,0.5326386020629595,LOSE_WEIGHT,1
-0.2431430206592365,-1.048740320656304,GAIN_MUSCLE,0
-0.320710499973738,0.5638172085834497,LOSE_WEIGHT,1
0.9203691690582868,-1.0824132156984334,GAIN_MUSCLE,0
1.5409090035742992,0.22833540242297537,LOSE_WEIGHT,1
-0.47584545860274113,1.10383067351834,LOSE_WEIGHT,1
1.6960439622033023,-0.8454558061427079,GAIN_MUSCLE,0
1.5409090035742992,0.936713342568513,LOSE_WEIGHT,1
0.8428016897437852,-0.4289096230289587,MAINTAIN,2
-1.0963852931187537,-0.05726063330471531,MAINTAIN,2
0.22226185522777284,0.4765171103260773,LOSE_WEIGHT,1
-1.6393576483202645,-1.198397631954657,GAIN_MUSCLE,0
-1.0963852931187537,-1.0923903697849904,GAIN_MUSCLE,0
-1.0963852931187537,-0.20691794460306825,MAINTAIN,2
1.3082065656307946,-1.4129064448156297,GAIN_MUSCLE,0
-0.47584545860274113,1.3382937945524267,LOSE_WEIGHT,1
-1.716925127634766,-0.13832501025798968,MAINTAIN,2
0.14469437591327128,-0.4476167869412526,MAINTAIN,2
1.5409090035742992,-0.4999968458956764,MAINTAIN,2
1.3082065656307946,-0.5947798097179664,MAINTAIN,2
1.4633415242597976,-0.2605451478183114,MAINTAIN,2
0.14469437591327128,0.05872378295150825,LOSE_WEIGHT,1
1.230639086316293,-1.4266250316846454,GAIN_MUSCLE,0
0.9203691690582868,0.6037258249296773,LOSE_WEIGHT,1
-1.561790169005763,0.5625700643226305,LOSE_WEIGHT,1
1.0755041276872899,1.2360279651652188,LOSE_WEIGHT,1
1.6184764828888007,-0.8579272487509038,GAIN_MUSCLE,0
1.6184764828888007,1.228545099600301,LOSE_WEIGHT,1
0.5325317724857791,0.7683488673578657,LOSE_WEIGHT,1
1.1530716070017915,-0.7157528030174682,MAINTAIN,2
0.8428016897437852,-1.3729978284694022,GAIN_MUSCLE,0
-0.8636828551752489,-0.5748255015448527,MAINTAIN,2
-0.320710499973738,2.231249085299266,LOSE_WEIGHT,1
1.0755041276872899,-0.48627825902666033,MAINTAIN,2
1.6184764828888007,0.23831255650953204,LOSE_WEIGHT,1
-0.47584545860274113,-0.2518151379925741,MAINTAIN,2
-1.018817813804252,-0.25430942651421323,MAINTAIN,2
-0.8636828551752489,0.5812772282349243,LOSE_WEIGHT,1
-0.5534129379172427,-0.6770913309320606,MAINTAIN,2
0.06712689659876972,0.3380840973751008,LOSE_WEIGHT,1
-0.320710499973738,0.16098961233871617,LOSE_WEIGHT,1
-1.173952772433255,0.30191691381133223,LOSE_WEIGHT,1
0.6100992518002806,-0.5274340196337076,MAINTAIN,2
-0.16557554134473493,1.29713803394538,LOSE_WEIGHT,1
-0.47584545860274113,-0.8105357668397587,GAIN_MUSCLE,0
-0.010440582715731827,2.117758957564682,LOSE_WEIGHT,1
1.0755041276872899,0.08616095668953994,LOSE_WEIGHT,1
-0.5534129379172427,0.496471418499191,LOSE_WEIGHT,1
-1.3290877310622582,0.6186915560595128,LOSE_WEIGHT,1
-1.173952772433255,0.30939977937624974,LOSE_WEIGHT,1
0.14469437591327128,0.1285638615574066,LOSE_WEIGHT,1
-0.3982779792882396,1.2160736569921056,LOSE_WEIGHT,1
0.14469437591327128,-0.9951131174410609,GAIN_MUSCLE,0
-0.8636828551752489,-0.5860497998922292,MAINTAIN,2
-0.6309804172317443,-0.5798140785881309,MAINTAIN,2
0.22226185522777284,-0.9477216355299158,GAIN_MUSCLE,0
1.3857740449452962,-0.143313587301268,MAINTAIN,2
1.6960439622033023,1.13750356856047,LOSE_WEIGHT,1
0.22226185522777284,0.47901139884771643,LOSE_WEIGHT,1
0.6876667311147822,0.3518026842441164,LOSE_WEIGHT,1
-1.018817813804252,0.3293540875493635,LOSE_WEIGHT,1
-0.5534129379172427,0.26076115320428495,LOSE_WEIGHT,1
-1.2515202517477566,1.8496229414884664,LOSE_WEIGHT,1
-0.47584545860274113,-0.71076422597419,MAINTAIN,2
-0.010440582715731827,-0.7456842652771392,MAINTAIN,2
0.22226185522777284,0.25826686468264576,LOSE_WEIGHT,1
-0.16557554134473493,2.3796592523368,LOSE_WEIGHT,1
-0.08800806203023338,-0.9676759437030296,GAIN_MUSCLE,0
-1.2515202517477566,1.4630082206343875,LOSE_WEIGHT,1
-0.7085478965462458,-0.9751588092679471,GAIN_MUSCLE,0
-0.6309804172317443,-0.1121349807807778,MAINTAIN,2
-1.2515202517477566,-0.4513582197237116,MAINTAIN,2
-1.0963852931187537,1.1587050209944034,LOSE_WEIGHT,1
-1.173952772433255,1.988055954439443,LOSE_WEIGHT,1
-0.010440582715731827,-0.8080414783181196,GAIN_MUSCLE,0
0.4549642931712775,1.4143695944624228,LOSE_WEIGHT,1
-0.3982779792882396,0.8356946574421243,LOSE_WEIGHT,1
0.6100992518002806,1.6563155810614265,LOSE_WEIGHT,1
0.5325317724857791,-1.0001016944843393,GAIN_MUSCLE,0
1.230639086316293,0.01881516660528074,LOSE_WEIGHT,1
0.9203691690582868,1.3744609781161954,LOSE_WEIGHT,1
-0.3982779792882396,-1.3256063465582568,GAIN_MUSCLE,0
1.4633415242597976,0.4565628021529635,LOSE_WEIGHT,1
1.230639086316293,-0.7544142751028764,MAINTAIN,2
-0.47584545860274113,1.226050811078662,LOSE_WEIGHT,1
-0.7085478965462458,0.878097562309991,LOSE_WEIGHT,1
0.6100992518002806,-0.19195221347323282,MAINTAIN,2
0.06712689659876972,0.20838109424986162,LOSE_WEIGHT,1
0.9203691690582868,0.6386458642326265,LOSE_WEIGHT,1
1.6184764828888007,0.6660830379706577,LOSE_WEIGHT,1
1.6960439622033023,-0.7519199865812373,MAINTAIN,2
0.8428016897437852,0.12108099599248867,LOSE_WEIGHT,1
-1.561790169005763,1.027754873608344,LOSE_WEIGHT,1
1.0755041276872899,-1.53886801515841,GAIN_MUSCLE,0
1.5409090035742992,0.9205004671778577,LOSE_WEIGHT,1
1.3082065656307946,-0.7382013997122212,MAINTAIN,2
0.22226185522777284,1.2796780142939053,LOSE_WEIGHT,1
-0.010440582715731827,-0.7032813604092725,MAINTAIN,2
1.6184764828888007,1.241016542208497,LOSE_WEIGHT,1
1.230639086316293,0.885580427874909,LOSE_WEIGHT,1
-0.6309804172317443,-0.7057756489309116,MAINTAIN,2
-1.4842226896912614,-0.4102024591166643,MAINTAIN,2
0.4549642931712775,-1.5251494282893945,GAIN_MUSCLE,0
-0.08800806203023338,-0.528681163894527,MAINTAIN,2
0.14469437591327128,-1.5787766315046377,GAIN_MUSCLE,0
-0.7861153758607473,0.4079241759809987,LOSE_WEIGHT,1
-0.3982779792882396,0.6436344412759047,LOSE_WEIGHT,1
0.7652342104292837,2.3335149146864738,LOSE_WEIGHT,1
-0.5534129379172427,-0.513715432764692,MAINTAIN,2
1.6960439622033023,2.222519075473529,LOSE_WEIGHT,1
1.4633415242597976,-0.2929708985996214,MAINTAIN,2
1.6184764828888007,-0.1295950004322524,MAINTAIN,2
-1.6393576483202645,-0.5448940392851822,MAINTAIN,2
0.9203691690582868,0.4877414086734537,LOSE_WEIGHT,1
1.4633415242597976,-0.5349168851986251,MAINTAIN,2
0.8428016897437852,-0.6334412818033741,MAINTAIN,2
0.5325317724857791,-0.13583072173635052,MAINTAIN,2
-0.7861153758607473,0.31688264494116725,LOSE_WEIGHT,1
-0.7861153758607473,1.3757081223770147,LOSE_WEIGHT,1
-0.3982779792882396,-0.179480770865037,MAINTAIN,2
0.6876667311147822,0.3917113005903439,LOSE_WEIGHT,1
0.6876667311147822,1.5128939910671717,LOSE_WEIGHT,1
0.9203691690582868,0.5974901036255792,LOSE_WEIGHT,1
1.230639086316293,-1.69850248054332,GAIN_MUSCLE,0
0.4549642931712775,0.3193769334628064,LOSE_WEIGHT,1
0.4549642931712775,1.3071151880319365,LOSE_WEIGHT,1
1.6184764828888007,-0.9626873666597509,GAIN_MUSCLE,0
-0.5534129379172427,0.0874081009503593,LOSE_WEIGHT,1
1.6184764828888007,-0.6858213407577979,MAINTAIN,2
-1.018817813804252,-0.786840025884186,MAINTAIN,2
0.5325317724857791,-1.1397818516961356,GAIN_MUSCLE,0
0.14469437591327128,-1.0375160223089275,GAIN_MUSCLE,0
1.230639086316293,-0.536164029459445,MAINTAIN,2
-0.2431430206592365,0.028792320691837837,LOSE_WEIGHT,1
-1.4066552103767598,-0.3241495051201116,MAINTAIN,2
-1.716925127634766,-1.210869074562853,GAIN_MUSCLE,0
0.5325317724857791,-1.3517963760354688,GAIN_MUSCLE,0
-1.561790169005763,-1.3754921169910412,GAIN_MUSCLE,0
1.6960439622033023,0.7808203099660619,LOSE_WEIGHT,1
-0.7085478965462458,-0.22437796425454284,MAINTAIN,2
0.5325317724857791,-1.6136966708075866,GAIN_MUSCLE,0
-1.4842226896912614,0.27198545155166143,LOSE_WEIGHT,1
-0.3982779792882396,0.6573530281449205,LOSE_WEIGHT,1
1.0755041276872899,1.3183394863793125,LOSE_WEIGHT,1
0.14469437591327128,2.052907456002062,LOSE_WEIGHT,1
-1.716925127634766,1.3931681420284892,LOSE_WEIGHT,1
-0.6309804172317443,1.449289633765372,LOSE_WEIGHT,1
-1.0963852931187537,0.20339251720658286,LOSE_WEIGHT,1
-0.6309804172317443,0.30565834659379076,LOSE_WEIGHT,1
0.06712689659876972,0.9317247655252346,LOSE_WEIGHT,1
-1.4842226896912614,-0.3939895837260095,MAINTAIN,2
-0.8636828551752489,-1.1971504876938373,GAIN_MUSCLE,0
1.0755041276872899,-0.9327559044000804,GAIN_MUSCLE,0
1.0755041276872899,-0.3179137838160135,MAINTAIN,2
1.5409090035742992,-1.0736832058726962,GAIN_MUSCLE,0
-1.3290877310622582,-0.9290144716176214,GAIN_MUSCLE,0
1.230639086316293,0.4715285332827989,LOSE_WEIGHT,1
0.06712689659876972,-0.6022626752828839,MAINTAIN,2
-0.9412503344897505,2.079097485479274,LOSE_WEIGHT,1
-0.7861153758607473,-0.8392200848386098,GAIN_MUSCLE,0
0.8428016897437852,0.6723187592747558,LOSE_WEIGHT,1
0.14469437591327128,0.34182553015755934,LOSE_WEIGHT,1
-1.2515202517477566,0.8294589361380262,LOSE_WEIGHT,1
-1.4842226896912614,-0.6409241473682921,MAINTAIN,2
-1.173952772433255,-0.9152958847486058,GAIN_MUSCLE,0
-0.2431430206592365,-1.048740320656304,GAIN_MUSCLE,0
0.4549642931712775,-0.9514630683123744,GAIN_MUSCLE,0
1.6960439622033023,0.5725472184091871,LOSE_WEIGHT,1
-1.018817813804252,-0.630946993281735,MAINTAIN,2
1.5409090035742992,1.0377320276949007,LOSE_WEIGHT,1
0.8428016897437852,-0.7456842652771392,MAINTAIN,2
0.22226185522777284,1.8695772496615797,LOSE_WEIGHT,1
1.3857740449452962,0.11235098616675138,LOSE_WEIGHT,1
-1.561790169005763,0.4415970710231281,LOSE_WEIGHT,1
-1.3290877310622582,-1.227081949953508,GAIN_MUSCLE,0
-1.4066552103767598,0.008838012518724084,LOSE_WEIGHT,1
-1.4066552103767598,-1.0948846583066296,GAIN_MUSCLE,0
-0.010440582715731827,-0.21564795442880555,MAINTAIN,2
-1.0963852931187537,0.31688264494116725,LOSE_WEIGHT,1
0.9203691690582868,-1.2944277400377666,GAIN_MUSCLE,0
-0.2431430206592365,-1.3281006350798963,GAIN_MUSCLE,0
1.4633415242597976,0.7733374444011439,LOSE_WEIGHT,1
0.9203691690582868,-0.5985212425004254,MAINTAIN,2
-0.3982779792882396,0.28570403842067704,LOSE_WEIGHT,1
-0.47584545860274113,0.162236756599536,LOSE_WEIGHT,1
0.06712689659876972,-1.3904578481208767,GAIN_MUSCLE,0
-1.561790169005763,-1.6299095461982416,GAIN_MUSCLE,0
0.6876667311147822,0.6411401527542656,LOSE_WEIGHT,1
0.9203691690582868,-1.5126779856811983,GAIN_MUSCLE,0
1.1530716070017915,-0.9639345109205706,GAIN_MUSCLE,0
-0.7861153758607473,0.25826686468264576,LOSE_WEIGHT,1
0.14469437591327128,-1.510183697159559,GAIN_MUSCLE,0
-1.0963852931187537,2.087827495305011,LOSE_WEIGHT,1
-1.4842226896912614,-1.5924952183736532,GAIN_MUSCLE,0
-0.7085478965462458,0.7758317329227832,LOSE_WEIGHT,1
1.0755041276872899,0.028792320691837837,LOSE_WEIGHT,1
0.8428016897437852,-0.6035098195437038,MAINTAIN,2
-0.9412503344897505,0.16098961233871617,LOSE_WEIGHT,1
1.3857740449452962,-0.7194942357999272,MAINTAIN,2
-1.561790169005763,2.084086062522552,LOSE_WEIGHT,1
0.3773968138567759,1.7099427842766697,LOSE_WEIGHT,1
0.4549642931712775,-0.5436468950243625,MAINTAIN,2
-1.0963852931187537,-0.6296998490209156,MAINTAIN,2
-1.561790169005763,0.18717964181592806,LOSE_WEIGHT,1
0.14469437591327128,0.5451100446711559,LOSE_WEIGHT,1
0.8428016897437852,-0.9040715864012294,GAIN_MUSCLE,0
-0.8636828551752489,1.2198150897745637,LOSE_WEIGHT,1
1.4633415242597976,-0.2829937445130643,MAINTAIN,2
-1.0963852931187537,0.7733374444011439,LOSE_WEIGHT,1
-0.6309804172317443,-0.6533955899764878,MAINTAIN,2
1.3082065656307946,-0.8479500946643471,GAIN_MUSCLE,0
0.14469437591327128,-0.026082026784225096,MAINTAIN,2
-1.4066552103767598,0.34556696294001826,LOSE_WEIGHT,1
-0.9412503344897505,0.9828576802188381,LOSE_WEIGHT,1
0.8428016897437852,-0.24183798390601743,MAINTAIN,2
0.06712689659876972,-0.6583841670197667,MAINTAIN,2
-0.6309804172317443,0.078678091124622,LOSE_WEIGHT,1
1.1530716070017915,-0.5823083671097702,MAINTAIN,2
-1.173952772433255,-1.2532719794307199,GAIN_MUSCLE,0
-1.4066552103767598,-0.011116295654389671,MAINTAIN,2
0.22226185522777284,0.5301443135413204,LOSE_WEIGHT,1
-0.3982779792882396,0.7596188575321283,LOSE_WEIGHT,1
-1.3290877310622582,-1.022550291179092,GAIN_MUSCLE,0
1.0755041276872899,0.7421588378806537,LOSE_WEIGHT,1
-0.7861153758607473,0.2233468253796966,LOSE_WEIGHT,1
0.3773968138567759,0.005096579736265116,MAINTAIN,2
-1.4066552103767598,-0.8878587110105746,GAIN_MUSCLE,0
-0.7861153758607473,2.4756893604199095,LOSE_WEIGHT,1
-0.47584545860274113,1.2921494569021015,LOSE_WEIGHT,1
1.3082065656307946,-0.536164029459445,MAINTAIN,2
1.6960439622033023,-0.04728347921815821,MAINTAIN,2
0.6876667311147822,2.4719479276374505,LOSE_WEIGHT,1
0.4549642931712775,-0.13208928895389155,MAINTAIN,2
-1.561790169005763,-1.1497590057826923,GAIN_MUSCLE,0
1.3082065656307946,0.5987372478863989,LOSE_WEIGHT,1
0.8428016897437852,1.5677683385432342,LOSE_WEIGHT,1
1.3082065656307946,1.1050778177791603,LOSE_WEIGHT,1
0.2998293345422744,0.43660849397984974,LOSE_WEIGHT,1
-0.7861153758607473,1.6326198401058543,LOSE_WEIGHT,1
1.6960439622033023,0.14352959268724158,LOSE_WEIGHT,1
0.7652342104292837,-0.9065658749228686,GAIN_MUSCLE,0
-1.3290877310622582,-0.8354786520561508,GAIN_MUSCLE,0
0.06712689659876972,-0.6072512523261627,MAINTAIN,2
-0.320710499973738,-0.05975492182635447,MAINTAIN,2
-0.5534129379172427,0.8070103394432734,LOSE_WEIGHT,1
1.3082065656307946,0.23831255650953204,LOSE_WEIGHT,1
0.3773968138567759,-0.08968638408602488,MAINTAIN,2
0.7652342104292837,0.14228244842642224,LOSE_WEIGHT,1
1.3857740449452962,-0.6721027538887823,MAINTAIN,2
-0.7861153758607473,0.12357528451412783,LOSE_WEIGHT,1
1.5409090035742992,-0.02234059400176613,MAINTAIN,2
1.6960439622033023,-0.4887725475482995,MAINTAIN,2
0.14469437591327128,0.17346105494691244,LOSE_WEIGHT,1
1.4633415242597976,-1.5014536873338218,GAIN_MUSCLE,0
0.9979366483727884,0.8643789754409754,LOSE_WEIGHT,1
0.2998293345422744,0.14103530416560242,LOSE_WEIGHT,1
1.1530716070017915,0.36676841537395183,LOSE_WEIGHT,1
-1.2515202517477566,1.5877226467163486,LOSE_WEIGHT,1
-1.4066552103767598,-1.0761774943943352,GAIN_MUSCLE,0
1.5409090035742992,-0.22063653147208387,MAINTAIN,2
1.6960439622033023,0.3867227235470656,LOSE_WEIGHT,1
0.6100992518002806,0.17221391068609262,LOSE_WEIGHT,1
-0.010440582715731827,-1.5288908610718532,GAIN_MUSCLE,0
1.4633415242597976,-0.3939895837260095,MAINTAIN,2
-1.018817813804252,0.5588286315401715,LOSE_WEIGHT,1
0.6876667311147822,-0.255556570775033,MAINTAIN,2
1.5409090035742992,0.3330955203318225,LOSE_WEIGHT,1
0.5325317724857791,0.13230529433986513,LOSE_WEIGHT,1
1.230639086316293,1.4480424895045527,LOSE_WEIGHT,1
0.6100992518002806,1.1774121849066974,LOSE_WEIGHT,1
-0.3982779792882396,-0.8317372192736918,GAIN_MUSCLE,0
0.9979366483727884,-0.07970922999946822,MAINTAIN,2
-1.6393576483202645,-0.2168950986896249,MAINTAIN,2
-0.7085478965462458,-0.7643914291894331,MAINTAIN,2
-0.7861153758607473,1.035237739173262,LOSE_WEIGHT,1
0.4549642931712775,-0.7843457373625469,MAINTAIN,2
-0.8636828551752489,-1.4079178677723512,GAIN_MUSCLE,0
1.230639086316293,-0.32539664938093094,MAINTAIN,2
-1.6393576483202645,-0.27925231173060533,MAINTAIN,2
0.6876667311147822,1.1387507128212893,LOSE_WEIGHT,1
-0.7861153758607473,1.928193029920101,LOSE_WEIGHT,1
0.2998293345422744,-0.3391152362499466,MAINTAIN,2
1.3857740449452962,1.9294401741809215,LOSE_WEIGHT,1
-0.47584545860274113,2.042930301915505,LOSE_WEIGHT,1
1.3082065656307946,-0.3802709968569939,MAINTAIN,2
0.6100992518002806,0.646128729797544,LOSE_WEIGHT,1
0.8428016897437852,-0.004880574350291539,MAINTAIN,2
0.06712689659876972,-0.321655216598472,MAINTAIN,2
1.6960439622033023,0.566311497105089,LOSE_WEIGHT,1
0.9203691690582868,0.26200829746510473,LOSE_WEIGHT,1
-1.3290877310622582,0.7945388968350775,LOSE_WEIGHT,1
-0.320710499973738,-0.8130300553613979,GAIN_MUSCLE,0
0.5325317724857791,0.9890934015229368,LOSE_WEIGHT,1
-1.2515202517477566,1.388179564985211,LOSE_WEIGHT,1
-1.018817813804252,0.45282136937050455,LOSE_WEIGHT,1
1.3857740449452962,1.7486042563620778,LOSE_WEIGHT,1
0.6876667311147822,-1.2807091531687511,GAIN_MUSCLE,0
0.8428016897437852,-0.018599161219307162,MAINTAIN,2
0.3773968138567759,-0.7494256980595981,MAINTAIN,2
-0.6309804172317443,-0.6696084653671431,MAINTAIN,2
0.5325317724857791,-0.9527102125731942,GAIN_MUSCLE,0
1.0755041276872899,0.14851816973052037,LOSE_WEIGHT,1
0.4549642931712775,-0.9003301536187704,GAIN_MUSCLE,0
-0.08800806203023338,0.744653126402293,LOSE_WEIGHT,1
-1.4842226896912614,0.054982350169049725,LOSE_WEIGHT,1
-0.2431430206592365,0.6062201134513164,LOSE_WEIGHT,1
0.6876667311147822,0.46279852345706163,LOSE_WEIGHT,1
0.9979366483727884,-1.0973789468282689,GAIN_MUSCLE,0
-1.4842226896912614,1.6189012532368388,LOSE_WEIGHT,1
0.2998293345422744,-0.5448940392851822,MAINTAIN,2
-0.47584545860274113,0.5575814872793516,LOSE_WEIGHT,1
-0.8636828551752489,0.24704256633526933,LOSE_WEIGHT,1
-0.08800806203023338,1.2135793684704659,LOSE_WEIGHT,1
-0.47584545860274113,2.0092574068733766,LOSE_WEIGHT,1
-1.018817813804252,-0.4451224984196135,MAINTAIN,2
-1.716925127634766,2.4345335998128625,LOSE_WEIGHT,1
-0.08800806203023338,-0.11961784634569574,MAINTAIN,2
0.22226185522777284,0.9703862376106419,LOSE_WEIGHT,1
-0.3982779792882396,2.2324962295600863,LOSE_WEIGHT,1
-0.7085478965462458,2.162656150954188,LOSE_WEIGHT,1
0.4549642931712775,-1.0050902715276175,GAIN_MUSCLE,0
-0.8636828551752489,0.5463571889319752,LOSE_WEIGHT,1
0.9979366483727884,0.7546302804888501,LOSE_WEIGHT,1
0.9203691690582868,0.8257175033555677,LOSE_WEIGHT,1
-0.8636828551752489,-0.03980061365324072,MAINTAIN,2
-1.2515202517477566,-1.513925129942018,GAIN_MUSCLE,0
0.4549642931712775,0.28695118268149683,LOSE_WEIGHT,1
-0.9412503344897505,0.2881983269423162,LOSE_WEIGHT,1
0.7652342104292837,-0.707022793191731,MAINTAIN,2
-1.3290877310622582,-0.024834882523405294,MAINTAIN,2
-0.6309804172317443,-1.4665336480308728,GAIN_MUSCLE,0
0.6876667311147822,2.357210655642047,LOSE_WEIGHT,1
-0.9412503344897505,0.42787848415411245,LOSE_WEIGHT,1
-0.010440582715731827,-0.6384298588466529,MAINTAIN,2
0.22226185522777284,1.051450614563917,LOSE_WEIGHT,1
0.8428016897437852,1.6450912827140505,LOSE_WEIGHT,1
0.8428016897437852,2.4532407637251565,LOSE_WEIGHT,1
0.4549642931712775,-1.4415907628144806,GAIN_MUSCLE,0
-1.4842226896912614,0.9641505163065442,LOSE_WEIGHT,1
-0.47584545860274113,0.21711110407559847,LOSE_WEIGHT,1
0.9203691690582868,-1.2071276417803942,GAIN_MUSCLE,0
-0.7861153758607473,-0.7756157275368095,MAINTAIN,2
1.3857740449452962,0.4939771299775519,LOSE_WEIGHT,1
1.230639086316293,-0.16326789547438175,MAINTAIN,2
-0.6309804172317443,0.11484527468839098,LOSE_WEIGHT,1
0.4549642931712775,-0.7431899767555,MAINTAIN,2
0.4549642931712775,0.0711952255597045,LOSE_WEIGHT,1
-0.9412503344897505,-1.0001016944843393,GAIN_MUSCLE,0
0.6876667311147822,-1.3530435202962885,GAIN_MUSCLE,0
-1.6393576483202645,-1.2794620089079316,GAIN_MUSCLE,0
-0.7085478965462458,0.449079936588046,LOSE_WEIGHT,1
-0.2431430206592365,-0.08968638408602488,MAINTAIN,2
-0.08800806203023338,-0.6683613211063233,MAINTAIN,2
-0.9412503344897505,-0.7456842652771392,MAINTAIN,2
0.2998293345422744,0.8494132443111401,LOSE_WEIGHT,1
-1.561790169005763,0.7695960116186854,LOSE_WEIGHT,1
-0.47584545860274113,-0.33287951494584844,MAINTAIN,2
1.6184764828888007,-0.4875254032874802,MAINTAIN,2
0.3773968138567759,-1.341819221948912,GAIN_MUSCLE,0
0.4549642931712775,0.5451100446711559,LOSE_WEIGHT,1
-0.16557554134473493,-0.2256251085153622,MAINTAIN,2
-0.5534129379172427,2.2412262393858238,LOSE_WEIGHT,1
1.0755041276872899,0.6922730674478696,LOSE_WEIGHT,1
-0.2431430206592365,1.460513932112748,LOSE_WEIGHT,1
-1.3290877310622582,0.9529262179591673,LOSE_WEIGHT,1
-0.320710499973738,0.3443198186791989,LOSE_WEIGHT,1
-1.4066552103767598,2.560495170155643,LOSE_WEIGHT,1
-1.561790169005763,-0.8392200848386098,GAIN_MUSCLE,0
-1.716925127634766,0.18593249755510827,LOSE_WEIGHT,1
1.1530716070017915,0.1273167172965868,LOSE_WEIGHT,1
-0.6309804172317443,0.18842678607674787,LOSE_WEIGHT,1
0.8428016897437852,-0.3179137838160135,MAINTAIN,2
0.9203691690582868,-1.5451037364625082,GAIN_MUSCLE,0
0.14469437591327128,-1.3405720776880923,GAIN_MUSCLE,0
0.06712689659876972,-0.274263734687327,MAINTAIN,2
-0.8636828551752489,-1.4765108021174296,GAIN_MUSCLE,0
-0.3982779792882396,-0.630946993281735,MAINTAIN,2
-0.6309804172317443,-1.2532719794307199,GAIN_MUSCLE,0
1.6184764828888007,0.6149501232770538,LOSE_WEIGHT,1
-0.5534129379172427,1.9793259446137057,LOSE_WEIGHT,1
0.2998293345422744,-0.21315366590716636,MAINTAIN,2
-1.173952772433255,-0.5760726458056724,MAINTAIN,2
0.14469437591327128,-0.9951131174410609,GAIN_MUSCLE,0
-0.47584545860274113,-0.20317651182060928,MAINTAIN,2
0.4549642931712775,0.6149501232770538,LOSE_WEIGHT,1
-1.173952772433255,-0.6334412818033741,MAINTAIN,2
-0.6309804172317443,0.20339251720658286,LOSE_WEIGHT,1
0.2998293345422744,1.5715097713256931,LOSE_WEIGHT,1
-1.2515202517477566,-0.6745970424104214,MAINTAIN,2
-1.561790169005763,-0.179480770865037,MAINTAIN,2
0.4549642931712775,-0.3827652853786331,MAINTAIN,2
1.6184764828888007,-0.5049854229389548,MAINTAIN,2
0.06712689659876972,-0.6484070129332096,MAINTAIN,2
-1.561790169005763,1.1399978570821085,LOSE_WEIGHT,1
-0.2431430206592365,-0.6933042063227154,MAINTAIN,2
-0.6309804172317443,-0.437639632854696,MAINTAIN,2
0.14469437591327128,-0.5349168851986251,MAINTAIN,2
0.5325317724857791,-0.5498826163284606,MAINTAIN,2
-0.7085478965462458,2.09156892808747,LOSE_WEIGHT,1
-1.2515202517477566,0.9629033720457248,LOSE_WEIGHT,1
-0.47584545860274113,-0.8304900750128725,GAIN_MUSCLE,0
1.6184764828888007,-1.4166478775980884,GAIN_MUSCLE,0
-0.2431430206592365,0.4939771299775519,LOSE_WEIGHT,1
0.9979366483727884,1.0651692014329328,LOSE_WEIGHT,1
-1.0963852931187537,0.40418274319853975,LOSE_WEIGHT,1
1.1530716070017915,2.2911120098186077,LOSE_WEIGHT,1
-0.08800806203023338,1.980573088874525,LOSE_WEIGHT,1
-1.6393576483202645,0.1747081992077318,LOSE_WEIGHT,1
0.06712689659876972,1.1125606833440773,LOSE_WEIGHT,1
-1.173952772433255,-1.2358119597792452,GAIN_MUSCLE,0
-0.9412503344897505,-0.9826416748328646,GAIN_MUSCLE,0
-0.7861153758607473,-0.5411526065027232,MAINTAIN,2
-0.47584545860274113,-0.31916092807683283,MAINTAIN,2
-1.173952772433255,-1.382974982555959,GAIN_MUSCLE,0
-0.16557554134473493,0.25452543190018684,LOSE_WEIGHT,1
-0.3982779792882396,-0.6858213407577979,MAINTAIN,2
0.5325317724857791,-0.4987497016348566,MAINTAIN,2
-0.3982779792882396,-1.0337745895264685,GAIN_MUSCLE,0
0.6100992518002806,-0.5673426359799352,MAINTAIN,2
1.1530716070017915,1.718672794102407,LOSE_WEIGHT,1
0.6876667311147822,-0.8105357668397587,GAIN_MUSCLE,0
-0.9412503344897505,-0.4675710951143664,MAINTAIN,2
1.6960439622033023,-0.987630251876143,GAIN_MUSCLE,0
0.14469437591327128,-0.3603166886838801,MAINTAIN,2
0.7652342104292837,-0.20317651182060928,MAINTAIN,2
1.1530716070017915,0.8581432541368773,LOSE_WEIGHT,1
1.3857740449452962,-0.9776530977895863,GAIN_MUSCLE,0
-1.173952772433255,-0.4738068164184645,MAINTAIN,2
-0.9412503344897505,0.16847247790363412,LOSE_WEIGHT,1
-0.08800806203023338,-0.608498396586982,MAINTAIN,2
0.06712689659876972,0.3468141072008381,LOSE_WEIGHT,1
1.3857740449452962,-0.8878587110105746,GAIN_MUSCLE,0
-0.47584545860274113,0.04625234034331243,LOSE_WEIGHT,1
-0.8636828551752489,-0.24682656094929575,MAINTAIN,2
0.6876667311147822,1.605182666367823,LOSE_WEIGHT,1
-0.6309804172317443,-0.7731214390151704,MAINTAIN,2
-0.5534129379172427,-0.4102024591166643,MAINTAIN,2
-0.08800806203023338,-0.18696363642995448,MAINTAIN,2
0.3773968138567759,-1.022550291179092,GAIN_MUSCLE,0
-0.2431430206592365,0.8182346377906498,LOSE_WEIGHT,1
0.7652342104292837,0.16971962216445347,LOSE_WEIGHT,1
-1.018817813804252,-1.8768441098405242,GAIN_MUSCLE,0
1.3082065656307946,-0.5723312130232135,MAINTAIN,2
0.6876667311147822,-0.2181422429504447,MAINTAIN,2
0.7652342104292837,-0.6484070129332096,MAINTAIN,2
-1.6393576483202645,-0.9813945305720452,GAIN_MUSCLE,0
0.7652342104292837,0.1834382090334691,LOSE_WEIGHT,1
0.7652342104292837,-1.2208462286494097,GAIN_MUSCLE,0
1.3857740449452962,-0.6533955899764878,MAINTAIN,2
-0.7861153758607473,-0.5224454425904294,MAINTAIN,2
0.5325317724857791,0.8219760705731087,LOSE_WEIGHT,1
0.7652342104292837,0.1834382090334691,LOSE_WEIGHT,1
-0.7861153758607473,-0.9901245403977825,GAIN_MUSCLE,0
0.22226185522777284,-0.5748255015448527,MAINTAIN,2
-0.08800806203023338,-0.9801473863112254,GAIN_MUSCLE,0
1.230639086316293,-0.5236925868512486,MAINTAIN,2
-1.6393576483202645,1.2322865323827599,LOSE_WEIGHT,1
1.1530716070017915,0.25826686468264576,LOSE_WEIGHT,1
1.230639086316293,-0.7494256980595981,MAINTAIN,2
0.22226185522777284,-1.044998887873845,GAIN_MUSCLE,0
-0.6309804172317443,2.372176386771882,LOSE_WEIGHT,1
0.8428016897437852,-0.8953415765754921,GAIN_MUSCLE,0
1.4633415242597976,-0.9614402223989315,GAIN_MUSCLE,0
1.6184764828888007,2.054154600262882,LOSE_WEIGHT,1
1.3082065656307946,-0.19444650199487198,MAINTAIN,2
-0.9412503344897505,-1.1859261893464608,GAIN_MUSCLE,0
-1.561790169005763,1.8346572103586305,LOSE_WEIGHT,1
-1.3290877310622582,-1.5638109003748022,GAIN_MUSCLE,0
-1.0963852931187537,-1.1971504876938373,GAIN_MUSCLE,0
-1.3290877310622582,1.9568773479189527,LOSE_WEIGHT,1
-1.0963852931187537,-0.5498826163284606,MAINTAIN,2
1.230639086316293,-0.14456073156208782,MAINTAIN,2
0.6100992518002806,0.33060123181018286,LOSE_WEIGHT,1
0.6876667311147822,0.9254890442211361,LOSE_WEIGHT,1
1.3857740449452962,-0.8217600651871352,GAIN_MUSCLE,0
-0.8636828551752489,-0.4575939410278093,MAINTAIN,2
-1.173952772433255,0.23457112372707306,LOSE_WEIGHT,1
-1.173952772433255,-0.7968171799707431,GAIN_MUSCLE,0
0.3773968138567759,-0.7194942357999272,MAINTAIN,2
-0.2431430206592365,1.8383986431410895,LOSE_WEIGHT,1
-1.2515202517477566,-0.3116780625119153,MAINTAIN,2
-0.9412503344897505,0.10486812060183388,LOSE_WEIGHT,1
-0.2431430206592365,-1.6012252281993906,GAIN_MUSCLE,0
-0.5534129379172427,-1.3555378088179275,GAIN_MUSCLE,0
-1.4842226896912614,0.6860373461437714,LOSE_WEIGHT,1
-1.3290877310622582,1.0913592309101448,LOSE_WEIGHT,1
-0.08800806203023338,0.23831255650953204,LOSE_WEIGHT,1
0.22226185522777284,0.025050887909378868,LOSE_WEIGHT,1
-1.561790169005763,-1.4914765332472648,GAIN_MUSCLE,0
1.3857740449452962,-0.3939895837260095,MAINTAIN,2
1.4633415242597976,-1.5313851495934925,GAIN_MUSCLE,0
-0.7085478965462458,-0.7993114684923823,GAIN_MUSCLE,0
-0.9412503344897505,-0.15827931843110343,MAINTAIN,2
-0.3982779792882396,1.1848950504716154,LOSE_WEIGHT,1
-0.8636828551752489,-0.33287951494584844,MAINTAIN,2
-0.010440582715731827,-0.6908099178010763,MAINTAIN,2
-0.8636828551752489,-1.2682377105605551,GAIN_MUSCLE,0
-0.7861153758607473,-0.6159812621519,MAINTAIN,2
0.14469437591327128,-1.243294825344163,GAIN_MUSCLE,0
1.6960439622033023,-0.9103073077053275,GAIN_MUSCLE,0
-0.320710499973738,-0.1520435971270053,MAINTAIN,2
0.9979366483727884,-0.2667808691224095,MAINTAIN,2
1.6960439622033023,0.04251090756085346,LOSE_WEIGHT,1
-1.173952772433255,0.10985669764511222,LOSE_WEIGHT,1
0.4549642931712775,0.8668732639626147,LOSE_WEIGHT,1
0.6876667311147822,-0.1221121348673349,MAINTAIN,2
1.6184764828888007,-1.3081463269067826,GAIN_MUSCLE,0
-0.3982779792882396,-0.8255014979695942,GAIN_MUSCLE,0
-1.3290877310622582,-0.55112976058928,MAINTAIN,2
-0.3982779792882396,-1.8593840901890495,GAIN_MUSCLE,0
-0.320710499973738,-0.3316323706850291,MAINTAIN,2
-0.08800806203023338,0.4091713202418185,LOSE_WEIGHT,1
1.0755041276872899,-1.3680092514261237,GAIN_MUSCLE,0
0.6876667311147822,2.2287547967776273,LOSE_WEIGHT,1
1.3857740449452962,-0.7544142751028764,MAINTAIN,2
-1.561790169005763,-0.8654101143158217,GAIN_MUSCLE,0
0.3773968138567759,-0.7855928816233667,MAINTAIN,2
-1.018817813804252,-0.1882107806907743,MAINTAIN,2
0.9203691690582868,-0.8716458356199194,GAIN_MUSCLE,0
0.4549642931712775,1.5839812139338896,LOSE_WEIGHT,1
-0.6309804172317443,-0.3628109772055193,MAINTAIN,2
0.7652342104292837,0.13355243860068494,LOSE_WEIGHT,1
-1.2515202517477566,-1.2782148646471119,GAIN_MUSCLE,0
-0.8636828551752489,1.2397693979476778,LOSE_WEIGHT,1
0.5325317724857791,-0.47754824920092304,MAINTAIN,2
-0.16557554134473493,-0.7169999472782881,MAINTAIN,2
0.6100992518002806,0.19590965164166535,LOSE_WEIGHT,1
0.06712689659876972,0.6623416051881987,LOSE_WEIGHT,1
-0.2431430206592365,0.8893218606573675,LOSE_WEIGHT,1
1.0755041276872899,-0.9626873666597509,GAIN_MUSCLE,0
-1.4842226896912614,1.5640269057607763,LOSE_WEIGHT,1
0.3773968138567759,-0.6209698391951783,MAINTAIN,2
1.6184764828888007,-0.8828701339672959,GAIN_MUSCLE,0
-0.2431430206592365,-0.9801473863112254,GAIN_MUSCLE,0
0.06712689659876972,-1.1497590057826923,GAIN_MUSCLE,0
0.6876667311147822,1.0876177981276858,LOSE_WEIGHT,1
1.3857740449452962,0.5288971692805006,LOSE_WEIGHT,1
0.9979366483727884,-1.202139064737116,GAIN_MUSCLE,0
0.8428016897437852,0.9841048244796575,LOSE_WEIGHT,1
0.9979366483727884,-0.038553469392420915,MAINTAIN,2
-1.6393576483202645,-0.8404672290994292,GAIN_MUSCLE,0
-0.6309804172317443,0.5301443135413204,LOSE_WEIGHT,1
0.8428016897437852,0.002602291214625952,MAINTAIN,2
0.9979366483727884,-0.8703986913591,GAIN_MUSCLE,0
-1.3290877310622582,-1.2944277400377666,GAIN_MUSCLE,0
1.230639086316293,0.43536134971902996,LOSE_WEIGHT,1
1.4633415242597976,-1.016314569874994,GAIN_MUSCLE,0
-0.8636828551752489,0.24828971059608868,LOSE_WEIGHT,1
-1.561790169005763,-0.4388867771155153,MAINTAIN,2
1.6960439622033023,1.1462335783862072,LOSE_WEIGHT,1
-0.3982779792882396,1.1312678472563713,LOSE_WEIGHT,1
1.3082065656307946,1.2734422929898068,LOSE_WEIGHT,1
-0.16557554134473493,-1.5151722742028375,GAIN_MUSCLE,0
-0.6309804172317443,-0.29920661990371905,MAINTAIN,2
0.7652342104292837,-1.3917049923816964,GAIN_MUSCLE,0
0.9203691690582868,-1.0612117632645002,GAIN_MUSCLE,0
0.22226185522777284,-1.0287860124831902,GAIN_MUSCLE,0
-1.173952772433255,0.9653976605673635,LOSE_WEIGHT,1
0.9979366483727884,-0.24183798390601743,MAINTAIN,2
0.5325317724857791,1.2771837257722658,LOSE_WEIGHT,1
-0.010440582715731827,-0.2804994559914251,MAINTAIN,2
1.4633415242597976,0.21960539259723807,LOSE_WEIGHT,1
1.6184764828888007,-1.0425045993522057,GAIN_MUSCLE,0
-0.7085478965462458,-0.06599064313045261,MAINTAIN,2
-0.7085478965462458,-1.3156291924717003,GAIN_MUSCLE,0
-1.6393576483202645,0.08117237964626116,LOSE_WEIGHT,1
1.0755041276872899,1.6338669843666738,LOSE_WEIGHT,1
-1.4066552103767598,-0.5112211442430529,MAINTAIN,2
1.1530716070017915,-0.6758441866712408,MAINTAIN,2
1.6960439622033023,0.42164276285001434,LOSE_WEIGHT,1
1.3857740449452962,-0.2505679937317547,MAINTAIN,2
-0.7085478965462458,0.13978815990478308,LOSE_WEIGHT,1
1.230639086316293,-0.7032813604092725,MAINTAIN,2
0.14469437591327128,1.6588098695830662,LOSE_WEIGHT,1
-0.2431430206592365,0.744653126402293,LOSE_WEIGHT,1
-1.6393576483202645,-0.21315366590716636,MAINTAIN,2
1.230639086316293,-1.2881920187336688,GAIN_MUSCLE,0
-1.3290877310622582,0.22833540242297537,LOSE_WEIGHT,1
-0.47584545860274113,-1.1485118615218726,GAIN_MUSCLE,0
0.14469437591327128,0.6985087887519678,LOSE_WEIGHT,1
0.3773968138567759,1.209837935688007,LOSE_WEIGHT,1
-1.6393576483202645,-0.34410381329322537,MAINTAIN,2
0.9203691690582868,-1.624920969154963,GAIN_MUSCLE,0
1.0755041276872899,-0.823007209447955,GAIN_MUSCLE,0
-1.4066552103767598,-0.8205129209263154,GAIN_MUSCLE,0
-1.716925127634766,1.1562107324727637,LOSE_WEIGHT,1
1.3082065656307946,0.27447974007330056,LOSE_WEIGHT,1
-0.8636828551752489,-0.6047569638045235,MAINTAIN,2
0.9979366483727884,-1.1672190254341668,GAIN_MUSCLE,0
1.6960439622033023,0.04625234034331243,LOSE_WEIGHT,1
-0.010440582715731827,-0.13832501025798968,MAINTAIN,2
0.6100992518002806,-0.8541858159684452,GAIN_MUSCLE,0
-0.9412503344897505,-1.1335461303920373,GAIN_MUSCLE,0
-1.018817813804252,-0.1034049709550405,MAINTAIN,2
-1.561790169005763,-0.30419519694699787,MAINTAIN,2
-0.7085478965462458,-0.14456073156208782,MAINTAIN,2
-0.5534129379172427,0.057476638690688885,LOSE_WEIGHT,1
-1.018817813804252,-0.1707507610392997,MAINTAIN,2
0.4549642931712775,0.25826686468264576,LOSE_WEIGHT,1
-1.018817813804252,-1.1173332550013824,GAIN_MUSCLE,0
-0.8636828551752489,-0.9078130191836884,GAIN_MUSCLE,0
0.5325317724857791,0.7546302804888501,LOSE_WEIGHT,1
1.3857740449452962,-0.3877538624219114,MAINTAIN,2
-1.716925127634766,0.2881983269423162,LOSE_WEIGHT,1
-1.4066552103767598,-0.7032813604092725,MAINTAIN,2
-0.2431430206592365,0.1535067467737987,LOSE_WEIGHT,1
-1.173952772433255,1.2809251585547248,LOSE_WEIGHT,1
1.5409090035742992,0.3555441170265754,LOSE_WEIGHT,1
-0.8636828551752489,0.4029355989377204,LOSE_WEIGHT,1
-1.716925127634766,0.3754984251996891,LOSE_WEIGHT,1
-0.2431430206592365,-0.513715432764692,MAINTAIN,2
0.3773968138567759,0.13230529433986513,LOSE_WEIGHT,1
1.5409090035742992,-1.227081949953508,GAIN_MUSCLE,0
1.0755041276872899,-0.18322220364749553,MAINTAIN,2
1.0755041276872899,1.00904770969605,LOSE_WEIGHT,1
-0.8636828551752489,-0.9639345109205706,GAIN_MUSCLE,0
1.0755041276872899,1.4206053157665206,LOSE_WEIGHT,1
1.6184764828888007,0.9304776212644144,LOSE_WEIGHT,1
0.3773968138567759,-0.6721027538887823,MAINTAIN,2
-0.6309804172317443,0.18094392051182992,LOSE_WEIGHT,1
-1.3290877310622582,-0.48004253772256267,MAINTAIN,2
1.6184764828888007,0.31812978920198703,LOSE_WEIGHT,1
-0.2431430206592365,2.567978035720561,LOSE_WEIGHT,1
-0.7085478965462458,-0.481289681983382,MAINTAIN,2
-1.6393576483202645,-0.8541858159684452,GAIN_MUSCLE,0
-1.0963852931187537,-0.8504443831859863,GAIN_MUSCLE,0
1.0755041276872899,0.11235098616675138,LOSE_WEIGHT,1
-0.2431430206592365,-1.4453321955969394,GAIN_MUSCLE,0
0.22226185522777284,0.17346105494691244,LOSE_WEIGHT,1
0.4549642931712775,-0.10091068243340134,MAINTAIN,2
-1.716925127634766,0.5974901036255792,LOSE_WEIGHT,1
0.9203691690582868,0.34806125146165745,LOSE_WEIGHT,1
-1.3290877310622582,2.076603196957635,LOSE_WEIGHT,1
1.0755041276872899,0.3293540875493635,LOSE_WEIGHT,1
-1.4066552103767598,-0.7419428324946802,MAINTAIN,2
0.7652342104292837,-1.0075845600492566,GAIN_MUSCLE,0
-0.7085478965462458,2.6053923635451484,LOSE_WEIGHT,1
-0.8636828551752489,-1.3729978284694022,GAIN_MUSCLE,0
1.4633415242597976,0.35803840554821453,LOSE_WEIGHT,1
-0.2431430206592365,-0.5211982983296095,MAINTAIN,2
0.06712689659876972,0.47901139884771643,LOSE_WEIGHT,1
1.5409090035742992,0.3518026842441164,LOSE_WEIGHT,1
0.8428016897437852,0.6411401527542656,LOSE_WEIGHT,1
0.14469437591327128,0.03378089773511617,LOSE_WEIGHT,1
0.4549642931712775,-1.4291193202062844,GAIN_MUSCLE,0
1.230639086316293,-0.5074797114605939,MAINTAIN,2
0.6100992518002806,0.30316405807215163,LOSE_WEIGHT,1
1.5409090035742992,0.10860955338429286,LOSE_WEIGHT,1
-0.010440582715731827,-0.7918286029274648,GAIN_MUSCLE,0
1.6184764828888007,-0.016104872697668,MAINTAIN,2
1.1530716070017915,-1.2408005368225237,GAIN_MUSCLE,0
-0.2431430206592365,0.025050887909378868,LOSE_WEIGHT,1
-0.010440582715731827,2.519339409548596,LOSE_WEIGHT,1
1.6960439622033023,-1.2694848548213746,GAIN_MUSCLE,0
-0.5534129379172427,0.30939977937624974,LOSE_WEIGHT,1
1.4633415242597976,-1.0549760419604022,GAIN_MUSCLE,0
-1.173952772433255,1.1537164439511252,LOSE_WEIGHT,1
-0.16557554134473493,-0.790581458666645,MAINTAIN,2
-1.716925127634766,-0.3677995542487976,MAINTAIN,2
-1.173952772433255,0.4902356971950929,LOSE_WEIGHT,1
0.4549642931712775,-0.4077081705950251,MAINTAIN,2
0.6876667311147822,-0.8155243438830371,GAIN_MUSCLE,0
1.1530716070017915,0.4004413104160812,LOSE_WEIGHT,1
-1.4066552103767598,-1.4241307431630061,GAIN_MUSCLE,0
-0.08800806203023338,-0.9676759437030296,GAIN_MUSCLE,0
0.8428016897437852,-0.3890010066827312,MAINTAIN,2
-1.716925127634766,-0.9389916257041786,GAIN_MUSCLE,0
0.22226185522777284,-1.1210746877838413,GAIN_MUSCLE,0
1.5409090035742992,0.4266313398932931,LOSE_WEIGHT,1
-1.018817813804252,0.3842284350254264,LOSE_WEIGHT,1
0.5325317724857791,-0.3890010066827312,MAINTAIN,2
-0.3982779792882396,0.4815056873693556,LOSE_WEIGHT,1
-0.47584545860274113,-0.2568037150358524,MAINTAIN,2
0.22226185522777284,0.20588680572822202,LOSE_WEIGHT,1
-1.173952772433255,-0.4289096230289587,MAINTAIN,2
1.3082065656307946,-1.2607548449956374,GAIN_MUSCLE,0
-0.8636828551752489,0.5126842938898458,LOSE_WEIGHT,1
0.2998293345422744,-0.1046521152158603,MAINTAIN,2
-1.173952772433255,-1.023797435439912,GAIN_MUSCLE,0
0.14469437591327128,1.0551920473463752,LOSE_WEIGHT,1
-1.4842226896912614,0.2333239794662537,LOSE_WEIGHT,1
0.7652342104292837,-0.39024815094355053,MAINTAIN,2
-1.716925127634766,0.6249272773636109,LOSE_WEIGHT,1
-0.320710499973738,0.8119989164865521,LOSE_WEIGHT,1
0.6100992518002806,-0.6159812621519,MAINTAIN,2
-0.5534129379172427,0.10736240912347304,LOSE_WEIGHT,1
-0.7085478965462458,0.5413686118886969,LOSE_WEIGHT,1
-1.4066552103767598,0.01881516660528074,LOSE_WEIGHT,1
1.3857740449452962,0.30191691381133223,LOSE_WEIGHT,1
0.22226185522777284,-1.0612117632645002,GAIN_MUSCLE,0
0.3773968138567759,1.7174256498415876,LOSE_WEIGHT,1
-1.6393576483202645,1.9344287512241998,LOSE_WEIGHT,1
-1.3290877310622582,0.6224329888419713,LOSE_WEIGHT,1
-1.0963852931187537,0.33683695311428097,LOSE_WEIGHT,1
0.7652342104292837,-1.2532719794307199,GAIN_MUSCLE,0
1.3857740449452962,0.09489096651527723,LOSE_WEIGHT,1
0.14469437591327128,0.09863239929773575,LOSE_WEIGHT,1
-0.7861153758607473,2.72885964536629,LOSE_WEIGHT,1
-1.0963852931187537,-0.9340030486608998,GAIN_MUSCLE,0
-0.7861153758607473,0.7758317329227832,LOSE_WEIGHT,1
0.6100992518002806,-0.053519200522256345,MAINTAIN,2
1.3857740449452962,-0.3291380821633899,MAINTAIN,2
-0.9412503344897505,-0.8691515470982802,GAIN_MUSCLE,0
-1.4842226896912614,-0.3116780625119153,MAINTAIN,2
0.8428016897437852,0.7346759723157362,LOSE_WEIGHT,1
1.1530716070017915,2.173880449301565,LOSE_WEIGHT,1
-1.4842226896912614,-0.7282242456256646,MAINTAIN,2
1.1530716070017915,0.5500986217144341,LOSE_WEIGHT,1
-0.320710499973738,1.8932729906171528,LOSE_WEIGHT,1
-1.3290877310622582,-1.4253778874238257,GAIN_MUSCLE,0
0.8428016897437852,1.976831656092066,LOSE_WEIGHT,1
-0.3982779792882396,-0.32539664938093094,MAINTAIN,2
-0.7861153758607473,-0.3316323706850291,MAINTAIN,2
1.3857740449452962,0.24330113355281036,LOSE_WEIGHT,1
-0.010440582715731827,-0.15827931843110343,MAINTAIN,2
-0.320710499973738,-0.9128015962269667,GAIN_MUSCLE,0
1.6960439622033023,-0.22188367573290366,MAINTAIN,2
-0.9412503344897505,-1.5987309396777514,GAIN_MUSCLE,0
-1.716925127634766,-0.5124682885038723,MAINTAIN,2
0.06712689659876972,0.09738525503691639,LOSE_WEIGHT,1
-1.2515202517477566,-1.1497590057826923,GAIN_MUSCLE,0
0.14469437591327128,-0.24557941668847594,MAINTAIN,2
-0.16557554134473493,-0.9826416748328646,GAIN_MUSCLE,0
-0.6309804172317443,-0.4887725475482995,MAINTAIN,2
-1.716925127634766,0.5039542840641085,LOSE_WEIGHT,1
-0.8636828551752489,0.34307267441837913,LOSE_WEIGHT,1
-1.2515202517477566,-0.9128015962269667,GAIN_MUSCLE,0
-0.6309804172317443,0.5750415069308262,LOSE_WEIGHT,1
-0.16557554134473493,-0.3054423412078172,MAINTAIN,2
-0.320710499973738,1.3407880830740664,LOSE_WEIGHT,1
0.4549642931712775,-0.6197226949343585,MAINTAIN,2
0.14469437591327128,1.9930445314827212,LOSE_WEIGHT,1
0.7652342104292837,2.1152646690430426,LOSE_WEIGHT,1
0.6876667311147822,0.23955970077035182,LOSE_WEIGHT,1
0.9203691690582868,-0.24557941668847594,MAINTAIN,2
1.6184764828888007,0.04874662886495159,LOSE_WEIGHT,1
1.1530716070017915,-1.4939708217689043,GAIN_MUSCLE,0
0.22226185522777284,-0.4413810656371545,MAINTAIN,2
-0.9412503344897505,-0.6222169834559976,MAINTAIN,2
0.9203691690582868,-1.2956748842985866,GAIN_MUSCLE,0
-1.173952772433255,0.32311836624526535,LOSE_WEIGHT,1
-0.7085478965462458,0.37425128093886934,LOSE_WEIGHT,1
-1.018817813804252,-0.771874294754351,MAINTAIN,2
-1.6393576483202645,-0.7382013997122212,MAINTAIN,2
-1.0963852931187537,-0.2829937445130643,MAINTAIN,2
-1.561790169005763,0.06495950425560637,LOSE_WEIGHT,1
-0.16557554134473493,-1.074930350133516,GAIN_MUSCLE,0
0.22226185522777284,0.4802585431085362,LOSE_WEIGHT,1
-1.173952772433255,-0.3715409870312566,MAINTAIN,2
-1.6393576483202645,-0.3665524099879783,MAINTAIN,2
-1.3290877310622582,-0.0647434988696328,MAINTAIN,2
0.3773968138567759,-1.4615450709875946,GAIN_MUSCLE,0
0.4549642931712775,-1.7658482706275789,GAIN_MUSCLE,0
0.22226185522777284,-1.3892107038600572,GAIN_MUSCLE,0
0.14469437591327128,-0.10589925947668011,MAINTAIN,2
-0.8636828551752489,-1.3879635595992375,GAIN_MUSCLE,0
-1.4066552103767598,1.5677683385432342,LOSE_WEIGHT,1
0.8428016897437852,0.27198545155166143,LOSE_WEIGHT,1
1.0755041276872899,-0.7643914291894331,MAINTAIN,2
-0.6309804172317443,-1.1522532943043315,GAIN_MUSCLE,0
1.6184764828888007,-0.06599064313045261,MAINTAIN,2
0.9979366483727884,0.7309345395332772,LOSE_WEIGHT,1
-0.6309804172317443,0.34556696294001826,LOSE_WEIGHT,1
1.5409090035742992,-0.5623540589366568,MAINTAIN,2
-0.010440582715731827,-1.0375160223089275,GAIN_MUSCLE,0
-1.3290877310622582,1.7922543054907643,LOSE_WEIGHT,1
1.6184764828888007,-0.29047661007798176,MAINTAIN,2
1.5409090035742992,-0.5049854229389548,MAINTAIN,2
1.6960439622033023,0.21960539259723807,LOSE_WEIGHT,1
-0.16557554134473493,-0.06349635460881344,MAINTAIN,2
-0.010440582715731827,1.809714325142239,LOSE_WEIGHT,1
1.5409090035742992,1.202355070123089,LOSE_WEIGHT,1
-0.5534129379172427,0.2595140089434656,LOSE_WEIGHT,1
-0.6309804172317443,-1.69850248054332,GAIN_MUSCLE,0
0.14469437591327128,1.304620899510297,LOSE_WEIGHT,1
0.9979366483727884,-1.2457891138658022,GAIN_MUSCLE,0
-0.9412503344897505,-0.20317651182060928,MAINTAIN,2
-0.6309804172317443,-1.141028995956955,GAIN_MUSCLE,0
-1.4842226896912614,1.4804682402858622,LOSE_WEIGHT,1
-0.16557554134473493,-1.2869448744728493,GAIN_MUSCLE,0
-0.7861153758607473,-0.3677995542487976,MAINTAIN,2
-0.08800806203023338,-1.077424638655155,GAIN_MUSCLE,0
-0.320710499973738,-0.7594028521461548,MAINTAIN,2
0.8428016897437852,-0.5897912326746881,MAINTAIN,2
-0.7085478965462458,2.8411026288400545,LOSE_WEIGHT,1
-1.4842226896912614,-0.03605918087078175,MAINTAIN,2
0.2998293345422744,-1.2408005368225237,GAIN_MUSCLE,0
0.4549642931712775,-0.8978358650971312,GAIN_MUSCLE,0
0.3773968138567759,0.6299158544068891,LOSE_WEIGHT,1
0.9203691690582868,-1.399187857946614,GAIN_MUSCLE,0
-1.173952772433255,1.122537837430635,LOSE_WEIGHT,1
-0.5534129379172427,0.7334288280549165,LOSE_WEIGHT,1
1.4633415242597976,0.38298129076460663,LOSE_WEIGHT,1
0.9979366483727884,1.5141411353279912,LOSE_WEIGHT,1
0.5325317724857791,0.3979470218944421,LOSE_WEIGHT,1
-0.3982779792882396,-0.3777767083353547,MAINTAIN,2
-1.6393576483202645,-1.1934090549113785,GAIN_MUSCLE,0
-0.7861153758607473,1.1212906931698146,LOSE_WEIGHT,1
-1.4842226896912614,-1.8855741196662612,GAIN_MUSCLE,0
0.22226185522777284,2.0591431773061606,LOSE_WEIGHT,1
0.14469437591327128,-0.8654101143158217,GAIN_MUSCLE,0
0.5325317724857791,-1.3493020875138297,GAIN_MUSCLE,0
-0.9412503344897505,-0.42142675746404074,MAINTAIN,2
-1.2515202517477566,-0.14206644304044866,MAINTAIN,2
0.6100992518002806,2.2686634131238548,LOSE_WEIGHT,1
1.6184764828888007,-0.6247112719776373,MAINTAIN,2
-1.018817813804252,-1.2033862089979355,GAIN_MUSCLE,0
1.230639086316293,-0.5162097212863312,MAINTAIN,2
-0.7861153758607473,1.3220809191617715,LOSE_WEIGHT,1
0.6100992518002806,-0.771874294754351,MAINTAIN,2
-1.2515202517477566,0.030039464952657198,LOSE_WEIGHT,1
1.4633415242597976,-0.09592210539012301,MAINTAIN,2
1.4633415242597976,0.03502804199593597,LOSE_WEIGHT,1
0.9979366483727884,0.2158639598147791,LOSE_WEIGHT,1
-0.2431430206592365,-0.7606499964069746,MAINTAIN,2
-1.4842226896912614,-0.5748255015448527,MAINTAIN,2
-1.2515202517477566,-0.5448940392851822,MAINTAIN,2
-1.716925127634766,-0.6072512523261627,MAINTAIN,2
1.6184764828888007,0.4939771299775519,LOSE_WEIGHT,1
1.6960439622033023,-0.08968638408602488,MAINTAIN,2
1.4633415242597976,0.8631318311801561,LOSE_WEIGHT,1
-0.7861153758607473,0.4316199169365714,LOSE_WEIGHT,1
-0.08800806203023338,1.8720715381832194,LOSE_WEIGHT,1
-0.16557554134473493,-0.7494256980595981,MAINTAIN,2
-0.08800806203023338,0.8968047262222855,LOSE_WEIGHT,1
0.3773968138567759,0.4478327923272262,LOSE_WEIGHT,1
-1.0963852931187537,0.8506603885719598,LOSE_WEIGHT,1
0.22226185522777284,2.067873187131898,LOSE_WEIGHT,1
-1.0963852931187537,-0.30793662972945635,MAINTAIN,2
-0.6309804172317443,-1.66607672976201,GAIN_MUSCLE,0
-1.018817813804252,1.6862470433210974,LOSE_WEIGHT,1
0.06712689659876972,1.3108566208143955,LOSE_WEIGHT,1
1.4633415242597976,0.12482242877494763,LOSE_WEIGHT,1
-1.173952772433255,0.31688264494116725,LOSE_WEIGHT,1
0.06712689659876972,-0.3603166886838801,MAINTAIN,2
-0.5534129379172427,-0.44013392137633517,MAINTAIN,2
0.22226185522777284,0.6648358937098383,LOSE_WEIGHT,1
0.2998293345422744,0.3330955203318225,LOSE_WEIGHT,1
1.0755041276872899,-1.3380777891664533,GAIN_MUSCLE,0
-1.4842226896912614,-0.9240258945743431,GAIN_MUSCLE,0
0.06712689659876972,-1.038763166569747,GAIN_MUSCLE,0
-0.320710499973738,0.19715679590248517,LOSE_WEIGHT,1
0.9979366483727884,-1.0512346091779432,GAIN_MUSCLE,0
1.230639086316293,-0.7332128226689429,MAINTAIN,2
-1.018817813804252,1.4580196435911092,LOSE_WEIGHT,1
0.14469437591327128,-0.16326789547438175,MAINTAIN,2
-0.3982779792882396,1.6700341679304422,LOSE_WEIGHT,1
-0.320710499973738,-0.8467029504035273,GAIN_MUSCLE,0
0.9979366483727884,0.3330955203318225,LOSE_WEIGHT,1
-1.018817813804252,1.388179564985211,LOSE_WEIGHT,1
0.7652342104292837,-0.2892294658171624,MAINTAIN,2
-1.4066552103767598,0.14352959268724158,LOSE_WEIGHT,1
0.9203691690582868,-0.7332128226689429,MAINTAIN,2
1.6184764828888007,-1.653605287153814,GAIN_MUSCLE,0
0.8428016897437852,-1.4129064448156297,GAIN_MUSCLE,0
0.7652342104292837,2.4195678686830275,LOSE_WEIGHT,1
-0.16557554134473493,-0.4326510558114172,MAINTAIN,2
-0.47584545860274113,0.0874081009503593,LOSE_WEIGHT,1
-0.08800806203023338,-0.9751588092679471,GAIN_MUSCLE,0
1.0755041276872899,-0.707022793191731,MAINTAIN,2
-0.6309804172317443,2.3597049441636857,LOSE_WEIGHT,1
0.9203691690582868,-1.0275388682223705,GAIN_MUSCLE,0
0.3773968138567759,0.5937486708431207,LOSE_WEIGHT,1
-1.2515202517477566,-0.7731214390151704,MAINTAIN,2
0.6876667311147822,-0.1395721545188095,MAINTAIN,2
-0.9412503344897505,0.05997092721232805,LOSE_WEIGHT,1
-1.018817813804252,-0.2755108789481468,MAINTAIN,2
-1.0963852931187537,-0.24308512816683678,MAINTAIN,2
-0.7085478965462458,-0.3428566690324055,MAINTAIN,2
-0.7861153758607473,-0.889105855271394,GAIN_MUSCLE,0
0.14469437591327128,-0.3840124296394524,MAINTAIN,2
-1.6393576483202645,0.12482242877494763,LOSE_WEIGHT,1
0.9203691690582868,0.7284402510116381,LOSE_WEIGHT,1
-1.2515202517477566,2.2773934229495922,LOSE_WEIGHT,1
-0.16557554134473493,0.3156355006803479,LOSE_WEIGHT,1
-0.3982779792882396,1.6662927351479841,LOSE_WEIGHT,1
-1.561790169005763,-1.3630206743828452,GAIN_MUSCLE,0
1.4633415242597976,-0.7506728423204175,MAINTAIN,2
1.230639086316293,-0.1570321741702841,MAINTAIN,2
1.3857740449452962,-0.3291380821633899,MAINTAIN,2
-0.9412503344897505,0.10486812060183388,LOSE_WEIGHT,1
1.230639086316293,2.099051793652388,LOSE_WEIGHT,1
0.06712689659876972,-0.9065658749228686,GAIN_MUSCLE,0
-0.320710499973738,-0.823007209447955,GAIN_MUSCLE,0
-1.4842226896912614,0.4266313398932931,LOSE_WEIGHT,1
0.22226185522777284,0.158495323817077,LOSE_WEIGHT,1
1.1530716070017915,-0.5885440884138683,MAINTAIN,2
1.4633415242597976,-1.1298046976095786,GAIN_MUSCLE,0
0.6876667311147822,-0.5860497998922292,MAINTAIN,2
1.230639086316293,-0.6945513505835352,MAINTAIN,2
1.6960439622033023,1.304620899510297,LOSE_WEIGHT,1
0.9979366483727884,0.4079241759809987,LOSE_WEIGHT,1
1.3082065656307946,2.413332147378929,LOSE_WEIGHT,1
1.0755041276872899,0.420395618589195,LOSE_WEIGHT,1
0.7652342104292837,-0.19943507903815075,MAINTAIN,2
0.9979366483727884,-0.012363439915209475,MAINTAIN,2
-1.561790169005763,-0.6895627735402569,MAINTAIN,2
-1.0963852931187537,-1.5164194184636572,GAIN_MUSCLE,0
-1.173952772433255,1.650079859757329,LOSE_WEIGHT,1
0.7652342104292837,-0.08719209556438572,MAINTAIN,2
-1.3290877310622582,-1.5413623036800492,GAIN_MUSCLE,0
1.3857740449452962,-1.3293477793407158,GAIN_MUSCLE,0
1.230639086316293,-1.4665336480308728,GAIN_MUSCLE,0
-1.4842226896912614,0.5538400544968931,LOSE_WEIGHT,1
-0.7861153758607473,-0.26802801338322885,MAINTAIN,2
-1.6393576483202645,-1.0038431272667983,GAIN_MUSCLE,0
-1.4066552103767598,-1.074930350133516,GAIN_MUSCLE,0
1.6184764828888007,1.7935014497515838,LOSE_WEIGHT,1
0.2998293345422744,0.12108099599248867,LOSE_WEIGHT,1
0.6876667311147822,1.4106281616799639,LOSE_WEIGHT,1
-0.16557554134473493,1.1237849816914542,LOSE_WEIGHT,1
-1.173952772433255,2.458229340768435,LOSE_WEIGHT,1
1.1530716070017915,1.6338669843666738,LOSE_WEIGHT,1
-1.173952772433255,-0.5311754524161666,MAINTAIN,2
-1.561790169005763,-1.1023675238715471,GAIN_MUSCLE,0
1.6184764828888007,-0.5523769048500997,MAINTAIN,2
-1.561790169005763,-0.7332128226689429,MAINTAIN,2
-0.08800806203023338,2.3048305966876232,LOSE_WEIGHT,1
-1.3290877310622582,1.8122086136638775,LOSE_WEIGHT,1
-1.6393576483202645,1.5577911844566776,LOSE_WEIGHT,1
-0.010440582715731827,0.5114371496290264,LOSE_WEIGHT,1
1.6184764828888007,-0.7332128226689429,MAINTAIN,2
-1.6393576483202645,-1.020056002657453,GAIN_MUSCLE,0
1.1530716070017915,-0.016104872697668,MAINTAIN,2
-0.47584545860274113,0.3281069432885437,LOSE_WEIGHT,1
0.9203691690582868,0.9205004671778577,LOSE_WEIGHT,1
0.8428016897437852,2.3173020392958197,LOSE_WEIGHT,1
-0.010440582715731827,0.22708825816215558,LOSE_WEIGHT,1
0.5325317724857791,2.045424590437145,LOSE_WEIGHT,1
-1.173952772433255,1.1237849816914542,LOSE_WEIGHT,1
-0.08800806203023338,1.4779739517642225,LOSE_WEIGHT,1
1.6184764828888007,-0.4663239508535466,MAINTAIN,2
0.9979366483727884,-0.5024911344173156,MAINTAIN,2
-1.4066552103767598,0.62742156588525,LOSE_WEIGHT,1
-0.7861153758607473,-0.19569364625569177,MAINTAIN,2
0.4549642931712775,-0.7594028521461548,MAINTAIN,2
0.6100992518002806,0.37050984815641036,LOSE_WEIGHT,1
-0.5534129379172427,2.2212719312127094,LOSE_WEIGHT,1
1.4633415242597976,0.057476638690688885,LOSE_WEIGHT,1
0.5325317724857791,-0.7793571603192685,MAINTAIN,2
-0.5534129379172427,-1.1048618123931864,GAIN_MUSCLE,0
-0.8636828551752489,-0.9776530977895863,GAIN_MUSCLE,0
-0.47584545860274113,0.8294589361380262,LOSE_WEIGHT,1
-0.5534129379172427,-0.24308512816683678,MAINTAIN,2
-0.8636828551752489,-0.06599064313045261,MAINTAIN,2
-1.173952772433255,-1.2694848548213746,GAIN_MUSCLE,0
-0.2431430206592365,-0.5074797114605939,MAINTAIN,2
-1.561790169005763,-0.7806043045800883,MAINTAIN,2
-0.5534129379172427,0.5388743233670577,LOSE_WEIGHT,1
0.5325317724857791,-1.2956748842985866,GAIN_MUSCLE,0
1.6960439622033023,-0.8566801044900844,GAIN_MUSCLE,0
-0.010440582715731827,-0.2692751576440487,MAINTAIN,2
0.3773968138567759,-1.0088317043100765,GAIN_MUSCLE,0
1.3082065656307946,-0.357822400162241,MAINTAIN,2
-1.4066552103767598,-0.4912668360699391,MAINTAIN,2
-0.2431430206592365,-0.18322220364749553,MAINTAIN,2
1.3082065656307946,-0.8529386717076254,GAIN_MUSCLE,0
1.6184764828888007,0.1834382090334691,LOSE_WEIGHT,1
-1.716925127634766,0.17221391068609262,LOSE_WEIGHT,1
0.5325317724857791,-0.19070506921241345,MAINTAIN,2
-0.16557554134473493,0.699755933012787,LOSE_WEIGHT,1
-0.2431430206592365,0.09239667799363763,LOSE_WEIGHT,1
-1.3290877310622582,0.14851816973052037,LOSE_WEIGHT,1
-0.08800806203023338,-0.7282242456256646,MAINTAIN,2
-0.3982779792882396,-1.071188917351057,GAIN_MUSCLE,0
-1.173952772433255,0.4989657070208302,LOSE_WEIGHT,1
1.230639086316293,1.4131224502016035,LOSE_WEIGHT,1
0.6876667311147822,-0.528681163894527,MAINTAIN,2
0.7652342104292837,-0.1208649906065151,MAINTAIN,2
-0.5534129379172427,1.9718430790487878,LOSE_WEIGHT,1
-0.8636828551752489,-0.3353738034674881,MAINTAIN,2
1.1530716070017915,1.4954339714156972,LOSE_WEIGHT,1
0.8428016897437852,0.44409135954476725,LOSE_WEIGHT,1
-0.7085478965462458,1.3719666895945566,LOSE_WEIGHT,1
0.9979366483727884,0.049993773125770954,LOSE_WEIGHT,1
0.7652342104292837,1.6737756007129012,LOSE_WEIGHT,1
-0.010440582715731827,-0.8304900750128725,GAIN_MUSCLE,0
1.6960439622033023,-1.4104121562939904,GAIN_MUSCLE,0
-1.6393576483202645,-0.4900196918091193,MAINTAIN,2
1.3857740449452962,-0.7793571603192685,MAINTAIN,2
-0.16557554134473493,-0.8043000455356606,GAIN_MUSCLE,0
-1.6393576483202645,2.4831722259848275,LOSE_WEIGHT,1
0.2998293345422744,-0.6209698391951783,MAINTAIN,2
-1.0963852931187537,-0.19943507903815075,MAINTAIN,2
-1.716925127634766,0.783314598487701,LOSE_WEIGHT,1
-0.9412503344897505,-0.9302616158784413,GAIN_MUSCLE,0
-1.561790169005763,1.9893030987002622,LOSE_WEIGHT,1
-0.010440582715731827,-0.707022793191731,MAINTAIN,2
0.22226185522777284,0.32311836624526535,LOSE_WEIGHT,1
-1.4842226896912614,0.3156355006803479,LOSE_WEIGHT,1
-0.3982779792882396,0.1834382090334691,LOSE_WEIGHT,1
-1.3290877310622582,0.5064485725857477,LOSE_WEIGHT,1
0.9203691690582868,-0.7618971406677939,MAINTAIN,2
-0.08800806203023338,2.429545022769584,LOSE_WEIGHT,1
1.5409090035742992,-1.2470362581266217,GAIN_MUSCLE,0
-0.6309804172317443,-0.7918286029274648,GAIN_MUSCLE,0
-0.08800806203023338,0.20838109424986162,LOSE_WEIGHT,1
1.0755041276872899,-1.0150674256141745,GAIN_MUSCLE,0
1.4633415242597976,-0.7045285046700919,MAINTAIN,2
-0.8636828551752489,2.080344629740094,LOSE_WEIGHT,1
1.4633415242597976,2.253697681994019,LOSE_WEIGHT,1
1.1530716070017915,-0.012363439915209475,MAINTAIN,2
-0.3982779792882396,0.08990238947199845,LOSE_WEIGHT,1
1.6960439622033023,-0.3603166886838801,MAINTAIN,2
0.9203691690582868,-0.0173520169584878,MAINTAIN,2
0.5325317724857791,-0.2580508592966722,MAINTAIN,2
0.06712689659876972,0.21711110407559847,LOSE_WEIGHT,1
1.4633415242597976,1.3744609781161954,LOSE_WEIGHT,1
0.5325317724857791,-0.9053187306620492,GAIN_MUSCLE,0
-0.7085478965462458,-0.6696084653671431,MAINTAIN,2
-1.3290877310622582,-0.22936654129782116,MAINTAIN,2
-1.561790169005763,-0.9414859142258177,GAIN_MUSCLE,0
-0.5534129379172427,-0.9040715864012294,GAIN_MUSCLE,0
-1.2515202517477566,-1.3006634613418648,GAIN_MUSCLE,0
-0.7085478965462458,0.5575814872793516,LOSE_WEIGHT,1
-1.0963852931187537,1.6525741482789684,LOSE_WEIGHT,1
-0.6309804172317443,0.15974246807789683,LOSE_WEIGHT,1
-0.16557554134473493,-1.5825180642870964,GAIN_MUSCLE,0
0.9203691690582868,-1.2994163170810453,GAIN_MUSCLE,0
-1.6393576483202645,0.1273167172965868,LOSE_WEIGHT,1
0.2998293345422744,-0.6521484457156685,MAINTAIN,2
-1.6393576483202645,0.42288990711083413,LOSE_WEIGHT,1
0.9203691690582868,-0.4251681902464997,MAINTAIN,2
-0.3982779792882396,1.445548200982913,LOSE_WEIGHT,1
-0.7085478965462458,0.6124558347554145,LOSE_WEIGHT,1
-0.2431430206592365,1.2048493586447286,LOSE_WEIGHT,1
-0.3982779792882396,-1.5563280348098847,GAIN_MUSCLE,0
-1.018817813804252,-0.7194942357999272,MAINTAIN,2
0.14469437591327128,-0.9539573568340135,GAIN_MUSCLE,0
-1.6393576483202645,0.1672253336428143,LOSE_WEIGHT,1
0.14469437591327128,0.5538400544968931,LOSE_WEIGHT,1
0.7652342104292837,-0.5960269539787862,MAINTAIN,2
0.9979366483727884,-0.06973207591291113,MAINTAIN,2
0.6100992518002806,0.4341142054582106,LOSE_WEIGHT,1
-0.7085478965462458,-0.22063653147208387,MAINTAIN,2
-1.716925127634766,-0.8155243438830371,GAIN_MUSCLE,0
-0.5534129379172427,1.0439677489989991,LOSE_WEIGHT,1
-1.561790169005763,-0.7219885243215665,MAINTAIN,2
0.9203691690582868,-0.809288622578939,GAIN_MUSCLE,0
1.3857740449452962,-0.2867351772955233,MAINTAIN,2
-1.3290877310622582,0.06246521573396721,LOSE_WEIGHT,1
0.14469437591327128,0.9217476114386771,LOSE_WEIGHT,1
-0.7861153758607473,-0.2443322724276566,MAINTAIN,2
0.8428016897437852,2.40959071459647,LOSE_WEIGHT,1
-1.173952772433255,-0.354080967379782,MAINTAIN,2
-0.16557554134473493,-1.8381826377551163,GAIN_MUSCLE,0
0.8428016897437852,-0.8279957864912333,GAIN_MUSCLE,0
-1.4842226896912614,-0.707022793191731,MAINTAIN,2
0.14469437591327128,-0.5261868753728879,MAINTAIN,2
-0.6309804172317443,-0.9302616158784413,GAIN_MUSCLE,0
-1.4842226896912614,0.13230529433986513,LOSE_WEIGHT,1
1.6960439622033023,-0.1295950004322524,MAINTAIN,2
-0.8636828551752489,-1.1909147663897395,GAIN_MUSCLE,0
0.6876667311147822,0.5638172085834497,LOSE_WEIGHT,1
0.6876667311147822,-0.2081650888638876,MAINTAIN,2
0.3773968138567759,-1.3305949236015355,GAIN_MUSCLE,0
-0.7861153758607473,0.5500986217144341,LOSE_WEIGHT,1
0.6100992518002806,-1.446579339857759,GAIN_MUSCLE,0
-0.7085478965462458,0.11609241894921034,LOSE_WEIGHT,1
-0.2431430206592365,-0.143313587301268,MAINTAIN,2
-0.3982779792882396,1.9182158758335446,LOSE_WEIGHT,1
0.4549642931712775,1.6987184859292936,LOSE_WEIGHT,1
-1.3290877310622582,0.47028138902197913,LOSE_WEIGHT,1
0.6876667311147822,-1.204633353258755,GAIN_MUSCLE,0
0.4549642931712775,-1.382974982555959,GAIN_MUSCLE,0
1.5409090035742992,-0.3091837739902762,MAINTAIN,2
-1.6393576483202645,0.8731089852667128,LOSE_WEIGHT,1
-0.010440582715731827,-0.16576218399602094,MAINTAIN,2
-0.320710499973738,-0.509973999982233,MAINTAIN,2
0.6100992518002806,0.027545176431018035,LOSE_WEIGHT,1
-1.4066552103767598,0.3717569924172302,LOSE_WEIGHT,1
-0.320710499973738,-1.532632293854312,GAIN_MUSCLE,0
0.8428016897437852,0.48649426441263394,LOSE_WEIGHT,1
-1.018817813804252,-0.7369542554514018,MAINTAIN,2
0.14469437591327128,-0.6259584162384566,MAINTAIN,2
-1.6393576483202645,-0.684574196496978,MAINTAIN,2
-0.9412503344897505,-0.9152958847486058,GAIN_MUSCLE,0
0.6100992518002806,-0.4102024591166643,MAINTAIN,2
-0.6309804172317443,0.01756802234446138,LOSE_WEIGHT,1
-1.0963852931187537,0.049993773125770954,LOSE_WEIGHT,1
-0.010440582715731827,-0.7544142751028764,MAINTAIN,2
-0.320710499973738,0.08117237964626116,LOSE_WEIGHT,1
-1.0963852931187537,-0.7095170817133706,MAINTAIN,2
0.9203691690582868,0.05872378295150825,LOSE_WEIGHT,1
-0.16557554134473493,-0.3316323706850291,MAINTAIN,2
-1.0963852931187537,1.58273406967307,LOSE_WEIGHT,1
0.3773968138567759,-0.278005167469786,MAINTAIN,2
-1.2515202517477566,1.7049542072333914,LOSE_WEIGHT,1
-0.5534129379172427,-0.7307185341473037,MAINTAIN,2
-0.5534129379172427,1.226050811078662,LOSE_WEIGHT,1
0.7652342104292837,-1.2183519401277707,GAIN_MUSCLE,0
-1.4842226896912614,-0.5823083671097702,MAINTAIN,2
-1.4842226896912614,-0.8491972389251664,GAIN_MUSCLE,0
1.230639086316293,0.783314598487701,LOSE_WEIGHT,1
1.3082065656307946,-0.4201796132032214,MAINTAIN,2
-0.47584545860274113,2.4494993309426976,LOSE_WEIGHT,1
1.0755041276872899,0.1360467271223241,LOSE_WEIGHT,1
1.230639086316293,1.9793259446137057,LOSE_WEIGHT,1
0.4549642931712775,-0.3927424394651897,MAINTAIN,2
0.9979366483727884,1.608924099150282,LOSE_WEIGHT,1
1.1530716070017915,-0.9951131174410609,GAIN_MUSCLE,0
1.230639086316293,-0.8853644224889354,GAIN_MUSCLE,0
1.0755041276872899,0.26574973024756327,LOSE_WEIGHT,1
0.9203691690582868,1.8496229414884664,LOSE_WEIGHT,1
-1.2515202517477566,-0.1133821250415976,MAINTAIN,2
0.2998293345422744,-1.0587174747428607,GAIN_MUSCLE,0
0.3773968138567759,-0.3453509575540447,MAINTAIN,2
-0.08800806203023338,-0.42142675746404074,MAINTAIN,2
-0.7085478965462458,0.9828576802188381,LOSE_WEIGHT,1
-1.2515202517477566,-0.987630251876143,GAIN_MUSCLE,0
1.0755041276872899,0.7434059821414736,LOSE_WEIGHT,1
-0.08800806203023338,-1.2457891138658022,GAIN_MUSCLE,0
-1.4066552103767598,0.0886552452111791,LOSE_WEIGHT,1
-1.6393576483202645,0.6112086904945948,LOSE_WEIGHT,1
0.2998293345422744,-0.2580508592966722,MAINTAIN,2
-0.16557554134473493,-0.13583072173635052,MAINTAIN,2
1.1530716070017915,-0.7506728423204175,MAINTAIN,2
-0.6309804172317443,-1.0587174747428607,GAIN_MUSCLE,0
-0.16557554134473493,0.057476638690688885,LOSE_WEIGHT,1
-1.018817813804252,0.09489096651527723,LOSE_WEIGHT,1
-0.010440582715731827,0.6872844904045913,LOSE_WEIGHT,1
1.230639086316293,-0.3278909379025701,MAINTAIN,2
-1.4066552103767598,1.794748594012403,LOSE_WEIGHT,1
-1.716925127634766,0.5002128512816499,LOSE_WEIGHT,1
-0.7861153758607473,0.1273167172965868,LOSE_WEIGHT,1
-0.16557554134473493,-0.7219885243215665,MAINTAIN,2
0.22226185522777284,-1.2994163170810453,GAIN_MUSCLE,0
1.6960439622033023,0.18094392051182992,LOSE_WEIGHT,1
-0.16557554134473493,1.224803666817842,LOSE_WEIGHT,1
-0.3982779792882396,-0.7419428324946802,MAINTAIN,2
1.0755041276872899,1.8034786038381403,LOSE_WEIGHT,1
1.6960439622033023,1.0975949522142423,LOSE_WEIGHT,1
0.6876667311147822,-0.11587641356323676,MAINTAIN,2
0.9979366483727884,0.4154070415459167,LOSE_WEIGHT,1
-0.47584545860274113,-0.659631311280586,MAINTAIN,2
0.9203691690582868,-0.3091837739902762,MAINTAIN,2
-0.9412503344897505,-1.841924070537575,GAIN_MUSCLE,0
-0.16557554134473493,-1.044998887873845,GAIN_MUSCLE,0
0.22226185522777284,-1.0125731370925355,GAIN_MUSCLE,0
-1.4842226896912614,-0.4937611245915783,MAINTAIN,2
0.8428016897437852,0.2956811925072341,LOSE_WEIGHT,1
-0.3982779792882396,0.7371702608373755,LOSE_WEIGHT,1
1.3082065656307946,0.01257944530118305,LOSE_WEIGHT,1
0.9203691690582868,-0.4438753541587937,MAINTAIN,2
1.3857740449452962,-1.3455606547313708,GAIN_MUSCLE,0
0.4549642931712775,-0.6446655801507506,MAINTAIN,2
0.4549642931712775,-0.04728347921815821,MAINTAIN,2
1.1530716070017915,0.09613811077609659,LOSE_WEIGHT,1
1.4633415242597976,1.4368181911571758,LOSE_WEIGHT,1
-0.16557554134473493,-0.6359355703250137,MAINTAIN,2
1.4633415242597976,-0.30793662972945635,MAINTAIN,2
-0.7861153758607473,-0.007374862871930703,MAINTAIN,2
1.3857740449452962,-1.2283290942143275,GAIN_MUSCLE,0
-0.47584545860274113,-1.409165012033171,GAIN_MUSCLE,0
-1.0963852931187537,-0.6384298588466529,MAINTAIN,2
1.3857740449452962,-0.15578502990946427,MAINTAIN,2
-1.716925127634766,-1.2719791433430139,GAIN_MUSCLE,0
-1.6393576483202645,1.7436156793187996,LOSE_WEIGHT,1
0.4549642931712775,0.17096676642527328,LOSE_WEIGHT,1
0.7652342104292837,-0.866657258576641,GAIN_MUSCLE,0
-1.018817813804252,-0.9302616158784413,GAIN_MUSCLE,0
1.3082065656307946,0.7858088870093403,LOSE_WEIGHT,1
-0.16557554134473493,0.20339251720658286,LOSE_WEIGHT,1
0.3773968138567759,-0.5623540589366568,MAINTAIN,2
-0.9412503344897505,-0.2443322724276566,MAINTAIN,2
0.8428016897437852,-0.5311754524161666,MAINTAIN,2
-1.173952772433255,0.5376271791062379,LOSE_WEIGHT,1
-0.08800806203023338,-1.3617735301220257,GAIN_MUSCLE,0
-1.173952772433255,-1.2058804975195747,GAIN_MUSCLE,0
-0.6309804172317443,2.560495170155643,LOSE_WEIGHT,1
-0.47584545860274113,0.37923985798214765,LOSE_WEIGHT,1
-0.010440582715731827,0.06246521573396721,LOSE_WEIGHT,1
0.06712689659876972,-0.4825368262442018,MAINTAIN,2
1.6960439622033023,1.0015648441311322,LOSE_WEIGHT,1
-0.320710499973738,-0.684574196496978,MAINTAIN,2
-1.4066552103767598,-1.487735100464806,GAIN_MUSCLE,0
0.6876667311147822,-0.7955700357099234,GAIN_MUSCLE,0
1.6184764828888007,-0.608498396586982,MAINTAIN,2
-1.716925127634766,0.05622949442986908,LOSE_WEIGHT,1
-0.010440582715731827,0.4291256284149323,LOSE_WEIGHT,1
1.0755041276872899,-0.5785669343273117,MAINTAIN,2
-1.173952772433255,0.4179013300675558,LOSE_WEIGHT,1
-0.7861153758607473,-0.9065658749228686,GAIN_MUSCLE,0
-1.173952772433255,-0.3802709968569939,MAINTAIN,2
-0.010440582715731827,0.5688057856267281,LOSE_WEIGHT,1
1.5409090035742992,-1.1235689763054804,GAIN_MUSCLE,0
-1.716925127634766,-0.013610584176028834,MAINTAIN,2
1.6960439622033023,-0.2817466002522449,MAINTAIN,2
0.06712689659876972,-1.637392411763159,GAIN_MUSCLE,0
0.9203691690582868,0.0886552452111791,LOSE_WEIGHT,1
0.06712689659876972,-0.8180186324046762,GAIN_MUSCLE,0
-0.47584545860274113,0.16473104512117515,LOSE_WEIGHT,1
-1.4066552103767598,-1.1971504876938373,GAIN_MUSCLE,0
-0.2431430206592365,2.1539261411284505,LOSE_WEIGHT,1
-0.16557554134473493,0.6885316346654107,LOSE_WEIGHT,1
1.3082065656307946,-1.28445058595121,GAIN_MUSCLE,0
0.6100992518002806,-0.7606499964069746,MAINTAIN,2
0.9979366483727884,-1.1023675238715471,GAIN_MUSCLE,0
-0.9412503344897505,2.390883550684176,LOSE_WEIGHT,1
-0.6309804172317443,-0.6957984948443545,MAINTAIN,2
-0.320710499973738,-0.2867351772955233,MAINTAIN,2
-1.2515202517477566,0.2557725761610066,LOSE_WEIGHT,1
0.3773968138567759,-1.358032097339567,GAIN_MUSCLE,0
1.5409090035742992,-0.3777767083353547,MAINTAIN,2
-1.4066552103767598,-0.5947798097179664,MAINTAIN,2
-1.4066552103767598,1.4093810174191446,LOSE_WEIGHT,1
0.5325317724857791,-1.3754921169910412,GAIN_MUSCLE,0
0.6876667311147822,-0.7494256980595981,MAINTAIN,2
-1.173952772433255,0.20588680572822202,LOSE_WEIGHT,1
-1.018817813804252,0.4478327923272262,LOSE_WEIGHT,1
1.1530716070017915,-0.8155243438830371,GAIN_MUSCLE,0
0.6876667311147822,-1.5401151594192297,GAIN_MUSCLE,0
0.3773968138567759,0.8169874935298305,LOSE_WEIGHT,1
-0.47584545860274113,2.0815917740009136,LOSE_WEIGHT,1
0.6100992518002806,0.03876947477839449,LOSE_WEIGHT,1
-1.173952772433255,0.1984039401633045,LOSE_WEIGHT,1
1.3082065656307946,-1.4989593988121825,GAIN_MUSCLE,0
0.14469437591327128,-0.2867351772955233,MAINTAIN,2
-1.0963852931187537,1.7348856694930623,LOSE_WEIGHT,1
-1.6393576483202645,-0.6621255998022252,MAINTAIN,2
-0.6309804172317443,1.7037070629725721,LOSE_WEIGHT,1
-1.561790169005763,-1.1048618123931864,GAIN_MUSCLE,0
0.9979366483727884,-0.554871193371739,MAINTAIN,2
-1.4842226896912614,-0.6783384751928804,MAINTAIN,2
-0.7085478965462458,1.1088192505616183,LOSE_WEIGHT,1
1.3857740449452962,1.111313539083258,LOSE_WEIGHT,1
1.3857740449452962,0.23581826798789288,LOSE_WEIGHT,1
0.14469437591327128,-0.3628109772055193,MAINTAIN,2
-1.018817813804252,1.809714325142239,LOSE_WEIGHT,1
-0.16557554134473493,-0.6870684850186177,MAINTAIN,2
0.9979366483727884,-1.141028995956955,GAIN_MUSCLE,0
-0.8636828551752489,-1.202139064737116,GAIN_MUSCLE,0
0.2998293345422744,0.6723187592747558,LOSE_WEIGHT,1
1.3082065656307946,-0.23435511834109948,MAINTAIN,2
-1.6393576483202645,-1.427872175945465,GAIN_MUSCLE,0
-0.7861153758607473,-1.2507776909090804,GAIN_MUSCLE,0
0.6876667311147822,1.80597289235978,LOSE_WEIGHT,1
0.6100992518002806,-0.001139141567833015,MAINTAIN,2
-0.5534129379172427,0.5014599955424693,LOSE_WEIGHT,1
0.6876667311147822,1.3208337749009522,LOSE_WEIGHT,1
0.6876667311147822,-0.5299283081553469,MAINTAIN,2
0.8428016897437852,0.08491381242872013,LOSE_WEIGHT,1
-0.9412503344897505,0.4341142054582106,LOSE_WEIGHT,1
-1.018817813804252,-1.1597361598692493,GAIN_MUSCLE,0
-0.6309804172317443,-0.47754824920092304,MAINTAIN,2
-0.47584545860274113,-0.862915825794182,GAIN_MUSCLE,0
1.3082065656307946,-0.18696363642995448,MAINTAIN,2
-0.3982779792882396,-0.27925231173060533,MAINTAIN,2
-1.0963852931187537,-0.24557941668847594,MAINTAIN,2
0.14469437591327128,0.01756802234446138,LOSE_WEIGHT,1
1.3082065656307946,0.3605326940698537,LOSE_WEIGHT,1
-0.7085478965462458,-1.309393471167602,GAIN_MUSCLE,0
0.14469437591327128,-0.6533955899764878,MAINTAIN,2
-0.08800806203023338,-1.440343618553661,GAIN_MUSCLE,0
0.5325317724857791,0.7396645493590146,LOSE_WEIGHT,1
-0.2431430206592365,-0.4314039115505979,MAINTAIN,2
-0.16557554134473493,0.5276500250196813,LOSE_WEIGHT,1
1.6184764828888007,-0.889105855271394,GAIN_MUSCLE,0
0.6876667311147822,-0.7082699374525508,MAINTAIN,2
-0.16557554134473493,0.1921682188592064,LOSE_WEIGHT,1
0.9203691690582868,-0.9115544519661468,GAIN_MUSCLE,0
0.6876667311147822,-0.9115544519661468,GAIN_MUSCLE,0
0.5325317724857791,0.1921682188592064,LOSE_WEIGHT,1
1.230639086316293,-0.7232356685823862,MAINTAIN,2
-0.8636828551752489,0.6012315364080382,LOSE_WEIGHT,1
1.3857740449452962,-1.446579339857759,GAIN_MUSCLE,0
-0.3982779792882396,0.4989657070208302,LOSE_WEIGHT,1
-0.16557554134473493,0.6985087887519678,LOSE_WEIGHT,1
-0.7861153758607473,0.5850186610173833,LOSE_WEIGHT,1
-0.16557554134473493,0.8556489656152382,LOSE_WEIGHT,1
-1.173952772433255,-0.8591743930117235,GAIN_MUSCLE,0
1.3082065656307946,-0.4638296623319074,MAINTAIN,2
-1.2515202517477566,0.6261744216244302,LOSE_WEIGHT,1
-0.010440582715731827,-0.5423997507635431,MAINTAIN,2
1.6184764828888007,-1.2807091531687511,GAIN_MUSCLE,0
0.6876667311147822,-1.2994163170810453,GAIN_MUSCLE,0
-0.9412503344897505,0.1360467271223241,LOSE_WEIGHT,1
-0.08800806203023338,-0.8417143733602489,GAIN_MUSCLE,0
-0.08800806203023338,1.434323902635537,LOSE_WEIGHT,1
1.5409090035742992,2.481925081724008,LOSE_WEIGHT,1
0.14469437591327128,1.7024599187117526,LOSE_WEIGHT,1
-0.08800806203023338,-0.3553281116406018,MAINTAIN,2
0.3773968138567759,1.722414226884866,LOSE_WEIGHT,1
0.4549642931712775,-0.3914952952043704,MAINTAIN,2
-0.7861153758607473,-1.5126779856811983,GAIN_MUSCLE,0
-0.3982779792882396,-1.1597361598692493,GAIN_MUSCLE,0
-1.6393576483202645,-1.3941992809033354,GAIN_MUSCLE,0
0.4549642931712775,0.14727102546970056,LOSE_WEIGHT,1
-0.16557554134473493,-0.47754824920092304,MAINTAIN,2
-0.6309804172317443,0.4316199169365714,LOSE_WEIGHT,1
0.2998293345422744,2.0890746395658315,LOSE_WEIGHT,1
0.6100992518002806,0.35679126128739475,LOSE_WEIGHT,1
-0.6309804172317443,-1.0849075042200724,GAIN_MUSCLE,0
-0.010440582715731827,-0.794322891449104,GAIN_MUSCLE,0
0.06712689659876972,-1.4578036382051356,GAIN_MUSCLE,0
1.6184764828888007,-1.255766267952359,GAIN_MUSCLE,0
-0.7861153758607473,1.8808015480089566,LOSE_WEIGHT,1
-0.08800806203023338,0.3717569924172302,LOSE_WEIGHT,1
1.5409090035742992,1.0389791719557209,LOSE_WEIGHT,1
1.0755041276872899,1.8496229414884664,LOSE_WEIGHT,1
0.7652342104292837,0.16847247790363412,LOSE_WEIGHT,1
-1.561790169005763,-1.2956748842985866,GAIN_MUSCLE,0
-0.320710499973738,-0.37278813129207594,MAINTAIN,2
-0.010440582715731827,0.09613811077609659,LOSE_WEIGHT,1
0.4549642931712775,-0.2667808691224095,MAINTAIN,2
0.5325317724857791,-0.33287951494584844,MAINTAIN,2
1.230639086316293,-0.3428566690324055,MAINTAIN,2
1.6184764828888007,0.6723187592747558,LOSE_WEIGHT,1
0.14469437591327128,0.591254382321481,LOSE_WEIGHT,1
1.0755041276872899,0.06121807147314741,LOSE_WEIGHT,1
-1.173952772433255,-0.2530622822533939,MAINTAIN,2
1.4633415242597976,0.2819626056382185,LOSE_WEIGHT,1
-0.5534129379172427,-0.4738068164184645,MAINTAIN,2
-1.173952772433255,1.241016542208497,LOSE_WEIGHT,1
-1.716925127634766,-0.9676759437030296,GAIN_MUSCLE,0
1.6184764828888007,-0.5162097212863312,MAINTAIN,2
-1.4066552103767598,2.0441774461763247,LOSE_WEIGHT,1
-1.561790169005763,-1.8381826377551163,GAIN_MUSCLE,0
-1.716925127634766,-0.10964069225913864,MAINTAIN,2
-1.4842226896912614,-1.137287563174496,GAIN_MUSCLE,0
1.3082065656307946,-0.302948052686178,MAINTAIN,2
0.9203691690582868,-1.1235689763054804,GAIN_MUSCLE,0
0.6876667311147822,2.459476485029255,LOSE_WEIGHT,1
1.4633415242597976,0.5600757758009908,LOSE_WEIGHT,1
0.8428016897437852,0.5139314381506657,LOSE_WEIGHT,1
1.5409090035742992,0.26325544172592413,LOSE_WEIGHT,1
0.14469437591327128,-0.34410381329322537,MAINTAIN,2
-1.018817813804252,-0.23684940686273864,MAINTAIN,2
-0.16557554134473493,-0.8965887208363119,GAIN_MUSCLE,0
1.230639086316293,-0.684574196496978,MAINTAIN,2
0.2998293345422744,-0.5748255015448527,MAINTAIN,2
0.2998293345422744,-1.2220933729102297,GAIN_MUSCLE,0
-1.6393576483202645,2.0105045511341957,LOSE_WEIGHT,1
1.3857740449452962,0.41914847432837515,LOSE_WEIGHT,1
-0.7861153758607473,0.26325544172592413,LOSE_WEIGHT,1
-1.0963852931187537,0.3642741268523127,LOSE_WEIGHT,1
0.9979366483727884,-0.5735783572840333,MAINTAIN,2
-0.08800806203023338,-1.1510061500435118,GAIN_MUSCLE,0
1.4633415242597976,-0.684574196496978,MAINTAIN,2
0.22226185522777284,1.6101712434111013,LOSE_WEIGHT,1
-0.8636828551752489,-1.38048069403432,GAIN_MUSCLE,0
-0.47584545860274113,-0.04603633495733885,MAINTAIN,2
-0.7085478965462458,0.7284402510116381,LOSE_WEIGHT,1
-0.7085478965462458,-0.9751588092679471,GAIN_MUSCLE,0
0.8428016897437852,0.21212252703232015,LOSE_WEIGHT,1
-0.2431430206592365,0.5650643528442696,LOSE_WEIGHT,1
-0.9412503344897505,0.7459002706631127,LOSE_WEIGHT,1
-0.5534129379172427,-1.1684661696949863,GAIN_MUSCLE,0
0.6100992518002806,-0.043542046435699686,MAINTAIN,2
-1.3290877310622582,1.2472522635125958,LOSE_WEIGHT,1
-0.320710499973738,-0.3453509575540447,MAINTAIN,2
1.0755041276872899,-0.5848026556314098,MAINTAIN,2
-1.4842226896912614,-1.2794620089079316,GAIN_MUSCLE,0
-1.4842226896912614,0.12108099599248867,LOSE_WEIGHT,1
-0.2431430206592365,-0.7157528030174682,MAINTAIN,2
-1.018817813804252,0.8456718115286815,LOSE_WEIGHT,1
0.06712689659876972,-0.4925139803307585,MAINTAIN,2
0.9203691690582868,1.9032501447037096,LOSE_WEIGHT,1
0.22226185522777284,1.9020030004428903,LOSE_WEIGHT,1
1.0755041276872899,0.17221391068609262,LOSE_WEIGHT,1
1.1530716070017915,0.9816105359580188,LOSE_WEIGHT,1
-0.16557554134473493,2.170139016519106,LOSE_WEIGHT,1
1.3082065656307946,1.935675895485019,LOSE_WEIGHT,1
1.230639086316293,-0.9364973371825394,GAIN_MUSCLE,0
-0.16557554134473493,-0.7369542554514018,MAINTAIN,2
-1.018817813804252,-0.357822400162241,MAINTAIN,2
1.1530716070017915,-1.526396572550214,GAIN_MUSCLE,0
-1.4842226896912614,0.7708431558795048,LOSE_WEIGHT,1
1.6960439622033023,0.11858670747084951,LOSE_WEIGHT,1
-0.2431430206592365,-0.08719209556438572,MAINTAIN,2
-0.47584545860274113,0.5713000741483677,LOSE_WEIGHT,1
-1.2515202517477566,-0.9913716846586019,GAIN_MUSCLE,0
-1.4842226896912614,1.536589732022744,LOSE_WEIGHT,1
0.4549642931712775,1.426841037070619,LOSE_WEIGHT,1
-0.7085478965462458,-0.5586126261541978,MAINTAIN,2
-1.561790169005763,0.26824401876920245,LOSE_WEIGHT,1
0.06712689659876972,-0.8080414783181196,GAIN_MUSCLE,0
1.0755041276872899,0.37050984815641036,LOSE_WEIGHT,1
-0.5534129379172427,-0.08095637426028758,MAINTAIN,2
-1.4842226896912614,0.21711110407559847,LOSE_WEIGHT,1
0.06712689659876972,2.4719479276374505,LOSE_WEIGHT,1
0.8428016897437852,0.8157403492690106,LOSE_WEIGHT,1
0.5325317724857791,0.7396645493590146,LOSE_WEIGHT,1
-0.3982779792882396,1.48670396158996,LOSE_WEIGHT,1
-0.320710499973738,-0.9477216355299158,GAIN_MUSCLE,0
0.6100992518002806,0.5014599955424693,LOSE_WEIGHT,1
-0.320710499973738,0.026298032170198674,LOSE_WEIGHT,1
-0.320710499973738,0.7820674542268813,LOSE_WEIGHT,1
-0.08800806203023338,2.398366416249094,LOSE_WEIGHT,1
0.06712689659876972,0.07368951408134367,LOSE_WEIGHT,1
1.6960439622033023,0.8531546770935989,LOSE_WEIGHT,1
-0.8636828551752489,-1.022550291179092,GAIN_MUSCLE,0
0.5325317724857791,0.5962429593647598,LOSE_WEIGHT,1
1.1530716070017915,0.5301443135413204,LOSE_WEIGHT,1
0.6100992518002806,-1.3368306449056335,GAIN_MUSCLE,0
0.9979366483727884,-1.026291723961551,GAIN_MUSCLE,0
-0.320710499973738,-0.3291380821633899,MAINTAIN,2
1.6960439622033023,0.5563343430185322,LOSE_WEIGHT,1
0.9979366483727884,2.0042688298300972,LOSE_WEIGHT,1
0.5325317724857791,2.3173020392958197,LOSE_WEIGHT,1
0.7652342104292837,0.41415989728509683,LOSE_WEIGHT,1
-0.3982779792882396,0.04625234034331243,LOSE_WEIGHT,1
0.3773968138567759,0.5588286315401715,LOSE_WEIGHT,1
-0.9412503344897505,1.9157215873119058,LOSE_WEIGHT,1
1.6960439622033023,-0.0023862858286523756,MAINTAIN,2
0.7652342104292837,2.6053923635451484,LOSE_WEIGHT,1
-0.47584545860274113,0.5126842938898458,LOSE_WEIGHT,1
-1.3290877310622582,0.7508888477063911,LOSE_WEIGHT,1
-1.4842226896912614,-1.3493020875138297,GAIN_MUSCLE,0
-0.2431430206592365,0.8756032737883519,LOSE_WEIGHT,1
0.2998293345422744,-0.6770913309320606,MAINTAIN,2
-0.6309804172317443,-0.4139438918991233,MAINTAIN,2
-1.3290877310622582,-0.13333643321471136,MAINTAIN,2
-0.7085478965462458,-1.1722076024774453,GAIN_MUSCLE,0
-0.9412503344897505,-0.5498826163284606,MAINTAIN,2
1.230639086316293,2.2773934229495922,LOSE_WEIGHT,1
-1.0963852931187537,0.21212252703232015,LOSE_WEIGHT,1
0.22226185522777284,-0.9801473863112254,GAIN_MUSCLE,0
-0.5534129379172427,-0.4763011049401037,MAINTAIN,2
-1.4066552103767598,-1.3355835006448138,GAIN_MUSCLE,0
-1.018817813804252,1.8982615676604313,LOSE_WEIGHT,1
-1.561790169005763,0.5875129495390224,LOSE_WEIGHT,1
-0.7861153758607473,-0.5710840687623937,MAINTAIN,2
1.5409090035742992,-0.1034049709550405,MAINTAIN,2
0.5325317724857791,-1.3979407136857942,GAIN_MUSCLE,0
1.6960439622033023,-0.8043000455356606,GAIN_MUSCLE,0
-1.3290877310622582,0.008838012518724084,LOSE_WEIGHT,1
-0.47584545860274113,1.482962528807501,LOSE_WEIGHT,1
1.6960439622033023,2.1414546985202545,LOSE_WEIGHT,1
-0.320710499973738,2.1501847083459915,LOSE_WEIGHT,1
1.4633415242597976,-0.05850777756553467,MAINTAIN,2
0.9203691690582868,1.3644838240296386,LOSE_WEIGHT,1
0.22226185522777284,0.5164257266723048,LOSE_WEIGHT,1
-1.4066552103767598,-0.9364973371825394,GAIN_MUSCLE,0
0.4549642931712775,0.6872844904045913,LOSE_WEIGHT,1
1.0755041276872899,0.2645025859867439,LOSE_WEIGHT,1
-0.2431430206592365,0.24704256633526933,LOSE_WEIGHT,1
-0.16557554134473493,0.33933124163592016,LOSE_WEIGHT,1
-1.018817813804252,0.4266313398932931,LOSE_WEIGHT,1
-1.4066552103767598,0.17720248772937142,LOSE_WEIGHT,1
0.9979366483727884,-0.20691794460306825,MAINTAIN,2
-1.3290877310622582,1.2497465520342343,LOSE_WEIGHT,1
0.22226185522777284,0.7172159526642616,LOSE_WEIGHT,1
-1.4842226896912614,0.0013551469538065919,MAINTAIN,2
1.230639086316293,0.18593249755510827,LOSE_WEIGHT,1
1.230639086316293,1.8745658267048582,LOSE_WEIGHT,1
0.9203691690582868,0.515178582411485,LOSE_WEIGHT,1
-1.716925127634766,2.402107849031553,LOSE_WEIGHT,1
0.06712689659876972,-0.04728347921815821,MAINTAIN,2
0.9979366483727884,-0.18696363642995448,MAINTAIN,2
-1.3290877310622582,0.3854755792862458,LOSE_WEIGHT,1
1.3857740449452962,-1.481499379160708,GAIN_MUSCLE,0
1.6184764828888007,2.0354474363505877,LOSE_WEIGHT,1
0.6100992518002806,-0.23061368555864095,MAINTAIN,2
-0.2431430206592365,0.3680155596347712,LOSE_WEIGHT,1
0.06712689659876972,-0.07721494147782906,MAINTAIN,2
0.14469437591327128,-0.13333643321471136,MAINTAIN,2
0.9979366483727884,1.2559822733383321,LOSE_WEIGHT,1
-0.16557554134473493,-1.1846790450856413,GAIN_MUSCLE,0
0.5325317724857791,-0.20567080034224844,MAINTAIN,2
0.06712689659876972,0.9017933032655638,LOSE_WEIGHT,1
1.6184764828888007,-0.8916001437930331,GAIN_MUSCLE,0
1.4633415242597976,0.3069054908546106,LOSE_WEIGHT,1
0.5325317724857791,-0.18072791512585634,MAINTAIN,2
-0.08800806203023338,-0.8479500946643471,GAIN_MUSCLE,0
0.3773968138567759,0.3754984251996891,LOSE_WEIGHT,1
-1.2515202517477566,0.9429490638726107,LOSE_WEIGHT,1
0.9203691690582868,-1.1697133139558058,GAIN_MUSCLE,0
0.3773968138567759,1.3520123814214424,LOSE_WEIGHT,1
-0.7085478965462458,-0.4837839705050212,MAINTAIN,2
-1.018817813804252,0.5264028807588614,LOSE_WEIGHT,1
-0.5534129379172427,-0.19195221347323282,MAINTAIN,2
-0.5534129379172427,0.5351328905845987,LOSE_WEIGHT,1
0.6100992518002806,0.7346759723157362,LOSE_WEIGHT,1
1.4633415242597976,-0.5473883278068215,MAINTAIN,2
0.14469437591327128,-0.31043091825109553,MAINTAIN,2
-0.7861153758607473,-0.3366209477283074,MAINTAIN,2
-1.3290877310622582,-0.39024815094355053,MAINTAIN,2
1.6184764828888007,-0.8043000455356606,GAIN_MUSCLE,0
-1.0963852931187537,-1.0911432255241706,GAIN_MUSCLE,0
1.6960439622033023,-1.0499874649171232,GAIN_MUSCLE,0
0.9979366483727884,0.1273167172965868,LOSE_WEIGHT,1
1.5409090035742992,0.2008982286849437,LOSE_WEIGHT,1
-0.2431430206592365,-0.9576987896164725,GAIN_MUSCLE,0
-0.3982779792882396,0.16971962216445347,LOSE_WEIGHT,1
1.5409090035742992,-0.354080967379782,MAINTAIN,2
-0.16557554134473493,0.40168845467690056,LOSE_WEIGHT,1
-1.4842226896912614,-0.012363439915209475,MAINTAIN,2
0.7652342104292837,-0.03231774808832323,MAINTAIN,2
0.2998293345422744,-0.255556570775033,MAINTAIN,2
-1.2515202517477566,-0.7182470915391079,MAINTAIN,2
-1.3290877310622582,-0.564848347458296,MAINTAIN,2
-0.6309804172317443,-0.4413810656371545,MAINTAIN,2
-0.3982779792882396,-0.4875254032874802,MAINTAIN,2
0.6876667311147822,0.2557725761610066,LOSE_WEIGHT,1
-0.9412503344897505,-0.3715409870312566,MAINTAIN,2
-0.2431430206592365,1.4068867288975049,LOSE_WEIGHT,1
0.06712689659876972,0.31438835641952806,LOSE_WEIGHT,1
-0.6309804172317443,0.3717569924172302,LOSE_WEIGHT,1
-1.2515202517477566,0.42413705137165353,LOSE_WEIGHT,1
-0.16557554134473493,-1.131051841870398,GAIN_MUSCLE,0
1.4633415242597976,1.0115419982176896,LOSE_WEIGHT,1
0.22226185522777284,-0.9589459338772923,GAIN_MUSCLE,0
1.6184764828888007,1.7635699874919128,LOSE_WEIGHT,1
-0.7085478965462458,1.9182158758335446,LOSE_WEIGHT,1
1.0755041276872899,-1.720951077238073,GAIN_MUSCLE,0
-0.16557554134473493,0.525155736498042,LOSE_WEIGHT,1
-0.3982779792882396,-0.9614402223989315,GAIN_MUSCLE,0
-1.4066552103767598,-1.128557553348759,GAIN_MUSCLE,0
-1.561790169005763,2.312313462252541,LOSE_WEIGHT,1
-0.010440582715731827,0.5713000741483677,LOSE_WEIGHT,1
0.22226185522777284,-0.4501110754628918,MAINTAIN,2
1.0755041276872899,0.6361515757109873,LOSE_WEIGHT,1
0.06712689659876972,-0.4900196918091193,MAINTAIN,2
-0.320710499973738,-0.8679044028374608,GAIN_MUSCLE,0
0.14469437591327128,-0.4363924885938762,MAINTAIN,2
-0.16557554134473493,2.3597049441636857,LOSE_WEIGHT,1
-0.8636828551752489,-1.3131349039500608,GAIN_MUSCLE,0
1.3857740449452962,-1.5762823429829984,GAIN_MUSCLE,0
0.7652342104292837,0.1747081992077318,LOSE_WEIGHT,1
-1.4842226896912614,0.00634372399708492,MAINTAIN,2
1.4633415242597976,1.4630082206343875,LOSE_WEIGHT,1
-1.2515202517477566,-0.39024815094355053,MAINTAIN,2
-0.08800806203023338,-1.2258348056926884,GAIN_MUSCLE,0
0.7652342104292837,0.19965108442412433,LOSE_WEIGHT,1
-0.47584545860274113,-0.5399054622419035,MAINTAIN,2
0.06712689659876972,0.3942055891119831,LOSE_WEIGHT,1
0.8428016897437852,0.7845617427485204,LOSE_WEIGHT,1
0.3773968138567759,-0.06100206608717383,MAINTAIN,2
1.5409090035742992,0.27697402859493975,LOSE_WEIGHT,1
1.3857740449452962,1.4168638829840625,LOSE_WEIGHT,1
1.230639086316293,-0.5785669343273117,MAINTAIN,2
-0.08800806203023338,-0.03980061365324072,MAINTAIN,2
-0.47584545860274113,-0.8067943340572997,GAIN_MUSCLE,0
0.8428016897437852,-0.31916092807683283,MAINTAIN,2
-1.3290877310622582,0.03378089773511617,LOSE_WEIGHT,1
-1.3290877310622582,0.4715285332827989,LOSE_WEIGHT,1
0.8428016897437852,0.9042875917872034,LOSE_WEIGHT,1
-1.716925127634766,0.25452543190018684,LOSE_WEIGHT,1
-1.018817813804252,1.897014423399611,LOSE_WEIGHT,1
-0.16557554134473493,-0.7793571603192685,MAINTAIN,2
-1.4066552103767598,-1.5987309396777514,GAIN_MUSCLE,0
-1.6393576483202645,1.6550684368006072,LOSE_WEIGHT,1
-0.08800806203023338,-1.0799189271767942,GAIN_MUSCLE,0
-1.6393576483202645,0.8544018213544188,LOSE_WEIGHT,1
-1.018817813804252,2.2549448262548393,LOSE_WEIGHT,1
0.8428016897437852,1.1437392898645675,LOSE_WEIGHT,1
-0.5534129379172427,-0.987630251876143,GAIN_MUSCLE,0
1.230639086316293,-0.9227787503135233,GAIN_MUSCLE,0
-0.08800806203023338,-1.071188917351057,GAIN_MUSCLE,0
-0.8636828551752489,-0.6184755506735391,MAINTAIN,2
0.06712689659876972,-0.4264153345073191,MAINTAIN,2
1.3082065656307946,-1.0462460321346647,GAIN_MUSCLE,0
1.1530716070017915,-0.7431899767555,MAINTAIN,2
-1.018817813804252,-0.6371827145858331,MAINTAIN,2
0.9203691690582868,0.4253841956324733,LOSE_WEIGHT,1
0.6876667311147822,-0.4351453443330564,MAINTAIN,2
-1.2515202517477566,-0.15827931843110343,MAINTAIN,2
-0.16557554134473493,-0.7768628717976294,MAINTAIN,2
-0.2431430206592365,0.5413686118886969,LOSE_WEIGHT,1
0.22226185522777284,-0.11961784634569574,MAINTAIN,2
-1.4842226896912614,-0.07846208573864842,MAINTAIN,2
-0.08800806203023338,2.022975993742392,LOSE_WEIGHT,1
-0.6309804172317443,-0.5685897802407546,MAINTAIN,2
1.3082065656307946,-0.32539664938093094,MAINTAIN,2
-0.16557554134473493,0.4914828414559127,LOSE_WEIGHT,1
-0.6309804172317443,0.5812772282349243,LOSE_WEIGHT,1
-0.08800806203023338,-0.3366209477283074,MAINTAIN,2
0.3773968138567759,-1.5164194184636572,GAIN_MUSCLE,0
-0.7085478965462458,-0.004880574350291539,MAINTAIN,2
0.2998293345422744,0.3131412121587087,LOSE_WEIGHT,1
1.3857740449452962,0.15974246807789683,LOSE_WEIGHT,1
1.3082065656307946,0.30316405807215163,LOSE_WEIGHT,1
0.3773968138567759,-1.1135918222189236,GAIN_MUSCLE,0
0.22226185522777284,0.5500986217144341,LOSE_WEIGHT,1
-1.6393576483202645,2.173880449301565,LOSE_WEIGHT,1
0.14469437591327128,-0.25929800355749155,MAINTAIN,2
-1.561790169005763,0.23082969094461453,LOSE_WEIGHT,1
-1.173952772433255,0.551345765975254,LOSE_WEIGHT,1
1.6184764828888007,-1.462792215248414,GAIN_MUSCLE,0
0.7652342104292837,-0.9751588092679471,GAIN_MUSCLE,0
1.4633415242597976,0.36177983833067306,LOSE_WEIGHT,1
0.9203691690582868,0.5725472184091871,LOSE_WEIGHT,1
-1.3290877310622582,0.30565834659379076,LOSE_WEIGHT,1
1.230639086316293,0.00759086825790428,MAINTAIN,2
-0.010440582715731827,2.3210434720782787,LOSE_WEIGHT,1
0.14469437591327128,1.2796780142939053,LOSE_WEIGHT,1
1.5409090035742992,-0.9976074059627,GAIN_MUSCLE,0
-0.320710499973738,-0.20317651182060928,MAINTAIN,2
-1.4066552103767598,1.9132272987902663,LOSE_WEIGHT,1
-0.9412503344897505,-0.2817466002522449,MAINTAIN,2
-0.8636828551752489,-1.3044048941243236,GAIN_MUSCLE,0
-1.018817813804252,-1.395446425164155,GAIN_MUSCLE,0
-1.173952772433255,0.8731089852667128,LOSE_WEIGHT,1
0.06712689659876972,0.3605326940698537,LOSE_WEIGHT,1
0.3773968138567759,0.40168845467690056,LOSE_WEIGHT,1
1.3857740449452962,-0.3628109772055193,MAINTAIN,2
0.9979366483727884,-0.8679044028374608,GAIN_MUSCLE,0
1.0755041276872899,1.8521172300101052,LOSE_WEIGHT,1
-0.16557554134473493,1.2173208012529249,LOSE_WEIGHT,1
-1.173952772433255,0.8930632934398265,LOSE_WEIGHT,1
-1.0963852931187537,0.4341142054582106,LOSE_WEIGHT,1
-0.6309804172317443,0.19092107459838703,LOSE_WEIGHT,1
1.3082065656307946,1.4767268075034032,LOSE_WEIGHT,1
-0.3982779792882396,-0.03231774808832323,MAINTAIN,2
1.4633415242597976,2.303583452426804,LOSE_WEIGHT,1
-0.2431430206592365,0.4378556382406696,LOSE_WEIGHT,1
-1.3290877310622582,0.025050887909378868,LOSE_WEIGHT,1
-0.8636828551752489,-1.637392411763159,GAIN_MUSCLE,0
-1.6393576483202645,-0.27925231173060533,MAINTAIN,2
-1.2515202517477566,0.6373987199718066,LOSE_WEIGHT,1
-0.5534129379172427,-0.5985212425004254,MAINTAIN,2
-1.561790169005763,-0.9389916257041786,GAIN_MUSCLE,0
1.6960439622033023,0.9454433523942503,LOSE_WEIGHT,1
-1.561790169005763,0.5862658052782027,LOSE_WEIGHT,1
0.2998293345422744,-0.6259584162384566,MAINTAIN,2
1.5409090035742992,0.25203114337854765,LOSE_WEIGHT,1
1.3082065656307946,-0.8766344126631981,GAIN_MUSCLE,0
1.1530716070017915,-1.0599646190036804,GAIN_MUSCLE,0
0.7652342104292837,-0.9090601634445077,GAIN_MUSCLE,0
0.3773968138567759,0.3443198186791989,LOSE_WEIGHT,1
-1.716925127634766,-0.8654101143158217,GAIN_MUSCLE,0
-1.173952772433255,-1.3405720776880923,GAIN_MUSCLE,0
1.0755041276872899,-1.0375160223089275,GAIN_MUSCLE,0
0.6876667311147822,0.2794683171165789,LOSE_WEIGHT,1
1.5409090035742992,1.9668545020055093,LOSE_WEIGHT,1
1.0755041276872899,2.418320724422207,LOSE_WEIGHT,1
-1.4842226896912614,-0.5162097212863312,MAINTAIN,2
0.5325317724857791,-1.500206543073002,GAIN_MUSCLE,0
-1.3290877310622582,-0.5211982983296095,MAINTAIN,2
-0.320710499973738,-0.1345835774755307,MAINTAIN,2
0.6876667311147822,-0.9202844617918842,GAIN_MUSCLE,0
-1.0963852931187537,-1.3118877596892413,GAIN_MUSCLE,0
-0.8636828551752489,0.24330113355281036,LOSE_WEIGHT,1
-0.9412503344897505,-0.39024815094355053,MAINTAIN,2
-0.5534129379172427,0.4590570906746027,LOSE_WEIGHT,1
-1.716925127634766,-0.5299283081553469,MAINTAIN,2
1.6960439622033023,2.4644650620725335,LOSE_WEIGHT,1
-0.16557554134473493,0.7920446083134384,LOSE_WEIGHT,1
0.5325317724857791,0.020062310866100542,LOSE_WEIGHT,1
-0.7861153758607473,1.6625513023655252,LOSE_WEIGHT,1
0.8428016897437852,0.619938700320332,LOSE_WEIGHT,1
-1.4842226896912614,-0.7357071111905821,MAINTAIN,2
0.3773968138567759,0.27697402859493975,LOSE_WEIGHT,1
1.1530716070017915,2.3160548950349993,LOSE_WEIGHT,1
0.6100992518002806,0.3518026842441164,LOSE_WEIGHT,1
0.2998293345422744,-0.7157528030174682,MAINTAIN,2
-1.4066552103767598,0.29443404824641434,LOSE_WEIGHT,1
0.14469437591327128,0.3605326940698537,LOSE_WEIGHT,1
-1.561790169005763,0.3044112023329714,LOSE_WEIGHT,1
0.7652342104292837,-0.06723778739127197,MAINTAIN,2
-1.4842226896912614,0.38173414650378684,LOSE_WEIGHT,1
0.14469437591327128,-1.3617735301220257,GAIN_MUSCLE,0
-0.2431430206592365,-0.07846208573864842,MAINTAIN,2
0.8428016897437852,-1.2333176712576062,GAIN_MUSCLE,0
0.22226185522777284,-0.5823083671097702,MAINTAIN,2
-1.4066552103767598,-1.198397631954657,GAIN_MUSCLE,0
0.9203691690582868,-0.2867351772955233,MAINTAIN,2
0.3773968138567759,2.47444221615909,LOSE_WEIGHT,1
0.4549642931712775,-0.7830985931017275,MAINTAIN,2
-1.0963852931187537,-0.0734735086953701,MAINTAIN,2
1.1530716070017915,-1.4839936676823473,GAIN_MUSCLE,0
-1.3290877310622582,0.5775357954524654,LOSE_WEIGHT,1
-0.320710499973738,0.22958254668379474,LOSE_WEIGHT,1
1.6184764828888007,1.3856852764635723,LOSE_WEIGHT,1
-0.9412503344897505,-0.44886393120207246,MAINTAIN,2
-1.6393576483202645,-0.05975492182635447,MAINTAIN,2
1.6184764828888007,-0.7057756489309116,MAINTAIN,2
1.6184764828888007,-0.8342315077953315,GAIN_MUSCLE,0
-1.0963852931187537,2.331020626164835,LOSE_WEIGHT,1
-0.16557554134473493,0.758371713271309,LOSE_WEIGHT,1
0.06712689659876972,1.7336385252322428,LOSE_WEIGHT,1
0.8428016897437852,1.3445295158565245,LOSE_WEIGHT,1
-0.08800806203023338,-1.809498319756265,GAIN_MUSCLE,0
-1.561790169005763,-1.3904578481208767,GAIN_MUSCLE,0
-0.8636828551752489,-1.0699417730902372,GAIN_MUSCLE,0
0.3773968138567759,0.4341142054582106,LOSE_WEIGHT,1
0.5325317724857791,1.7997371710556822,LOSE_WEIGHT,1
0.22226185522777284,-1.5076894086379198,GAIN_MUSCLE,0
-0.16557554134473493,2.2399790951250034,LOSE_WEIGHT,1
0.3773968138567759,0.9466904966550697,LOSE_WEIGHT,1
0.22226185522777284,-0.09467496112930365,MAINTAIN,2
0.7652342104292837,0.08990238947199845,LOSE_WEIGHT,1
-0.16557554134473493,2.375917819554341,LOSE_WEIGHT,1
0.9203691690582868,-0.4563467967669899,MAINTAIN,2
0.8428016897437852,2.3322677704256547,LOSE_WEIGHT,1
1.3857740449452962,0.646128729797544,LOSE_WEIGHT,1
-0.3982779792882396,-0.6957984948443545,MAINTAIN,2
-0.9412503344897505,-0.31666663955519364,MAINTAIN,2
-0.010440582715731827,-0.8442086618818881,GAIN_MUSCLE,0
-0.08800806203023338,-0.3964838722476487,MAINTAIN,2
-0.47584545860274113,2.0105045511341957,LOSE_WEIGHT,1
-1.4066552103767598,-0.2630394363399505,MAINTAIN,2
1.6184764828888007,0.47028138902197913,LOSE_WEIGHT,1
-0.9412503344897505,2.3222906163390977,LOSE_WEIGHT,1
0.5325317724857791,1.6937299088860154,LOSE_WEIGHT,1
-0.6309804172317443,-0.1308421446930722,MAINTAIN,2
0.2998293345422744,0.27822117285575954,LOSE_WEIGHT,1
0.9203691690582868,0.3281069432885437,LOSE_WEIGHT,1
0.7652342104292837,0.027545176431018035,LOSE_WEIGHT,1
-0.2431430206592365,-0.5623540589366568,MAINTAIN,2
-0.5534129379172427,0.01881516660528074,LOSE_WEIGHT,1
0.8428016897437852,-0.007374862871930703,MAINTAIN,2
-1.6393576483202645,-0.8117829111005785,GAIN_MUSCLE,0
0.9203691690582868,0.4827528316301754,LOSE_WEIGHT,1
1.3082065656307946,0.47901139884771643,LOSE_WEIGHT,1
0.3773968138567759,-0.9028244421404096,GAIN_MUSCLE,0
1.230639086316293,-1.0799189271767942,GAIN_MUSCLE,0
-1.3290877310622582,-0.10215782669422115,MAINTAIN,2
-1.0963852931187537,0.5164257266723048,LOSE_WEIGHT,1
-0.2431430206592365,-0.9988545502235198,GAIN_MUSCLE,0
-1.716925127634766,1.9568773479189527,LOSE_WEIGHT,1
-1.173952772433255,2.102793226434847,LOSE_WEIGHT,1
-0.010440582715731827,-0.21190652164634657,MAINTAIN,2
-1.561790169005763,-0.7768628717976294,MAINTAIN,2
-1.4842226896912614,-0.7731214390151704,MAINTAIN,2
0.14469437591327128,0.4478327923272262,LOSE_WEIGHT,1
1.1530716070017915,-0.5149625770255114,MAINTAIN,2
-0.6309804172317443,1.7211670826240466,LOSE_WEIGHT,1
-0.16557554134473493,-1.4203893103805474,GAIN_MUSCLE,0
0.9203691690582868,0.4852471201518146,LOSE_WEIGHT,1
-0.7085478965462458,0.6174444117986929,LOSE_WEIGHT,1
0.9979366483727884,-1.2994163170810453,GAIN_MUSCLE,0
-0.8636828551752489,1.3757081223770147,LOSE_WEIGHT,1
-0.47584545860274113,2.162656150954188,LOSE_WEIGHT,1
1.230639086316293,2.3858949736408976,LOSE_WEIGHT,1
-1.0963852931187537,0.515178582411485,LOSE_WEIGHT,1
0.9203691690582868,-0.2817466002522449,MAINTAIN,2
-0.7861153758607473,1.6525741482789684,LOSE_WEIGHT,1
-0.6309804172317443,0.39295844485116327,LOSE_WEIGHT,1
-0.3982779792882396,-0.10839354799831928,MAINTAIN,2
0.7652342104292837,0.3555441170265754,LOSE_WEIGHT,1
-1.3290877310622582,1.1524692996903048,LOSE_WEIGHT,1
0.2998293345422744,2.2711577016454934,LOSE_WEIGHT,1
-0.010440582715731827,-0.1882107806907743,MAINTAIN,2
0.2998293345422744,1.1961193488189914,LOSE_WEIGHT,1
0.8428016897437852,1.0788877883019483,LOSE_WEIGHT,1
1.1530716070017915,0.078678091124622,LOSE_WEIGHT,1
-0.7085478965462458,-0.22437796425454284,MAINTAIN,2
0.9979366483727884,0.35055553998329664,LOSE_WEIGHT,1
-1.173952772433255,-1.2121162188236727,GAIN_MUSCLE,0
0.9203691690582868,0.6448815855367246,LOSE_WEIGHT,1
-0.320710499973738,-0.3802709968569939,MAINTAIN,2
0.5325317724857791,-1.3343363563839943,GAIN_MUSCLE,0
-0.7085478965462458,1.1986136373406309,LOSE_WEIGHT,1
-0.2431430206592365,0.05997092721232805,LOSE_WEIGHT,1
0.14469437591327128,0.7945388968350775,LOSE_WEIGHT,1
1.3082065656307946,-0.5823083671097702,MAINTAIN,2
0.06712689659876972,0.23831255650953204,LOSE_WEIGHT,1
-0.7085478965462458,0.0799252353854418,LOSE_WEIGHT,1
0.22226185522777284,0.5887600937998418,LOSE_WEIGHT,1
1.1530716070017915,0.5239085922372223,LOSE_WEIGHT,1
-0.010440582715731827,-1.1846790450856413,GAIN_MUSCLE,0
-0.08800806203023338,-1.4291193202062844,GAIN_MUSCLE,0
-0.320710499973738,0.35055553998329664,LOSE_WEIGHT,1
-1.561790169005763,-0.4763011049401037,MAINTAIN,2
1.4633415242597976,0.0886552452111791,LOSE_WEIGHT,1
-0.320710499973738,-0.7032813604092725,MAINTAIN,2
-1.0963852931187537,0.162236756599536,LOSE_WEIGHT,1
0.3773968138567759,-1.1198275435230216,GAIN_MUSCLE,0
-0.2431430206592365,-0.9277673273568021,GAIN_MUSCLE,0
1.6960439622033023,1.7710528530568308,LOSE_WEIGHT,1
-1.2515202517477566,-0.2493208494709349,MAINTAIN,2
-0.7085478965462458,-1.1061089566540059,GAIN_MUSCLE,0
-1.0963852931187537,0.22209968111887723,LOSE_WEIGHT,1
-0.320710499973738,-1.2570134122131786,GAIN_MUSCLE,0
-0.7085478965462458,1.1275264144739132,LOSE_WEIGHT,1
1.1530716070017915,0.7795731657052422,LOSE_WEIGHT,1
0.9979366483727884,-0.22936654129782116,MAINTAIN,2
1.3082065656307946,0.7695960116186854,LOSE_WEIGHT,1
-0.47584545860274113,-0.4201796132032214,MAINTAIN,2
0.5325317724857791,-1.2133633630844924,GAIN_MUSCLE,0
-1.0963852931187537,0.27073830729084203,LOSE_WEIGHT,1
0.7652342104292837,-0.7793571603192685,MAINTAIN,2
0.14469437591327128,0.5999843921472183,LOSE_WEIGHT,1
-0.7085478965462458,0.5625700643226305,LOSE_WEIGHT,1
-0.9412503344897505,-1.2944277400377666,GAIN_MUSCLE,0
0.9203691690582868,-1.1697133139558058,GAIN_MUSCLE,0
1.3857740449452962,2.227507652516808,LOSE_WEIGHT,1
-0.7085478965462458,-0.1345835774755307,MAINTAIN,2
0.5325317724857791,0.5226614479764029,LOSE_WEIGHT,1
1.3857740449452962,-0.6321941375425547,MAINTAIN,2
-1.4842226896912614,-0.9315087601392606,GAIN_MUSCLE,0
-1.4842226896912614,1.562779761499956,LOSE_WEIGHT,1
0.3773968138567759,0.17221391068609262,LOSE_WEIGHT,1
-1.173952772433255,-0.17324504956093886,MAINTAIN,2
-1.6393576483202645,-1.1734547467382648,GAIN_MUSCLE,0
1.3857740449452962,2.2861234327753293,LOSE_WEIGHT,1
-0.08800806203023338,-0.1607736069527426,MAINTAIN,2
1.3857740449452962,-0.6209698391951783,MAINTAIN,2
-0.5534129379172427,-0.33287951494584844,MAINTAIN,2
0.4549642931712775,0.2071339499890418,LOSE_WEIGHT,1
0.5325317724857791,-0.5611069146758371,MAINTAIN,2
-0.8636828551752489,-1.0462460321346647,GAIN_MUSCLE,0
0.9203691690582868,0.2495368548569085,LOSE_WEIGHT,1
-0.9412503344897505,-0.4501110754628918,MAINTAIN,2
-0.16557554134473493,-0.3740352755528958,MAINTAIN,2
-0.16557554134473493,-1.2308233827359667,GAIN_MUSCLE,0
-1.4066552103767598,-0.31666663955519364,MAINTAIN,2
-0.2431430206592365,0.7409116936198344,LOSE_WEIGHT,1
1.0755041276872899,0.5027071398032892,LOSE_WEIGHT,1
-1.561790169005763,-0.4164381804207624,MAINTAIN,2
1.6184764828888007,1.3320580732483291,LOSE_WEIGHT,1
0.7652342104292837,0.07743094686380264,LOSE_WEIGHT,1
-1.0963852931187537,-0.5124682885038723,MAINTAIN,2
-1.0963852931187537,-0.1695036167784799,MAINTAIN,2
-1.4842226896912614,-0.4999968458956764,MAINTAIN,2
0.9203691690582868,-1.3168763367325198,GAIN_MUSCLE,0
-0.47584545860274113,0.45282136937050455,LOSE_WEIGHT,1
0.8428016897437852,-0.18197505938667616,MAINTAIN,2
0.06712689659876972,-0.3989781607692878,MAINTAIN,2
0.6876667311147822,2.3260320491215567,LOSE_WEIGHT,1
-1.716925127634766,-0.42142675746404074,MAINTAIN,2
-1.173952772433255,-0.7194942357999272,MAINTAIN,2
1.6960439622033023,-0.4363924885938762,MAINTAIN,2
-0.010440582715731827,-0.15578502990946427,MAINTAIN,2
1.3082065656307946,-1.3630206743828452,GAIN_MUSCLE,0
-0.8636828551752489,2.207553344343694,LOSE_WEIGHT,1
-0.8636828551752489,0.1921682188592064,LOSE_WEIGHT,1
-0.6309804172317443,-1.2545191236915394,GAIN_MUSCLE,0
1.3857740449452962,0.3355898088534616,LOSE_WEIGHT,1
-0.320710499973738,1.29713803394538,LOSE_WEIGHT,1
0.22226185522777284,0.6486230183191831,LOSE_WEIGHT,1
0.4549642931712775,-0.14954930860536614,MAINTAIN,2
-0.08800806203023338,-1.0100788485708962,GAIN_MUSCLE,0
1.3082065656307946,2.5854380553720353,LOSE_WEIGHT,1
-0.16557554134473493,-1.3281006350798963,GAIN_MUSCLE,0
1.1530716070017915,1.1549635882119444,LOSE_WEIGHT,1
-0.2431430206592365,-1.4540622054226768,GAIN_MUSCLE,0
0.4549642931712775,0.5376271791062379,LOSE_WEIGHT,1
-1.4842226896912614,0.4253841956324733,LOSE_WEIGHT,1
-1.2515202517477566,-0.8342315077953315,GAIN_MUSCLE,0
0.3773968138567759,-1.1061089566540059,GAIN_MUSCLE,0
0.3773968138567759,-0.7606499964069746,MAINTAIN,2
-1.4842226896912614,-1.020056002657453,GAIN_MUSCLE,0
-0.08800806203023338,-0.8442086618818881,GAIN_MUSCLE,0
-0.8636828551752489,-1.5625637561139827,GAIN_MUSCLE,0
1.6960439622033023,-0.707022793191731,MAINTAIN,2
-1.561790169005763,-0.1931993577340526,MAINTAIN,2
-0.08800806203023338,-0.506232567199774,MAINTAIN,2
1.6184764828888007,1.3856852764635723,LOSE_WEIGHT,1
-1.6393576483202645,-0.03481203660996239,MAINTAIN,2
0.06712689659876972,-1.0113259928317155,GAIN_MUSCLE,0
0.8428016897437852,-0.8828701339672959,GAIN_MUSCLE,0
0.2998293345422744,-1.2794620089079316,GAIN_MUSCLE,0
1.3857740449452962,0.6112086904945948,LOSE_WEIGHT,1
-1.716925127634766,-0.405213882073386,MAINTAIN,2
-1.173952772433255,-0.8816229897064765,GAIN_MUSCLE,0
-0.010440582715731827,0.9105233130913011,LOSE_WEIGHT,1
1.1530716070017915,-0.7731214390151704,MAINTAIN,2
-1.3290877310622582,-0.12710071191061323,MAINTAIN,2
-0.08800806203023338,0.35803840554821453,LOSE_WEIGHT,1
0.14469437591327128,1.9331816069633805,LOSE_WEIGHT,1
-0.3982779792882396,-0.5835555113705899,MAINTAIN,2
-0.47584545860274113,0.5326386020629595,LOSE_WEIGHT,1
-0.8636828551752489,-0.7095170817133706,MAINTAIN,2
-1.3290877310622582,-1.4016821464682532,GAIN_MUSCLE,0
0.22226185522777284,-1.3979407136857942,GAIN_MUSCLE,0
0.2998293345422744,-0.6758441866712408,MAINTAIN,2
-1.173952772433255,0.591254382321481,LOSE_WEIGHT,1
-0.320710499973738,-0.7656385734502529,MAINTAIN,2
1.4633415242597976,-0.794322891449104,GAIN_MUSCLE,0
-1.716925127634766,2.3933778392058156,LOSE_WEIGHT,1
0.4549642931712775,-0.6184755506735391,MAINTAIN,2
1.6960439622033023,-0.22811939703700135,MAINTAIN,2
0.9203691690582868,-0.714505658756649,MAINTAIN,2
1.3082065656307946,-0.004880574350291539,MAINTAIN,2
-0.7085478965462458,-1.1335461303920373,GAIN_MUSCLE,0
0.9203691690582868,0.020062310866100542,LOSE_WEIGHT,1
1.6960439622033023,-0.6109926851086211,MAINTAIN,2
-0.2431430206592365,0.5326386020629595,LOSE_WEIGHT,1
-0.7861153758607473,0.6448815855367246,LOSE_WEIGHT,1
1.1530716070017915,0.1672253336428143,LOSE_WEIGHT,1
-1.173952772433255,1.597699800802905,LOSE_WEIGHT,1
1.5409090035742992,-0.6783384751928804,MAINTAIN,2
-0.2431430206592365,-0.2518151379925741,MAINTAIN,2
0.7652342104292837,2.1713861607799254,LOSE_WEIGHT,1
0.22226185522777284,1.471738230460125,LOSE_WEIGHT,1
1.230639086316293,-0.12460642338897406,MAINTAIN,2
-0.16557554134473493,1.5166354238496307,LOSE_WEIGHT,1
1.4633415242597976,-0.0173520169584878,MAINTAIN,2
1.5409090035742992,0.5937486708431207,LOSE_WEIGHT,1
1.3857740449452962,0.7496417034455717,LOSE_WEIGHT,1
-1.0963852931187537,0.0013551469538065919,MAINTAIN,2
0.06712689659876972,1.809714325142239,LOSE_WEIGHT,1
1.0755041276872899,-0.09716924965094281,MAINTAIN,2
1.3857740449452962,-0.9963602617018802,GAIN_MUSCLE,0
-0.47584545860274113,0.18842678607674787,LOSE_WEIGHT,1
0.06712689659876972,-0.19569364625569177,MAINTAIN,2
-0.16557554134473493,-0.4625825180710881,MAINTAIN,2
1.230639086316293,0.37923985798214765,LOSE_WEIGHT,1
1.3857740449452962,-0.612239829369441,MAINTAIN,2
1.230639086316293,-0.513715432764692,MAINTAIN,2
-0.7861153758607473,-0.2106593773855272,MAINTAIN,2
-0.9412503344897505,-1.4428379070753004,GAIN_MUSCLE,0
-0.320710499973738,1.9481473380932155,LOSE_WEIGHT,1
-0.9412503344897505,0.1747081992077318,LOSE_WEIGHT,1
-0.7861153758607473,-0.9240258945743431,GAIN_MUSCLE,0
1.6960439622033023,-1.0213031469182727,GAIN_MUSCLE,0
-1.716925127634766,1.7735471415784705,LOSE_WEIGHT,1
1.3082065656307946,-1.0637060517861394,GAIN_MUSCLE,0
1.6184764828888007,-0.4501110754628918,MAINTAIN,2
-0.320710499973738,-0.2019293675597899,MAINTAIN,2
-0.8636828551752489,0.17844963199019076,LOSE_WEIGHT,1
-1.173952772433255,0.06371235999478701,LOSE_WEIGHT,1
-1.173952772433255,0.34930839572247724,LOSE_WEIGHT,1
1.6960439622033023,1.2372751094260381,LOSE_WEIGHT,1
-0.8636828551752489,-0.3378680919891272,MAINTAIN,2
0.7652342104292837,-0.9302616158784413,GAIN_MUSCLE,0
1.6960439622033023,-0.809288622578939,GAIN_MUSCLE,0
0.22226185522777284,1.6974713416684744,LOSE_WEIGHT,1
1.230639086316293,0.2956811925072341,LOSE_WEIGHT,1
0.3773968138567759,-0.688315629279437,MAINTAIN,2
-1.4066552103767598,0.5675586413659087,LOSE_WEIGHT,1
-1.173952772433255,0.9554205064808069,LOSE_WEIGHT,1
0.14469437591327128,0.2807154613773987,LOSE_WEIGHT,1
0.2998293345422744,-1.4952179660297238,GAIN_MUSCLE,0
-0.010440582715731827,2.4657122063333525,LOSE_WEIGHT,1
0.5325317724857791,2.230001941038447,LOSE_WEIGHT,1
1.6960439622033023,-1.2482834023874414,GAIN_MUSCLE,0
-0.010440582715731827,0.5164257266723048,LOSE_WEIGHT,1
-0.2431430206592365,0.5713000741483677,LOSE_WEIGHT,1
-0.3982779792882396,-1.1322989861312178,GAIN_MUSCLE,0
-0.3982779792882396,-1.4191421661197277,GAIN_MUSCLE,0
-1.6393576483202645,0.7883031755309794,LOSE_WEIGHT,1
-1.4842226896912614,-1.3118877596892413,GAIN_MUSCLE,0
0.5325317724857791,0.11609241894921034,LOSE_WEIGHT,1
0.7652342104292837,1.93193446270256,LOSE_WEIGHT,1
0.9979366483727884,-1.0063374157884373,GAIN_MUSCLE,0
-0.3982779792882396,0.18717964181592806,LOSE_WEIGHT,1
1.0755041276872899,-0.19943507903815075,MAINTAIN,2
-0.320710499973738,-0.9527102125731942,GAIN_MUSCLE,0
0.3773968138567759,0.3605326940698537,LOSE_WEIGHT,1
1.3082065656307946,-0.6409241473682921,MAINTAIN,2
-0.2431430206592365,2.4794307932023685,LOSE_WEIGHT,1
0.7652342104292837,0.21336967129313994,LOSE_WEIGHT,1
-0.8636828551752489,0.34057838589673994,LOSE_WEIGHT,1
-0.6309804172317443,-0.5573654818933781,MAINTAIN,2
1.3857740449452962,0.09239667799363763,LOSE_WEIGHT,1
1.230639086316293,-0.9739116650071273,GAIN_MUSCLE,0
-1.6393576483202645,-1.2083747860412137,GAIN_MUSCLE,0
0.4549642931712775,-1.663582441240371,GAIN_MUSCLE,0
1.3857740449452962,-1.3455606547313708,GAIN_MUSCLE,0
-1.018817813804252,-0.7032813604092725,MAINTAIN,2
-1.6393576483202645,1.1250321259522735,LOSE_WEIGHT,1
-0.9412503344897505,2.6789738749335057,LOSE_WEIGHT,1
-0.7861153758607473,-0.027329171045044457,MAINTAIN,2
-1.018817813804252,-0.8205129209263154,GAIN_MUSCLE,0
-0.7085478965462458,0.14602388120888118,LOSE_WEIGHT,1
-0.3982779792882396,-0.24682656094929575,MAINTAIN,2
-1.0963852931187537,-0.899083009357951,GAIN_MUSCLE,0
1.230639086316293,-1.5638109003748022,GAIN_MUSCLE,0
0.3773968138567759,-1.6199323921116846,GAIN_MUSCLE,0
-1.561790169005763,-0.9327559044000804,GAIN_MUSCLE,0
-0.2431430206592365,0.8444246672678617,LOSE_WEIGHT,1
-1.3290877310622582,1.5353425877619247,LOSE_WEIGHT,1
0.2998293345422744,-0.3989781607692878,MAINTAIN,2
-1.6393576483202645,-1.0362688780481077,GAIN_MUSCLE,0
0.4549642931712775,0.496471418499191,LOSE_WEIGHT,1
1.1530716070017915,-0.7257299571040254,MAINTAIN,2
-1.561790169005763,0.41415989728509683,LOSE_WEIGHT,1
-0.5534129379172427,-1.2794620089079316,GAIN_MUSCLE,0
0.5325317724857791,0.37300413667804955,LOSE_WEIGHT,1
1.3082065656307946,-0.4650768065927272,MAINTAIN,2
-1.6393576483202645,-1.1447704287394138,GAIN_MUSCLE,0
-0.47584545860274113,-0.8055471897964804,GAIN_MUSCLE,0
1.3857740449452962,0.23706541224871222,LOSE_WEIGHT,1
-0.8636828551752489,1.0015648441311322,LOSE_WEIGHT,1
0.9203691690582868,0.4914828414559127,LOSE_WEIGHT,1
1.5409090035742992,0.08990238947199845,LOSE_WEIGHT,1
-1.716925127634766,0.9791162474363792,LOSE_WEIGHT,1
1.6960439622033023,-1.34805494325301,GAIN_MUSCLE,0
-0.6309804172317443,0.6087144019729556,LOSE_WEIGHT,1
0.22226185522777284,0.26699687450838305,LOSE_WEIGHT,1
1.0755041276872899,-0.4725596721576447,MAINTAIN,2
-0.16557554134473493,0.18842678607674787,LOSE_WEIGHT,1
0.6100992518002806,2.1838576033881214,LOSE_WEIGHT,1
0.14469437591327128,-1.2133633630844924,GAIN_MUSCLE,0
-0.010440582715731827,0.5363800348454185,LOSE_WEIGHT,1
0.06712689659876972,-0.2480737052101151,MAINTAIN,2
1.1530716070017915,-1.165971881173347,GAIN_MUSCLE,0
0.3773968138567759,0.515178582411485,LOSE_WEIGHT,1
-0.16557554134473493,0.34930839572247724,LOSE_WEIGHT,1
1.5409090035742992,1.4056395846366856,LOSE_WEIGHT,1
-0.3982779792882396,0.18094392051182992,LOSE_WEIGHT,1
0.9979366483727884,-0.003633430089472179,MAINTAIN,2
0.9203691690582868,0.729687395272458,LOSE_WEIGHT,1
1.6960439622033023,1.6987184859292936,LOSE_WEIGHT,1
-1.0963852931187537,-0.8304900750128725,GAIN_MUSCLE,0
1.1530716070017915,0.29443404824641434,LOSE_WEIGHT,1
0.5325317724857791,-0.09592210539012301,MAINTAIN,2
1.6184764828888007,0.7483945591847518,LOSE_WEIGHT,1
0.8428016897437852,0.3530498285049362,LOSE_WEIGHT,1
0.6876667311147822,-0.8940944323146722,GAIN_MUSCLE,0
-1.561790169005763,0.25701972042182597,LOSE_WEIGHT,1
-1.561790169005763,1.031496306390803,LOSE_WEIGHT,1
0.3773968138567759,-0.3391152362499466,MAINTAIN,2
1.6184764828888007,1.5478140303701209,LOSE_WEIGHT,1
-0.6309804172317443,1.7161785055807683,LOSE_WEIGHT,1
1.3857740449452962,0.34556696294001826,LOSE_WEIGHT,1
-0.010440582715731827,0.16971962216445347,LOSE_WEIGHT,1
1.3082065656307946,0.33184837607100265,LOSE_WEIGHT,1
-0.9412503344897505,0.051240917386590756,LOSE_WEIGHT,1
0.6876667311147822,1.3270694962050498,LOSE_WEIGHT,1
0.9979366483727884,-0.9801473863112254,GAIN_MUSCLE,0
0.7652342104292837,-0.4276624787681389,MAINTAIN,2
0.06712689659876972,-1.1260632648271196,GAIN_MUSCLE,0
1.230639086316293,0.3630269825914929,LOSE_WEIGHT,1
0.8428016897437852,-0.3565752559014212,MAINTAIN,2
0.3773968138567759,-1.1934090549113785,GAIN_MUSCLE,0
1.0755041276872899,-1.0412574550913865,GAIN_MUSCLE,0
-1.2515202517477566,0.6249272773636109,LOSE_WEIGHT,1
-1.4842226896912614,-0.274263734687327,MAINTAIN,2
1.0755041276872899,-0.3141723510335545,MAINTAIN,2
-1.716925127634766,-0.09093352834684469,MAINTAIN,2
-1.716925127634766,-1.309393471167602,GAIN_MUSCLE,0
-0.2431430206592365,0.936713342568513,LOSE_WEIGHT,1
-0.320710499973738,-1.0275388682223705,GAIN_MUSCLE,0
0.4549642931712775,-1.4191421661197277,GAIN_MUSCLE,0
-1.018817813804252,-0.7519199865812373,MAINTAIN,2
-0.3982779792882396,-0.7830985931017275,MAINTAIN,2
0.3773968138567759,1.5914640794988075,LOSE_WEIGHT,1
0.9203691690582868,1.4330767583747168,LOSE_WEIGHT,1
1.5409090035742992,-1.2183519401277707,GAIN_MUSCLE,0
0.6100992518002806,0.6885316346654107,LOSE_WEIGHT,1
0.2998293345422744,1.3170923421184932,LOSE_WEIGHT,1
-0.9412503344897505,-1.018808858396633,GAIN_MUSCLE,0
1.1530716070017915,1.270948004468168,LOSE_WEIGHT,1
-1.4066552103767598,2.0778503412184546,LOSE_WEIGHT,1
-1.173952772433255,0.5101900053682067,LOSE_WEIGHT,1
0.8428016897437852,0.5875129495390224,LOSE_WEIGHT,1
-0.8636828551752489,-0.4276624787681389,MAINTAIN,2
1.1530716070017915,0.0711952255597045,LOSE_WEIGHT,1
-1.716925127634766,-1.28445058595121,GAIN_MUSCLE,0
0.6100992518002806,-0.3977310165084685,MAINTAIN,2
-1.4842226896912614,0.7720903001403246,LOSE_WEIGHT,1
1.6960439622033023,0.3605326940698537,LOSE_WEIGHT,1
-1.4066552103767598,-0.30419519694699787,MAINTAIN,2
0.5325317724857791,-1.2283290942143275,GAIN_MUSCLE,0
0.06712689659876972,-0.9277673273568021,GAIN_MUSCLE,0
-1.561790169005763,-1.459050782465955,GAIN_MUSCLE,0
-0.9412503344897505,-0.6683613211063233,MAINTAIN,2
1.6960439622033023,1.270948004468168,LOSE_WEIGHT,1
-1.4842226896912614,-0.04603633495733885,MAINTAIN,2
0.22226185522777284,1.2372751094260381,LOSE_WEIGHT,1
0.2998293345422744,0.30066976955051244,LOSE_WEIGHT,1
1.5409090035742992,-1.306899182645963,GAIN_MUSCLE,0
0.2998293345422744,-1.6448752773280768,GAIN_MUSCLE,0
1.4633415242597976,-0.23310797408028014,MAINTAIN,2
-1.3290877310622582,0.7122273756209834,LOSE_WEIGHT,1
-0.6309804172317443,-0.12335927912815425,MAINTAIN,2
0.5325317724857791,0.01881516660528074,LOSE_WEIGHT,1
1.4633415242597976,1.0227662965650657,LOSE_WEIGHT,1
1.0755041276872899,-1.0312803010048295,GAIN_MUSCLE,0
1.0755041276872899,0.5925015265823008,LOSE_WEIGHT,1
1.4633415242597976,-0.4887725475482995,MAINTAIN,2
1.0755041276872899,-1.0437517436130257,GAIN_MUSCLE,0
0.9203691690582868,-0.4413810656371545,MAINTAIN,2
-0.010440582715731827,0.3106469236370691,LOSE_WEIGHT,1
-1.3290877310622582,0.7047445100560654,LOSE_WEIGHT,1
-1.4842226896912614,-0.003633430089472179,MAINTAIN,2
-0.3982779792882396,-0.27052230190486803,MAINTAIN,2
-1.0963852931187537,-0.3802709968569939,MAINTAIN,2
0.4549642931712775,-0.9901245403977825,GAIN_MUSCLE,0
-0.7861153758607473,0.496471418499191,LOSE_WEIGHT,1
-0.47584545860274113,-0.21440081016798573,MAINTAIN,2
1.6960439622033023,0.3779927137213283,LOSE_WEIGHT,1
0.6876667311147822,1.7049542072333914,LOSE_WEIGHT,1
-0.08800806203023338,-1.089896081263351,GAIN_MUSCLE,0
-1.4842226896912614,-1.641133844545618,GAIN_MUSCLE,0
-1.4066552103767598,-1.341819221948912,GAIN_MUSCLE,0
1.0755041276872899,-0.3316323706850291,MAINTAIN,2
1.3857740449452962,0.2807154613773987,LOSE_WEIGHT,1
-0.7861153758607473,-0.5636012031974762,MAINTAIN,2
0.8428016897437852,0.2732325958124812,LOSE_WEIGHT,1
1.6960439622033023,-0.7781100160584488,MAINTAIN,2
-0.08800806203023338,-1.366762107165304,GAIN_MUSCLE,0
-0.010440582715731827,1.2397693979476778,LOSE_WEIGHT,1
-1.561790169005763,-1.522655139767755,GAIN_MUSCLE,0
1.4633415242597976,-1.200891920476296,GAIN_MUSCLE,0
0.8428016897437852,-0.3827652853786331,MAINTAIN,2
0.6876667311147822,-0.8753872684023783,GAIN_MUSCLE,0
1.6960439622033023,-0.3303852264242093,MAINTAIN,2
-0.16557554134473493,0.5426157561495166,LOSE_WEIGHT,1
1.6184764828888007,-0.7880871701450058,MAINTAIN,2
-0.16557554134473493,-0.15827931843110343,MAINTAIN,2
1.6184764828888007,0.2819626056382185,LOSE_WEIGHT,1
-0.9412503344897505,-0.07970922999946822,MAINTAIN,2
1.230639086316293,2.2736519901671333,LOSE_WEIGHT,1
-1.4842226896912614,-0.4451224984196135,MAINTAIN,2
-1.716925127634766,-0.899083009357951,GAIN_MUSCLE,0
0.3773968138567759,0.30939977937624974,LOSE_WEIGHT,1
0.06712689659876972,2.4008607047707335,LOSE_WEIGHT,1
0.9203691690582868,0.040016619039214295,LOSE_WEIGHT,1
-0.7861153758607473,0.6161972675378735,LOSE_WEIGHT,1
0.8428016897437852,0.6548587396232812,LOSE_WEIGHT,1
-0.9412503344897505,-1.1597361598692493,GAIN_MUSCLE,0
0.9979366483727884,0.2233468253796966,LOSE_WEIGHT,1
-0.47584545860274113,-0.593532665457147,MAINTAIN,2
0.9203691690582868,0.3854755792862458,LOSE_WEIGHT,1
-0.3982779792882396,0.369262703895591,LOSE_WEIGHT,1
1.3082065656307946,2.1688918722582855,LOSE_WEIGHT,1
-0.08800806203023338,1.1636935980376817,LOSE_WEIGHT,1
0.06712689659876972,-0.7556614193636958,MAINTAIN,2
-0.320710499973738,-0.6957984948443545,MAINTAIN,2
1.0755041276872899,-0.4575939410278093,MAINTAIN,2
1.230639086316293,0.7608660017929482,LOSE_WEIGHT,1
-0.16557554134473493,1.00904770969605,LOSE_WEIGHT,1
-1.173952772433255,-0.8604215372725429,GAIN_MUSCLE,0
0.3773968138567759,0.16847247790363412,LOSE_WEIGHT,1
-1.4066552103767598,-0.5623540589366568,MAINTAIN,2
-0.47584545860274113,1.817197190707156,LOSE_WEIGHT,1
1.0755041276872899,-0.5049854229389548,MAINTAIN,2
0.9979366483727884,0.4914828414559127,LOSE_WEIGHT,1
-0.320710499973738,-0.05975492182635447,MAINTAIN,2
0.2998293345422744,0.7957860410958969,LOSE_WEIGHT,1
0.8428016897437852,-1.2420476810833432,GAIN_MUSCLE,0
-0.9412503344897505,-0.8142771996222177,GAIN_MUSCLE,0
1.6960439622033023,-0.18446934790831532,MAINTAIN,2
-0.8636828551752489,1.6974713416684744,LOSE_WEIGHT,1
-0.16557554134473493,-1.3468077989921905,GAIN_MUSCLE,0
-0.9412503344897505,0.33683695311428097,LOSE_WEIGHT,1
1.230639086316293,1.479221096025043,LOSE_WEIGHT,1
0.3773968138567759,0.9167590343953987,LOSE_WEIGHT,1
-1.4066552103767598,0.05248806164741056,LOSE_WEIGHT,1
-0.47584545860274113,-0.1620207512135624,MAINTAIN,2
-0.2431430206592365,1.3333052175091484,LOSE_WEIGHT,1
1.3857740449452962,0.551345765975254,LOSE_WEIGHT,1
-0.8636828551752489,-1.0911432255241706,GAIN_MUSCLE,0
-1.3290877310622582,-1.6947610477608612,GAIN_MUSCLE,0
-0.47584545860274113,0.040016619039214295,LOSE_WEIGHT,1
-0.320710499973738,-0.3291380821633899,MAINTAIN,2
0.22226185522777284,1.7635699874919128,LOSE_WEIGHT,1
1.6184764828888007,-0.22313081999372303,MAINTAIN,2
1.6184764828888007,-0.608498396586982,MAINTAIN,2
0.6876667311147822,0.46155137919624184,LOSE_WEIGHT,1
-1.3290877310622582,0.020062310866100542,LOSE_WEIGHT,1
0.9979366483727884,-1.0113259928317155,GAIN_MUSCLE,0
1.1530716070017915,-0.8816229897064765,GAIN_MUSCLE,0
-0.9412503344897505,0.5775357954524654,LOSE_WEIGHT,1
0.7652342104292837,-0.17324504956093886,MAINTAIN,2
0.06712689659876972,0.42164276285001434,LOSE_WEIGHT,1
-0.010440582715731827,1.7386271022755213,LOSE_WEIGHT,1
-0.6309804172317443,-0.3465981018148645,MAINTAIN,2
0.2998293345422744,0.33060123181018286,LOSE_WEIGHT,1
-0.9412503344897505,0.06371235999478701,LOSE_WEIGHT,1
-0.47584545860274113,-0.3653052657271585,MAINTAIN,2
-0.7085478965462458,0.5413686118886969,LOSE_WEIGHT,1
0.2998293345422744,-0.14705502008372698,MAINTAIN,2
-0.3982779792882396,0.3443198186791989,LOSE_WEIGHT,1
0.3773968138567759,-1.2545191236915394,GAIN_MUSCLE,0
-1.4842226896912614,-0.10215782669422115,MAINTAIN,2
-1.2515202517477566,0.5039542840641085,LOSE_WEIGHT,1
1.6960439622033023,-0.506232567199774,MAINTAIN,2
0.9203691690582868,-0.7456842652771392,MAINTAIN,2
-1.0963852931187537,-0.9165430290094256,GAIN_MUSCLE,0
-1.173952772433255,2.128983255912058,LOSE_WEIGHT,1
1.6960439622033023,-1.3056520383851433,GAIN_MUSCLE,0
-0.47584545860274113,-0.8591743930117235,GAIN_MUSCLE,0
-0.47584545860274113,1.5964526565420858,LOSE_WEIGHT,1
0.7652342104292837,-0.06100206608717383,MAINTAIN,2
0.6876667311147822,-1.3817278382951395,GAIN_MUSCLE,0
-1.173952772433255,1.6962241974076542,LOSE_WEIGHT,1
-0.320710499973738,-1.523902284028575,GAIN_MUSCLE,0
1.1530716070017915,-0.7045285046700919,MAINTAIN,2
-1.561790169005763,-0.819265776665496,GAIN_MUSCLE,0
-1.4066552103767598,-0.6222169834559976,MAINTAIN,2
-0.7861153758607473,-0.4700653836360056,MAINTAIN,2
0.6100992518002806,0.5376271791062379,LOSE_WEIGHT,1
-0.5534129379172427,1.092606375170964,LOSE_WEIGHT,1
0.6876667311147822,-0.1345835774755307,MAINTAIN,2
-0.08800806203023338,-0.9377444814433588,GAIN_MUSCLE,0
0.4549642931712775,-0.5710840687623937,MAINTAIN,2
-0.08800806203023338,1.7548399776661756,LOSE_WEIGHT,1
1.5409090035742992,-0.08719209556438572,MAINTAIN,2
-1.561790169005763,0.4066770317201794,LOSE_WEIGHT,1
-1.018817813804252,-1.34805494325301,GAIN_MUSCLE,0
1.4633415242597976,-0.5673426359799352,MAINTAIN,2
-0.16557554134473493,-0.3266437936417508,MAINTAIN,2
-0.5534129379172427,2.1751275935623844,LOSE_WEIGHT,1
-0.8636828551752489,-0.1607736069527426,MAINTAIN,2
-1.6393576483202645,-0.6970456391051744,MAINTAIN,2
1.3857740449452962,-0.634688426064194,MAINTAIN,2
0.06712689659876972,0.3754984251996891,LOSE_WEIGHT,1
0.9203691690582868,1.2460051192517756,LOSE_WEIGHT,1
0.5325317724857791,-0.8778815569240175,GAIN_MUSCLE,0
0.5325317724857791,-0.6060041080653429,MAINTAIN,2
0.9203691690582868,0.37425128093886934,LOSE_WEIGHT,1
-0.320710499973738,-0.7157528030174682,MAINTAIN,2
-1.173952772433255,-0.7207413800607471,MAINTAIN,2
0.22226185522777284,-1.2507776909090804,GAIN_MUSCLE,0
1.3082065656307946,-0.7643914291894331,MAINTAIN,2
-1.2515202517477566,0.30565834659379076,LOSE_WEIGHT,1
0.5325317724857791,2.056648888784521,LOSE_WEIGHT,1
-1.2515202517477566,0.5625700643226305,LOSE_WEIGHT,1
-1.561790169005763,-0.8903529995322138,GAIN_MUSCLE,0
-1.716925127634766,0.04500519608249262,LOSE_WEIGHT,1
0.9979366483727884,-0.7606499964069746,MAINTAIN,2
0.14469437591327128,0.14727102546970056,LOSE_WEIGHT,1
1.0755041276872899,0.6249272773636109,LOSE_WEIGHT,1
-1.716925127634766,-0.4438753541587937,MAINTAIN,2
-0.6309804172317443,0.46653995623952016,LOSE_WEIGHT,1
1.0755041276872899,-0.9976074059627,GAIN_MUSCLE,0
-0.7861153758607473,-0.04977776773979738,MAINTAIN,2
1.3082065656307946,-1.3393249334272728,GAIN_MUSCLE,0
-1.173952772433255,-0.038553469392420915,MAINTAIN,2
-1.4066552103767598,-0.3877538624219114,MAINTAIN,2
-1.0963852931187537,1.96560735774469,LOSE_WEIGHT,1
-1.716925127634766,-0.4363924885938762,MAINTAIN,2
0.9979366483727884,-1.0911432255241706,GAIN_MUSCLE,0
0.9203691690582868,-0.7993114684923823,GAIN_MUSCLE,0
-1.6393576483202645,-1.5376208708975905,GAIN_MUSCLE,0
1.3082065656307946,1.627631263062576,LOSE_WEIGHT,1
-0.010440582715731827,1.8371514988802702,LOSE_WEIGHT,1
-1.0963852931187537,0.027545176431018035,LOSE_WEIGHT,1
0.8428016897437852,-0.6509013014548487,MAINTAIN,2
-0.7085478965462458,1.623889830280117,LOSE_WEIGHT,1
-1.4842226896912614,-1.2208462286494097,GAIN_MUSCLE,0
0.5325317724857791,-1.4041764349898924,GAIN_MUSCLE,0
0.6100992518002806,0.4316199169365714,LOSE_WEIGHT,1
1.1530716070017915,1.0327434506516224,LOSE_WEIGHT,1
-0.9412503344897505,1.0564391916071956,LOSE_WEIGHT,1
0.9203691690582868,0.05622949442986908,LOSE_WEIGHT,1
-1.173952772433255,-0.7169999472782881,MAINTAIN,2
-1.561790169005763,-1.2233405171710492,GAIN_MUSCLE,0
-0.7085478965462458,-1.2457891138658022,GAIN_MUSCLE,0
-0.7861153758607473,-0.14206644304044866,MAINTAIN,2
1.6960439622033023,1.2983851782061993,LOSE_WEIGHT,1
0.6876667311147822,0.15600103529543785,LOSE_WEIGHT,1
0.8428016897437852,0.19466250738084556,LOSE_WEIGHT,1
1.6960439622033023,-1.1098503894364649,GAIN_MUSCLE,0
-0.320710499973738,-0.8055471897964804,GAIN_MUSCLE,0
1.1530716070017915,-0.2867351772955233,MAINTAIN,2
-0.5534129379172427,0.19092107459838703,LOSE_WEIGHT,1
-1.6393576483202645,0.08117237964626116,LOSE_WEIGHT,1
1.3082065656307946,0.9292304770035951,LOSE_WEIGHT,1
-0.47584545860274113,-1.462792215248414,GAIN_MUSCLE,0
0.8428016897437852,1.3345523617699677,LOSE_WEIGHT,1
1.4633415242597976,0.1834382090334691,LOSE_WEIGHT,1
-0.5534129379172427,-1.2545191236915394,GAIN_MUSCLE,0
1.1530716070017915,0.3380840973751008,LOSE_WEIGHT,1
-1.6393576483202645,1.267206571685709,LOSE_WEIGHT,1
-1.6393576483202645,0.5725472184091871,LOSE_WEIGHT,1
0.22226185522777284,-0.684574196496978,MAINTAIN,2
-0.7861153758607473,-1.6773010281093865,GAIN_MUSCLE,0
0.6100992518002806,0.027545176431018035,LOSE_WEIGHT,1
0.8428016897437852,-0.3179137838160135,MAINTAIN,2
1.230639086316293,-0.2019293675597899,MAINTAIN,2
-1.561790169005763,-1.2644962777780964,GAIN_MUSCLE,0
-1.173952772433255,-1.1884204778681,GAIN_MUSCLE,0
-0.010440582715731827,-0.0173520169584878,MAINTAIN,2
-0.7085478965462458,-1.0113259928317155,GAIN_MUSCLE,0
0.2998293345422744,-0.19195221347323282,MAINTAIN,2
0.4549642931712775,0.40168845467690056,LOSE_WEIGHT,1
1.230639086316293,0.00634372399708492,MAINTAIN,2
1.230639086316293,1.0040591326527717,LOSE_WEIGHT,1
-1.716925127634766,-0.3877538624219114,MAINTAIN,2
-0.47584545860274113,0.38298129076460663,LOSE_WEIGHT,1
1.3857740449452962,0.8394360902245833,LOSE_WEIGHT,1
0.5325317724857791,0.9042875917872034,LOSE_WEIGHT,1
-0.7861153758607473,2.1526789968676314,LOSE_WEIGHT,1
-0.16557554134473493,0.29942262528969266,LOSE_WEIGHT,1
-0.320710499973738,-0.5124682885038723,MAINTAIN,2
-0.320710499973738,1.2135793684704659,LOSE_WEIGHT,1
0.14469437591327128,-0.9951131174410609,GAIN_MUSCLE,0
-0.08800806203023338,-0.8566801044900844,GAIN_MUSCLE,0
0.6100992518002806,-0.6982927833659941,MAINTAIN,2
-0.47584545860274113,0.01881516660528074,LOSE_WEIGHT,1
-0.010440582715731827,1.0776406440411281,LOSE_WEIGHT,1
0.6876667311147822,2.5143508325053174,LOSE_WEIGHT,1
-1.018817813804252,-1.038763166569747,GAIN_MUSCLE,0
-1.018817813804252,0.2183582483364183,LOSE_WEIGHT,1
0.9979366483727884,-0.04478919069651904,MAINTAIN,2
-1.173952772433255,-1.141028995956955,GAIN_MUSCLE,0
-0.2431430206592365,-1.4066707235115314,GAIN_MUSCLE,0
0.6876667311147822,-1.131051841870398,GAIN_MUSCLE,0
-0.7085478965462458,-1.0088317043100765,GAIN_MUSCLE,0
0.3773968138567759,-1.4989593988121825,GAIN_MUSCLE,0
0.06712689659876972,0.051240917386590756,LOSE_WEIGHT,1
-0.6309804172317443,-0.0647434988696328,MAINTAIN,2
-0.08800806203023338,-1.0425045993522057,GAIN_MUSCLE,0
0.5325317724857791,0.04375805182167326,LOSE_WEIGHT,1
-1.4842226896912614,0.2158639598147791,LOSE_WEIGHT,1
-0.7861153758607473,-0.6957984948443545,MAINTAIN,2
-0.010440582715731827,-0.2967123313820799,MAINTAIN,2
-1.173952772433255,-1.47526365785661,GAIN_MUSCLE,0
-0.3982779792882396,-0.3528338231189622,MAINTAIN,2
-0.8636828551752489,1.7635699874919128,LOSE_WEIGHT,1
0.6100992518002806,0.45282136937050455,LOSE_WEIGHT,1
-0.7085478965462458,-0.3204080723376526,MAINTAIN,2
0.8428016897437852,0.5925015265823008,LOSE_WEIGHT,1
-0.3982779792882396,-0.9202844617918842,GAIN_MUSCLE,0
0.8428016897437852,0.3942055891119831,LOSE_WEIGHT,1
-0.9412503344897505,-0.7768628717976294,MAINTAIN,2
1.3857740449452962,-1.1584890156084293,GAIN_MUSCLE,0
-0.8636828551752489,0.4578099464137833,LOSE_WEIGHT,1
-0.6309804172317443,-1.5214079955069355,GAIN_MUSCLE,0
0.6100992518002806,-0.8841172782281156,GAIN_MUSCLE,0
0.4549642931712775,1.29713803394538,LOSE_WEIGHT,1
0.22226185522777284,-0.22063653147208387,MAINTAIN,2
-0.3982779792882396,0.1759553434685516,LOSE_WEIGHT,1
0.6876667311147822,-0.006127718611111343,MAINTAIN,2
-0.08800806203023338,0.9579147950024465,LOSE_WEIGHT,1
1.1530716070017915,1.6762698892345407,LOSE_WEIGHT,1
-0.47584545860274113,0.24828971059608868,LOSE_WEIGHT,1
-0.010440582715731827,-0.6808327637145195,MAINTAIN,2
0.06712689659876972,2.201317623039596,LOSE_WEIGHT,1
-1.173952772433255,-0.30170090842535824,MAINTAIN,2
1.3857740449452962,0.5987372478863989,LOSE_WEIGHT,1
-1.3290877310622582,-0.6421712916291115,MAINTAIN,2
-1.4066552103767598,0.39919416615526143,LOSE_WEIGHT,1
1.6184764828888007,-1.2457891138658022,GAIN_MUSCLE,0
0.4549642931712775,0.5201671594547638,LOSE_WEIGHT,1
0.3773968138567759,-1.2719791433430139,GAIN_MUSCLE,0
-0.9412503344897505,2.0129988396558347,LOSE_WEIGHT,1
-1.716925127634766,-0.899083009357951,GAIN_MUSCLE,0
1.5409090035742992,-0.6770913309320606,MAINTAIN,2
-0.320710499973738,-0.4326510558114172,MAINTAIN,2
-1.0963852931187537,2.3784121080759797,LOSE_WEIGHT,1
0.2998293345422744,-0.4713125278968254,MAINTAIN,2
0.8428016897437852,0.4802585431085362,LOSE_WEIGHT,1
1.6184764828888007,-0.19943507903815075,MAINTAIN,2
-1.4842226896912614,-0.7032813604092725,MAINTAIN,2
0.9979366483727884,0.2146168155539593,LOSE_WEIGHT,1
-0.3982779792882396,0.6561058838841011,LOSE_WEIGHT,1
-0.6309804172317443,-0.321655216598472,MAINTAIN,2
-0.7861153758607473,0.649870162580003,LOSE_WEIGHT,1
-0.320710499973738,0.11983385173166931,LOSE_WEIGHT,1
-1.3290877310622582,-1.5750351987221787,GAIN_MUSCLE,0
-0.8636828551752489,-0.6035098195437038,MAINTAIN,2
1.0755041276872899,2.641559547108918,LOSE_WEIGHT,1
-0.47584545860274113,0.8943104377006459,LOSE_WEIGHT,1
-0.010440582715731827,2.061637465827799,LOSE_WEIGHT,1
0.22226185522777284,-0.19943507903815075,MAINTAIN,2
0.4549642931712775,0.22958254668379474,LOSE_WEIGHT,1
0.7652342104292837,-1.2333176712576062,GAIN_MUSCLE,0
0.2998293345422744,-0.8853644224889354,GAIN_MUSCLE,0
0.14469437591327128,0.06870093703806535,LOSE_WEIGHT,1
-1.018817813804252,-1.3879635595992375,GAIN_MUSCLE,0
-0.010440582715731827,-0.7045285046700919,MAINTAIN,2
-0.16557554134473493,-1.2208462286494097,GAIN_MUSCLE,0
-0.16557554134473493,0.2794683171165789,LOSE_WEIGHT,1
1.5409090035742992,-0.1695036167784799,MAINTAIN,2
-0.7861153758607473,-0.862915825794182,GAIN_MUSCLE,0
1.0755041276872899,0.32685979902772433,LOSE_WEIGHT,1
0.7652342104292837,-0.8467029504035273,GAIN_MUSCLE,0
0.06712689659876972,2.394624983466635,LOSE_WEIGHT,1
1.6184764828888007,2.3597049441636857,LOSE_WEIGHT,1
-0.9412503344897505,-1.1123446779581039,GAIN_MUSCLE,0
-0.47584545860274113,0.049993773125770954,LOSE_WEIGHT,1
-1.4842226896912614,-1.1934090549113785,GAIN_MUSCLE,0
0.14469437591327128,-0.634688426064194,MAINTAIN,2
0.5325317724857791,-0.3378680919891272,MAINTAIN,2
-1.0963852931187537,-0.4513582197237116,MAINTAIN,2
-0.16557554134473493,0.4777642545868971,LOSE_WEIGHT,1
-0.2431430206592365,-0.2480737052101151,MAINTAIN,2
-0.320710499973738,-1.0025959830059783,GAIN_MUSCLE,0
-0.320710499973738,-0.4550996525061701,MAINTAIN,2
-0.8636828551752489,0.3892170120687048,LOSE_WEIGHT,1
1.0755041276872899,-0.18197505938667616,MAINTAIN,2
1.4633415242597976,-0.3291380821633899,MAINTAIN,2
-0.47584545860274113,-1.074930350133516,GAIN_MUSCLE,0
1.0755041276872899,2.3372563474689327,LOSE_WEIGHT,1
1.230639086316293,0.6548587396232812,LOSE_WEIGHT,1
0.3773968138567759,0.2071339499890418,LOSE_WEIGHT,1
1.3857740449452962,-1.4690279365525118,GAIN_MUSCLE,0
0.9203691690582868,-1.344313510470551,GAIN_MUSCLE,0
-0.3982779792882396,-0.6558898784981275,MAINTAIN,2
-0.7085478965462458,2.1688918722582855,LOSE_WEIGHT,1
0.9203691690582868,-1.1023675238715471,GAIN_MUSCLE,0
1.6184764828888007,-0.02234059400176613,MAINTAIN,2
1.3857740449452962,-1.4440850513361199,GAIN_MUSCLE,0
-1.2515202517477566,-1.0911432255241706,GAIN_MUSCLE,0
1.3857740449452962,0.3854755792862458,LOSE_WEIGHT,1
-0.7861153758607473,-0.2642865806007703,MAINTAIN,2
-0.3982779792882396,0.8332003689204852,LOSE_WEIGHT,1
1.0755041276872899,2.478183648941549,LOSE_WEIGHT,1
-0.7861153758607473,0.9741276703931009,LOSE_WEIGHT,1
0.9979366483727884,2.4682064948549924,LOSE_WEIGHT,1
0.6100992518002806,-0.5872969441530489,MAINTAIN,2
-1.6393576483202645,0.8406832344854027,LOSE_WEIGHT,1
-0.5534129379172427,1.0339905949124426,LOSE_WEIGHT,1
-1.0963852931187537,-0.22437796425454284,MAINTAIN,2
-1.0963852931187537,-1.0462460321346647,GAIN_MUSCLE,0
1.1530716070017915,0.369262703895591,LOSE_WEIGHT,1
-0.9412503344897505,-0.226872252776182,MAINTAIN,2
-0.08800806203023338,0.6748130477963951,LOSE_WEIGHT,1
0.7652342104292837,-0.08469780704274656,MAINTAIN,2
0.9979366483727884,-0.5798140785881309,MAINTAIN,2
1.6960439622033023,-0.5636012031974762,MAINTAIN,2
-0.010440582715731827,0.06870093703806535,LOSE_WEIGHT,1
1.6960439622033023,-0.4887725475482995,MAINTAIN,2
1.6960439622033023,-1.2794620089079316,GAIN_MUSCLE,0
0.8428016897437852,-1.020056002657453,GAIN_MUSCLE,0
-1.0963852931187537,-0.3802709968569939,MAINTAIN,2
0.06712689659876972,-0.4426282098979743,MAINTAIN,2
-1.173952772433255,-0.7182470915391079,MAINTAIN,2
-1.2515202517477566,-1.1098503894364649,GAIN_MUSCLE,0
0.9979366483727884,0.29692833676805347,LOSE_WEIGHT,1
-0.3982779792882396,0.3605326940698537,LOSE_WEIGHT,1
-1.561790169005763,1.5303540107186464,LOSE_WEIGHT,1
0.3773968138567759,0.5762886511916461,LOSE_WEIGHT,1
-1.3290877310622582,0.8119989164865521,LOSE_WEIGHT,1
1.6184764828888007,0.6835430576221323,LOSE_WEIGHT,1
1.6184764828888007,0.40168845467690056,LOSE_WEIGHT,1
-0.16557554134473493,-0.1046521152158603,MAINTAIN,2
0.3773968138567759,-0.6247112719776373,MAINTAIN,2
1.3082065656307946,-1.2158576516061315,GAIN_MUSCLE,0
-1.716925127634766,1.1562107324727637,LOSE_WEIGHT,1
0.9979366483727884,-1.1011203796107274,GAIN_MUSCLE,0
-0.16557554134473493,-1.2233405171710492,GAIN_MUSCLE,0
1.5409090035742992,0.26076115320428495,LOSE_WEIGHT,1
0.9203691690582868,-0.8504443831859863,GAIN_MUSCLE,0
-0.7861153758607473,2.231249085299266,LOSE_WEIGHT,1
-1.018817813804252,-0.21315366590716636,MAINTAIN,2
1.6184764828888007,-0.22313081999372303,MAINTAIN,2
-1.018817813804252,0.4765171103260773,LOSE_WEIGHT,1
-0.7861153758607473,-1.0063374157884373,GAIN_MUSCLE,0
1.0755041276872899,0.37425128093886934,LOSE_WEIGHT,1
1.1530716070017915,0.33933124163592016,LOSE_WEIGHT,1
0.06712689659876972,0.4603042349354225,LOSE_WEIGHT,1
-1.6393576483202645,-0.6471598686723902,MAINTAIN,2
-0.08800806203023338,0.9417019196117913,LOSE_WEIGHT,1
-0.47584545860274113,0.725945962489999,LOSE_WEIGHT,1
0.9979366483727884,0.20588680572822202,LOSE_WEIGHT,1
-0.7085478965462458,1.2011079258622697,LOSE_WEIGHT,1
-1.018817813804252,-0.6858213407577979,MAINTAIN,2
0.9203691690582868,0.5164257266723048,LOSE_WEIGHT,1
0.14469437591327128,0.5164257266723048,LOSE_WEIGHT,1
-1.561790169005763,-1.481499379160708,GAIN_MUSCLE,0
1.1530716070017915,-0.08719209556438572,MAINTAIN,2
-0.47584545860274113,-1.6211795363725043,GAIN_MUSCLE,0
-0.8636828551752489,0.551345765975254,LOSE_WEIGHT,1
0.06712689659876972,0.5002128512816499,LOSE_WEIGHT,1
0.4549642931712775,-0.4451224984196135,MAINTAIN,2
1.5409090035742992,-0.06973207591291113,MAINTAIN,2
0.14469437591327128,-0.14456073156208782,MAINTAIN,2
0.9979366483727884,0.35928554980903393,LOSE_WEIGHT,1
0.22226185522777284,-0.8304900750128725,GAIN_MUSCLE,0
1.1530716070017915,1.293396601162921,LOSE_WEIGHT,1
-1.716925127634766,-0.9090601634445077,GAIN_MUSCLE,0
-0.2431430206592365,0.1747081992077318,LOSE_WEIGHT,1
0.3773968138567759,-0.06349635460881344,MAINTAIN,2
-0.5534129379172427,-0.22188367573290366,MAINTAIN,2
-0.47584545860274113,0.7920446083134384,LOSE_WEIGHT,1
1.3082065656307946,-0.3154194952943743,MAINTAIN,2
0.3773968138567759,-1.1672190254341668,GAIN_MUSCLE,0
-0.8636828551752489,-1.370503539947763,GAIN_MUSCLE,0
0.2998293345422744,0.6411401527542656,LOSE_WEIGHT,1
1.4633415242597976,-1.3493020875138297,GAIN_MUSCLE,0
0.5325317724857791,0.5525929102360733,LOSE_WEIGHT,1
1.3857740449452962,1.7274028039281444,LOSE_WEIGHT,1
0.8428016897437852,-1.0362688780481077,GAIN_MUSCLE,0
1.0755041276872899,-0.9701702322246688,GAIN_MUSCLE,0
-1.3290877310622582,-0.302948052686178,MAINTAIN,2
-1.2515202517477566,-0.42142675746404074,MAINTAIN,2
0.6876667311147822,0.5413686118886969,LOSE_WEIGHT,1
0.6876667311147822,0.11983385173166931,LOSE_WEIGHT,1
0.14469437591327128,0.1360467271223241,LOSE_WEIGHT,1
0.7652342104292837,-1.255766267952359,GAIN_MUSCLE,0
-1.2515202517477566,-1.4490736283793981,GAIN_MUSCLE,0
-0.8636828551752489,0.6373987199718066,LOSE_WEIGHT,1
-0.5534129379172427,0.43910278250148893,LOSE_WEIGHT,1
-0.5534129379172427,2.6315823930223603,LOSE_WEIGHT,1
1.5409090035742992,1.7785357186217488,LOSE_WEIGHT,1
0.9979366483727884,0.3555441170265754,LOSE_WEIGHT,1
-0.7861153758607473,-0.4588410852886291,MAINTAIN,2
-1.2515202517477566,0.44409135954476725,LOSE_WEIGHT,1
0.9979366483727884,-0.9302616158784413,GAIN_MUSCLE,0
-1.0963852931187537,-0.1707507610392997,MAINTAIN,2
0.6876667311147822,0.30316405807215163,LOSE_WEIGHT,1
-0.9412503344897505,-1.3468077989921905,GAIN_MUSCLE,0
-1.173952772433255,-0.15952646269192325,MAINTAIN,2
0.7652342104292837,-0.4638296623319074,MAINTAIN,2
-0.010440582715731827,-0.4363924885938762,MAINTAIN,2
0.14469437591327128,0.15600103529543785,LOSE_WEIGHT,1
-1.173952772433255,2.041683157654686,LOSE_WEIGHT,1
1.6960439622033023,-1.020056002657453,GAIN_MUSCLE,0
-0.08800806203023338,-0.001139141567833015,MAINTAIN,2
-1.4842226896912614,1.642596994192411,LOSE_WEIGHT,1
1.3082065656307946,-0.05850777756553467,MAINTAIN,2
-1.561790169005763,-0.3291380821633899,MAINTAIN,2
0.4549642931712775,-1.0886489370025314,GAIN_MUSCLE,0
1.3857740449452962,-0.04478919069651904,MAINTAIN,2
0.4549642931712775,0.4266313398932931,LOSE_WEIGHT,1
0.8428016897437852,0.45531565789214373,LOSE_WEIGHT,1
0.8428016897437852,0.3630269825914929,LOSE_WEIGHT,1
0.3773968138567759,-0.9003301536187704,GAIN_MUSCLE,0
-0.7861153758607473,0.09613811077609659,LOSE_WEIGHT,1
-0.6309804172317443,-0.10964069225913864,MAINTAIN,2
-0.010440582715731827,1.460513932112748,LOSE_WEIGHT,1
1.6184764828888007,-0.4937611245915783,MAINTAIN,2
0.22226185522777284,-0.3490923903365037,MAINTAIN,2
-1.4842226896912614,-1.669818162544469,GAIN_MUSCLE,0
0.22226185522777284,1.26346513890325,LOSE_WEIGHT,1
1.3082065656307946,2.2686634131238548,LOSE_WEIGHT,1
-1.0963852931187537,0.23457112372707306,LOSE_WEIGHT,1
-1.4066552103767598,2.6939396060633407,LOSE_WEIGHT,1
0.6876667311147822,-0.014857728436848638,MAINTAIN,2
-0.2431430206592365,0.40418274319853975,LOSE_WEIGHT,1
-0.9412503344897505,-0.4189324689424016,MAINTAIN,2
-0.6309804172317443,2.2823819999928703,LOSE_WEIGHT,1
0.6876667311147822,-1.1771961795207235,GAIN_MUSCLE,0
0.3773968138567759,-0.9040715864012294,GAIN_MUSCLE,0
-0.08800806203023338,0.2645025859867439,LOSE_WEIGHT,1
1.3857740449452962,0.40168845467690056,LOSE_WEIGHT,1
-0.47584545860274113,-1.3330892121231745,GAIN_MUSCLE,0
0.22226185522777284,-0.1520435971270053,MAINTAIN,2
1.6184764828888007,-0.7706271504935313,MAINTAIN,2
-1.2515202517477566,-0.4600882295494489,MAINTAIN,2
1.4633415242597976,0.06121807147314741,LOSE_WEIGHT,1
0.22226185522777284,0.0874081009503593,LOSE_WEIGHT,1
0.14469437591327128,2.0554017445237016,LOSE_WEIGHT,1
-1.018817813804252,-0.9452273470082763,GAIN_MUSCLE,0
1.6960439622033023,0.496471418499191,LOSE_WEIGHT,1
-0.320710499973738,-0.4251681902464997,MAINTAIN,2
-0.9412503344897505,0.32311836624526535,LOSE_WEIGHT,1
-0.7861153758607473,-1.153500438565151,GAIN_MUSCLE,0
-1.173952772433255,-0.5972740982396055,MAINTAIN,2
1.3082065656307946,-0.9028244421404096,GAIN_MUSCLE,0
-1.4842226896912614,0.6074672577121363,LOSE_WEIGHT,1
0.6100992518002806,-0.7494256980595981,MAINTAIN,2
0.3773968138567759,0.6037258249296773,LOSE_WEIGHT,1
-0.9412503344897505,-1.2220933729102297,GAIN_MUSCLE,0
1.5409090035742992,-0.13208928895389155,MAINTAIN,2
-1.716925127634766,1.817197190707156,LOSE_WEIGHT,1
1.1530716070017915,-1.5850123528087354,GAIN_MUSCLE,0
0.06712689659876972,0.7621131460537676,LOSE_WEIGHT,1
0.6100992518002806,0.4428442152839479,LOSE_WEIGHT,1
1.3857740449452962,0.8980518704831049,LOSE_WEIGHT,1
0.22226185522777284,-0.7294713898864844,MAINTAIN,2
-1.4066552103767598,-0.9128015962269667,GAIN_MUSCLE,0
-0.2431430206592365,-0.18322220364749553,MAINTAIN,2
1.3857740449452962,-0.1046521152158603,MAINTAIN,2
-0.9412503344897505,-0.9477216355299158,GAIN_MUSCLE,0
0.7652342104292837,0.4889885529342735,LOSE_WEIGHT,1
1.1530716070017915,-0.5187040098079704,MAINTAIN,2
0.2998293345422744,0.30191691381133223,LOSE_WEIGHT,1
0.8428016897437852,-0.5910383769355074,MAINTAIN,2
-0.6309804172317443,-1.1834319008248217,GAIN_MUSCLE,0
0.6876667311147822,0.45406851363132433,LOSE_WEIGHT,1
-0.16557554134473493,1.9107330102686266,LOSE_WEIGHT,1
-1.4066552103767598,-1.5750351987221787,GAIN_MUSCLE,0
-1.3290877310622582,-0.31666663955519364,MAINTAIN,2
1.1530716070017915,-0.24183798390601743,MAINTAIN,2
-0.08800806203023338,-1.3281006350798963,GAIN_MUSCLE,0
-0.3982779792882396,-0.6957984948443545,MAINTAIN,2
-0.7085478965462458,-1.052481753438763,GAIN_MUSCLE,0
-1.018817813804252,0.34930839572247724,LOSE_WEIGHT,1
-0.7861153758607473,-1.3555378088179275,GAIN_MUSCLE,0
0.6100992518002806,-1.427872175945465,GAIN_MUSCLE,0
0.5325317724857791,2.041683157654686,LOSE_WEIGHT,1
-1.561790169005763,0.798280329617536,LOSE_WEIGHT,1
0.5325317724857791,-0.946474491269096,GAIN_MUSCLE,0
-1.3290877310622582,0.6511173068408223,LOSE_WEIGHT,1
0.4549642931712775,-1.417895021858908,GAIN_MUSCLE,0
-1.173952772433255,-1.4129064448156297,GAIN_MUSCLE,0
1.6184764828888007,1.7897600169691248,LOSE_WEIGHT,1
1.6960439622033023,0.24579542207444952,LOSE_WEIGHT,1
1.5409090035742992,1.130020702995552,LOSE_WEIGHT,1
1.6184764828888007,0.5900072380606617,LOSE_WEIGHT,1
0.7652342104292837,-0.1221121348673349,MAINTAIN,2
-0.47584545860274113,-0.4289096230289587,MAINTAIN,2
-0.9412503344897505,-1.3131349039500608,GAIN_MUSCLE,0
-0.7861153758607473,-0.31666663955519364,MAINTAIN,2
-0.9412503344897505,-0.23061368555864095,MAINTAIN,2
0.6100992518002806,-1.296922028559406,GAIN_MUSCLE,0
0.3773968138567759,-1.2208462286494097,GAIN_MUSCLE,0
1.6184764828888007,0.703497365795246,LOSE_WEIGHT,1
-1.3290877310622582,0.057476638690688885,LOSE_WEIGHT,1
1.3857740449452962,-1.1422761402177746,GAIN_MUSCLE,0
-0.5534129379172427,1.753592833405356,LOSE_WEIGHT,1
-1.4842226896912614,-0.28548803303470344,MAINTAIN,2
0.9203691690582868,-0.5423997507635431,MAINTAIN,2
0.22226185522777284,-0.08719209556438572,MAINTAIN,2
-0.8636828551752489,0.6586001724057402,LOSE_WEIGHT,1
-0.9412503344897505,0.7022502215344263,LOSE_WEIGHT,1
1.0755041276872899,-1.4104121562939904,GAIN_MUSCLE,0
0.14469437591327128,-0.536164029459445,MAINTAIN,2
-0.3982779792882396,-1.7471411067152847,GAIN_MUSCLE,0
-0.320710499973738,-0.509973999982233,MAINTAIN,2
-0.010440582715731827,-0.6072512523261627,MAINTAIN,2
1.1530716070017915,2.2861234327753293,LOSE_WEIGHT,1
-0.3982779792882396,-0.23186082981946032,MAINTAIN,2
0.22226185522777284,-0.7594028521461548,MAINTAIN,2
-1.3290877310622582,-1.2570134122131786,GAIN_MUSCLE,0
-1.4842226896912614,-0.4064610263342058,MAINTAIN,2
1.6184764828888007,2.102793226434847,LOSE_WEIGHT,1
0.4549642931712775,1.3482709486389834,LOSE_WEIGHT,1
0.8428016897437852,0.369262703895591,LOSE_WEIGHT,1
-0.47584545860274113,0.4403499267623087,LOSE_WEIGHT,1
1.5409090035742992,-0.6895627735402569,MAINTAIN,2
1.5409090035742992,-0.5810612228489508,MAINTAIN,2
-0.5534129379172427,-1.784555434539873,GAIN_MUSCLE,0
-1.6393576483202645,-1.28445058595121,GAIN_MUSCLE,0
0.8428016897437852,-0.03481203660996239,MAINTAIN,2
-1.173952772433255,0.0799252353854418,LOSE_WEIGHT,1
-0.7861153758607473,0.12108099599248867,LOSE_WEIGHT,1
1.4633415242597976,-0.8479500946643471,GAIN_MUSCLE,0
-1.173952772433255,-1.3181234809933395,GAIN_MUSCLE,0
0.5325317724857791,-0.8067943340572997,GAIN_MUSCLE,0
0.6876667311147822,1.616406964715199,LOSE_WEIGHT,1
0.9979366483727884,-1.1771961795207235,GAIN_MUSCLE,0
0.5325317724857791,1.1574578767335832,LOSE_WEIGHT,1
-1.716925127634766,0.21960539259723807,LOSE_WEIGHT,1
1.5409090035742992,-0.4937611245915783,MAINTAIN,2
1.230639086316293,-0.21440081016798573,MAINTAIN,2
-0.47584545860274113,-0.3802709968569939,MAINTAIN,2
-0.2431430206592365,0.2819626056382185,LOSE_WEIGHT,1
0.06712689659876972,1.4617610763735682,LOSE_WEIGHT,1
-0.08800806203023338,0.369262703895591,LOSE_WEIGHT,1
0.4549642931712775,-1.0923903697849904,GAIN_MUSCLE,0
-0.08800806203023338,0.12482242877494763,LOSE_WEIGHT,1
1.6184764828888007,-0.19818793477733096,MAINTAIN,2
-1.0963852931187537,-1.1846790450856413,GAIN_MUSCLE,0
1.0755041276872899,2.0204817052207527,LOSE_WEIGHT,1
-1.018817813804252,0.515178582411485,LOSE_WEIGHT,1
0.9979366483727884,0.3804870022429675,LOSE_WEIGHT,1
1.0755041276872899,1.4168638829840625,LOSE_WEIGHT,1
0.3773968138567759,1.798490026794862,LOSE_WEIGHT,1
0.3773968138567759,-0.06100206608717383,MAINTAIN,2
1.4633415242597976,2.2512033934723803,LOSE_WEIGHT,1
1.5409090035742992,-0.452605363984531,MAINTAIN,2
-0.16557554134473493,0.1535067467737987,LOSE_WEIGHT,1
0.06712689659876972,1.1275264144739132,LOSE_WEIGHT,1
1.4633415242597976,0.7671017230970458,LOSE_WEIGHT,1
1.3082065656307946,0.4091713202418185,LOSE_WEIGHT,1
-1.6393576483202645,0.9591619392632659,LOSE_WEIGHT,1
-1.173952772433255,1.2372751094260381,LOSE_WEIGHT,1
0.2998293345422744,0.1921682188592064,LOSE_WEIGHT,1
-0.08800806203023338,-0.3478452460756839,MAINTAIN,2
1.0755041276872899,-0.038553469392420915,MAINTAIN,2
0.2998293345422744,1.2884080241196425,LOSE_WEIGHT,1
0.4549642931712775,-0.3777767083353547,MAINTAIN,2
-1.561790169005763,-1.3493020875138297,GAIN_MUSCLE,0
1.6184764828888007,0.420395618589195,LOSE_WEIGHT,1
-0.7861153758607473,-0.4912668360699391,MAINTAIN,2
1.6960439622033023,-0.946474491269096,GAIN_MUSCLE,0
-1.018817813804252,-0.36405812146633865,MAINTAIN,2
0.9979366483727884,-0.2630394363399505,MAINTAIN,2
-1.0963852931187537,0.6947673559695088,LOSE_WEIGHT,1
0.2998293345422744,-0.20941223312470741,MAINTAIN,2
0.8428016897437852,-0.3453509575540447,MAINTAIN,2
-1.716925127634766,-0.021093449740946325,MAINTAIN,2
0.6876667311147822,0.6885316346654107,LOSE_WEIGHT,1
0.14469437591327128,-0.6546427342373077,MAINTAIN,2
0.4549642931712775,0.1921682188592064,LOSE_WEIGHT,1
-1.2515202517477566,-1.1148389664797431,GAIN_MUSCLE,0
-1.561790169005763,-1.204633353258755,GAIN_MUSCLE,0
-0.2431430206592365,0.9017933032655638,LOSE_WEIGHT,1
-0.2431430206592365,-0.9065658749228686,GAIN_MUSCLE,0
0.5325317724857791,-0.8591743930117235,GAIN_MUSCLE,0
0.9203691690582868,2.2973477311227053,LOSE_WEIGHT,1
0.9203691690582868,0.3355898088534616,LOSE_WEIGHT,1
1.230639086316293,1.7411213907971599,LOSE_WEIGHT,1
0.2998293345422744,-1.1672190254341668,GAIN_MUSCLE,0
0.22226185522777284,-1.1098503894364649,GAIN_MUSCLE,0
-0.7085478965462458,1.4467953452437323,LOSE_WEIGHT,1
-0.47584545860274113,-0.2879823215563426,MAINTAIN,2
-0.3982779792882396,-0.809288622578939,GAIN_MUSCLE,0
1.6960439622033023,-1.0811660714376135,GAIN_MUSCLE,0
0.4549642931712775,0.5987372478863989,LOSE_WEIGHT,1
-0.2431430206592365,0.7820674542268813,LOSE_WEIGHT,1
0.2998293345422744,0.5900072380606617,LOSE_WEIGHT,1
-0.3982779792882396,0.8406832344854027,LOSE_WEIGHT,1
-1.4842226896912614,-0.1607736069527426,MAINTAIN,2
-1.716925127634766,2.3821535408584387,LOSE_WEIGHT,1
-1.716925127634766,0.8930632934398265,LOSE_WEIGHT,1
0.22226185522777284,1.6338669843666738,LOSE_WEIGHT,1
1.6960439622033023,0.5164257266723048,LOSE_WEIGHT,1
-0.2431430206592365,-0.6022626752828839,MAINTAIN,2
-0.010440582715731827,0.10985669764511222,LOSE_WEIGHT,1
-1.018817813804252,1.5278597221970076,LOSE_WEIGHT,1
-0.9412503344897505,-0.7544142751028764,MAINTAIN,2
1.3857740449452962,-1.0562231862212215,GAIN_MUSCLE,0
1.3857740449452962,-0.042294902174879884,MAINTAIN,2
-1.4066552103767598,1.6775170334953602,LOSE_WEIGHT,1
-1.716925127634766,-0.43015676728977803,MAINTAIN,2
-0.47584545860274113,-0.4363924885938762,MAINTAIN,2
-0.08800806203023338,1.9032501447037096,LOSE_WEIGHT,1
0.8428016897437852,-0.1931993577340526,MAINTAIN,2
1.6960439622033023,-0.4351453443330564,MAINTAIN,2
1.3857740449452962,0.14103530416560242,LOSE_WEIGHT,1
0.4549642931712775,-0.179480770865037,MAINTAIN,2
-1.4842226896912614,-1.8232169066252808,GAIN_MUSCLE,0
-1.4066552103767598,-1.5974837954169319,GAIN_MUSCLE,0
-0.9412503344897505,-0.6272055604992764,MAINTAIN,2
-0.16557554134473493,2.249956249211561,LOSE_WEIGHT,1
0.9203691690582868,0.9217476114386771,LOSE_WEIGHT,1
-0.8636828551752489,-0.1607736069527426,MAINTAIN,2
0.22226185522777284,-1.4777579463782493,GAIN_MUSCLE,0
-0.320710499973738,-1.1435232844785943,GAIN_MUSCLE,0
1.6960439622033023,-1.1472647172610528,GAIN_MUSCLE,0
-1.2515202517477566,-0.09093352834684469,MAINTAIN,2
-1.2515202517477566,0.449079936588046,LOSE_WEIGHT,1
0.22226185522777284,0.4079241759809987,LOSE_WEIGHT,1
1.3082065656307946,-1.637392411763159,GAIN_MUSCLE,0
-1.4066552103767598,0.5076957168465674,LOSE_WEIGHT,1
-0.16557554134473493,-0.026082026784225096,MAINTAIN,2
-0.7085478965462458,0.4765171103260773,LOSE_WEIGHT,1
-1.4842226896912614,1.3794495551594737,LOSE_WEIGHT,1
-0.010440582715731827,0.4939771299775519,LOSE_WEIGHT,1
1.4633415242597976,-0.25929800355749155,MAINTAIN,2
-0.2431430206592365,0.03502804199593597,LOSE_WEIGHT,1
-0.6309804172317443,2.353469222859588,LOSE_WEIGHT,1
1.6960439622033023,0.20339251720658286,LOSE_WEIGHT,1
0.4549642931712775,2.3285263376431957,LOSE_WEIGHT,1
-1.173952772433255,-0.3478452460756839,MAINTAIN,2
1.3857740449452962,-1.421636454641367,GAIN_MUSCLE,0
-0.320710499973738,-1.3592792416003865,GAIN_MUSCLE,0
1.230639086316293,1.7086956400158504,LOSE_WEIGHT,1
0.3773968138567759,-1.0138202813533548,GAIN_MUSCLE,0
0.2998293345422744,-0.03481203660996239,MAINTAIN,2
-1.4842226896912614,-1.1472647172610528,GAIN_MUSCLE,0
-0.6309804172317443,2.1451961313027135,LOSE_WEIGHT,1
0.9203691690582868,0.2595140089434656,LOSE_WEIGHT,1
1.0755041276872899,-0.7880871701450058,MAINTAIN,2
-1.716925127634766,1.779782862882568,LOSE_WEIGHT,1
-1.561790169005763,0.6735659035355752,LOSE_WEIGHT,1
0.06712689659876972,0.8169874935298305,LOSE_WEIGHT,1
0.2998293345422744,0.5700529298875479,LOSE_WEIGHT,1
1.3082065656307946,-0.2530622822533939,MAINTAIN,2
0.9979366483727884,-1.1834319008248217,GAIN_MUSCLE,0
0.8428016897437852,2.3522220785987686,LOSE_WEIGHT,1
0.4549642931712775,0.020062310866100542,LOSE_WEIGHT,1
0.06712689659876972,-1.3118877596892413,GAIN_MUSCLE,0
0.06712689659876972,1.9182158758335446,LOSE_WEIGHT,1
1.4633415242597976,2.064131754349439,LOSE_WEIGHT,1
-1.4842226896912614,-0.07846208573864842,MAINTAIN,2
-1.561790169005763,-0.809288622578939,GAIN_MUSCLE,0
0.8428016897437852,-1.4129064448156297,GAIN_MUSCLE,0
-0.010440582715731827,1.244757974990956,LOSE_WEIGHT,1
-0.010440582715731827,1.9668545020055093,LOSE_WEIGHT,1
1.6960439622033023,0.26200829746510473,LOSE_WEIGHT,1
-1.4066552103767598,0.18593249755510827,LOSE_WEIGHT,1
0.6100992518002806,-0.6721027538887823,MAINTAIN,2
1.3857740449452962,-0.1707507610392997,MAINTAIN,2
-1.3290877310622582,1.7012127744509324,LOSE_WEIGHT,1
1.0755041276872899,-0.9252730388351625,GAIN_MUSCLE,0
-1.018817813804252,0.2158639598147791,LOSE_WEIGHT,1
1.3082065656307946,1.757334266187815,LOSE_WEIGHT,1
-1.2515202517477566,2.565483747198921,LOSE_WEIGHT,1
1.230639086316293,0.729687395272458,LOSE_WEIGHT,1
1.1530716070017915,-0.7219885243215665,MAINTAIN,2
-0.16557554134473493,-1.0375160223089275,GAIN_MUSCLE,0
-0.2431430206592365,-0.4700653836360056,MAINTAIN,2
-1.561790169005763,-0.8965887208363119,GAIN_MUSCLE,0
-0.08800806203023338,1.8546115185317447,LOSE_WEIGHT,1
-1.4842226896912614,0.07743094686380264,LOSE_WEIGHT,1
0.3773968138567759,-0.8304900750128725,GAIN_MUSCLE,0
-0.8636828551752489,-0.021093449740946325,MAINTAIN,2
1.1530716070017915,0.623680133102791,LOSE_WEIGHT,1
0.9979366483727884,-0.02857631530586426,MAINTAIN,2
1.3857740449452962,2.3509749343379487,LOSE_WEIGHT,1
-1.4066552103767598,0.6586001724057402,LOSE_WEIGHT,1
-0.7861153758607473,0.5338857463237794,LOSE_WEIGHT,1
-0.010440582715731827,-1.0100788485708962,GAIN_MUSCLE,0
0.5325317724857791,-0.7132585144958291,MAINTAIN,2
1.0755041276872899,-0.968923087963849,GAIN_MUSCLE,0
0.14469437591327128,-0.6197226949343585,MAINTAIN,2
0.2998293345422744,0.3530498285049362,LOSE_WEIGHT,1
-0.7085478965462458,-1.2769677203862924,GAIN_MUSCLE,0
0.9979366483727884,-0.6870684850186177,MAINTAIN,2
1.230639086316293,-1.3243592022974373,GAIN_MUSCLE,0
-0.5534129379172427,-0.5236925868512486,MAINTAIN,2
-0.08800806203023338,-1.7159625001947945,GAIN_MUSCLE,0
-0.16557554134473493,0.27822117285575954,LOSE_WEIGHT,1
-0.16557554134473493,-0.14954930860536614,MAINTAIN,2
-1.173952772433255,-1.2096219303020335,GAIN_MUSCLE,0
-0.5534129379172427,-0.9252730388351625,GAIN_MUSCLE,0
0.6100992518002806,-0.2642865806007703,MAINTAIN,2
1.4633415242597976,-0.6446655801507506,MAINTAIN,2
-1.018817813804252,0.8319532246596659,LOSE_WEIGHT,1
0.6876667311147822,-0.1345835774755307,MAINTAIN,2
0.8428016897437852,-1.6511109986321748,GAIN_MUSCLE,0
-1.0963852931187537,-0.27675802320896614,MAINTAIN,2
-0.47584545860274113,-0.2817466002522449,MAINTAIN,2
-0.9412503344897505,-0.6371827145858331,MAINTAIN,2
0.6876667311147822,-0.0023862858286523756,MAINTAIN,2
-1.018817813804252,-1.5924952183736532,GAIN_MUSCLE,0
-0.08800806203023338,1.2435108307301368,LOSE_WEIGHT,1
-0.47584545860274113,-0.043542046435699686,MAINTAIN,2
-1.4842226896912614,0.7758317329227832,LOSE_WEIGHT,1
0.14469437591327128,-1.5962366511561121,GAIN_MUSCLE,0
-0.16557554134473493,-0.634688426064194,MAINTAIN,2
1.0755041276872899,-1.0936375140458099,GAIN_MUSCLE,0
1.1530716070017915,-0.4077081705950251,MAINTAIN,2
-1.716925127634766,-0.23809655112355846,MAINTAIN,2
0.14469437591327128,0.11235098616675138,LOSE_WEIGHT,1
0.9979366483727884,0.5239085922372223,LOSE_WEIGHT,1
-0.47584545860274113,-1.510183697159559,GAIN_MUSCLE,0
1.3857740449452962,-1.0063374157884373,GAIN_MUSCLE,0
0.06712689659876972,0.47028138902197913,LOSE_WEIGHT,1
-1.6393576483202645,-0.4438753541587937,MAINTAIN,2
1.3082065656307946,0.9678919490890032,LOSE_WEIGHT,1
-0.6309804172317443,-1.1909147663897395,GAIN_MUSCLE,0
0.6876667311147822,-1.1223218320446608,GAIN_MUSCLE,0
1.230639086316293,-0.2917237543388016,MAINTAIN,2
-1.3290877310622582,0.9105233130913011,LOSE_WEIGHT,1
-1.716925127634766,-1.1460175730002333,GAIN_MUSCLE,0
-0.010440582715731827,-0.9040715864012294,GAIN_MUSCLE,0
1.230639086316293,-0.6509013014548487,MAINTAIN,2
-0.47584545860274113,-1.204633353258755,GAIN_MUSCLE,0
0.8428016897437852,-0.5162097212863312,MAINTAIN,2
1.3857740449452962,-0.2106593773855272,MAINTAIN,2
0.4549642931712775,-0.3004537641645389,MAINTAIN,2
-1.0963852931187537,-1.1996447762154765,GAIN_MUSCLE,0
-0.7861153758607473,-1.4690279365525118,GAIN_MUSCLE,0
-1.3290877310622582,0.1273167172965868,LOSE_WEIGHT,1
-1.3290877310622582,-1.5114308414203785,GAIN_MUSCLE,0
-0.2431430206592365,-1.0649531960469587,GAIN_MUSCLE,0
-1.561790169005763,-1.1435232844785943,GAIN_MUSCLE,0
-0.47584545860274113,-0.07596779721700926,MAINTAIN,2
-0.8636828551752489,-0.6770913309320606,MAINTAIN,2
1.6960439622033023,0.4889885529342735,LOSE_WEIGHT,1
-1.716925127634766,0.33184837607100265,LOSE_WEIGHT,1
-0.47584545860274113,-0.9639345109205706,GAIN_MUSCLE,0
-1.561790169005763,-0.11712355782405658,MAINTAIN,2
0.22226185522777284,-0.5698369245015743,MAINTAIN,2
-0.6309804172317443,-0.1221121348673349,MAINTAIN,2
0.9979366483727884,0.030039464952657198,LOSE_WEIGHT,1
0.6876667311147822,-0.6770913309320606,MAINTAIN,2
0.6876667311147822,0.2333239794662537,LOSE_WEIGHT,1
-1.4842226896912614,-1.4303664644671041,GAIN_MUSCLE,0
-0.3982779792882396,1.9568773479189527,LOSE_WEIGHT,1
-0.320710499973738,-0.7319656784081235,MAINTAIN,2
1.5409090035742992,0.9030404475263831,LOSE_WEIGHT,1
0.9203691690582868,-0.9514630683123744,GAIN_MUSCLE,0
1.3082065656307946,-0.4787953934617429,MAINTAIN,2
-0.7085478965462458,0.03502804199593597,LOSE_WEIGHT,1
0.7652342104292837,1.3096094765535762,LOSE_WEIGHT,1
-0.7085478965462458,-0.21564795442880555,MAINTAIN,2
0.8428016897437852,-0.9290144716176214,GAIN_MUSCLE,0
-1.4842226896912614,1.3594952469863604,LOSE_WEIGHT,1
0.06712689659876972,-1.5787766315046377,GAIN_MUSCLE,0
0.4549642931712775,0.2819626056382185,LOSE_WEIGHT,1
-0.320710499973738,-0.866657258576641,GAIN_MUSCLE,0
-1.3290877310622582,0.12981100581822597,LOSE_WEIGHT,1
0.7652342104292837,-0.05975492182635447,MAINTAIN,2
1.3082065656307946,-0.6247112719776373,MAINTAIN,2
-0.320710499973738,2.1002989379132075,LOSE_WEIGHT,1
-1.716925127634766,0.5039542840641085,LOSE_WEIGHT,1
-1.4066552103767598,0.3605326940698537,LOSE_WEIGHT,1
0.2998293345422744,-0.8953415765754921,GAIN_MUSCLE,0
-0.5534129379172427,0.9753748146539203,LOSE_WEIGHT,1
-1.3290877310622582,-1.4353550415103826,GAIN_MUSCLE,0
1.3082065656307946,-1.2507776909090804,GAIN_MUSCLE,0
-0.7861153758607473,-0.5698369245015743,MAINTAIN,2
0.9203691690582868,2.755049674843502,LOSE_WEIGHT,1
-0.320710499973738,-0.987630251876143,GAIN_MUSCLE,0
-0.8636828551752489,-1.0050902715276175,GAIN_MUSCLE,0
-0.5534129379172427,0.7758317329227832,LOSE_WEIGHT,1
1.5409090035742992,-0.9739116650071273,GAIN_MUSCLE,0
-1.018817813804252,-0.9938659731802411,GAIN_MUSCLE,0
0.14469437591327128,-0.6571370227589468,MAINTAIN,2
-0.2431430206592365,-0.9389916257041786,GAIN_MUSCLE,0
0.6100992518002806,-0.790581458666645,GAIN_MUSCLE,0
-1.4842226896912614,-0.08345066278192675,MAINTAIN,2
1.6184764828888007,0.9017933032655638,LOSE_WEIGHT,1
-0.010440582715731827,-1.2283290942143275,GAIN_MUSCLE,0
-1.6393576483202645,0.18094392051182992,LOSE_WEIGHT,1
-0.08800806203023338,-1.5151722742028375,GAIN_MUSCLE,0
1.0755041276872899,-0.9614402223989315,GAIN_MUSCLE,0
-1.173952772433255,1.2123322242096466,LOSE_WEIGHT,1
-1.2515202517477566,-0.5486354720676407,MAINTAIN,2
-0.7085478965462458,0.3954527333728029,LOSE_WEIGHT,1
-1.561790169005763,2.1377132657377955,LOSE_WEIGHT,1
-0.5534129379172427,-0.6721027538887823,MAINTAIN,2
-0.320710499973738,1.5278597221970076,LOSE_WEIGHT,1
-0.3982779792882396,1.5914640794988075,LOSE_WEIGHT,1
-0.5534129379172427,0.12606957303576743,LOSE_WEIGHT,1
-1.173952772433255,-0.593532665457147,MAINTAIN,2
0.7652342104292837,-1.1223218320446608,GAIN_MUSCLE,0
-0.8636828551752489,1.779782862882568,LOSE_WEIGHT,1
-0.9412503344897505,-0.39024815094355053,MAINTAIN,2
-1.4066552103767598,-0.4363924885938762,MAINTAIN,2
0.2998293345422744,-0.8554329602292646,GAIN_MUSCLE,0
-0.8636828551752489,-1.2856977302120296,GAIN_MUSCLE,0
-0.47584545860274113,-0.024834882523405294,MAINTAIN,2
-1.3290877310622582,-0.13333643321471136,MAINTAIN,2
0.7652342104292837,-1.6598410084579123,GAIN_MUSCLE,0
-1.4066552103767598,-1.2420476810833432,GAIN_MUSCLE,0
0.3773968138567759,-0.6234641277168175,MAINTAIN,2
-0.7085478965462458,1.627631263062576,LOSE_WEIGHT,1
-1.4066552103767598,-0.659631311280586,MAINTAIN,2
0.7652342104292837,-0.03730632513160156,MAINTAIN,2
1.3857740449452962,0.13355243860068494,LOSE_WEIGHT,1
-0.320710499973738,-0.6783384751928804,MAINTAIN,2
-0.08800806203023338,-0.6259584162384566,MAINTAIN,2
-1.4066552103767598,-0.9040715864012294,GAIN_MUSCLE,0
-1.6393576483202645,0.4079241759809987,LOSE_WEIGHT,1
0.5325317724857791,-0.437639632854696,MAINTAIN,2
1.230639086316293,0.3518026842441164,LOSE_WEIGHT,1
-1.4842226896912614,1.8870372693130544,LOSE_WEIGHT,1
0.7652342104292837,-0.3565752559014212,MAINTAIN,2
-0.7861153758607473,0.5937486708431207,LOSE_WEIGHT,1
-0.2431430206592365,-0.8554329602292646,GAIN_MUSCLE,0
-1.2515202517477566,-0.21315366590716636,MAINTAIN,2
-0.6309804172317443,-0.8030529012748413,GAIN_MUSCLE,0
-0.010440582715731827,1.1587050209944034,LOSE_WEIGHT,1
-0.7085478965462458,-0.1882107806907743,MAINTAIN,2
-0.010440582715731827,-1.192161910650559,GAIN_MUSCLE,0
-0.320710499973738,-0.4663239508535466,MAINTAIN,2
0.4549642931712775,0.36676841537395183,LOSE_WEIGHT,1
-0.2431430206592365,2.0516603117412426,LOSE_WEIGHT,1
0.4549642931712775,-1.5401151594192297,GAIN_MUSCLE,0
0.06712689659876972,-0.4725596721576447,MAINTAIN,2
-0.3982779792882396,-1.1684661696949863,GAIN_MUSCLE,0
-1.018817813804252,0.9853519687404778,LOSE_WEIGHT,1
1.3857740449452962,0.4777642545868971,LOSE_WEIGHT,1
-1.173952772433255,2.5031265341579405,LOSE_WEIGHT,1
0.22226185522777284,2.1713861607799254,LOSE_WEIGHT,1
0.4549642931712775,2.511856543983678,LOSE_WEIGHT,1
-1.018817813804252,0.11609241894921034,LOSE_WEIGHT,1
-0.47584545860274113,-1.2532719794307199,GAIN_MUSCLE,0
-1.6393576483202645,-0.07222636443455029,MAINTAIN,2
-1.3290877310622582,0.6735659035355752,LOSE_WEIGHT,1
-1.4066552103767598,1.612665531932741,LOSE_WEIGHT,1
0.3773968138567759,2.706411048671537,LOSE_WEIGHT,1
1.3857740449452962,-0.8504443831859863,GAIN_MUSCLE,0
-1.4066552103767598,-0.1532907413878251,MAINTAIN,2
-0.3982779792882396,0.6810487691004932,LOSE_WEIGHT,1
0.22226185522777284,-0.1570321741702841,MAINTAIN,2
-0.2431430206592365,1.5266125779361874,LOSE_WEIGHT,1
1.3857740449452962,1.2534879848166933,LOSE_WEIGHT,1
0.2998293345422744,0.8394360902245833,LOSE_WEIGHT,1
-0.8636828551752489,-0.7968171799707431,GAIN_MUSCLE,0
-1.2515202517477566,0.4415970710231281,LOSE_WEIGHT,1
-1.561790169005763,1.365730968290458,LOSE_WEIGHT,1
-1.018817813804252,-0.1121349807807778,MAINTAIN,2
0.8428016897437852,0.25701972042182597,LOSE_WEIGHT,1
0.14469437591327128,0.15600103529543785,LOSE_WEIGHT,1
0.9203691690582868,-0.7294713898864844,MAINTAIN,2
-0.5534129379172427,-0.7357071111905821,MAINTAIN,2
-1.6393576483202645,-0.8940944323146722,GAIN_MUSCLE,0
0.06712689659876972,-1.3281006350798963,GAIN_MUSCLE,0
-1.018817813804252,0.1834382090334691,LOSE_WEIGHT,1
1.1530716070017915,0.43037277267575164,LOSE_WEIGHT,1
-0.08800806203023338,-0.5710840687623937,MAINTAIN,2
0.22226185522777284,-0.27052230190486803,MAINTAIN,2
1.5409090035742992,0.6211858445811519,LOSE_WEIGHT,1
1.230639086316293,0.41291275302427705,LOSE_WEIGHT,1
0.2998293345422744,0.2956811925072341,LOSE_WEIGHT,1
0.4549642931712775,1.5914640794988075,LOSE_WEIGHT,1
1.1530716070017915,-0.8816229897064765,GAIN_MUSCLE,0
-0.2431430206592365,0.7010030772736069,LOSE_WEIGHT,1
0.2998293345422744,-0.5698369245015743,MAINTAIN,2
1.3857740449452962,0.6336572871893481,LOSE_WEIGHT,1
-0.2431430206592365,-0.9152958847486058,GAIN_MUSCLE,0
1.6184764828888007,-0.9128015962269667,GAIN_MUSCLE,0
-0.320710499973738,0.19590965164166535,LOSE_WEIGHT,1
-0.2431430206592365,-0.5448940392851822,MAINTAIN,2
0.9203691690582868,-0.0023862858286523756,MAINTAIN,2
-1.6393576483202645,-1.0150674256141745,GAIN_MUSCLE,0
0.5325317724857791,-1.2632491335172764,GAIN_MUSCLE,0
0.8428016897437852,0.07743094686380264,LOSE_WEIGHT,1
-0.08800806203023338,-1.0986260910890882,GAIN_MUSCLE,0
-1.561790169005763,-1.1584890156084293,GAIN_MUSCLE,0
-1.3290877310622582,-1.0612117632645002,GAIN_MUSCLE,0
-0.6309804172317443,1.1761650406458781,LOSE_WEIGHT,1
0.2998293345422744,1.8234329120112545,LOSE_WEIGHT,1
-1.018817813804252,-1.3405720776880923,GAIN_MUSCLE,0
-1.0963852931187537,-0.2518151379925741,MAINTAIN,2
0.7652342104292837,1.7049542072333914,LOSE_WEIGHT,1
0.6876667311147822,0.1921682188592064,LOSE_WEIGHT,1
-1.3290877310622582,-0.3054423412078172,MAINTAIN,2
1.3857740449452962,0.369262703895591,LOSE_WEIGHT,1
0.9979366483727884,-1.2158576516061315,GAIN_MUSCLE,0
-1.6393576483202645,0.5675586413659087,LOSE_WEIGHT,1
0.4549642931712775,0.2183582483364183,LOSE_WEIGHT,1
-1.4842226896912614,-1.0350217337872885,GAIN_MUSCLE,0
-1.716925127634766,-0.5087268557214133,MAINTAIN,2
-0.320710499973738,-1.2994163170810453,GAIN_MUSCLE,0
0.22226185522777284,0.20214537294576349,LOSE_WEIGHT,1
0.14469437591327128,0.5214143037155831,LOSE_WEIGHT,1
-1.018817813804252,-0.2892294658171624,MAINTAIN,2
-0.6309804172317443,0.23831255650953204,LOSE_WEIGHT,1
-0.08800806203023338,-0.2181422429504447,MAINTAIN,2
-0.16557554134473493,-0.8716458356199194,GAIN_MUSCLE,0
-0.08800806203023338,0.23581826798789288,LOSE_WEIGHT,1
0.9979366483727884,2.429545022769584,LOSE_WEIGHT,1
0.8428016897437852,2.0591431773061606,LOSE_WEIGHT,1
0.5325317724857791,-1.4378493300320216,GAIN_MUSCLE,0
0.14469437591327128,1.2721951487289873,LOSE_WEIGHT,1
1.6960439622033023,-1.1048618123931864,GAIN_MUSCLE,0
0.3773968138567759,0.3243655105060852,LOSE_WEIGHT,1
-1.716925127634766,-0.7294713898864844,MAINTAIN,2
1.6960439622033023,0.3443198186791989,LOSE_WEIGHT,1
-1.4842226896912614,-1.309393471167602,GAIN_MUSCLE,0
-1.2515202517477566,-1.0075845600492566,GAIN_MUSCLE,0
-1.0963852931187537,0.21087538277150078,LOSE_WEIGHT,1
0.9979366483727884,0.6960145002303285,LOSE_WEIGHT,1
-0.320710499973738,0.005096579736265116,MAINTAIN,2
-1.716925127634766,-1.3393249334272728,GAIN_MUSCLE,0
-1.018817813804252,2.543035150504168,LOSE_WEIGHT,1
0.9979366483727884,2.0279645707856706,LOSE_WEIGHT,1
-1.0963852931187537,-0.5336697409378058,MAINTAIN,2
1.6960439622033023,0.6847902018829517,LOSE_WEIGHT,1
1.4633415242597976,0.40168845467690056,LOSE_WEIGHT,1
0.6876667311147822,0.1285638615574066,LOSE_WEIGHT,1
0.6876667311147822,1.0427206047381798,LOSE_WEIGHT,1
-1.3290877310622582,0.16971962216445347,LOSE_WEIGHT,1
1.1530716070017915,-1.303157749863504,GAIN_MUSCLE,0
-0.47584545860274113,0.9117704573521205,LOSE_WEIGHT,1
-1.018817813804252,-1.3006634613418648,GAIN_MUSCLE,0
0.2998293345422744,-0.23310797408028014,MAINTAIN,2
0.9203691690582868,2.230001941038447,LOSE_WEIGHT,1
-0.16557554134473493,-1.0911432255241706,GAIN_MUSCLE,0
0.14469437591327128,-1.3867164153384177,GAIN_MUSCLE,0
0.3773968138567759,0.8593903983976972,LOSE_WEIGHT,1
-0.6309804172317443,-1.192161910650559,GAIN_MUSCLE,0
-1.4842226896912614,-0.6184755506735391,MAINTAIN,2
0.4549642931712775,-1.3493020875138297,GAIN_MUSCLE,0
-1.0963852931187537,-0.6521484457156685,MAINTAIN,2
0.2998293345422744,1.8895315578346938,LOSE_WEIGHT,1
0.22226185522777284,2.06039032156698,LOSE_WEIGHT,1
-0.320710499973738,-1.192161910650559,GAIN_MUSCLE,0
0.3773968138567759,2.0292117150464897,LOSE_WEIGHT,1
-0.47584545860274113,-0.29920661990371905,MAINTAIN,2
1.5409090035742992,0.33933124163592016,LOSE_WEIGHT,1
1.3857740449452962,0.5750415069308262,LOSE_WEIGHT,1
1.4633415242597976,-0.17573933808257802,MAINTAIN,2
-0.2431430206592365,1.3782024108986544,LOSE_WEIGHT,1
1.6960439622033023,-0.8878587110105746,GAIN_MUSCLE,0
1.3082065656307946,0.30815263511542995,LOSE_WEIGHT,1
1.230639086316293,0.036275186256755326,LOSE_WEIGHT,1
-0.010440582715731827,0.543862900410336,LOSE_WEIGHT,1
0.6876667311147822,-0.9165430290094256,GAIN_MUSCLE,0
0.7652342104292837,-0.6384298588466529,MAINTAIN,2
-1.4066552103767598,0.05997092721232805,LOSE_WEIGHT,1
1.5409090035742992,-1.1248161205663,GAIN_MUSCLE,0
0.8428016897437852,-0.9252730388351625,GAIN_MUSCLE,0
1.3082065656307946,0.23706541224871222,LOSE_WEIGHT,1
-0.9412503344897505,1.0676634899545716,LOSE_WEIGHT,1
-1.561790169005763,0.9915876900445755,LOSE_WEIGHT,1
0.7652342104292837,0.6361515757109873,LOSE_WEIGHT,1
-0.9412503344897505,-0.593532665457147,MAINTAIN,2
-0.5534129379172427,-1.0462460321346647,GAIN_MUSCLE,0
-0.3982779792882396,-0.5486354720676407,MAINTAIN,2
0.5325317724857791,-0.8778815569240175,GAIN_MUSCLE,0
-1.018817813804252,-0.05726063330471531,MAINTAIN,2
-0.3982779792882396,2.349727790077129,LOSE_WEIGHT,1
1.1530716070017915,-1.0849075042200724,GAIN_MUSCLE,0
-0.320710499973738,-1.5962366511561121,GAIN_MUSCLE,0
0.9979366483727884,-0.03605918087078175,MAINTAIN,2
-0.7861153758607473,-0.9115544519661468,GAIN_MUSCLE,0
-1.561790169005763,-1.6847838936743043,GAIN_MUSCLE,0
-1.018817813804252,-1.1510061500435118,GAIN_MUSCLE,0
1.1530716070017915,-0.3827652853786331,MAINTAIN,2
-1.716925127634766,0.26824401876920245,LOSE_WEIGHT,1
0.2998293345422744,0.08241952390708096,LOSE_WEIGHT,1
-1.173952772433255,2.227507652516808,LOSE_WEIGHT,1
1.4633415242597976,-1.2570134122131786,GAIN_MUSCLE,0
-0.47584545860274113,-0.7219885243215665,MAINTAIN,2
-1.0963852931187537,-0.5960269539787862,MAINTAIN,2
-1.3290877310622582,2.7687682617125176,LOSE_WEIGHT,1
1.5409090035742992,0.4715285332827989,LOSE_WEIGHT,1
0.14469437591327128,0.623680133102791,LOSE_WEIGHT,1
1.230639086316293,-0.7020342161484526,MAINTAIN,2
0.3773968138567759,0.2146168155539593,LOSE_WEIGHT,1
0.7652342104292837,-1.1497590057826923,GAIN_MUSCLE,0
1.0755041276872899,0.9865991130012971,LOSE_WEIGHT,1
-1.0963852931187537,0.209628238510681,LOSE_WEIGHT,1
-0.3982779792882396,-0.4763011049401037,MAINTAIN,2
-0.16557554134473493,2.5068679669403995,LOSE_WEIGHT,1
-1.6393576483202645,-0.3229023608592918,MAINTAIN,2
1.5409090035742992,-0.7132585144958291,MAINTAIN,2
1.1530716070017915,-1.7034910575865985,GAIN_MUSCLE,0
1.3082065656307946,0.25826686468264576,LOSE_WEIGHT,1
0.9979366483727884,1.400651007593407,LOSE_WEIGHT,1
1.5409090035742992,1.3096094765535762,LOSE_WEIGHT,1
1.0755041276872899,-0.688315629279437,MAINTAIN,2
-0.6309804172317443,0.5239085922372223,LOSE_WEIGHT,1
0.3773968138567759,0.209628238510681,LOSE_WEIGHT,1
-0.3982779792882396,-1.1235689763054804,GAIN_MUSCLE,0
0.8428016897437852,0.09239667799363763,LOSE_WEIGHT,1
-0.08800806203023338,0.20339251720658286,LOSE_WEIGHT,1
-0.9412503344897505,1.8571058070533835,LOSE_WEIGHT,1
-0.7861153758607473,0.2794683171165789,LOSE_WEIGHT,1
-1.4842226896912614,1.6450912827140505,LOSE_WEIGHT,1
-0.08800806203023338,0.3717569924172302,LOSE_WEIGHT,1
-1.2515202517477566,-0.42142675746404074,MAINTAIN,2
1.5409090035742992,1.4704910861993055,LOSE_WEIGHT,1
0.06712689659876972,0.17844963199019076,LOSE_WEIGHT,1
-1.4842226896912614,2.2923591540794273,LOSE_WEIGHT,1
0.3773968138567759,1.187389338993254,LOSE_WEIGHT,1
-0.6309804172317443,0.1834382090334691,LOSE_WEIGHT,1
-1.716925127634766,1.8982615676604313,LOSE_WEIGHT,1
-1.561790169005763,0.27073830729084203,LOSE_WEIGHT,1
-0.7085478965462458,1.1973664930798107,LOSE_WEIGHT,1
1.1530716070017915,0.4179013300675558,LOSE_WEIGHT,1
-1.716925127634766,0.41914847432837515,LOSE_WEIGHT,1
1.1530716070017915,-0.8753872684023783,GAIN_MUSCLE,0
1.1530716070017915,-1.1397818516961356,GAIN_MUSCLE,0
-0.16557554134473493,-0.23310797408028014,MAINTAIN,2
0.4549642931712775,-0.04603633495733885,MAINTAIN,2
-1.4066552103767598,0.5076957168465674,LOSE_WEIGHT,1
-1.018817813804252,-0.9003301536187704,GAIN_MUSCLE,0
0.3773968138567759,2.8435969173616944,LOSE_WEIGHT,1
-0.16557554134473493,-0.4975025573740368,MAINTAIN,2
-1.2515202517477566,1.601441233585364,LOSE_WEIGHT,1
-1.561790169005763,0.10860955338429286,LOSE_WEIGHT,1
1.6960439622033023,0.7284402510116381,LOSE_WEIGHT,1
-0.2431430206592365,-1.0849075042200724,GAIN_MUSCLE,0
-0.320710499973738,1.9219573086160036,LOSE_WEIGHT,1
0.9203691690582868,-1.2856977302120296,GAIN_MUSCLE,0
-1.4842226896912614,0.6785544805788539,LOSE_WEIGHT,1
-1.4066552103767598,0.28695118268149683,LOSE_WEIGHT,1
-1.716925127634766,-0.6833270522361587,MAINTAIN,2
-1.4842226896912614,-1.3231120580366178,GAIN_MUSCLE,0
-0.8636828551752489,-0.7269771013648447,MAINTAIN,2
0.2998293345422744,2.1339718329553374,LOSE_WEIGHT,1
1.4633415242597976,-0.08594495130356636,MAINTAIN,2
-0.010440582715731827,0.011332301040363247,LOSE_WEIGHT,1
0.14469437591327128,-0.9252730388351625,GAIN_MUSCLE,0
-0.16557554134473493,0.15475389103461804,LOSE_WEIGHT,1
0.06712689659876972,-0.8965887208363119,GAIN_MUSCLE,0
0.14469437591327128,-1.077424638655155,GAIN_MUSCLE,0
1.6960439622033023,0.3542969727657556,LOSE_WEIGHT,1
0.6876667311147822,0.48399997589099475,LOSE_WEIGHT,1
0.6876667311147822,2.72885964536629,LOSE_WEIGHT,1
-1.4066552103767598,-0.823007209447955,GAIN_MUSCLE,0
0.9979366483727884,0.646128729797544,LOSE_WEIGHT,1
1.4633415242597976,-0.8067943340572997,GAIN_MUSCLE,0
1.4633415242597976,-1.4939708217689043,GAIN_MUSCLE,0
1.230639086316293,-1.6685710182836493,GAIN_MUSCLE,0
-0.5534129379172427,1.2871608798588223,LOSE_WEIGHT,1
0.7652342104292837,-0.4476167869412526,MAINTAIN,2
-0.16557554134473493,-0.5199511540687898,MAINTAIN,2
-1.0963852931187537,-0.8105357668397587,GAIN_MUSCLE,0
-1.3290877310622582,-0.4638296623319074,MAINTAIN,2
1.6960439622033023,2.5218336980702354,LOSE_WEIGHT,1
0.9203691690582868,0.6224329888419713,LOSE_WEIGHT,1
1.230639086316293,0.3555441170265754,LOSE_WEIGHT,1
-0.08800806203023338,-0.011116295654389671,MAINTAIN,2
1.3857740449452962,-1.0861546484808924,GAIN_MUSCLE,0
-1.4066552103767598,0.2408068450311712,LOSE_WEIGHT,1
1.4633415242597976,-1.200891920476296,GAIN_MUSCLE,0
-0.010440582715731827,0.0013551469538065919,MAINTAIN,2
-0.47584545860274113,-1.5351265823759512,GAIN_MUSCLE,0
-0.8636828551752489,-1.5438565922016885,GAIN_MUSCLE,0
-0.010440582715731827,0.5226614479764029,LOSE_WEIGHT,1
-0.5534129379172427,0.01756802234446138,LOSE_WEIGHT,1
-1.561790169005763,-0.3291380821633899,MAINTAIN,2
0.5325317724857791,1.984314521656984,LOSE_WEIGHT,1
-0.08800806203023338,-0.15578502990946427,MAINTAIN,2
-1.0963852931187537,-1.4503207726402179,GAIN_MUSCLE,0
0.4549642931712775,-1.3056520383851433,GAIN_MUSCLE,0
1.0755041276872899,0.33683695311428097,LOSE_WEIGHT,1
-0.010440582715731827,-0.9701702322246688,GAIN_MUSCLE,0
-0.7861153758607473,0.43660849397984974,LOSE_WEIGHT,1
0.6876667311147822,0.026298032170198674,LOSE_WEIGHT,1
-0.010440582715731827,-1.366762107165304,GAIN_MUSCLE,0
1.6960439622033023,-1.1123446779581039,GAIN_MUSCLE,0
-0.47584545860274113,1.0102948539568695,LOSE_WEIGHT,1
1.3082065656307946,0.14976531399133972,LOSE_WEIGHT,1
-0.16557554134473493,-1.237059104040065,GAIN_MUSCLE,0
-1.6393576483202645,-1.1098503894364649,GAIN_MUSCLE,0
1.0755041276872899,2.6390652585872783,LOSE_WEIGHT,1
-1.3290877310622582,2.1427018427810745,LOSE_WEIGHT,1
1.6184764828888007,-1.2283290942143275,GAIN_MUSCLE,0
-0.3982779792882396,-0.6484070129332096,MAINTAIN,2
0.5325317724857791,0.04251090756085346,LOSE_WEIGHT,1
-0.08800806203023338,0.08491381242872013,LOSE_WEIGHT,1
0.7652342104292837,1.5777454926297918,LOSE_WEIGHT,1
0.5325317724857791,-1.5924952183736532,GAIN_MUSCLE,0
-0.47584545860274113,-1.4602979267267746,GAIN_MUSCLE,0
1.5409090035742992,-0.4226739017248606,MAINTAIN,2
0.6876667311147822,-0.179480770865037,MAINTAIN,2
1.4633415242597976,-1.2782148646471119,GAIN_MUSCLE,0
-0.7085478965462458,-1.0213031469182727,GAIN_MUSCLE,0
-1.018817813804252,-1.637392411763159,GAIN_MUSCLE,0
0.9979366483727884,-0.5411526065027232,MAINTAIN,2
0.8428016897437852,1.0901120866493244,LOSE_WEIGHT,1
-1.0963852931187537,-0.9626873666597509,GAIN_MUSCLE,0
1.4633415242597976,-0.06723778739127197,MAINTAIN,2
0.3773968138567759,-1.1497590057826923,GAIN_MUSCLE,0
-0.9412503344897505,1.5128939910671717,LOSE_WEIGHT,1
-0.7085478965462458,-1.6261681134157826,GAIN_MUSCLE,0
1.230639086316293,-0.5586126261541978,MAINTAIN,2
-0.320710499973738,-0.9863831076153236,GAIN_MUSCLE,0
-0.6309804172317443,-0.2842408887738841,MAINTAIN,2
0.3773968138567759,-0.8641629700550019,GAIN_MUSCLE,0
0.06712689659876972,1.419358171505701,LOSE_WEIGHT,1
-1.173952772433255,-1.0437517436130257,GAIN_MUSCLE,0
1.5409090035742992,-1.1023675238715471,GAIN_MUSCLE,0
-1.0963852931187537,-0.9963602617018802,GAIN_MUSCLE,0
0.7652342104292837,-0.9040715864012294,GAIN_MUSCLE,0
0.7652342104292837,-0.8404672290994292,GAIN_MUSCLE,0
-0.320710499973738,-1.1547475828259706,GAIN_MUSCLE,0
-1.561790169005763,0.3069054908546106,LOSE_WEIGHT,1
-1.018817813804252,-0.9140487404877861,GAIN_MUSCLE,0
1.3082065656307946,-0.09093352834684469,MAINTAIN,2
1.4633415242597976,-0.8491972389251664,GAIN_MUSCLE,0
-1.716925127634766,1.4505367780261913,LOSE_WEIGHT,1
0.4549642931712775,2.0067631183517367,LOSE_WEIGHT,1
0.8428016897437852,-0.24682656094929575,MAINTAIN,2
-0.7861153758607473,0.5351328905845987,LOSE_WEIGHT,1
-1.716925127634766,0.39046415632952414,LOSE_WEIGHT,1
0.8428016897437852,-0.19569364625569177,MAINTAIN,2
0.4549642931712775,0.2981754810288733,LOSE_WEIGHT,1
-0.7861153758607473,-1.2482834023874414,GAIN_MUSCLE,0
0.4549642931712775,-1.0686946288294177,GAIN_MUSCLE,0
1.230639086316293,-0.08469780704274656,MAINTAIN,2
0.06712689659876972,-0.2929708985996214,MAINTAIN,2
0.22226185522777284,-0.2717694461656878,MAINTAIN,2
-0.47584545860274113,-0.2692751576440487,MAINTAIN,2
-1.2515202517477566,-1.4116593005548101,GAIN_MUSCLE,0
-0.7861153758607473,1.8596000955750231,LOSE_WEIGHT,1
-1.4066552103767598,-1.3430663662097315,GAIN_MUSCLE,0
0.22226185522777284,0.9791162474363792,LOSE_WEIGHT,1
-1.561790169005763,0.29318690398559494,LOSE_WEIGHT,1
-1.2515202517477566,-0.40022530503010767,MAINTAIN,2
1.230639086316293,-1.481499379160708,GAIN_MUSCLE,0
-1.716925127634766,0.547604333192795,LOSE_WEIGHT,1
-0.47584545860274113,-0.6184755506735391,MAINTAIN,2
1.5409090035742992,0.6523644511016421,LOSE_WEIGHT,1
0.14469437591327128,0.7621131460537676,LOSE_WEIGHT,1
-1.561790169005763,0.8880747163965481,LOSE_WEIGHT,1
-0.6309804172317443,0.3605326940698537,LOSE_WEIGHT,1
0.4549642931712775,0.24828971059608868,LOSE_WEIGHT,1
1.5409090035742992,1.2310393881219406,LOSE_WEIGHT,1
0.6876667311147822,-0.043542046435699686,MAINTAIN,2
0.22226185522777284,2.22002478695189,LOSE_WEIGHT,1
-0.5534129379172427,-1.7596125493234807,GAIN_MUSCLE,0
0.14469437591327128,0.09863239929773575,LOSE_WEIGHT,1
0.3773968138567759,-0.1532907413878251,MAINTAIN,2
-1.0963852931187537,-1.0811660714376135,GAIN_MUSCLE,0
-1.716925127634766,0.3642741268523127,LOSE_WEIGHT,1
0.4549642931712775,0.26824401876920245,LOSE_WEIGHT,1
-0.08800806203023338,-0.6010155310220645,MAINTAIN,2
-0.5534129379172427,0.010085156779543887,LOSE_WEIGHT,1
1.3857740449452962,-0.5399054622419035,MAINTAIN,2
1.6184764828888007,0.646128729797544,LOSE_WEIGHT,1
1.3857740449452962,0.22708825816215558,LOSE_WEIGHT,1
-1.2515202517477566,1.115054971865717,LOSE_WEIGHT,1
-0.7085478965462458,0.04500519608249262,LOSE_WEIGHT,1
0.4549642931712775,-0.41269674763830344,MAINTAIN,2
-0.320710499973738,-0.3565752559014212,MAINTAIN,2
-0.320710499973738,-1.0799189271767942,GAIN_MUSCLE,0
-1.6393576483202645,0.43536134971902996,LOSE_WEIGHT,1
1.3857740449452962,0.8182346377906498,LOSE_WEIGHT,1
1.6960439622033023,-1.462792215248414,GAIN_MUSCLE,0
-0.6309804172317443,-1.4765108021174296,GAIN_MUSCLE,0
-1.561790169005763,1.202355070123089,LOSE_WEIGHT,1
-0.9412503344897505,0.2807154613773987,LOSE_WEIGHT,1
0.5325317724857791,0.17096676642527328,LOSE_WEIGHT,1
1.3082065656307946,-0.5860497998922292,MAINTAIN,2
-0.3982779792882396,-1.5076894086379198,GAIN_MUSCLE,0
-1.6393576483202645,0.30939977937624974,LOSE_WEIGHT,1
0.6876667311147822,-0.009869151393569867,MAINTAIN,2
-1.173952772433255,0.09364382225445743,LOSE_WEIGHT,1
-0.08800806203023338,0.44409135954476725,LOSE_WEIGHT,1
-1.3290877310622582,0.11983385173166931,LOSE_WEIGHT,1
-0.8636828551752489,0.41914847432837515,LOSE_WEIGHT,1
1.3082065656307946,-0.7419428324946802,MAINTAIN,2
0.9979366483727884,-0.1345835774755307,MAINTAIN,2
-0.6309804172317443,-0.3303852264242093,MAINTAIN,2
0.3773968138567759,-0.24308512816683678,MAINTAIN,2
1.6960439622033023,-0.9901245403977825,GAIN_MUSCLE,0
-0.3982779792882396,-0.19694079051651114,MAINTAIN,2
-1.6393576483202645,-0.44013392137633517,MAINTAIN,2
-0.7861153758607473,-0.7095170817133706,MAINTAIN,2
1.6960439622033023,1.3370466502916074,LOSE_WEIGHT,1
-0.6309804172317443,-0.5885440884138683,MAINTAIN,2
-0.2431430206592365,-1.2408005368225237,GAIN_MUSCLE,0
0.4549642931712775,0.30939977937624974,LOSE_WEIGHT,1
1.4633415242597976,1.6525741482789684,LOSE_WEIGHT,1
0.4549642931712775,-0.7955700357099234,GAIN_MUSCLE,0
-1.561790169005763,0.3779927137213283,LOSE_WEIGHT,1
-0.320710499973738,-1.2894391629944884,GAIN_MUSCLE,0
-1.561790169005763,0.3131412121587087,LOSE_WEIGHT,1
-0.7085478965462458,-0.3465981018148645,MAINTAIN,2
1.3082065656307946,0.2333239794662537,LOSE_WEIGHT,1
-1.4842226896912614,-0.6334412818033741,MAINTAIN,2
-0.9412503344897505,1.050203470303097,LOSE_WEIGHT,1
0.6100992518002806,-0.07846208573864842,MAINTAIN,2
1.5409090035742992,1.404392440375866,LOSE_WEIGHT,1
0.6876667311147822,-1.446579339857759,GAIN_MUSCLE,0
0.2998293345422744,-0.16700932825684073,MAINTAIN,2
0.5325317724857791,-0.433898200072237,MAINTAIN,2
1.5409090035742992,-0.026082026784225096,MAINTAIN,2
-1.6393576483202645,-0.06599064313045261,MAINTAIN,2
-1.0963852931187537,1.6862470433210974,LOSE_WEIGHT,1
0.3773968138567759,2.22002478695189,LOSE_WEIGHT,1
0.6100992518002806,0.39919416615526143,LOSE_WEIGHT,1
0.8428016897437852,-1.153500438565151,GAIN_MUSCLE,0
-0.6309804172317443,0.27447974007330056,LOSE_WEIGHT,1
0.14469437591327128,0.42787848415411245,LOSE_WEIGHT,1
0.9979366483727884,1.1088192505616183,LOSE_WEIGHT,1
-1.173952772433255,0.4902356971950929,LOSE_WEIGHT,1
-1.0963852931187537,0.2906926154639558,LOSE_WEIGHT,1
1.0755041276872899,-0.9414859142258177,GAIN_MUSCLE,0
1.6960439622033023,-0.8217600651871352,GAIN_MUSCLE,0
1.230639086316293,-0.6035098195437038,MAINTAIN,2
0.6876667311147822,-1.2607548449956374,GAIN_MUSCLE,0
-0.47584545860274113,-0.7045285046700919,MAINTAIN,2
0.9203691690582868,-0.6334412818033741,MAINTAIN,2
1.0755041276872899,-1.026291723961551,GAIN_MUSCLE,0
-0.320710499973738,-0.9140487404877861,GAIN_MUSCLE,0
1.6184764828888007,0.3630269825914929,LOSE_WEIGHT,1
0.4549642931712775,-1.2582605564739981,GAIN_MUSCLE,0
-1.2515202517477566,0.9579147950024465,LOSE_WEIGHT,1
0.3773968138567759,-0.3353738034674881,MAINTAIN,2
-1.0963852931187537,2.0628846100886196,LOSE_WEIGHT,1
0.3773968138567759,0.34057838589673994,LOSE_WEIGHT,1
-1.3290877310622582,-1.0038431272667983,GAIN_MUSCLE,0
0.4549642931712775,0.29443404824641434,LOSE_WEIGHT,1
-0.47584545860274113,-0.05975492182635447,MAINTAIN,2
-0.5534129379172427,-1.522655139767755,GAIN_MUSCLE,0
-0.010440582715731827,-1.3455606547313708,GAIN_MUSCLE,0
0.6100992518002806,-1.2657434220389159,GAIN_MUSCLE,0
-1.561790169005763,-1.001348838745159,GAIN_MUSCLE,0
-0.16557554134473493,-1.421636454641367,GAIN_MUSCLE,0
0.22226185522777284,-0.006127718611111343,MAINTAIN,2
0.9979366483727884,-0.12710071191061323,MAINTAIN,2
1.4633415242597976,0.1672253336428143,LOSE_WEIGHT,1
1.0755041276872899,0.4415970710231281,LOSE_WEIGHT,1
-0.08800806203023338,1.4056395846366856,LOSE_WEIGHT,1
1.4633415242597976,-0.6521484457156685,MAINTAIN,2
-0.8636828551752489,1.9182158758335446,LOSE_WEIGHT,1
1.4633415242597976,-1.1110975336972844,GAIN_MUSCLE,0
-0.7861153758607473,-1.1073561009148254,GAIN_MUSCLE,0
-0.9412503344897505,0.18842678607674787,LOSE_WEIGHT,1
-0.5534129379172427,-0.5785669343273117,MAINTAIN,2
-1.173952772433255,-1.1609833041300688,GAIN_MUSCLE,0
1.3082065656307946,-0.20442365608142907,MAINTAIN,2
1.3082065656307946,0.6723187592747558,LOSE_WEIGHT,1
1.6960439622033023,-0.6396770031074722,MAINTAIN,2
-1.6393576483202645,2.4569821965076155,LOSE_WEIGHT,1
0.5325317724857791,-0.8205129209263154,GAIN_MUSCLE,0
0.5325317724857791,-0.49625541311321747,MAINTAIN,2
-0.8636828551752489,-0.5024911344173156,MAINTAIN,2
-1.018817813804252,-1.440343618553661,GAIN_MUSCLE,0
1.6184764828888007,1.6475855712356893,LOSE_WEIGHT,1
-0.9412503344897505,0.08990238947199845,LOSE_WEIGHT,1
-0.6309804172317443,0.27073830729084203,LOSE_WEIGHT,1
-0.5534129379172427,-1.1260632648271196,GAIN_MUSCLE,0
-0.47584545860274113,0.5638172085834497,LOSE_WEIGHT,1
0.22226185522777284,-0.692057062061896,MAINTAIN,2
-1.6393576483202645,-0.7444371210163193,MAINTAIN,2
-0.8636828551752489,-0.987630251876143,GAIN_MUSCLE,0
0.22226185522777284,-0.5311754524161666,MAINTAIN,2
-0.010440582715731827,-1.409165012033171,GAIN_MUSCLE,0
-0.3982779792882396,-1.3268534908190768,GAIN_MUSCLE,0
0.6876667311147822,-1.2233405171710492,GAIN_MUSCLE,0
1.1530716070017915,1.562779761499956,LOSE_WEIGHT,1
-1.561790169005763,-0.630946993281735,MAINTAIN,2
1.1530716070017915,0.6049729691904971,LOSE_WEIGHT,1
-1.561790169005763,1.8184443349679762,LOSE_WEIGHT,1
0.5325317724857791,-0.39523672798682885,MAINTAIN,2
-1.716925127634766,-0.6272055604992764,MAINTAIN,2
0.5325317724857791,-1.1235689763054804,GAIN_MUSCLE,0
1.6960439622033023,0.11235098616675138,LOSE_WEIGHT,1
0.6876667311147822,2.3173020392958197,LOSE_WEIGHT,1
0.3773968138567759,0.23955970077035182,LOSE_WEIGHT,1
-0.16557554134473493,1.8945201348779723,LOSE_WEIGHT,1
-0.7861153758607473,-0.2755108789481468,MAINTAIN,2
0.2998293345422744,0.4515742251096852,LOSE_WEIGHT,1
0.9979366483727884,1.7086956400158504,LOSE_WEIGHT,1
-1.2515202517477566,-0.8866115667497548,GAIN_MUSCLE,0
-0.08800806203023338,-0.3752824198137156,MAINTAIN,2
-1.018817813804252,-0.29421804286044073,MAINTAIN,2
1.230639086316293,-0.1370778659971703,MAINTAIN,2
-0.6309804172317443,0.07368951408134367,LOSE_WEIGHT,1
-0.6309804172317443,0.22209968111887723,LOSE_WEIGHT,1
-1.4842226896912614,1.3208337749009522,LOSE_WEIGHT,1
0.6876667311147822,-1.2520248351699002,GAIN_MUSCLE,0
-0.010440582715731827,0.5413686118886969,LOSE_WEIGHT,1
-1.3290877310622582,0.21960539259723807,LOSE_WEIGHT,1
0.06712689659876972,-0.8005586127532016,GAIN_MUSCLE,0
-0.2431430206592365,-0.5087268557214133,MAINTAIN,2
1.0755041276872899,-1.6648295855011905,GAIN_MUSCLE,0
-0.2431430206592365,0.5837715167565636,LOSE_WEIGHT,1
-0.8636828551752489,-0.8978358650971312,GAIN_MUSCLE,0
0.7652342104292837,-0.5211982983296095,MAINTAIN,2
0.3773968138567759,0.6835430576221323,LOSE_WEIGHT,1
-1.173952772433255,0.6835430576221323,LOSE_WEIGHT,1
-1.716925127634766,-0.8342315077953315,GAIN_MUSCLE,0
1.0755041276872899,0.12606957303576743,LOSE_WEIGHT,1
-0.08800806203023338,-0.7706271504935313,MAINTAIN,2
-1.3290877310622582,-0.3852595739002722,MAINTAIN,2
-0.16557554134473493,0.35928554980903393,LOSE_WEIGHT,1
0.6876667311147822,-1.0612117632645002,GAIN_MUSCLE,0
0.9203691690582868,-0.038553469392420915,MAINTAIN,2
-0.6309804172317443,-1.0973789468282689,GAIN_MUSCLE,0
-1.4066552103767598,-0.053519200522256345,MAINTAIN,2
-1.3290877310622582,-0.6209698391951783,MAINTAIN,2
0.14469437591327128,-0.2630394363399505,MAINTAIN,2
1.3082065656307946,-0.3179137838160135,MAINTAIN,2
0.4549642931712775,2.6453009798913762,LOSE_WEIGHT,1
-1.2515202517477566,-0.874140124141559,GAIN_MUSCLE,0
1.3082065656307946,2.2786405672104113,LOSE_WEIGHT,1
-0.7861153758607473,0.7471474149239321,LOSE_WEIGHT,1
1.1530716070017915,0.04251090756085346,LOSE_WEIGHT,1
-0.3982779792882396,0.21087538277150078,LOSE_WEIGHT,1
-1.6393576483202645,-1.485240811943167,GAIN_MUSCLE,0
-1.173952772433255,-0.8878587110105746,GAIN_MUSCLE,0
-0.9412503344897505,-0.5274340196337076,MAINTAIN,2
0.7652342104292837,-1.0412574550913865,GAIN_MUSCLE,0
1.1530716070017915,0.8144932050081913,LOSE_WEIGHT,1
0.2998293345422744,0.4091713202418185,LOSE_WEIGHT,1
-0.2431430206592365,0.24330113355281036,LOSE_WEIGHT,1
-0.8636828551752489,0.00010800269298678842,MAINTAIN,2
1.5409090035742992,-0.18072791512585634,MAINTAIN,2
0.6100992518002806,-0.1607736069527426,MAINTAIN,2
0.2998293345422744,-0.6222169834559976,MAINTAIN,2
0.6876667311147822,-0.5299283081553469,MAINTAIN,2
-1.018817813804252,-0.9601930781381117,GAIN_MUSCLE,0
-1.561790169005763,1.5490611746309404,LOSE_WEIGHT,1
1.6960439622033023,-0.2817466002522449,MAINTAIN,2
0.2998293345422744,-1.096131802567449,GAIN_MUSCLE,0
0.9203691690582868,1.8758129709656783,LOSE_WEIGHT,1
0.6100992518002806,0.5862658052782027,LOSE_WEIGHT,1
-0.6309804172317443,0.11235098616675138,LOSE_WEIGHT,1
-0.5534129379172427,-0.4837839705050212,MAINTAIN,2
-0.7861153758607473,0.06620664851642619,LOSE_WEIGHT,1
0.9203691690582868,0.6798016248396733,LOSE_WEIGHT,1
-0.9412503344897505,-0.36405812146633865,MAINTAIN,2
-0.16557554134473493,0.3044112023329714,LOSE_WEIGHT,1
-0.9412503344897505,-0.14456073156208782,MAINTAIN,2
0.5325317724857791,1.42309960428816,LOSE_WEIGHT,1
0.9203691690582868,1.3782024108986544,LOSE_WEIGHT,1
-0.08800806203023338,-0.36405812146633865,MAINTAIN,2
1.1530716070017915,1.4131224502016035,LOSE_WEIGHT,1
0.6100992518002806,-0.8130300553613979,GAIN_MUSCLE,0
-0.7085478965462458,-0.6808327637145195,MAINTAIN,2
0.06712689659876972,-0.4239210459856799,MAINTAIN,2
0.6876667311147822,2.4532407637251565,LOSE_WEIGHT,1
0.9979366483727884,-1.3792335497735002,GAIN_MUSCLE,0
0.6876667311147822,-1.452815061161857,GAIN_MUSCLE,0
-0.6309804172317443,0.3867227235470656,LOSE_WEIGHT,1
1.5409090035742992,-0.23809655112355846,MAINTAIN,2
0.9203691690582868,1.8084671808814197,LOSE_WEIGHT,1
-1.561790169005763,0.88183899509245,LOSE_WEIGHT,1
-0.5534129379172427,-0.13208928895389155,MAINTAIN,2
-1.4066552103767598,-0.20442365608142907,MAINTAIN,2
-0.16557554134473493,0.3293540875493635,LOSE_WEIGHT,1
-1.018817813804252,-0.3141723510335545,MAINTAIN,2
-0.320710499973738,-0.6870684850186177,MAINTAIN,2
0.14469437591327128,-1.023797435439912,GAIN_MUSCLE,0
-1.4842226896912614,-1.6872781821959435,GAIN_MUSCLE,0
0.4549642931712775,-0.5199511540687898,MAINTAIN,2
-0.320710499973738,-1.3131349039500608,GAIN_MUSCLE,0
1.5409090035742992,-0.40396673781256615,MAINTAIN,2
-1.6393576483202645,1.64633842697487,LOSE_WEIGHT,1
-1.018817813804252,-1.2856977302120296,GAIN_MUSCLE,0
1.5409090035742992,-0.2817466002522449,MAINTAIN,2
0.14469437591327128,-0.9576987896164725,GAIN_MUSCLE,0
-0.2431430206592365,-0.2193893872112645,MAINTAIN,2
-0.320710499973738,-0.7469314095379586,MAINTAIN,2
-0.010440582715731827,0.14228244842642224,LOSE_WEIGHT,1
0.06712689659876972,1.3944152862893096,LOSE_WEIGHT,1
-0.9412503344897505,0.5762886511916461,LOSE_WEIGHT,1
0.8428016897437852,-0.7643914291894331,MAINTAIN,2
0.3773968138567759,1.4630082206343875,LOSE_WEIGHT,1
-1.4066552103767598,1.623889830280117,LOSE_WEIGHT,1
-1.4066552103767598,-1.4104121562939904,GAIN_MUSCLE,0
-0.16557554134473493,-1.0474931763954842,GAIN_MUSCLE,0
-0.8636828551752489,0.36177983833067306,LOSE_WEIGHT,1
-1.4842226896912614,0.6635887494490186,LOSE_WEIGHT,1
1.4633415242597976,0.18593249755510827,LOSE_WEIGHT,1
-0.2431430206592365,-0.6521484457156685,MAINTAIN,2
1.1530716070017915,1.4580196435911092,LOSE_WEIGHT,1
0.14469437591327128,1.0115419982176896,LOSE_WEIGHT,1
-0.7085478965462458,-1.1397818516961356,GAIN_MUSCLE,0
-0.9412503344897505,-0.2443322724276566,MAINTAIN,2
0.6876667311147822,2.037941724872227,LOSE_WEIGHT,1
-0.9412503344897505,-0.6995399276268135,MAINTAIN,2
-0.3982779792882396,0.21212252703232015,LOSE_WEIGHT,1
0.2998293345422744,1.6251369745409363,LOSE_WEIGHT,1
-0.3982779792882396,-0.3890010066827312,MAINTAIN,2
-0.010440582715731827,0.48649426441263394,LOSE_WEIGHT,1
-0.9412503344897505,-0.03481203660996239,MAINTAIN,2
-0.16557554134473493,0.26574973024756327,LOSE_WEIGHT,1
1.6184764828888007,0.3243655105060852,LOSE_WEIGHT,1
-1.4066552103767598,1.9718430790487878,LOSE_WEIGHT,1
-0.010440582715731827,1.8957672791387916,LOSE_WEIGHT,1
1.3857740449452962,-0.19818793477733096,MAINTAIN,2
0.14469437591327128,-1.0337745895264685,GAIN_MUSCLE,0
1.3857740449452962,-1.1909147663897395,GAIN_MUSCLE,0
-1.018817813804252,-0.593532665457147,MAINTAIN,2
-0.08800806203023338,-1.2320705269967862,GAIN_MUSCLE,0
-0.320710499973738,0.0325337534742968,LOSE_WEIGHT,1
-1.716925127634766,-0.4875254032874802,MAINTAIN,2
-1.2515202517477566,-0.5573654818933781,MAINTAIN,2
-1.4842226896912614,-0.9851359633545037,GAIN_MUSCLE,0
-1.716925127634766,-1.077424638655155,GAIN_MUSCLE,0
-0.6309804172317443,-0.8703986913591,GAIN_MUSCLE,0
1.3082065656307946,0.8643789754409754,LOSE_WEIGHT,1
-0.8636828551752489,0.04375805182167326,LOSE_WEIGHT,1
-0.08800806203023338,1.3956624305501288,LOSE_WEIGHT,1
-0.08800806203023338,0.2981754810288733,LOSE_WEIGHT,1
-0.47584545860274113,-1.2769677203862924,GAIN_MUSCLE,0
0.4549642931712775,-0.02982345956668362,MAINTAIN,2
-0.7085478965462458,-0.24183798390601743,MAINTAIN,2
-0.2431430206592365,0.6685773264922968,LOSE_WEIGHT,1
0.7652342104292837,-0.011116295654389671,MAINTAIN,2
1.5409090035742992,-0.5848026556314098,MAINTAIN,2
-0.6309804172317443,-0.03481203660996239,MAINTAIN,2
-0.8636828551752489,1.3370466502916074,LOSE_WEIGHT,1
1.3082065656307946,-1.4515679169010376,GAIN_MUSCLE,0
-0.2431430206592365,2.4981379571146625,LOSE_WEIGHT,1
0.5325317724857791,-0.9128015962269667,GAIN_MUSCLE,0
1.1530716070017915,0.62742156588525,LOSE_WEIGHT,1
-1.561790169005763,0.35928554980903393,LOSE_WEIGHT,1
0.3773968138567759,0.6261744216244302,LOSE_WEIGHT,1
0.22226185522777284,-0.001139141567833015,MAINTAIN,2
0.5325317724857791,-1.0761774943943352,GAIN_MUSCLE,0
-0.7861153758607473,0.33184837607100265,LOSE_WEIGHT,1
-0.7861153758607473,-0.23310797408028014,MAINTAIN,2
-1.6393576483202645,-0.7693800062327114,MAINTAIN,2
1.0755041276872899,-1.2707319990821941,GAIN_MUSCLE,0
1.1530716070017915,0.5264028807588614,LOSE_WEIGHT,1
-1.6393576483202645,-0.9489687797907352,GAIN_MUSCLE,0
0.9979366483727884,0.08491381242872013,LOSE_WEIGHT,1
0.22226185522777284,0.1372938713831439,LOSE_WEIGHT,1
-0.9412503344897505,-1.048740320656304,GAIN_MUSCLE,0
-1.173952772433255,-1.3243592022974373,GAIN_MUSCLE,0
1.6184764828888007,0.0799252353854418,LOSE_WEIGHT,1
1.3082065656307946,-1.1397818516961356,GAIN_MUSCLE,0
1.5409090035742992,-1.118580399262202,GAIN_MUSCLE,0
-0.08800806203023338,-0.4201796132032214,MAINTAIN,2
-0.2431430206592365,0.6299158544068891,LOSE_WEIGHT,1
-1.173952772433255,-0.9277673273568021,GAIN_MUSCLE,0
0.4549642931712775,-0.302948052686178,MAINTAIN,2
1.3082065656307946,0.45531565789214373,LOSE_WEIGHT,1
0.22226185522777284,-1.2345648155184257,GAIN_MUSCLE,0
0.5325317724857791,-1.3742449727302217,GAIN_MUSCLE,0
-0.47584545860274113,-0.5623540589366568,MAINTAIN,2
-0.2431430206592365,-1.1135918222189236,GAIN_MUSCLE,0
-0.5534129379172427,-1.5089365528987395,GAIN_MUSCLE,0
1.5409090035742992,1.0938535194317833,LOSE_WEIGHT,1
-1.2515202517477566,-0.08719209556438572,MAINTAIN,2
-0.5534129379172427,-0.3802709968569939,MAINTAIN,2
1.6960439622033023,-1.2981691728202256,GAIN_MUSCLE,0
0.2998293345422744,1.2272979553394816,LOSE_WEIGHT,1
-0.010440582715731827,-0.8654101143158217,GAIN_MUSCLE,0
0.06712689659876972,0.11110384190593202,LOSE_WEIGHT,1
-1.0963852931187537,-0.9003301536187704,GAIN_MUSCLE,0
0.9203691690582868,-0.052272056261436536,MAINTAIN,2
-0.2431430206592365,0.2507839991177283,LOSE_WEIGHT,1
1.0755041276872899,-1.2520248351699002,GAIN_MUSCLE,0
1.4633415242597976,-0.9938659731802411,GAIN_MUSCLE,0
-0.47584545860274113,0.4515742251096852,LOSE_WEIGHT,1
0.6100992518002806,-1.5451037364625082,GAIN_MUSCLE,0
-1.173952772433255,-0.04728347921815821,MAINTAIN,2
-0.6309804172317443,0.6947673559695088,LOSE_WEIGHT,1
0.6100992518002806,-0.4825368262442018,MAINTAIN,2
0.5325317724857791,1.9107330102686266,LOSE_WEIGHT,1
-0.2431430206592365,-1.118580399262202,GAIN_MUSCLE,0
1.230639086316293,0.24205398929199098,LOSE_WEIGHT,1
-0.8636828551752489,0.49522427423837123,LOSE_WEIGHT,1
-0.47584545860274113,-0.16576218399602094,MAINTAIN,2
1.4633415242597976,-0.2181422429504447,MAINTAIN,2
0.5325317724857791,-1.044998887873845,GAIN_MUSCLE,0
0.4549642931712775,0.8593903983976972,LOSE_WEIGHT,1
-0.320710499973738,-0.7007870718876333,MAINTAIN,2
-0.9412503344897505,0.02380374364855951,LOSE_WEIGHT,1
0.8428016897437852,-0.9552045010948333,GAIN_MUSCLE,0
-1.2515202517477566,-0.302948052686178,MAINTAIN,2
1.6184764828888007,-0.7369542554514018,MAINTAIN,2
0.8428016897437852,0.3630269825914929,LOSE_WEIGHT,1
-0.2431430206592365,0.824470359094748,LOSE_WEIGHT,1
1.1530716070017915,1.8945201348779723,LOSE_WEIGHT,1
0.06712689659876972,-0.7120113702350098,MAINTAIN,2
-1.018817813804252,-0.30793662972945635,MAINTAIN,2
0.6876667311147822,-1.0287860124831902,GAIN_MUSCLE,0
-0.6309804172317443,-0.7818514488409077,MAINTAIN,2
1.0755041276872899,-0.6060041080653429,MAINTAIN,2
-0.2431430206592365,0.8070103394432734,LOSE_WEIGHT,1
-1.561790169005763,-0.17324504956093886,MAINTAIN,2
1.0755041276872899,-0.8304900750128725,GAIN_MUSCLE,0
1.3082065656307946,0.7571245690104892,LOSE_WEIGHT,1
-1.173952772433255,1.1761650406458781,LOSE_WEIGHT,1
1.3082065656307946,1.0813820768235871,LOSE_WEIGHT,1
1.6184764828888007,0.8032689066608149,LOSE_WEIGHT,1
-0.010440582715731827,-0.48627825902666033,MAINTAIN,2
1.3082065656307946,-1.1322989861312178,GAIN_MUSCLE,0
-0.9412503344897505,-1.2345648155184257,GAIN_MUSCLE,0
-1.173952772433255,-0.44013392137633517,MAINTAIN,2
0.4549642931712775,0.37923985798214765,LOSE_WEIGHT,1
0.5325317724857791,-1.3405720776880923,GAIN_MUSCLE,0
-1.018817813804252,0.022556599387739705,LOSE_WEIGHT,1
1.230639086316293,-0.2829937445130643,MAINTAIN,2
0.3773968138567759,-0.707022793191731,MAINTAIN,2
0.9979366483727884,-0.2568037150358524,MAINTAIN,2
-0.7861153758607473,0.7097330870993442,LOSE_WEIGHT,1
0.6876667311147822,1.9456530495715758,LOSE_WEIGHT,1
0.9979366483727884,-1.2445419696049826,GAIN_MUSCLE,0
1.0755041276872899,-0.27925231173060533,MAINTAIN,2
0.22226185522777284,0.13105815007904578,LOSE_WEIGHT,1
-0.08800806203023338,-0.4363924885938762,MAINTAIN,2
-1.4842226896912614,0.3605326940698537,LOSE_WEIGHT,1
0.6100992518002806,0.7783260214444223,LOSE_WEIGHT,1
-0.3982779792882396,0.11983385173166931,LOSE_WEIGHT,1
1.1530716070017915,1.9780788003528862,LOSE_WEIGHT,1
0.06712689659876972,-0.7643914291894331,MAINTAIN,2
-0.010440582715731827,-0.6621255998022252,MAINTAIN,2
-0.08800806203023338,-0.8554329602292646,GAIN_MUSCLE,0
-1.6393576483202645,-1.0325274452656492,GAIN_MUSCLE,0
0.6100992518002806,-1.5862594970695554,GAIN_MUSCLE,0
-0.9412503344897505,-0.5798140785881309,MAINTAIN,2
0.3773968138567759,-0.7406956882338608,MAINTAIN,2
0.6876667311147822,0.09613811077609659,LOSE_WEIGHT,1
-1.4066552103767598,0.3156355006803479,LOSE_WEIGHT,1
1.1530716070017915,-1.1260632648271196,GAIN_MUSCLE,0
-1.018817813804252,-1.3056520383851433,GAIN_MUSCLE,0
1.3082065656307946,-1.1622304483908883,GAIN_MUSCLE,0
0.06712689659876972,-0.3752824198137156,MAINTAIN,2
0.9203691690582868,-1.192161910650559,GAIN_MUSCLE,0
1.6184764828888007,-0.3690466985096174,MAINTAIN,2
-0.010440582715731827,0.10237383208019472,LOSE_WEIGHT,1
-0.47584545860274113,-0.04728347921815821,MAINTAIN,2
-1.716925127634766,-0.3366209477283074,MAINTAIN,2
0.6100992518002806,2.2985948753835257,LOSE_WEIGHT,1
0.6100992518002806,1.5515554631525799,LOSE_WEIGHT,1
1.4633415242597976,0.37300413667804955,LOSE_WEIGHT,1
1.4633415242597976,0.8119989164865521,LOSE_WEIGHT,1
0.8428016897437852,1.96560735774469,LOSE_WEIGHT,1
-1.0963852931187537,-0.8105357668397587,GAIN_MUSCLE,0
-0.08800806203023338,-1.4353550415103826,GAIN_MUSCLE,0
-0.7861153758607473,-0.3428566690324055,MAINTAIN,2
0.14469437591327128,-1.309393471167602,GAIN_MUSCLE,0
-0.3982779792882396,-0.8728929798807392,GAIN_MUSCLE,0
-0.8636828551752489,-0.9938659731802411,GAIN_MUSCLE,0
1.3082065656307946,0.05872378295150825,LOSE_WEIGHT,1
-0.47584545860274113,-0.21440081016798573,MAINTAIN,2
-0.6309804172317443,-0.2356022626019193,MAINTAIN,2
1.4633415242597976,0.24828971059608868,LOSE_WEIGHT,1
-0.6309804172317443,-1.1098503894364649,GAIN_MUSCLE,0
-0.6309804172317443,2.2711577016454934,LOSE_WEIGHT,1
1.230639086316293,2.140207554259435,LOSE_WEIGHT,1
-0.7861153758607473,0.11110384190593202,LOSE_WEIGHT,1
-0.47584545860274113,1.0065534211744105,LOSE_WEIGHT,1
0.6876667311147822,0.36177983833067306,LOSE_WEIGHT,1
-1.0963852931187537,-0.22437796425454284,MAINTAIN,2
1.3082065656307946,-0.3765295640745349,MAINTAIN,2
-0.2431430206592365,1.0763934997803088,LOSE_WEIGHT,1
0.22226185522777284,0.551345765975254,LOSE_WEIGHT,1
0.2998293345422744,-0.04603633495733885,MAINTAIN,2
-0.16557554134473493,0.030039464952657198,LOSE_WEIGHT,1
-0.3982779792882396,2.3933778392058156,LOSE_WEIGHT,1
-0.7861153758607473,0.06121807147314741,LOSE_WEIGHT,1
-0.5534129379172427,0.30191691381133223,LOSE_WEIGHT,1
-1.0963852931187537,-1.4104121562939904,GAIN_MUSCLE,0
-0.8636828551752489,-1.2582605564739981,GAIN_MUSCLE,0
1.6184764828888007,2.177621882084023,LOSE_WEIGHT,1
1.1530716070017915,1.5989469450637246,LOSE_WEIGHT,1
-0.320710499973738,-0.5573654818933781,MAINTAIN,2
-1.2515202517477566,2.3746706752935216,LOSE_WEIGHT,1
0.9203691690582868,-1.421636454641367,GAIN_MUSCLE,0
-0.3982779792882396,-0.2530622822533939,MAINTAIN,2
-0.5534129379172427,-0.5611069146758371,MAINTAIN,2
1.230639086316293,0.47526996606525745,LOSE_WEIGHT,1
-1.4842226896912614,2.1614090066933684,LOSE_WEIGHT,1
0.14469437591327128,-0.41768532468158226,MAINTAIN,2
0.6876667311147822,-0.3229023608592918,MAINTAIN,2
1.3082065656307946,-0.9414859142258177,GAIN_MUSCLE,0
-0.7861153758607473,0.1535067467737987,LOSE_WEIGHT,1
1.6960439622033023,-0.7319656784081235,MAINTAIN,2
-0.47584545860274113,0.06121807147314741,LOSE_WEIGHT,1
1.0755041276872899,0.19965108442412433,LOSE_WEIGHT,1
-1.3290877310622582,0.051240917386590756,LOSE_WEIGHT,1
